match_id,home,away,H,A,status,competition,gender,is_3x3,overtime,raw,hp,ap,src
SbVfnAPa,Cairns Taipans,Tasmania JackJumpers,1.74,2.15,completed,AUSTRALIA: NBL,Men/Other,False,False,11:30Cairns Taipans - Tasmania JackJumpers [**93-87**](https://www.flashscore.mobi/match/SbVfnAPa/?s=5\&d=-1) [ [**1.74**](https://refpa86887.com/L?tag=s_227975m_355c_\&site=227975\&ad=355) | [2.15](https://refpa86887.com/L?tag=s_227975m_355c_\&site=227975\&ad=355) ],93,87,Pasted markdown(20260924-144956).md
fmMlKTn2,Las Animas,Colo Colo,1.46,2.53,completed,CHILE: LNB - Clausura - Losers,Men/Other,False,False,01:00Las Animas - Colo Colo [**80-75**](https://www.flashscore.mobi/match/fmMlKTn2/?s=5\&d=-1) [ [**1.46**](https://refpa86887.com/L?tag=s_227975m_355c_\&site=227975\&ad=355) | [2.53](https://refpa86887.com/L?tag=s_227975m_355c_\&site=227975\&ad=355) ],80,75,Pasted markdown(20260924-144956).md
ADVfVge3,Naviera Ulloa,Espanol de Talca,1.17,4.49,completed,CHILE: LNB - Clausura - Losers,Men/Other,False,False,01:30Naviera Ulloa - Espanol de Talca [**86-78**](https://www.flashscore.mobi/match/ADVfVge3/?s=5\&d=-1) [ [**1.17**](https://refpa86887.com/L?tag=s_227975m_355c_\&site=227975\&ad=355) | [4.49](https://refpa86887.com/L?tag=s_227975m_355c_\&site=227975\&ad=355) ],86,78,Pasted markdown(20260924-144956).md
4jFglB0t,Decin,USK Prague,1.65,2.11,completed,CZECH REPUBLIC: NBL,Men/Other,False,False,18:00Decin - USK Prague [**74-57**](https://www.flashscore.mobi/match/4jFglB0t/?s=5\&d=-1) [ [**1.65**](https://refpa86887.com/L?tag=s_227975m_355c_\&site=227975\&ad=355) | [2.11](https://refpa86887.com/L?tag=s_227975m_355c_\&site=227975\&ad=355) ],74,57,Pasted markdown(20260924-144956).md
MFoyqGO0,NH Ostrava,Brno,1.36,2.89,completed,CZECH REPUBLIC: NBL,Men/Other,False,False,18:00NH Ostrava - Brno [**85-76**](https://www.flashscore.mobi/match/MFoyqGO0/?s=5\&d=-1) [ [**1.36**](https://refpa86887.com/L?tag=s_227975m_355c_\&site=227975\&ad=355) | [2.89](https://refpa86887.com/L?tag=s_227975m_355c_\&site=227975\&ad=355) ],85,76,Pasted markdown(20260924-144956).md
EkrTpxfl,Olomoucko,Pardubice,10.0,1.03,completed,CZECH REPUBLIC: NBL,Men/Other,False,False,18:00Olomoucko - Pardubice [**54-100**](https://www.flashscore.mobi/match/EkrTpxfl/?s=5\&d=-1) [ [10.00](https://refpa86887.com/L?tag=s_227975m_355c_\&site=227975\&ad=355) | [**1.03**](https://refpa86887.com/L?tag=s_227975m_355c_\&site=227975\&ad=355) ],54,100,Pasted markdown(20260924-144956).md
EN3rsfgD,Slavia Prague ERA NBK,Opava,1.01,10.5,completed,CZECH REPUBLIC: NBL,Men/Other,False,False,18:00Slavia Prague ERA NBK - Opava [**114-81**](https://www.flashscore.mobi/match/EN3rsfgD/?s=5\&d=-1) [ [**1.01**](https://refpa86887.com/L?tag=s_227975m_355c_\&site=227975\&ad=355) | [10.50](https://refpa86887.com/L?tag=s_227975m_355c_\&site=227975\&ad=355) ],114,81,Pasted markdown(20260924-144956).md
IJdcjbWQ,Srsni Pisek,Hradec Kralove,1.45,2.55,completed,CZECH REPUBLIC: NBL,Men/Other,False,False,18:00Srsni Pisek - Hradec Kralove [**111-87**](https://www.flashscore.mobi/match/IJdcjbWQ/?s=5\&d=-1) [ [**1.45**](https://refpa86887.com/L?tag=s_227975m_355c_\&site=227975\&ad=355) | [2.55](https://refpa86887.com/L?tag=s_227975m_355c_\&site=227975\&ad=355) ],111,87,Pasted markdown(20260924-144956).md
UoGonlPE,Randers,Svendborg,1.37,2.96,completed,DENMARK: Basketligaen,Men/Other,False,False,18:30Randers - Svendborg [**83-96**](https://www.flashscore.mobi/match/UoGonlPE/?s=5\&d=-1) [ [1.37](https://refpa86887.com/L?tag=s_227975m_355c_\&site=227975\&ad=355) | [**2.96**](https://refpa86887.com/L?tag=s_227975m_355c_\&site=227975\&ad=355) ],83,96,Pasted markdown(20260924-144956).md
xCJgpSgR,BMS Herlev,Gladsaxe,2.25,1.61,completed,DENMARK: Basketligaen,Men/Other,False,False,19:00BMS Herlev - Gladsaxe [**70-102**](https://www.flashscore.mobi/match/xCJgpSgR/?s=5\&d=-1) [ [2.25](https://refpa86887.com/L?tag=s_227975m_355c_\&site=227975\&ad=355) | [**1.61**](https://refpa86887.com/L?tag=s_227975m_355c_\&site=227975\&ad=355) ],70,102,Pasted markdown(20260924-144956).md
vgBAvVSs,Horsholm W,BMS Herlev W,7.5,1.05,completed,DENMARK: Kvindebasketligaen Women,Women,False,False,18:30Horsholm W - BMS Herlev W [**40-73**](https://www.flashscore.mobi/match/vgBAvVSs/?s=5\&d=-1) [ [7.50](https://refpa86887.com/L?tag=s_227975m_355c_\&site=227975\&ad=355) | [**1.05**](https://refpa86887.com/L?tag=s_227975m_355c_\&site=227975\&ad=355) ],40,73,Pasted markdown(20260924-144956).md
QkF9PKnn,Tal Tech,Fyllingen,1.22,3.84,completed,EUROPE: ENBL,Men/Other,False,False,17:30Tal Tech - Fyllingen [**95-94**](https://www.flashscore.mobi/match/QkF9PKnn/?s=5\&d=-1) [ [**1.22**](https://refpa86887.com/L?tag=s_227975m_355c_\&site=227975\&ad=355) | [3.84](https://refpa86887.com/L?tag=s_227975m_355c_\&site=227975\&ad=355) ],95,94,Pasted markdown(20260924-144956).md
6TGPLxnB,Lausanne Basket,Kapfenberg Bulls,3.09,1.32,completed,EUROPE: ENBL,Men/Other,False,False,20:00Lausanne Basket - Kapfenberg Bulls [**71-94**](https://www.flashscore.mobi/match/6TGPLxnB/?s=5\&d=-1) [ [3.09](https://refpa86887.com/L?tag=s_227975m_355c_\&site=227975\&ad=355) | [**1.32**](https://refpa86887.com/L?tag=s_227975m_355c_\&site=227975\&ad=355) ],71,94,Pasted markdown(20260924-144956).md
4S6iho9L,Kibirkstis Vilnius W,AZS Poznan W,1.42,2.79,completed,EUROPE: Euroleague Women - Qualification,Women,False,False,18:00Kibirkstis Vilnius W - AZS Poznan W [**91-69**](https://www.flashscore.mobi/match/4S6iho9L/?s=5\&d=-1) [ [**1.42**](https://refpa86887.com/L?tag=s_227975m_355c_\&site=227975\&ad=355) | [2.79](https://refpa86887.com/L?tag=s_227975m_355c_\&site=227975\&ad=355) ],91,69,Pasted markdown(20260924-144956).md
0bhNnPWr,Zabiny Brno W,Crvena zvezda W,1.57,2.34,completed,EUROPE: Euroleague Women - Qualification,Women,False,False,18:00Zabiny Brno W - Crvena zvezda W [**69-75**](https://www.flashscore.mobi/match/0bhNnPWr/?s=5\&d=-1) [ [1.57](https://refpa86887.com/L?tag=s_227975m_355c_\&site=227975\&ad=355) | [**2.34**](https://refpa86887.com/L?tag=s_227975m_355c_\&site=227975\&ad=355) ],69,75,Pasted markdown(20260924-144956).md
8OeVp31e,Flammes Carolo W,KP Brno W,1.01,13.5,completed,EUROPE: Euroleague Women - Qualification,Women,False,False,19:00Flammes Carolo W - KP Brno W [**101-81**](https://www.flashscore.mobi/match/8OeVp31e/?s=5\&d=-1) [ [**1.01**](https://refpa86887.com/L?tag=s_227975m_355c_\&site=227975\&ad=355) | [13.50](https://refpa86887.com/L?tag=s_227975m_355c_\&site=227975\&ad=355) ],101,81,Pasted markdown(20260924-144956).md
bV3qf7v9,Panathinaikos W,Emlak Konut W,1.58,2.32,completed,EUROPE: Euroleague Women - Qualification,Women,False,False,20:30Panathinaikos W - Emlak Konut W [**68-91**](https://www.flashscore.mobi/match/bV3qf7v9/?s=5\&d=-1) [ [1.58](https://refpa86887.com/L?tag=s_227975m_355c_\&site=227975\&ad=355) | [**2.32**](https://refpa86887.com/L?tag=s_227975m_355c_\&site=227975\&ad=355) ],68,91,Pasted markdown(20260924-144956).md
tbyn7XYA,Bisons Loimaa,Salon Vilpas,1.95,1.79,completed,FINLAND: Suomen Cup,Men/Other,False,False,17:30Bisons Loimaa - Salon Vilpas [**74-101**](https://www.flashscore.mobi/match/tbyn7XYA/?s=5\&d=-1) [ [1.95](https://refpa86887.com/L?tag=s_227975m_355c_\&site=227975\&ad=355) | [**1.79**](https://refpa86887.com/L?tag=s_227975m_355c_\&site=227975\&ad=355) ],74,101,Pasted markdown(20260924-144956).md
roz1LNgL,Kipina,Karhu Basket,2.16,1.66,completed,FINLAND: Suomen Cup,Men/Other,False,False,17:30Kipina - Karhu Basket [**84-92**](https://www.flashscore.mobi/match/roz1LNgL/?s=5\&d=-1) [ [2.16](https://refpa86887.com/L?tag=s_227975m_355c_\&site=227975\&ad=355) | [**1.66**](https://refpa86887.com/L?tag=s_227975m_355c_\&site=227975\&ad=355) ],84,92,Pasted markdown(20260924-144956).md
hSNhZz2m,Hapoel Holon,Maccabi Ironi Ramat Gan,1.43,2.62,completed,ISRAEL: League Cup - 11th-14th places,Men/Other,False,False,17:40Hapoel Holon - Maccabi Ironi Ramat Gan [**83-80**](https://www.flashscore.mobi/match/hSNhZz2m/?s=5\&d=-1) [ [**1.43**](https://refpa86887.com/L?tag=s_227975m_355c_\&site=227975\&ad=355) | [2.62](https://refpa86887.com/L?tag=s_227975m_355c_\&site=227975\&ad=355) ],83,80,Pasted markdown(20260924-144956).md
t2yyE6JE,Hapoel HaEmek,Ironi Kiryat Ata,1.09,5.95,completed,ISRAEL: League Cup - Play Offs,Men/Other,False,True,19:55Hapoel HaEmek - Ironi Kiryat Ata [**98-99ot**](https://www.flashscore.mobi/match/t2yyE6JE/?s=5\&d=-1) [ [1.09](https://refpa86887.com/L?tag=s_227975m_355c_\&site=227975\&ad=355) | [**5.95**](https://refpa86887.com/L?tag=s_227975m_355c_\&site=227975\&ad=355) ],98,99,Pasted markdown(20260924-144956).md
4d2cxGT8,Alvark,Ryukyu,1.41,2.69,completed,JAPAN: B.League Premier,Men/Other,False,False,07:05Alvark - Ryukyu [**74-85**](https://www.flashscore.mobi/match/4d2cxGT8/?s=5\&d=-1) [ [1.41](https://refpa86887.com/L?tag=s_227975m_355c_\&site=227975\&ad=355) | [**2.69**](https://refpa86887.com/L?tag=s_227975m_355c_\&site=227975\&ad=355) ],74,85,Pasted markdown(20260924-144956).md
xA05zfbL,Nagasaki,Shimane,1.74,1.95,completed,JAPAN: B.League Premier,Men/Other,False,False,12:05Nagasaki - Shimane [**64-89**](https://www.flashscore.mobi/match/xA05zfbL/?s=5\&d=-1) [ [1.74](https://refpa86887.com/L?tag=s_227975m_355c_\&site=227975\&ad=355) | [**1.95**](https://refpa86887.com/L?tag=s_227975m_355c_\&site=227975\&ad=355) ],64,89,Pasted markdown(20260924-144956).md
0AtfforI,Tokushima Gambarous,Yokohama Excellence,3.21,1.3,completed,JAPAN: B.League One,Men/Other,False,True,07:05Tokushima Gambarous - Yokohama Excellence [**93-92ot**](https://www.flashscore.mobi/match/0AtfforI/?s=5\&d=-1) [ [**3.21**](https://refpa86887.com/L?tag=s_227975m_355c_\&site=227975\&ad=355) | [1.30](https://refpa86887.com/L?tag=s_227975m_355c_\&site=227975\&ad=355) ],93,92,Pasted markdown(20260924-144956).md
EJPjyuH5,Neptunas,Juventus,1.64,2.14,completed,LITHUANIA: LKL,Men/Other,False,False,17:30Neptunas - Juventus [**99-84**](https://www.flashscore.mobi/match/EJPjyuH5/?s=5\&d=-1) [ [**1.64**](https://refpa86887.com/L?tag=s_227975m_355c_\&site=227975\&ad=355) | [2.14](https://refpa86887.com/L?tag=s_227975m_355c_\&site=227975\&ad=355) ],99,84,Pasted markdown(20260924-144956).md
6gMrw1ng,Siauliai,Lietkabelis,1.57,2.25,completed,LITHUANIA: LKL,Men/Other,False,False,17:50Siauliai - Lietkabelis [**86-77**](https://www.flashscore.mobi/match/6gMrw1ng/?s=5\&d=-1) [ [**1.57**](https://refpa86887.com/L?tag=s_227975m_355c_\&site=227975\&ad=355) | [2.25](https://refpa86887.com/L?tag=s_227975m_355c_\&site=227975\&ad=355) ],86,77,Pasted markdown(20260924-144956).md
UeFtP9F5,Tong Whye,Xin Hua,2.15,1.63,completed,SINGAPORE: NBL,Men/Other,False,False,13:30Tong Whye - Xin Hua [**64-58**](https://www.flashscore.mobi/match/UeFtP9F5/?s=5\&d=-1) [ [**2.15**](https://refpa86887.com/L?tag=s_227975m_355c_\&site=227975\&ad=355) | [1.63](https://refpa86887.com/L?tag=s_227975m_355c_\&site=227975\&ad=355) ],64,58,Pasted markdown(20260924-144956).md
AT9bwWBt,London Lions,Cheshire Phoenix,1.1,5.75,completed,UNITED KINGDOM: SLB,Men/Other,False,False,20:00London Lions - Cheshire Phoenix [**91-81**](https://www.flashscore.mobi/match/AT9bwWBt/?s=5\&d=-1) [ [**1.10**](https://refpa86887.com/L?tag=s_227975m_355c_\&site=227975\&ad=355) | [5.75](https://refpa86887.com/L?tag=s_227975m_355c_\&site=227975\&ad=355) ],91,81,Pasted markdown(20260924-144956).md
IwL6eGLG,Washington Mystics W,Connecticut Sun W,1.05,11.2,completed,USA: WNBA,Women,False,False,01:30Washington Mystics W - Connecticut Sun W [**79-69**](https://www.flashscore.mobi/match/IwL6eGLG/?s=5\&d=-1) [ [**1.05**](https://refpa86887.com/L?tag=s_227975m_355c_\&site=227975\&ad=355) | [11.20](https://refpa86887.com/L?tag=s_227975m_355c_\&site=227975\&ad=355) ],79,69,Pasted markdown(20260924-144956).md
YRpj7SxJ,Chicago Sky W,Toronto Tempo W,1.42,2.95,completed,USA: WNBA,Women,False,False,02:00Chicago Sky W - Toronto Tempo W [**97-85**](https://www.flashscore.mobi/match/YRpj7SxJ/?s=5\&d=-1) [ [**1.42**](https://refpa86887.com/L?tag=s_227975m_355c_\&site=227975\&ad=355) | [2.95](https://refpa86887.com/L?tag=s_227975m_355c_\&site=227975\&ad=355) ],97,85,Pasted markdown(20260924-144956).md
Q3OEgfjT,Indiana Fever W,Minnesota Lynx W,1.67,2.27,completed,USA: WNBA,Women,False,False,02:00Indiana Fever W - Minnesota Lynx W [**96-77**](https://www.flashscore.mobi/match/Q3OEgfjT/?s=5\&d=-1) [ [**1.67**](https://refpa86887.com/L?tag=s_227975m_355c_\&site=227975\&ad=355) | [2.27](https://refpa86887.com/L?tag=s_227975m_355c_\&site=227975\&ad=355) ],96,77,Pasted markdown(20260924-144956).md
MZ9plYDj,Las Vegas Aces W,Los Angeles Sparks W,1.05,10.7,completed,USA: WNBA,Women,False,False,04:00Las Vegas Aces W - Los Angeles Sparks W [**89-79**](https://www.flashscore.mobi/match/MZ9plYDj/?s=5\&d=-1) [ [**1.05**](https://refpa86887.com/L?tag=s_227975m_355c_\&site=227975\&ad=355) | [10.70](https://refpa86887.com/L?tag=s_227975m_355c_\&site=227975\&ad=355) ],89,79,Pasted markdown(20260924-144956).md
lt2WBy6c,Portland Fire W,Golden State Valkyries W,7.7,1.1,completed,USA: WNBA,Women,False,True,04:00Portland Fire W - Golden State Valkyries W [**90-82ot**](https://www.flashscore.mobi/match/lt2WBy6c/?s=5\&d=-1) [ [**7.70**](https://refpa86887.com/L?tag=s_227975m_355c_\&site=227975\&ad=355) | [1.10](https://refpa86887.com/L?tag=s_227975m_355c_\&site=227975\&ad=355) ],90,82,Pasted markdown(20260924-144956).md
IuAACMoC,Minas (Bra),Penarol (Arg),1.25,3.57,completed,WORLD: Club Friendly,Men/Other,False,False,01:30Minas (Bra) - Penarol (Arg) [**78-62**](https://www.flashscore.mobi/match/IuAACMoC/?s=5\&d=-1) [ [**1.25**](https://refpa86887.com/L?tag=s_227975m_355c_\&site=227975\&ad=355) | [3.57](https://refpa86887.com/L?tag=s_227975m_355c_\&site=227975\&ad=355) ],78,62,Pasted markdown(20260924-144956).md
na06umhe,Beroe (Bul),Spartak Pleven (Bul),1.68,2.06,completed,WORLD: Club Friendly,Men/Other,False,False,12:00Beroe (Bul) - Spartak Pleven (Bul) [**99-93**](https://www.flashscore.mobi/match/na06umhe/?s=5\&d=-1) [ [**1.68**](https://refpa86887.com/L?tag=s_227975m_355c_\&site=227975\&ad=355) | [2.06](https://refpa86887.com/L?tag=s_227975m_355c_\&site=227975\&ad=355) ],99,93,Pasted markdown(20260924-144956).md
fgLvMp43,Maccabi Rehovot (Isr),H. Hevel Modiin (Isr),1.1,5.6,completed,WORLD: Club Friendly,Men/Other,False,False,15:30Maccabi Rehovot (Isr) - H. Hevel Modiin (Isr) [**86-89**](https://www.flashscore.mobi/match/fgLvMp43/?s=5\&d=-1) [ [1.10](https://refpa86887.com/L?tag=s_227975m_355c_\&site=227975\&ad=355) | [**5.60**](https://refpa86887.com/L?tag=s_227975m_355c_\&site=227975\&ad=355) ],86,89,Pasted markdown(20260924-144956).md
2JOnKOYF,Apollon (Cyp),Anorthosis (Cyp),1.56,2.27,completed,WORLD: Club Friendly,Men/Other,False,False,16:00Apollon (Cyp) - Anorthosis (Cyp) [**65-60**](https://www.flashscore.mobi/match/2JOnKOYF/?s=5\&d=-1) [ [**1.56**](https://refpa86887.com/L?tag=s_227975m_355c_\&site=227975\&ad=355) | [2.27](https://refpa86887.com/L?tag=s_227975m_355c_\&site=227975\&ad=355) ],65,60,Pasted markdown(20260924-144956).md
Q5DIA0GO,Morphou (Cyp),Apoel BC (Cyp),1.95,1.74,completed,WORLD: Club Friendly,Men/Other,False,False,16:00Morphou (Cyp) - Apoel BC (Cyp) [**75-74**](https://www.flashscore.mobi/match/Q5DIA0GO/?s=5\&d=-1) [ [**1.95**](https://refpa86887.com/L?tag=s_227975m_355c_\&site=227975\&ad=355) | [1.74](https://refpa86887.com/L?tag=s_227975m_355c_\&site=227975\&ad=355) ],75,74,Pasted markdown(20260924-144956).md
6sbJAxxe,Botev 2012 (Bul),Levski (Bul),1.51,2.39,completed,WORLD: Club Friendly,Men/Other,False,False,17:00Botev 2012 (Bul) - Levski (Bul) [**94-106**](https://www.flashscore.mobi/match/6sbJAxxe/?s=5\&d=-1) [ [1.51](https://refpa86887.com/L?tag=s_227975m_355c_\&site=227975\&ad=355) | [**2.39**](https://refpa86887.com/L?tag=s_227975m_355c_\&site=227975\&ad=355) ],94,106,Pasted markdown(20260924-144956).md
lrizTsWh,GKK Sibenka (Cro),Jazine (Cro),1.07,6.55,completed,WORLD: Club Friendly,Men/Other,False,False,17:00GKK Sibenka (Cro) - Jazine (Cro) [**90-77**](https://www.flashscore.mobi/match/lrizTsWh/?s=5\&d=-1) [ [**1.07**](https://refpa86887.com/L?tag=s_227975m_355c_\&site=227975\&ad=355) | [6.55](https://refpa86887.com/L?tag=s_227975m_355c_\&site=227975\&ad=355) ],90,77,Pasted markdown(20260924-144956).md
zXMfI23S,Migdal Haemek (Isr),Maccabi Kiryat Motzkin (Isr),1.35,2.94,completed,WORLD: Club Friendly,Men/Other,False,False,17:00Migdal Haemek (Isr) - Maccabi Kiryat Motzkin (Isr) [**74-80**](https://www.flashscore.mobi/match/zXMfI23S/?s=5\&d=-1) [ [1.35](https://refpa86887.com/L?tag=s_227975m_355c_\&site=227975\&ad=355) | [**2.94**](https://refpa86887.com/L?tag=s_227975m_355c_\&site=227975\&ad=355) ],74,80,Pasted markdown(20260924-144956).md
Y30HIWE8,Maccabi Raanana (Isr),Ramat Hasharon (Isr),1.34,2.99,completed,WORLD: Club Friendly,Men/Other,False,False,17:45Maccabi Raanana (Isr) - Ramat Hasharon (Isr) [**87-79**](https://www.flashscore.mobi/match/Y30HIWE8/?s=5\&d=-1) [ [**1.34**](https://refpa86887.com/L?tag=s_227975m_355c_\&site=227975\&ad=355) | [2.99](https://refpa86887.com/L?tag=s_227975m_355c_\&site=227975\&ad=355) ],87,79,Pasted markdown(20260924-144956).md
tU3PGAqL,Maccabi Petah Tikva (Isr),Elitzur Maccabi Netanya (Isr),3.49,1.26,completed,WORLD: Club Friendly,Men/Other,False,False,18:00Maccabi Petah Tikva (Isr) - Elitzur Maccabi Netanya (Isr) [**110-98**](https://www.flashscore.mobi/match/tU3PGAqL/?s=5\&d=-1) [ [**3.49**](https://refpa86887.com/L?tag=s_227975m_355c_\&site=227975\&ad=355) | [1.26](https://refpa86887.com/L?tag=s_227975m_355c_\&site=227975\&ad=355) ],110,98,Pasted markdown(20260924-144956).md
4O6a6rQ7,Kastela (Cro),Omis (Cro),1.24,3.65,completed,WORLD: Club Friendly,Men/Other,False,False,19:15Kastela (Cro) - Omis (Cro) [**84-55**](https://www.flashscore.mobi/match/4O6a6rQ7/?s=5\&d=-1) [ [**1.24**](https://refpa86887.com/L?tag=s_227975m_355c_\&site=227975\&ad=355) | [3.65](https://refpa86887.com/L?tag=s_227975m_355c_\&site=227975\&ad=355) ],84,55,Pasted markdown(20260924-144956).md
AqfeBl7r,Maccabi Kiryat Gat (Isr),Otef Darom (Isr),1.84,1.75,completed,WORLD: Club Friendly,Men/Other,False,False,19:15Maccabi Kiryat Gat (Isr) - Otef Darom (Isr) [**98-71**](https://www.flashscore.mobi/match/AqfeBl7r/?s=5\&d=-1) [ [**1.84**](https://refpa86887.com/L?tag=s_227975m_355c_\&site=227975\&ad=355) | [1.75](https://refpa86887.com/L?tag=s_227975m_355c_\&site=227975\&ad=355) ],98,71,Pasted markdown(20260924-144956).md
Wbfl2wy8,Shanghai,RSSB Tigers,2.53,1.46,completed,WORLD: Intercontinental Cup,Men/Other,False,True,09:30Shanghai - RSSB Tigers [**115-117ot**](https://www.flashscore.mobi/match/Wbfl2wy8/?s=5\&d=-1) [ [2.53](https://refpa86887.com/L?tag=s_227975m_355c_\&site=227975\&ad=355) | [**1.46**](https://refpa86887.com/L?tag=s_227975m_355c_\&site=227975\&ad=355) ],115,117,Pasted markdown(20260924-144956).md
S2oDIbLl,Beijing Royal Fighters,G League United,6.75,1.07,completed,WORLD: Intercontinental Cup,Men/Other,False,False,13:30Beijing Royal Fighters - G League United [**89-119**](https://www.flashscore.mobi/match/S2oDIbLl/?s=5\&d=-1) [ [6.75](https://refpa86887.com/L?tag=s_227975m_355c_\&site=227975\&ad=355) | [**1.07**](https://refpa86887.com/L?tag=s_227975m_355c_\&site=227975\&ad=355) ],89,119,Pasted markdown(20260924-144956).md
ljgy8QbC,Gernika Bizkaia W (Esp),Araski W (Esp),1.35,2.76,completed,WORLD: Club Friendly Women,Women,False,False,19:00Gernika Bizkaia W (Esp) - Araski W (Esp) [**60-71**](https://www.flashscore.mobi/match/ljgy8QbC/?s=5\&d=-1) [ [1.35](https://refpa86887.com/L?tag=s_227975m_355c_\&site=227975\&ad=355) | [**2.76**](https://refpa86887.com/L?tag=s_227975m_355c_\&site=227975\&ad=355) ],60,71,Pasted markdown(20260924-144956).md
ITmcV9bE,Esgueira W (Por),Celta W (Esp),6.02,1.05,completed,WORLD: Club Friendly Women,Women,False,False,21:30Esgueira W (Por) - Celta W (Esp) [**64-78**](https://www.flashscore.mobi/match/ITmcV9bE/?s=5\&d=-1) [ [6.02](https://refpa86887.com/L?tag=s_227975m_355c_\&site=227975\&ad=355) | [**1.05**](https://refpa86887.com/L?tag=s_227975m_355c_\&site=227975\&ad=355) ],64,78,Pasted markdown(20260924-144956).md
A53hKaT7,Kazakhstan W,Hong Kong W,3.65,1.24,completed,&#x20;ASIA: Asian Games Women,Women,False,True,03:00Kazakhstan W - Hong Kong W [**80-77ot**](https://www.flashscore.mobi/match/A53hKaT7/?s=5\&d=-2) [ [**3.65**](https://refpa86887.com/L?tag=s_227975m_355c_\&site=227975\&ad=355) | [1.24](https://refpa86887.com/L?tag=s_227975m_355c_\&site=227975\&ad=355) ],80,77,Pasted markdown (2)(2).md
AaCrvfKt,South Korea W,Chinese Taipei W,1.04,9.5,completed,&#x20;ASIA: Asian Games Women,Women,False,False,09:00South Korea W - Chinese Taipei W [**73-59**](https://www.flashscore.mobi/match/AaCrvfKt/?s=5\&d=-2) [ [**1.04**](https://refpa86887.com/L?tag=s_227975m_355c_\&site=227975\&ad=355) | [9.50](https://refpa86887.com/L?tag=s_227975m_355c_\&site=227975\&ad=355) ],73,59,Pasted markdown (2)(2).md
rDAjxYlg,Mongolia W,Malaysia W,1.01,15.0,completed,&#x20;ASIA: Asian Games Women,Women,False,False,12:00Mongolia W - Malaysia W [**89-81**](https://www.flashscore.mobi/match/rDAjxYlg/?s=5\&d=-2) [ [**1.01**](https://refpa86887.com/L?tag=s_227975m_355c_\&site=227975\&ad=355) | [15.00](https://refpa86887.com/L?tag=s_227975m_355c_\&site=227975\&ad=355) ],89,81,Pasted markdown (2)(2).md
l46dqE0b,Brisbane Bullets,New Zealand Breakers,2.04,1.81,completed,AUSTRALIA: NBL,Men/Other,False,False,11:30Brisbane Bullets - New Zealand Breakers [**88-85**](https://www.flashscore.mobi/match/l46dqE0b/?s=5\&d=-2) [ [**2.04**](https://refpa86887.com/L?tag=s_227975m_355c_\&site=227975\&ad=355) | [1.81](https://refpa86887.com/L?tag=s_227975m_355c_\&site=227975\&ad=355) ],88,85,Pasted markdown (2)(2).md
SSxgsxfJ,Copenhagen,Vaerlose,1.15,5.0,completed,DENMARK: Basketligaen,Men/Other,False,False,18:00Copenhagen - Vaerlose [**88-74**](https://www.flashscore.mobi/match/SSxgsxfJ/?s=5\&d=-2) [ [**1.15**](https://refpa86887.com/L?tag=s_227975m_355c_\&site=227975\&ad=355) | [5.00](https://refpa86887.com/L?tag=s_227975m_355c_\&site=227975\&ad=355) ],88,74,Pasted markdown (2)(2).md
Ygqwcwq9,Skovbakken W,Aabyhoj W,4.3,1.18,completed,DENMARK: Kvindebasketligaen Women,Women,False,False,18:30Skovbakken W - Aabyhoj W [**47-78**](https://www.flashscore.mobi/match/Ygqwcwq9/?s=5\&d=-2) [ [4.30](https://refpa86887.com/L?tag=s_227975m_355c_\&site=227975\&ad=355) | [**1.18**](https://refpa86887.com/L?tag=s_227975m_355c_\&site=227975\&ad=355) ],47,78,Pasted markdown (2)(2).md
z1ta122k,Kouvot Kouvola,UU-Korihait Uusikaupunki,2.14,1.64,completed,FINLAND: Suomen Cup,Men/Other,False,False,17:30Kouvot Kouvola - UU-Korihait Uusikaupunki [**85-73**](https://www.flashscore.mobi/match/z1ta122k/?s=5\&d=-2) [ [**2.14**](https://refpa86887.com/L?tag=s_227975m_355c_\&site=227975\&ad=355) | [1.64](https://refpa86887.com/L?tag=s_227975m_355c_\&site=227975\&ad=355) ],85,73,Pasted markdown (2)(2).md
KGdjbXht,Maccabi Rishon,Hapoel Beer Sheva,1.54,2.32,completed,ISRAEL: League Cup - Play Offs,Men/Other,False,False,19:55Maccabi Rishon - Hapoel Beer Sheva [**75-84**](https://www.flashscore.mobi/match/KGdjbXht/?s=5\&d=-2) [ [1.54](https://refpa86887.com/L?tag=s_227975m_355c_\&site=227975\&ad=355) | [**2.32**](https://refpa86887.com/L?tag=s_227975m_355c_\&site=227975\&ad=355) ],75,84,Pasted markdown (2)(2).md
vJABECy2,Alvark,Ryukyu,1.5,2.42,completed,JAPAN: B.League Premier,Men/Other,False,False,07:00Alvark - Ryukyu [**84-73**](https://www.flashscore.mobi/match/vJABECy2/?s=5\&d=-2) [ [**1.50**](https://refpa86887.com/L?tag=s_227975m_355c_\&site=227975\&ad=355) | [2.42](https://refpa86887.com/L?tag=s_227975m_355c_\&site=227975\&ad=355) ],84,73,Pasted markdown (2)(2).md
YuOzuNHt,Jonava,Nevezis,1.59,2.22,completed,LITHUANIA: LKL,Men/Other,False,False,17:50Jonava - Nevezis [**85-65**](https://www.flashscore.mobi/match/YuOzuNHt/?s=5\&d=-2) [ [**1.59**](https://refpa86887.com/L?tag=s_227975m_355c_\&site=227975\&ad=355) | [2.22](https://refpa86887.com/L?tag=s_227975m_355c_\&site=227975\&ad=355) ],85,65,Pasted markdown (2)(2).md
Ozblifpo,Correcaminos,Fuerza Regia,3.15,1.31,completed,MEXICO: LNBP,Men/Other,False,False,02:15Correcaminos - Fuerza Regia [**52-93**](https://www.flashscore.mobi/match/Ozblifpo/?s=5\&d=-2) [ [3.15](https://refpa86887.com/L?tag=s_227975m_355c_\&site=227975\&ad=355) | [**1.31**](https://refpa86887.com/L?tag=s_227975m_355c_\&site=227975\&ad=355) ],52,93,Pasted markdown (2)(2).md
jsjzFcxh,El Calor de Cancun,Diablos Rojos,2.02,1.69,completed,MEXICO: LNBP,Men/Other,False,False,03:15El Calor de Cancun - Diablos Rojos [**83-86**](https://www.flashscore.mobi/match/jsjzFcxh/?s=5\&d=-2) [ [2.02](https://refpa86887.com/L?tag=s_227975m_355c_\&site=227975\&ad=355) | [**1.69**](https://refpa86887.com/L?tag=s_227975m_355c_\&site=227975\&ad=355) ],83,86,Pasted markdown (2)(2).md
YNA20bNb,Abejas,Freseros,1.48,2.47,completed,MEXICO: LNBP,Men/Other,False,False,04:00Abejas - Freseros [**83-89**](https://www.flashscore.mobi/match/YNA20bNb/?s=5\&d=-2) [ [1.48](https://refpa86887.com/L?tag=s_227975m_355c_\&site=227975\&ad=355) | [**2.47**](https://refpa86887.com/L?tag=s_227975m_355c_\&site=227975\&ad=355) ],83,89,Pasted markdown (2)(2).md
ziJNh7Lk,Santos,Lobos Plateados,2.16,1.62,completed,MEXICO: LNBP,Men/Other,False,False,04:00Santos - Lobos Plateados [**84-99**](https://www.flashscore.mobi/match/ziJNh7Lk/?s=5\&d=-2) [ [2.16](https://refpa86887.com/L?tag=s_227975m_355c_\&site=227975\&ad=355) | [**1.62**](https://refpa86887.com/L?tag=s_227975m_355c_\&site=227975\&ad=355) ],84,99,Pasted markdown (2)(2).md
dvgrDy74,Mineros,Gambusinos,1.3,3.25,completed,MEXICO: LNBP,Men/Other,False,False,04:05Mineros - Gambusinos [**87-85**](https://www.flashscore.mobi/match/dvgrDy74/?s=5\&d=-2) [ [**1.30**](https://refpa86887.com/L?tag=s_227975m_355c_\&site=227975\&ad=355) | [3.25](https://refpa86887.com/L?tag=s_227975m_355c_\&site=227975\&ad=355) ],87,85,Pasted markdown (2)(2).md
rHMVjoj2,Soles,Panteras,1.51,2.39,completed,MEXICO: LNBP,Men/Other,False,False,05:00Soles - Panteras [**76-77**](https://www.flashscore.mobi/match/rHMVjoj2/?s=5\&d=-2) [ [1.51](https://refpa86887.com/L?tag=s_227975m_355c_\&site=227975\&ad=355) | [**2.39**](https://refpa86887.com/L?tag=s_227975m_355c_\&site=227975\&ad=355) ],76,77,Pasted markdown (2)(2).md
CppeOaJl,Deportivo Amambay,Colonias Gold,2.34,1.53,completed,PARAGUAY: LNB - Clausura,Men/Other,False,False,00:30Deportivo Amambay - Colonias Gold [**85-70**](https://www.flashscore.mobi/match/CppeOaJl/?s=5\&d=-2) [ [**2.34**](https://refpa86887.com/L?tag=s_227975m_355c_\&site=227975\&ad=355) | [1.53](https://refpa86887.com/L?tag=s_227975m_355c_\&site=227975\&ad=355) ],85,70,Pasted markdown (2)(2).md
KUPfSTyK,Deportivo Campoalto,Felix Perez Cardozo,2.3,1.55,completed,PARAGUAY: LNB - Clausura,Men/Other,False,False,01:00Deportivo Campoalto - Felix Perez Cardozo [**83-68**](https://www.flashscore.mobi/match/KUPfSTyK/?s=5\&d=-2) [ [**2.30**](https://refpa86887.com/L?tag=s_227975m_355c_\&site=227975\&ad=355) | [1.55](https://refpa86887.com/L?tag=s_227975m_355c_\&site=227975\&ad=355) ],83,68,Pasted markdown (2)(2).md
tzopLGbs,Fenerbahce,Besiktas,1.18,4.29,completed,TURKEY: Super Cup,Men/Other,False,False,19:00Fenerbahce - Besiktas [**72-59**](https://www.flashscore.mobi/match/tzopLGbs/?s=5\&d=-2) [ [**1.18**](https://refpa86887.com/L?tag=s_227975m_355c_\&site=227975\&ad=355) | [4.29](https://refpa86887.com/L?tag=s_227975m_355c_\&site=227975\&ad=355) ],72,59,Pasted markdown (2)(2).md
Cb9iabMi,New York Liberty W,Atlanta Dream W,2.07,1.79,completed,USA: WNBA,Women,False,False,02:00New York Liberty W - Atlanta Dream W [**84-95**](https://www.flashscore.mobi/match/Cb9iabMi/?s=5\&d=-2) [ [2.07](https://refpa86887.com/L?tag=s_227975m_355c_\&site=227975\&ad=355) | [**1.79**](https://refpa86887.com/L?tag=s_227975m_355c_\&site=227975\&ad=355) ],84,95,Pasted markdown (2)(2).md
pC7acxi4,Phoenix Mercury W,Dallas Wings W,2.95,1.42,completed,USA: WNBA,Women,False,False,04:00Phoenix Mercury W - Dallas Wings W [**87-86**](https://www.flashscore.mobi/match/pC7acxi4/?s=5\&d=-2) [ [**2.95**](https://refpa86887.com/L?tag=s_227975m_355c_\&site=227975\&ad=355) | [1.42](https://refpa86887.com/L?tag=s_227975m_355c_\&site=227975\&ad=355) ],87,86,Pasted markdown (2)(2).md
fHy3mHT8,KCC Egis (Kor),Seoul Knights (Kor),1.55,2.3,completed,WORLD: Club Friendly,Men/Other,False,False,08:30KCC Egis (Kor) - Seoul Knights (Kor) [**91-80**](https://www.flashscore.mobi/match/fHy3mHT8/?s=5\&d=-2) [ [**1.55**](https://refpa86887.com/L?tag=s_227975m_355c_\&site=227975\&ad=355) | [2.30](https://refpa86887.com/L?tag=s_227975m_355c_\&site=227975\&ad=355) ],91,80,Pasted markdown (2)(2).md
SnThbsCd,Aris (Gre),Bahcesehir Kol. (Tur),1.71,1.99,completed,WORLD: Club Friendly,Men/Other,False,False,15:00Aris (Gre) - Bahcesehir Kol. (Tur) [**84-88**](https://www.flashscore.mobi/match/SnThbsCd/?s=5\&d=-2) [ [1.71](https://refpa86887.com/L?tag=s_227975m_355c_\&site=227975\&ad=355) | [**1.99**](https://refpa86887.com/L?tag=s_227975m_355c_\&site=227975\&ad=355) ],84,88,Pasted markdown (2)(2).md
8xLWdfRH,Iraklis (Gre),Mykonos (Gre),1.51,2.39,completed,WORLD: Club Friendly,Men/Other,False,False,19:00Iraklis (Gre) - Mykonos (Gre) [**84-73**](https://www.flashscore.mobi/match/8xLWdfRH/?s=5\&d=-2) [ [**1.51**](https://refpa86887.com/L?tag=s_227975m_355c_\&site=227975\&ad=355) | [2.39](https://refpa86887.com/L?tag=s_227975m_355c_\&site=227975\&ad=355) ],84,73,Pasted markdown (2)(2).md
OYjt4a6e,Rytas,RSSB Tigers,1.05,7.5,completed,WORLD: Intercontinental Cup,Men/Other,False,False,09:30Rytas - RSSB Tigers [**107-89**](https://www.flashscore.mobi/match/OYjt4a6e/?s=5\&d=-2) [ [**1.05**](https://refpa86887.com/L?tag=s_227975m_355c_\&site=227975\&ad=355) | [7.50](https://refpa86887.com/L?tag=s_227975m_355c_\&site=227975\&ad=355) ],107,89,Pasted markdown (2)(2).md
dKfsOKcR,Beijing Royal Fighters,Boca Juniors,1.84,1.84,completed,WORLD: Intercontinental Cup,Men/Other,False,False,13:30Beijing Royal Fighters - Boca Juniors [**78-88**](https://www.flashscore.mobi/match/dKfsOKcR/?s=5\&d=-2) [ [1.84](https://refpa86887.com/L?tag=s_227975m_355c_\&site=227975\&ad=355) | [**1.84**](https://refpa86887.com/L?tag=s_227975m_355c_\&site=227975\&ad=355) ],78,88,Pasted markdown (2)(2).md
OE4WSxvJ,China,Iran,1.03,8.4,completed,Unknown,Men/Other,False,False,09:40China - Iran [**70-79**](https://www.flashscore.mobi/match/OE4WSxvJ/?s=5\&d=-4) [ [1.03](https://refpa86887.com/L?tag=s_227975m_355c_\&site=227975\&ad=355) | [**8.40**](https://refpa86887.com/L?tag=s_227975m_355c_\&site=227975\&ad=355) ],70,79,Pasted markdown (3)(1).md
G8iIjtWP,Japan,South Korea,3.27,1.29,completed,Unknown,Men/Other,False,False,12:40Japan - South Korea [**57-67**](https://www.flashscore.mobi/match/G8iIjtWP/?s=5\&d=-4) [ [3.27](https://refpa86887.com/L?tag=s_227975m_355c_\&site=227975\&ad=355) | [**1.29**](https://refpa86887.com/L?tag=s_227975m_355c_\&site=227975\&ad=355) ],57,67,Pasted markdown (3)(1).md
IqIMK0O0,Salon Vilpas,CSM Oradea,4.03,1.24,completed,EUROPE: Champions League - Qualification 1,Men/Other,False,False,17:00Salon Vilpas - CSM Oradea [**98-96**](https://www.flashscore.mobi/match/IqIMK0O0/?s=5\&d=-4) [ [**4.03**](https://refpa86887.com/L?tag=s_227975m_355c_\&site=227975\&ad=355) | [1.24](https://refpa86887.com/L?tag=s_227975m_355c_\&site=227975\&ad=355) ],98,96,Pasted markdown (3)(1).md
fJhqgs6F,Dziki Warszawa,Vechta,2.19,1.68,completed,EUROPE: Champions League - Qualification 2,Men/Other,False,False,19:30Dziki Warszawa - Vechta [**82-93**](https://www.flashscore.mobi/match/fJhqgs6F/?s=5\&d=-4) [ [2.19](https://refpa86887.com/L?tag=s_227975m_355c_\&site=227975\&ad=355) | [**1.68**](https://refpa86887.com/L?tag=s_227975m_355c_\&site=227975\&ad=355) ],82,93,Pasted markdown (3)(1).md
2m8lozWo,New Zealand Breakers,Illawarra Hawks,2.23,1.69,completed,AUSTRALIA: NBL,Men/Other,False,False,07:00New Zealand Breakers - Illawarra Hawks [**95-81**](https://www.flashscore.mobi/match/2m8lozWo/?s=5\&d=-4) [ [**2.23**](https://refpa86887.com/L?tag=s_227975m_355c_\&site=227975\&ad=355) | [1.69](https://refpa86887.com/L?tag=s_227975m_355c_\&site=227975\&ad=355) ],95,81,Pasted markdown (3)(1).md
O2tHghXP,Sydney,Cairns Taipans,1.29,3.76,completed,AUSTRALIA: NBL,Men/Other,False,False,09:00Sydney - Cairns Taipans [**111-90**](https://www.flashscore.mobi/match/O2tHghXP/?s=5\&d=-4) [ [**1.29**](https://refpa86887.com/L?tag=s_227975m_355c_\&site=227975\&ad=355) | [3.76](https://refpa86887.com/L?tag=s_227975m_355c_\&site=227975\&ad=355) ],111,90,Pasted markdown (3)(1).md
AggkhK1E,Olomoucko,Hradec Kralove,2.66,1.42,completed,CZECH REPUBLIC: NBL,Men/Other,False,False,17:00Olomoucko - Hradec Kralove [**81-93**](https://www.flashscore.mobi/match/AggkhK1E/?s=5\&d=-4) [ [2.66](https://refpa86887.com/L?tag=s_227975m_355c_\&site=227975\&ad=355) | [**1.42**](https://refpa86887.com/L?tag=s_227975m_355c_\&site=227975\&ad=355) ],81,93,Pasted markdown (3)(1).md
4d63UG97,Usti n. Labem,Srsni Pisek,1.37,2.84,completed,CZECH REPUBLIC: NBL,Men/Other,False,False,18:00Usti n. Labem - Srsni Pisek [**78-80**](https://www.flashscore.mobi/match/4d63UG97/?s=5\&d=-4) [ [1.37](https://refpa86887.com/L?tag=s_227975m_355c_\&site=227975\&ad=355) | [**2.84**](https://refpa86887.com/L?tag=s_227975m_355c_\&site=227975\&ad=355) ],78,80,Pasted markdown (3)(1).md
lKWZfPup,Vysoka,Novy Jicin,2.08,1.67,completed,CZECH REPUBLIC: 1. Liga,Men/Other,False,False,17:00Vysoka - Novy Jicin [**68-80**](https://www.flashscore.mobi/match/lKWZfPup/?s=5\&d=-4) [ [2.08](https://refpa86887.com/L?tag=s_227975m_355c_\&site=227975\&ad=355) | [**1.67**](https://refpa86887.com/L?tag=s_227975m_355c_\&site=227975\&ad=355) ],68,80,Pasted markdown (3)(1).md
MXUsg3Ad,Svitavy,Brno U23,1.08,6.15,completed,CZECH REPUBLIC: 1. Liga,Men/Other,False,False,18:00Svitavy - Brno U23 [**93-89**](https://www.flashscore.mobi/match/MXUsg3Ad/?s=5\&d=-4) [ [**1.08**](https://refpa86887.com/L?tag=s_227975m_355c_\&site=227975\&ad=355) | [6.15](https://refpa86887.com/L?tag=s_227975m_355c_\&site=227975\&ad=355) ],93,89,Pasted markdown (3)(1).md
ruwsOsl3,Sokol Pecky W,KP Brno B W,1.09,5.8,completed,CZECH REPUBLIC: 1. Liga Women,Women,False,False,09:15Sokol Pecky W - KP Brno B W [**67-69**](https://www.flashscore.mobi/match/ruwsOsl3/?s=5\&d=-4) [ [1.09](https://refpa86887.com/L?tag=s_227975m_355c_\&site=227975\&ad=355) | [**5.80**](https://refpa86887.com/L?tag=s_227975m_355c_\&site=227975\&ad=355) ],67,69,Pasted markdown (3)(1).md
OIvcKamS,Aritma Prague W,USK Prague B W,1.57,2.25,completed,CZECH REPUBLIC: 1. Liga Women,Women,False,False,10:30Aritma Prague W - USK Prague B W [**84-73**](https://www.flashscore.mobi/match/OIvcKamS/?s=5\&d=-4) [ [**1.57**](https://refpa86887.com/L?tag=s_227975m_355c_\&site=227975\&ad=355) | [2.25](https://refpa86887.com/L?tag=s_227975m_355c_\&site=227975\&ad=355) ],84,73,Pasted markdown (3)(1).md
xbzw1W34,Nusle W,Usti nad Labem W,1.32,3.09,completed,CZECH REPUBLIC: 1. Liga Women,Women,False,False,11:00Nusle W - Usti nad Labem W [**64-58**](https://www.flashscore.mobi/match/xbzw1W34/?s=5\&d=-4) [ [**1.32**](https://refpa86887.com/L?tag=s_227975m_355c_\&site=227975\&ad=355) | [3.09](https://refpa86887.com/L?tag=s_227975m_355c_\&site=227975\&ad=355) ],64,58,Pasted markdown (3)(1).md
GhykMLIF,Sadska W,BK Havirov W,1.95,1.74,completed,CZECH REPUBLIC: 1. Liga Women,Women,False,False,11:30Sadska W - BK Havirov W [**67-76**](https://www.flashscore.mobi/match/GhykMLIF/?s=5\&d=-4) [ [1.95](https://refpa86887.com/L?tag=s_227975m_355c_\&site=227975\&ad=355) | [**1.74**](https://refpa86887.com/L?tag=s_227975m_355c_\&site=227975\&ad=355) ],67,76,Pasted markdown (3)(1).md
hYUSEwBk,Strakonice W,Zabiny Brno B W,4.15,1.19,completed,CZECH REPUBLIC: 1. Liga Women,Women,False,False,11:30Strakonice W - Zabiny Brno B W [**59-70**](https://www.flashscore.mobi/match/hYUSEwBk/?s=5\&d=-4) [ [4.15](https://refpa86887.com/L?tag=s_227975m_355c_\&site=227975\&ad=355) | [**1.19**](https://refpa86887.com/L?tag=s_227975m_355c_\&site=227975\&ad=355) ],59,70,Pasted markdown (3)(1).md
hhLMzLX8,Chomutov B W,BA Sparta W,1.43,2.62,completed,CZECH REPUBLIC: 1. Liga Women,Women,False,False,16:00Chomutov B W - BA Sparta W [**67-56**](https://www.flashscore.mobi/match/hhLMzLX8/?s=5\&d=-4) [ [**1.43**](https://refpa86887.com/L?tag=s_227975m_355c_\&site=227975\&ad=355) | [2.62](https://refpa86887.com/L?tag=s_227975m_355c_\&site=227975\&ad=355) ],67,56,Pasted markdown (3)(1).md
4QFhQ62e,Bears Academy,BMS Herlev,1.2,4.26,completed,DENMARK: Basketligaen,Men/Other,False,False,16:00Bears Academy - BMS Herlev [**75-82**](https://www.flashscore.mobi/match/4QFhQ62e/?s=5\&d=-4) [ [1.20](https://refpa86887.com/L?tag=s_227975m_355c_\&site=227975\&ad=355) | [**4.26**](https://refpa86887.com/L?tag=s_227975m_355c_\&site=227975\&ad=355) ],75,82,Pasted markdown (3)(1).md
SddiZZj2,Horsholm W,Aabyhoj W,7.4,1.05,completed,DENMARK: Kvindebasketligaen Women,Women,False,False,15:30Horsholm W - Aabyhoj W [**55-74**](https://www.flashscore.mobi/match/SddiZZj2/?s=5\&d=-4) [ [7.40](https://refpa86887.com/L?tag=s_227975m_355c_\&site=227975\&ad=355) | [**1.05**](https://refpa86887.com/L?tag=s_227975m_355c_\&site=227975\&ad=355) ],55,74,Pasted markdown (3)(1).md
O07DtIbS,Sisu W,Amager W,1.28,3.35,completed,DENMARK: Kvindebasketligaen Women,Women,False,False,18:00Sisu W - Amager W [**42-78**](https://www.flashscore.mobi/match/O07DtIbS/?s=5\&d=-4) [ [1.28](https://refpa86887.com/L?tag=s_227975m_355c_\&site=227975\&ad=355) | [**3.35**](https://refpa86887.com/L?tag=s_227975m_355c_\&site=227975\&ad=355) ],42,78,Pasted markdown (3)(1).md
YkcmlD8C,Roanne,Paris,4.06,1.22,completed,FRANCE: LNB Super Cup,Men/Other,False,False,17:00Roanne - Paris [**59-81**](https://www.flashscore.mobi/match/YkcmlD8C/?s=5\&d=-4) [ [4.06](https://refpa86887.com/L?tag=s_227975m_355c_\&site=227975\&ad=355) | [**1.22**](https://refpa86887.com/L?tag=s_227975m_355c_\&site=227975\&ad=355) ],59,81,Pasted markdown (3)(1).md
p6xCBGbT,Landes W,Bourges W,2.13,1.64,completed,FRANCE: LFB Super Cup Women,Women,False,False,14:00Landes W - Bourges W [**66-53**](https://www.flashscore.mobi/match/p6xCBGbT/?s=5\&d=-4) [ [**2.13**](https://refpa86887.com/L?tag=s_227975m_355c_\&site=227975\&ad=355) | [1.64](https://refpa86887.com/L?tag=s_227975m_355c_\&site=227975\&ad=355) ],66,53,Pasted markdown (3)(1).md
bRLusFrR,Oldenburg,Syntainics MBC,1.46,2.79,completed,GERMANY: BBL,Men/Other,False,False,15:00Oldenburg - Syntainics MBC [**96-81**](https://www.flashscore.mobi/match/bRLusFrR/?s=5\&d=-4) [ [**1.46**](https://refpa86887.com/L?tag=s_227975m_355c_\&site=227975\&ad=355) | [2.79](https://refpa86887.com/L?tag=s_227975m_355c_\&site=227975\&ad=355) ],96,81,Pasted markdown (3)(1).md
StCByg6l,Ulm,Ludwigsburg,1.56,2.49,completed,GERMANY: BBL,Men/Other,False,False,16:30Ulm - Ludwigsburg [**86-77**](https://www.flashscore.mobi/match/StCByg6l/?s=5\&d=-4) [ [**1.56**](https://refpa86887.com/L?tag=s_227975m_355c_\&site=227975\&ad=355) | [2.49](https://refpa86887.com/L?tag=s_227975m_355c_\&site=227975\&ad=355) ],86,77,Pasted markdown (3)(1).md
0fAJZWz1,Bayern,Bamberg,1.09,7.8,completed,GERMANY: BBL,Men/Other,False,False,18:00Bayern - Bamberg [**108-72**](https://www.flashscore.mobi/match/0fAJZWz1/?s=5\&d=-4) [ [**1.09**](https://refpa86887.com/L?tag=s_227975m_355c_\&site=227975\&ad=355) | [7.80](https://refpa86887.com/L?tag=s_227975m_355c_\&site=227975\&ad=355) ],108,72,Pasted markdown (3)(1).md
dCOAdGC7,Venezia,Olimpia Milano,3.39,1.3,completed,ITALY: Lega A - Super Cup,Men/Other,False,True,17:00Venezia - Olimpia Milano [**87-94ot**](https://www.flashscore.mobi/match/dCOAdGC7/?s=5\&d=-4) [ [3.39](https://refpa86887.com/L?tag=s_227975m_355c_\&site=227975\&ad=355) | [**1.30**](https://refpa86887.com/L?tag=s_227975m_355c_\&site=227975\&ad=355) ],87,94,Pasted markdown (3)(1).md
23jU3A35,Bashkimi,Golden Eagle Ylli,1.25,3.57,completed,KOSOVO: Superliga,Men/Other,False,False,17:00Bashkimi - Golden Eagle Ylli [**96-60**](https://www.flashscore.mobi/match/23jU3A35/?s=5\&d=-4) [ [**1.25**](https://refpa86887.com/L?tag=s_227975m_355c_\&site=227975\&ad=355) | [3.57](https://refpa86887.com/L?tag=s_227975m_355c_\&site=227975\&ad=355) ],96,60,Pasted markdown (3)(1).md
xKuJMu2C,Neptunas,Zalgiris Kaunas,6.45,1.07,completed,LITHUANIA: LKL,Men/Other,False,False,15:50Neptunas - Zalgiris Kaunas [**69-93**](https://www.flashscore.mobi/match/xKuJMu2C/?s=5\&d=-4) [ [6.45](https://refpa86887.com/L?tag=s_227975m_355c_\&site=227975\&ad=355) | [**1.07**](https://refpa86887.com/L?tag=s_227975m_355c_\&site=227975\&ad=355) ],69,93,Pasted markdown (3)(1).md
ppqRKJWO,Gargzdai,Siauliai,2.25,1.57,completed,LITHUANIA: LKL,Men/Other,False,False,18:10Gargzdai - Siauliai [**90-79**](https://www.flashscore.mobi/match/ppqRKJWO/?s=5\&d=-4) [ [**2.25**](https://refpa86887.com/L?tag=s_227975m_355c_\&site=227975\&ad=355) | [1.57](https://refpa86887.com/L?tag=s_227975m_355c_\&site=227975\&ad=355) ],90,79,Pasted markdown (3)(1).md
KtYkZLOa,Astros,Dorados,1.32,3.09,completed,MEXICO: LNBP,Men/Other,False,True,02:15Astros - Dorados [**87-80ot**](https://www.flashscore.mobi/match/KtYkZLOa/?s=5\&d=-4) [ [**1.32**](https://refpa86887.com/L?tag=s_227975m_355c_\&site=227975\&ad=355) | [3.09](https://refpa86887.com/L?tag=s_227975m_355c_\&site=227975\&ad=355) ],87,80,Pasted markdown (3)(1).md
UZ9Fks9t,El Calor de Cancun,Diablos Rojos,2.14,1.64,completed,MEXICO: LNBP,Men/Other,False,False,00:15El Calor de Cancun - Diablos Rojos [**86-73**](https://www.flashscore.mobi/match/UZ9Fks9t/?s=5\&d=-4) [ [**2.14**](https://refpa86887.com/L?tag=s_227975m_355c_\&site=227975\&ad=355) | [1.64](https://refpa86887.com/L?tag=s_227975m_355c_\&site=227975\&ad=355) ],86,73,Pasted markdown (3)(1).md
0Qv3awSP,Leiden W,Triple Threat W,2.1,1.67,completed,NETHERLANDS: WBL Women,Women,False,False,16:00Leiden W - Triple Threat W [**85-67**](https://www.flashscore.mobi/match/0Qv3awSP/?s=5\&d=-4) [ [**2.10**](https://refpa86887.com/L?tag=s_227975m_355c_\&site=227975\&ad=355) | [1.67](https://refpa86887.com/L?tag=s_227975m_355c_\&site=227975\&ad=355) ],85,67,Pasted markdown (3)(1).md
M9MgrdiB,Kongsberg Miners,Nidaros Jets,1.01,17.0,completed,NORWAY: BLNO,Men/Other,False,False,17:00Kongsberg Miners - Nidaros Jets [**113-70**](https://www.flashscore.mobi/match/M9MgrdiB/?s=5\&d=-4) [ [**1.01**](https://refpa86887.com/L?tag=s_227975m_355c_\&site=227975\&ad=355) | [17.00](https://refpa86887.com/L?tag=s_227975m_355c_\&site=227975\&ad=355) ],113,70,Pasted markdown (3)(1).md
hC3JbHyh,Baerum,Ammerud,2.85,1.37,completed,NORWAY: BLNO,Men/Other,False,False,18:00Baerum - Ammerud [**93-103**](https://www.flashscore.mobi/match/hC3JbHyh/?s=5\&d=-4) [ [2.85](https://refpa86887.com/L?tag=s_227975m_355c_\&site=227975\&ad=355) | [**1.37**](https://refpa86887.com/L?tag=s_227975m_355c_\&site=227975\&ad=355) ],93,103,Pasted markdown (3)(1).md
b96Rde64,Fyllingen,Gimle,1.07,6.55,completed,NORWAY: BLNO,Men/Other,False,False,18:00Fyllingen - Gimle [**68-80**](https://www.flashscore.mobi/match/b96Rde64/?s=5\&d=-4) [ [1.07](https://refpa86887.com/L?tag=s_227975m_355c_\&site=227975\&ad=355) | [**6.55**](https://refpa86887.com/L?tag=s_227975m_355c_\&site=227975\&ad=355) ],68,80,Pasted markdown (3)(1).md
6DIBwrpg,R. Rzeszow,Kotwica Kolobrzeg,3.57,1.25,completed,POLAND: 1. Liga,Men/Other,False,False,18:00R. Rzeszow - Kotwica Kolobrzeg [**80-94**](https://www.flashscore.mobi/match/6DIBwrpg/?s=5\&d=-4) [ [3.57](https://refpa86887.com/L?tag=s_227975m_355c_\&site=227975\&ad=355) | [**1.25**](https://refpa86887.com/L?tag=s_227975m_355c_\&site=227975\&ad=355) ],80,94,Pasted markdown (3)(1).md
drLysVDD,Igokea,Zenit Petersburg,5.2,1.18,completed,RUSSIA: VTB Super Cup - Play Offs,Men/Other,False,False,12:00Igokea - Zenit Petersburg [**83-79**](https://www.flashscore.mobi/match/drLysVDD/?s=5\&d=-4) [ [**5.20**](https://refpa86887.com/L?tag=s_227975m_355c_\&site=227975\&ad=355) | [1.18](https://refpa86887.com/L?tag=s_227975m_355c_\&site=227975\&ad=355) ],83,79,Pasted markdown (3)(1).md
G4JLpDEl,CSKA Moscow,Unics Kazan,1.53,2.58,completed,RUSSIA: VTB Super Cup - Play Offs,Men/Other,False,False,15:00CSKA Moscow - Unics Kazan [**79-59**](https://www.flashscore.mobi/match/G4JLpDEl/?s=5\&d=-4) [ [**1.53**](https://refpa86887.com/L?tag=s_227975m_355c_\&site=227975\&ad=355) | [2.58](https://refpa86887.com/L?tag=s_227975m_355c_\&site=227975\&ad=355) ],79,59,Pasted markdown (3)(1).md
lIHTriq1,Lokomotiv Kuban,Anadolu Efes,4.05,1.26,completed,RUSSIA: VTB Super Cup - Play Offs,Men/Other,False,False,18:00Lokomotiv Kuban - Anadolu Efes [**82-88**](https://www.flashscore.mobi/match/lIHTriq1/?s=5\&d=-4) [ [4.05](https://refpa86887.com/L?tag=s_227975m_355c_\&site=227975\&ad=355) | [**1.26**](https://refpa86887.com/L?tag=s_227975m_355c_\&site=227975\&ad=355) ],82,88,Pasted markdown (3)(1).md
x4FBw8p4,Algeciras,Moron,3.65,1.24,completed,SPAIN: Copa España,Men/Other,False,False,12:00Algeciras - Moron [**80-83**](https://www.flashscore.mobi/match/x4FBw8p4/?s=5\&d=-4) [ [3.65](https://refpa86887.com/L?tag=s_227975m_355c_\&site=227975\&ad=355) | [**1.24**](https://refpa86887.com/L?tag=s_227975m_355c_\&site=227975\&ad=355) ],80,83,Pasted markdown (3)(1).md
E9lf7OnB,Clavijo,Iraurgi SB,1.4,2.73,completed,SPAIN: Copa España,Men/Other,False,False,12:00Clavijo - Iraurgi SB [**75-60**](https://www.flashscore.mobi/match/E9lf7OnB/?s=5\&d=-4) [ [**1.40**](https://refpa86887.com/L?tag=s_227975m_355c_\&site=227975\&ad=355) | [2.73](https://refpa86887.com/L?tag=s_227975m_355c_\&site=227975\&ad=355) ],75,60,Pasted markdown (3)(1).md
tdjn9pIb,Huesca,Logrono,1.35,2.94,completed,SPAIN: Copa España,Men/Other,False,False,12:15Huesca - Logrono [**77-93**](https://www.flashscore.mobi/match/tdjn9pIb/?s=5\&d=-4) [ [1.35](https://refpa86887.com/L?tag=s_227975m_355c_\&site=227975\&ad=355) | [**2.94**](https://refpa86887.com/L?tag=s_227975m_355c_\&site=227975\&ad=355) ],77,93,Pasted markdown (3)(1).md
thGblPbM,Cartagena,Gandia,1.12,5.5,completed,SPAIN: Copa España,Men/Other,False,False,12:30Cartagena - Gandia [**81-89**](https://www.flashscore.mobi/match/thGblPbM/?s=5\&d=-4) [ [1.12](https://refpa86887.com/L?tag=s_227975m_355c_\&site=227975\&ad=355) | [**5.50**](https://refpa86887.com/L?tag=s_227975m_355c_\&site=227975\&ad=355) ],81,89,Pasted markdown (3)(1).md
AHDJynFG,Melilla,Jaen Paraiso,1.11,5.45,completed,SPAIN: Copa España,Men/Other,False,False,12:30Melilla - Jaen Paraiso [**100-63**](https://www.flashscore.mobi/match/AHDJynFG/?s=5\&d=-4) [ [**1.11**](https://refpa86887.com/L?tag=s_227975m_355c_\&site=227975\&ad=355) | [5.45](https://refpa86887.com/L?tag=s_227975m_355c_\&site=227975\&ad=355) ],100,63,Pasted markdown (3)(1).md
UwQLni6K,Spanish Basketball Academy,Badajoz,1.24,3.65,completed,SPAIN: Copa España,Men/Other,False,False,18:00Spanish Basketball Academy - Badajoz [**76-64**](https://www.flashscore.mobi/match/UwQLni6K/?s=5\&d=-4) [ [**1.24**](https://refpa86887.com/L?tag=s_227975m_355c_\&site=227975\&ad=355) | [3.65](https://refpa86887.com/L?tag=s_227975m_355c_\&site=227975\&ad=355) ],76,64,Pasted markdown (3)(1).md
6yc1cjbf,Joventut Badalona,Barcelona,2.18,1.72,completed,SPAIN: Supercopa ACB,Men/Other,False,False,19:00Joventut Badalona - Barcelona [**101-87**](https://www.flashscore.mobi/match/6yc1cjbf/?s=5\&d=-4) [ [**2.18**](https://refpa86887.com/L?tag=s_227975m_355c_\&site=227975\&ad=355) | [1.72](https://refpa86887.com/L?tag=s_227975m_355c_\&site=227975\&ad=355) ],101,87,Pasted markdown (3)(1).md
YcTlBEV9,IK Eos,Eskilstuna,1.99,1.71,completed,SWEDEN: Superettan,Men/Other,False,False,14:30IK Eos - Eskilstuna [**86-91**](https://www.flashscore.mobi/match/YcTlBEV9/?s=5\&d=-4) [ [1.99](https://refpa86887.com/L?tag=s_227975m_355c_\&site=227975\&ad=355) | [**1.71**](https://refpa86887.com/L?tag=s_227975m_355c_\&site=227975\&ad=355) ],86,91,Pasted markdown (3)(1).md
StIxYxpB,Konya BBSK,Harem Spor,3.35,1.29,completed,TURKEY: TBL,Men/Other,False,False,14:00Konya BBSK - Harem Spor [**81-91**](https://www.flashscore.mobi/match/StIxYxpB/?s=5\&d=-4) [ [3.35](https://refpa86887.com/L?tag=s_227975m_355c_\&site=227975\&ad=355) | [**1.29**](https://refpa86887.com/L?tag=s_227975m_355c_\&site=227975\&ad=355) ],81,91,Pasted markdown (3)(1).md
MNaBU3wJ,Fenerbahce 2,Kecioren Baglum,1.59,2.22,completed,TURKEY: TBL,Men/Other,False,False,15:00Fenerbahce 2 - Kecioren Baglum [**86-84**](https://www.flashscore.mobi/match/MNaBU3wJ/?s=5\&d=-4) [ [**1.59**](https://refpa86887.com/L?tag=s_227975m_355c_\&site=227975\&ad=355) | [2.22](https://refpa86887.com/L?tag=s_227975m_355c_\&site=227975\&ad=355) ],86,84,Pasted markdown (3)(1).md
UFs4WP86,Darussafaka,Balikesir,2.23,1.58,completed,TURKEY: TBL,Men/Other,False,False,17:00Darussafaka - Balikesir [**67-65**](https://www.flashscore.mobi/match/UFs4WP86/?s=5\&d=-4) [ [**2.23**](https://refpa86887.com/L?tag=s_227975m_355c_\&site=227975\&ad=355) | [1.58](https://refpa86887.com/L?tag=s_227975m_355c_\&site=227975\&ad=355) ],67,65,Pasted markdown (3)(1).md
n70mzWPq,Caledonia Gladiators,Liverpool,1.64,2.13,completed,UNITED KINGDOM: SLB,Men/Other,False,False,17:00Caledonia Gladiators - Liverpool [**78-73**](https://www.flashscore.mobi/match/n70mzWPq/?s=5\&d=-4) [ [**1.64**](https://refpa86887.com/L?tag=s_227975m_355c_\&site=227975\&ad=355) | [2.13](https://refpa86887.com/L?tag=s_227975m_355c_\&site=227975\&ad=355) ],78,73,Pasted markdown (3)(1).md
fX3eY9fd,London Lions,Newcastle Eagles,1.05,7.4,completed,UNITED KINGDOM: SLB,Men/Other,False,False,17:00London Lions - Newcastle Eagles [**84-76**](https://www.flashscore.mobi/match/fX3eY9fd/?s=5\&d=-4) [ [**1.05**](https://refpa86887.com/L?tag=s_227975m_355c_\&site=227975\&ad=355) | [7.40](https://refpa86887.com/L?tag=s_227975m_355c_\&site=227975\&ad=355) ],84,76,Pasted markdown (3)(1).md
nRjsdDn3,Cheshire Phoenix,Bristol Flyers,1.31,3.15,completed,UNITED KINGDOM: SLB,Men/Other,False,False,18:30Cheshire Phoenix - Bristol Flyers [**92-101**](https://www.flashscore.mobi/match/nRjsdDn3/?s=5\&d=-4) [ [1.31](https://refpa86887.com/L?tag=s_227975m_355c_\&site=227975\&ad=355) | [**3.15**](https://refpa86887.com/L?tag=s_227975m_355c_\&site=227975\&ad=355) ],92,101,Pasted markdown (3)(1).md
x6A0u4VI,Atlanta Dream W,Chicago Sky W,1.09,8.2,completed,USA: WNBA,Women,False,False,01:00Atlanta Dream W - Chicago Sky W [**106-81**](https://www.flashscore.mobi/match/x6A0u4VI/?s=5\&d=-4) [ [**1.09**](https://refpa86887.com/L?tag=s_227975m_355c_\&site=227975\&ad=355) | [8.20](https://refpa86887.com/L?tag=s_227975m_355c_\&site=227975\&ad=355) ],106,81,Pasted markdown (3)(1).md
Uacn37NP,Golden State Valkyries W,Seattle Storm W,1.15,5.81,completed,USA: WNBA,Women,False,False,03:00Golden State Valkyries W - Seattle Storm W [**70-57**](https://www.flashscore.mobi/match/Uacn37NP/?s=5\&d=-4) [ [**1.15**](https://refpa86887.com/L?tag=s_227975m_355c_\&site=227975\&ad=355) | [5.81](https://refpa86887.com/L?tag=s_227975m_355c_\&site=227975\&ad=355) ],70,57,Pasted markdown (3)(1).md
0rlIcoom,Connecticut Sun W,Minnesota Lynx W,12.5,1.04,completed,USA: WNBA,Women,False,False,19:00Connecticut Sun W - Minnesota Lynx W [**89-101**](https://www.flashscore.mobi/match/0rlIcoom/?s=5\&d=-4) [ [12.50](https://refpa86887.com/L?tag=s_227975m_355c_\&site=227975\&ad=355) | [**1.04**](https://refpa86887.com/L?tag=s_227975m_355c_\&site=227975\&ad=355) ],89,101,Pasted markdown (3)(1).md
Q1sr9l86,Toronto Tempo W,New York Liberty W,8.3,1.09,completed,USA: WNBA,Women,False,False,21:00Toronto Tempo W - New York Liberty W [**69-106**](https://www.flashscore.mobi/match/Q1sr9l86/?s=5\&d=-4) [ [8.30](https://refpa86887.com/L?tag=s_227975m_355c_\&site=227975\&ad=355) | [**1.09**](https://refpa86887.com/L?tag=s_227975m_355c_\&site=227975\&ad=355) ],69,106,Pasted markdown (3)(1).md
6uiQePFa,Indiana Fever W,Washington Mystics W,1.38,3.13,completed,USA: WNBA,Women,False,False,22:00Indiana Fever W - Washington Mystics W [**77-93**](https://www.flashscore.mobi/match/6uiQePFa/?s=5\&d=-4) [ [1.38](https://refpa86887.com/L?tag=s_227975m_355c_\&site=227975\&ad=355) | [**3.13**](https://refpa86887.com/L?tag=s_227975m_355c_\&site=227975\&ad=355) ],77,93,Pasted markdown (3)(1).md
Mw2XivnD,Obera TC (Arg),Regatas (Arg),1.87,1.81,completed,WORLD: Club Friendly,Men/Other,False,False,02:00Obera TC (Arg) - Regatas (Arg) [**91-85**](https://www.flashscore.mobi/match/Mw2XivnD/?s=5\&d=-4) [ [**1.87**](https://refpa86887.com/L?tag=s_227975m_355c_\&site=227975\&ad=355) | [1.81](https://refpa86887.com/L?tag=s_227975m_355c_\&site=227975\&ad=355) ],91,85,Pasted markdown (3)(1).md
QVzLMz2n,Gipuzkoa (Esp),Gran Canaria (Esp),4.75,1.14,completed,WORLD: Club Friendly,Men/Other,False,False,12:00Gipuzkoa (Esp) - Gran Canaria (Esp) [**91-105**](https://www.flashscore.mobi/match/QVzLMz2n/?s=5\&d=-4) [ [4.75](https://refpa86887.com/L?tag=s_227975m_355c_\&site=227975\&ad=355) | [**1.14**](https://refpa86887.com/L?tag=s_227975m_355c_\&site=227975\&ad=355) ],91,105,Pasted markdown (3)(1).md
OGBdXnRk,Basket Zaragoza (Esp),Murcia (Esp),1.91,1.83,completed,WORLD: Club Friendly,Men/Other,False,False,12:15Basket Zaragoza (Esp) - Murcia (Esp) [**87-72**](https://www.flashscore.mobi/match/OGBdXnRk/?s=5\&d=-4) [ [**1.91**](https://refpa86887.com/L?tag=s_227975m_355c_\&site=227975\&ad=355) | [1.83](https://refpa86887.com/L?tag=s_227975m_355c_\&site=227975\&ad=355) ],87,72,Pasted markdown (3)(1).md
dU94VQe2,Obradoiro CAB (Esp),Unicaja (Esp),2.89,1.36,completed,WORLD: Club Friendly,Men/Other,False,False,12:30Obradoiro CAB (Esp) - Unicaja (Esp) [**84-86**](https://www.flashscore.mobi/match/dU94VQe2/?s=5\&d=-4) [ [2.89](https://refpa86887.com/L?tag=s_227975m_355c_\&site=227975\&ad=355) | [**1.36**](https://refpa86887.com/L?tag=s_227975m_355c_\&site=227975\&ad=355) ],84,86,Pasted markdown (3)(1).md
xQKcJMCi,Tenerife (Esp),Bilbao (Esp),1.66,2.16,completed,WORLD: Club Friendly,Men/Other,False,False,13:00Tenerife (Esp) - Bilbao (Esp) [**96-89**](https://www.flashscore.mobi/match/xQKcJMCi/?s=5\&d=-4) [ [**1.66**](https://refpa86887.com/L?tag=s_227975m_355c_\&site=227975\&ad=355) | [2.16](https://refpa86887.com/L?tag=s_227975m_355c_\&site=227975\&ad=355) ],96,89,Pasted markdown (3)(1).md
AwJ5H0s4,Aris (Gre),Mykonos (Gre),1.03,8.6,completed,WORLD: Club Friendly,Men/Other,False,False,15:00Aris (Gre) - Mykonos (Gre) [**80-64**](https://www.flashscore.mobi/match/AwJ5H0s4/?s=5\&d=-4) [ [**1.03**](https://refpa86887.com/L?tag=s_227975m_355c_\&site=227975\&ad=355) | [8.60](https://refpa86887.com/L?tag=s_227975m_355c_\&site=227975\&ad=355) ],80,64,Pasted markdown (3)(1).md
nooaV7jU,Szczecin (Pol),Trefl Sopot (Pol),2.42,1.5,completed,WORLD: Club Friendly,Men/Other,False,False,15:00Szczecin (Pol) - Trefl Sopot (Pol) [**67-86**](https://www.flashscore.mobi/match/nooaV7jU/?s=5\&d=-4) [ [2.42](https://refpa86887.com/L?tag=s_227975m_355c_\&site=227975\&ad=355) | [**1.50**](https://refpa86887.com/L?tag=s_227975m_355c_\&site=227975\&ad=355) ],67,86,Pasted markdown (3)(1).md
I3MDFvCG,Turk Telekom (Tur),Maroussi (Gre),1.23,3.74,completed,WORLD: Club Friendly,Men/Other,False,False,15:00Turk Telekom (Tur) - Maroussi (Gre) [**85-76**](https://www.flashscore.mobi/match/I3MDFvCG/?s=5\&d=-4) [ [**1.23**](https://refpa86887.com/L?tag=s_227975m_355c_\&site=227975\&ad=355) | [3.74](https://refpa86887.com/L?tag=s_227975m_355c_\&site=227975\&ad=355) ],85,76,Pasted markdown (3)(1).md
b7s4R39c,Mladost Zemun (Srb),Borac Zemun (Srb),2.66,1.42,completed,WORLD: Club Friendly,Men/Other,False,False,16:00Mladost Zemun (Srb) - Borac Zemun (Srb) [**62-59**](https://www.flashscore.mobi/match/b7s4R39c/?s=5\&d=-4) [ [**2.66**](https://refpa86887.com/L?tag=s_227975m_355c_\&site=227975\&ad=355) | [1.42](https://refpa86887.com/L?tag=s_227975m_355c_\&site=227975\&ad=355) ],62,59,Pasted markdown (3)(1).md
r3BSnVaL,Beroe (Bul),CSKA Sofia (Bul),1.25,3.57,completed,WORLD: Club Friendly,Men/Other,False,False,17:00Beroe (Bul) - CSKA Sofia (Bul) [**102-64**](https://www.flashscore.mobi/match/r3BSnVaL/?s=5\&d=-4) [ [**1.25**](https://refpa86887.com/L?tag=s_227975m_355c_\&site=227975\&ad=355) | [3.57](https://refpa86887.com/L?tag=s_227975m_355c_\&site=227975\&ad=355) ],102,64,Pasted markdown (3)(1).md
xAQ8kByn,Czarni Slupsk (Pol),Gdynia (Pol),1.53,2.43,completed,WORLD: Club Friendly,Men/Other,False,False,18:00Czarni Slupsk (Pol) - Gdynia (Pol) [**71-83**](https://www.flashscore.mobi/match/xAQ8kByn/?s=5\&d=-4) [ [1.53](https://refpa86887.com/L?tag=s_227975m_355c_\&site=227975\&ad=355) | [**2.43**](https://refpa86887.com/L?tag=s_227975m_355c_\&site=227975\&ad=355) ],71,83,Pasted markdown (3)(1).md
CnZSKEWb,Esgueira (Por),Braga (Por),4.06,1.22,completed,WORLD: Club Friendly,Men/Other,False,False,19:00Esgueira (Por) - Braga (Por) [**104-96**](https://www.flashscore.mobi/match/CnZSKEWb/?s=5\&d=-4) [ [**4.06**](https://refpa86887.com/L?tag=s_227975m_355c_\&site=227975\&ad=355) | [1.22](https://refpa86887.com/L?tag=s_227975m_355c_\&site=227975\&ad=355) ],104,96,Pasted markdown (3)(1).md
KCxyJh1B,Vasco Da Gama (Por),Beira Mar (Por),1.02,9.6,completed,WORLD: Club Friendly,Men/Other,False,False,19:00Vasco Da Gama (Por) - Beira Mar (Por) [**86-77**](https://www.flashscore.mobi/match/KCxyJh1B/?s=5\&d=-4) [ [**1.02**](https://refpa86887.com/L?tag=s_227975m_355c_\&site=227975\&ad=355) | [9.60](https://refpa86887.com/L?tag=s_227975m_355c_\&site=227975\&ad=355) ],86,77,Pasted markdown (3)(1).md
p8ibSKNP,Iraklis (Gre),Balkan (Bul),1.55,2.3,completed,WORLD: Club Friendly,Men/Other,False,False,19:30Iraklis (Gre) - Balkan (Bul) [**84-77**](https://www.flashscore.mobi/match/p8ibSKNP/?s=5\&d=-4) [ [**1.55**](https://refpa86887.com/L?tag=s_227975m_355c_\&site=227975\&ad=355) | [2.30](https://refpa86887.com/L?tag=s_227975m_355c_\&site=227975\&ad=355) ],84,77,Pasted markdown (3)(1).md
86QOTXQG,CBK Mersin W (Tur),Besiktas W (Tur),2.62,1.39,completed,WORLD: Club Friendly Women,Women,False,False,13:00CBK Mersin W (Tur) - Besiktas W (Tur) [**65-65**](https://www.flashscore.mobi/match/86QOTXQG/?s=5\&d=-4) [ [2.62](https://refpa86887.com/L?tag=s_227975m_355c_\&site=227975\&ad=355) | [1.39](https://refpa86887.com/L?tag=s_227975m_355c_\&site=227975\&ad=355) ],65,65,Pasted markdown (3)(1).md
tKOWRBeT,Ormanspor W (Tur),Nesibe Aydin W (Tur),1.23,3.4,completed,WORLD: Club Friendly Women,Women,False,False,15:15Ormanspor W (Tur) - Nesibe Aydin W (Tur) [**74-80**](https://www.flashscore.mobi/match/tKOWRBeT/?s=5\&d=-4) [ [1.23](https://refpa86887.com/L?tag=s_227975m_355c_\&site=227975\&ad=355) | [**3.40**](https://refpa86887.com/L?tag=s_227975m_355c_\&site=227975\&ad=355) ],74,80,Pasted markdown (3)(1).md
WKuCPsvA,Sporting CP W (Por),Esgueira W (Por),3.78,1.18,completed,WORLD: Club Friendly Women,Women,False,False,15:30Sporting CP W (Por) - Esgueira W (Por) [**71-76**](https://www.flashscore.mobi/match/WKuCPsvA/?s=5\&d=-4) [ [3.78](https://refpa86887.com/L?tag=s_227975m_355c_\&site=227975\&ad=355) | [**1.18**](https://refpa86887.com/L?tag=s_227975m_355c_\&site=227975\&ad=355) ],71,76,Pasted markdown (3)(1).md
fswUMbom,Galitos W (Por),Maia Basket W (Por),1.31,3.0,completed,WORLD: Club Friendly Women,Women,False,False,17:30Galitos W (Por) - Maia Basket W (Por) [**54-52**](https://www.flashscore.mobi/match/fswUMbom/?s=5\&d=-4) [ [**1.31**](https://refpa86887.com/L?tag=s_227975m_355c_\&site=227975\&ad=355) | [3.00](https://refpa86887.com/L?tag=s_227975m_355c_\&site=227975\&ad=355) ],54,52,Pasted markdown (3)(1).md
hQzqHWVN,Estudiantes W (Esp),Leganes W (Esp),1.62,2.04,completed,WORLD: Club Friendly Women,Women,False,False,19:00Estudiantes W (Esp) - Leganes W (Esp) [**47-67**](https://www.flashscore.mobi/match/hQzqHWVN/?s=5\&d=-4) [ [1.62](https://refpa86887.com/L?tag=s_227975m_355c_\&site=227975\&ad=355) | [**2.04**](https://refpa86887.com/L?tag=s_227975m_355c_\&site=227975\&ad=355) ],47,67,Pasted markdown (3)(1).md
pESEMTs1,Dziki Warszawa,Breogan,5.73,1.14,completed,Unknown,Men/Other,False,False,17:00Dziki Warszawa - Breogan [**113-110**](https://www.flashscore.mobi/match/pESEMTs1/?s=5\&d=-5) [ [**5.73**](https://refpa86887.com/L?tag=s_227975m_355c_\&site=227975\&ad=355) | [1.14](https://refpa86887.com/L?tag=s_227975m_355c_\&site=227975\&ad=355) ],113,110,Pasted markdown (4)(1).md
no3PnOeM,Promitheas,Vechta,1.76,2.07,completed,Unknown,Men/Other,False,False,19:30Promitheas - Vechta [**73-103**](https://www.flashscore.mobi/match/no3PnOeM/?s=5\&d=-5) [ [1.76](https://refpa86887.com/L?tag=s_227975m_355c_\&site=227975\&ad=355) | [**2.07**](https://refpa86887.com/L?tag=s_227975m_355c_\&site=227975\&ad=355) ],73,103,Pasted markdown (4)(1).md
4lWNXAA6,Melbourne United,Adelaide,1.41,3.02,completed,AUSTRALIA: NBL,Men/Other,False,False,11:30Melbourne United - Adelaide [**95-97**](https://www.flashscore.mobi/match/4lWNXAA6/?s=5\&d=-5) [ [1.41](https://refpa86887.com/L?tag=s_227975m_355c_\&site=227975\&ad=355) | [**3.02**](https://refpa86887.com/L?tag=s_227975m_355c_\&site=227975\&ad=355) ],95,97,Pasted markdown (4)(1).md
CEZVVluJ,Perth,South East Melbourne,1.72,2.18,completed,AUSTRALIA: NBL,Men/Other,False,False,13:30Perth - South East Melbourne [**79-100**](https://www.flashscore.mobi/match/CEZVVluJ/?s=5\&d=-5) [ [1.72](https://refpa86887.com/L?tag=s_227975m_355c_\&site=227975\&ad=355) | [**2.18**](https://refpa86887.com/L?tag=s_227975m_355c_\&site=227975\&ad=355) ],79,100,Pasted markdown (4)(1).md
Wr8eWxue,Pardubice,Brno,1.06,6.75,completed,CZECH REPUBLIC: NBL,Men/Other,False,False,16:00Pardubice - Brno [**85-79**](https://www.flashscore.mobi/match/Wr8eWxue/?s=5\&d=-5) [ [**1.06**](https://refpa86887.com/L?tag=s_227975m_355c_\&site=227975\&ad=355) | [6.75](https://refpa86887.com/L?tag=s_227975m_355c_\&site=227975\&ad=355) ],85,79,Pasted markdown (4)(1).md
OI4mYbAr,Opava,NH Ostrava,1.22,3.84,completed,CZECH REPUBLIC: NBL,Men/Other,False,False,18:00Opava - NH Ostrava [**77-89**](https://www.flashscore.mobi/match/OI4mYbAr/?s=5\&d=-5) [ [1.22](https://refpa86887.com/L?tag=s_227975m_355c_\&site=227975\&ad=355) | [**3.84**](https://refpa86887.com/L?tag=s_227975m_355c_\&site=227975\&ad=355) ],77,89,Pasted markdown (4)(1).md
hzEHwLnL,USK Prague,Slavia Prague ERA NBK,8.6,1.03,completed,CZECH REPUBLIC: NBL,Men/Other,False,False,20:00USK Prague - Slavia Prague ERA NBK [**80-88**](https://www.flashscore.mobi/match/hzEHwLnL/?s=5\&d=-5) [ [8.60](https://refpa86887.com/L?tag=s_227975m_355c_\&site=227975\&ad=355) | [**1.03**](https://refpa86887.com/L?tag=s_227975m_355c_\&site=227975\&ad=355) ],80,88,Pasted markdown (4)(1).md
UHnm20Rq,Chomutov B W,Nusle W,1.59,2.22,completed,CZECH REPUBLIC: 1. Liga Women,Women,False,False,16:00Chomutov B W - Nusle W [**70-62**](https://www.flashscore.mobi/match/UHnm20Rq/?s=5\&d=-5) [ [**1.59**](https://refpa86887.com/L?tag=s_227975m_355c_\&site=227975\&ad=355) | [2.22](https://refpa86887.com/L?tag=s_227975m_355c_\&site=227975\&ad=355) ],70,62,Pasted markdown (4)(1).md
SSrj4mcU,Sadska W,KP Brno B W,1.23,3.74,completed,CZECH REPUBLIC: 1. Liga Women,Women,False,False,17:00Sadska W - KP Brno B W [**95-93**](https://www.flashscore.mobi/match/SSrj4mcU/?s=5\&d=-5) [ [**1.23**](https://refpa86887.com/L?tag=s_227975m_355c_\&site=227975\&ad=355) | [3.74](https://refpa86887.com/L?tag=s_227975m_355c_\&site=227975\&ad=355) ],95,93,Pasted markdown (4)(1).md
j5M7MUCb,Strakonice W,USK Prague B W,1.45,2.55,completed,CZECH REPUBLIC: 1. Liga Women,Women,False,False,17:00Strakonice W - USK Prague B W [**39-69**](https://www.flashscore.mobi/match/j5M7MUCb/?s=5\&d=-5) [ [1.45](https://refpa86887.com/L?tag=s_227975m_355c_\&site=227975\&ad=355) | [**2.55**](https://refpa86887.com/L?tag=s_227975m_355c_\&site=227975\&ad=355) ],39,69,Pasted markdown (4)(1).md
IBfke1Xr,BA Sparta W,Usti nad Labem W,1.73,1.97,completed,CZECH REPUBLIC: 1. Liga Women,Women,False,False,17:30BA Sparta W - Usti nad Labem W [**64-52**](https://www.flashscore.mobi/match/IBfke1Xr/?s=5\&d=-5) [ [**1.73**](https://refpa86887.com/L?tag=s_227975m_355c_\&site=227975\&ad=355) | [1.97](https://refpa86887.com/L?tag=s_227975m_355c_\&site=227975\&ad=355) ],64,52,Pasted markdown (4)(1).md
bVPFK8sB,Aritma Prague W,Zabiny Brno B W,1.83,1.85,completed,CZECH REPUBLIC: 1. Liga Women,Women,False,False,18:00Aritma Prague W - Zabiny Brno B W [**81-66**](https://www.flashscore.mobi/match/bVPFK8sB/?s=5\&d=-5) [ [**1.83**](https://refpa86887.com/L?tag=s_227975m_355c_\&site=227975\&ad=355) | [1.85](https://refpa86887.com/L?tag=s_227975m_355c_\&site=227975\&ad=355) ],81,66,Pasted markdown (4)(1).md
ruJaOjrn,Sokol Pecky W,BK Havirov W,1.26,3.49,completed,CZECH REPUBLIC: 1. Liga Women,Women,False,False,18:00Sokol Pecky W - BK Havirov W [**72-52**](https://www.flashscore.mobi/match/ruJaOjrn/?s=5\&d=-5) [ [**1.26**](https://refpa86887.com/L?tag=s_227975m_355c_\&site=227975\&ad=355) | [3.49](https://refpa86887.com/L?tag=s_227975m_355c_\&site=227975\&ad=355) ],72,52,Pasted markdown (4)(1).md
xvE0OpX7,Gladsaxe,Vaerlose,2.48,1.51,completed,DENMARK: Basketligaen,Men/Other,False,False,18:00Gladsaxe - Vaerlose [**78-88**](https://www.flashscore.mobi/match/xvE0OpX7/?s=5\&d=-5) [ [2.48](https://refpa86887.com/L?tag=s_227975m_355c_\&site=227975\&ad=355) | [**1.51**](https://refpa86887.com/L?tag=s_227975m_355c_\&site=227975\&ad=355) ],78,88,Pasted markdown (4)(1).md
tpYl6197,Fenerbahce,Dubai,1.74,2.15,completed,EUROPE: EuroLeague Super Cup,Men/Other,False,False,16:00Fenerbahce - Dubai [**85-77**](https://www.flashscore.mobi/match/tpYl6197/?s=5\&d=-5) [ [**1.74**](https://refpa86887.com/L?tag=s_227975m_355c_\&site=227975\&ad=355) | [2.15](https://refpa86887.com/L?tag=s_227975m_355c_\&site=227975\&ad=355) ],85,77,Pasted markdown (4)(1).md
8jQzU41E,Olympiacos,Real Madrid,1.57,2.48,completed,EUROPE: EuroLeague Super Cup,Men/Other,False,False,19:00Olympiacos - Real Madrid [**89-93**](https://www.flashscore.mobi/match/8jQzU41E/?s=5\&d=-5) [ [1.57](https://refpa86887.com/L?tag=s_227975m_355c_\&site=227975\&ad=355) | [**2.48**](https://refpa86887.com/L?tag=s_227975m_355c_\&site=227975\&ad=355) ],89,93,Pasted markdown (4)(1).md
Q7lDA6u3,Lahti Basketball,Kataja,1.66,2.16,completed,FINLAND: Suomen Cup,Men/Other,False,False,15:00Lahti Basketball - Kataja [**73-77**](https://www.flashscore.mobi/match/Q7lDA6u3/?s=5\&d=-5) [ [1.66](https://refpa86887.com/L?tag=s_227975m_355c_\&site=227975\&ad=355) | [**2.16**](https://refpa86887.com/L?tag=s_227975m_355c_\&site=227975\&ad=355) ],73,77,Pasted markdown (4)(1).md
jPzdFba4,Roanne,Lyon-Villeurbanne,3.62,1.23,completed,FRANCE: LNB Super Cup,Men/Other,False,False,16:00Roanne - Lyon-Villeurbanne [**73-71**](https://www.flashscore.mobi/match/jPzdFba4/?s=5\&d=-5) [ [**3.62**](https://refpa86887.com/L?tag=s_227975m_355c_\&site=227975\&ad=355) | [1.23](https://refpa86887.com/L?tag=s_227975m_355c_\&site=227975\&ad=355) ],73,71,Pasted markdown (4)(1).md
IBxlHKUi,Paris,Nanterre,1.28,3.35,completed,FRANCE: LNB Super Cup,Men/Other,False,False,19:00Paris - Nanterre [**95-88**](https://www.flashscore.mobi/match/IBxlHKUi/?s=5\&d=-5) [ [**1.28**](https://refpa86887.com/L?tag=s_227975m_355c_\&site=227975\&ad=355) | [3.35](https://refpa86887.com/L?tag=s_227975m_355c_\&site=227975\&ad=355) ],95,88,Pasted markdown (4)(1).md
MqmsNmVG,Champagne W,Union Hainaut W,1.39,2.77,completed,FRANCE: French Cup Women,Women,False,False,20:00Champagne W - Union Hainaut W [**59-53**](https://www.flashscore.mobi/match/MqmsNmVG/?s=5\&d=-5) [ [**1.39**](https://refpa86887.com/L?tag=s_227975m_355c_\&site=227975\&ad=355) | [2.77](https://refpa86887.com/L?tag=s_227975m_355c_\&site=227975\&ad=355) ],59,53,Pasted markdown (4)(1).md
EJqZO904,Nice W,Montbrison W,1.94,1.75,completed,FRANCE: French Cup Women,Women,False,False,20:00Nice W - Montbrison W [**78-88**](https://www.flashscore.mobi/match/EJqZO904/?s=5\&d=-5) [ [1.94](https://refpa86887.com/L?tag=s_227975m_355c_\&site=227975\&ad=355) | [**1.75**](https://refpa86887.com/L?tag=s_227975m_355c_\&site=227975\&ad=355) ],78,88,Pasted markdown (4)(1).md
QDsEympA,Pays Voironnais W,Geispolsheim W,1.25,3.57,completed,FRANCE: French Cup Women,Women,False,False,20:00Pays Voironnais W - Geispolsheim W [**66-55**](https://www.flashscore.mobi/match/QDsEympA/?s=5\&d=-5) [ [**1.25**](https://refpa86887.com/L?tag=s_227975m_355c_\&site=227975\&ad=355) | [3.57](https://refpa86887.com/L?tag=s_227975m_355c_\&site=227975\&ad=355) ],66,55,Pasted markdown (4)(1).md
U9jkLRaT,Porte du Hainaut W,Aulnoye AS W,1.63,2.15,completed,FRANCE: French Cup Women,Women,False,False,20:00Porte du Hainaut W - Aulnoye AS W [**70-68**](https://www.flashscore.mobi/match/U9jkLRaT/?s=5\&d=-5) [ [**1.63**](https://refpa86887.com/L?tag=s_227975m_355c_\&site=227975\&ad=355) | [2.15](https://refpa86887.com/L?tag=s_227975m_355c_\&site=227975\&ad=355) ],70,68,Pasted markdown (4)(1).md
t6oRQVVi,Rouen W,Mondeville W,6.8,1.06,completed,FRANCE: French Cup Women,Women,False,False,20:00Rouen W - Mondeville W [**62-68**](https://www.flashscore.mobi/match/t6oRQVVi/?s=5\&d=-5) [ [6.80](https://refpa86887.com/L?tag=s_227975m_355c_\&site=227975\&ad=355) | [**1.06**](https://refpa86887.com/L?tag=s_227975m_355c_\&site=227975\&ad=355) ],62,68,Pasted markdown (4)(1).md
jsSwNgie,Basketball Braunschweig,Trier,3.81,1.28,completed,GERMANY: BBL,Men/Other,False,False,18:30Basketball Braunschweig - Trier [**116-107**](https://www.flashscore.mobi/match/jsSwNgie/?s=5\&d=-5) [ [**3.81**](https://refpa86887.com/L?tag=s_227975m_355c_\&site=227975\&ad=355) | [1.28](https://refpa86887.com/L?tag=s_227975m_355c_\&site=227975\&ad=355) ],116,107,Pasted markdown (4)(1).md
b7VoLXL7,Rostock,Phoenix Hagen,1.27,3.91,completed,GERMANY: BBL,Men/Other,False,False,18:30Rostock - Phoenix Hagen [**102-92**](https://www.flashscore.mobi/match/b7VoLXL7/?s=5\&d=-5) [ [**1.27**](https://refpa86887.com/L?tag=s_227975m_355c_\&site=227975\&ad=355) | [3.91](https://refpa86887.com/L?tag=s_227975m_355c_\&site=227975\&ad=355) ],102,92,Pasted markdown (4)(1).md
j1IXryEE,Bonn,Hamburg,1.24,4.21,completed,GERMANY: BBL,Men/Other,False,False,20:00Bonn - Hamburg [**96-72**](https://www.flashscore.mobi/match/j1IXryEE/?s=5\&d=-5) [ [**1.24**](https://refpa86887.com/L?tag=s_227975m_355c_\&site=227975\&ad=355) | [4.21](https://refpa86887.com/L?tag=s_227975m_355c_\&site=227975\&ad=355) ],96,72,Pasted markdown (4)(1).md
CW4asry3,Galil Elyon,Hapoel HaEmek,1.61,2.18,completed,ISRAEL: League Cup,Men/Other,False,False,19:15Galil Elyon - Hapoel HaEmek [**83-61**](https://www.flashscore.mobi/match/CW4asry3/?s=5\&d=-5) [ [**1.61**](https://refpa86887.com/L?tag=s_227975m_355c_\&site=227975\&ad=355) | [2.18](https://refpa86887.com/L?tag=s_227975m_355c_\&site=227975\&ad=355) ],83,61,Pasted markdown (4)(1).md
hKHuFPHs,Tortona,Venezia,1.73,2.03,completed,ITALY: Lega A - Super Cup,Men/Other,False,False,17:00Tortona - Venezia [**90-98**](https://www.flashscore.mobi/match/hKHuFPHs/?s=5\&d=-5) [ [1.73](https://refpa86887.com/L?tag=s_227975m_355c_\&site=227975\&ad=355) | [**2.03**](https://refpa86887.com/L?tag=s_227975m_355c_\&site=227975\&ad=355) ],90,98,Pasted markdown (4)(1).md
QXFmD3nf,Olimpia Milano,Virtus Bologna,1.55,2.36,completed,ITALY: Lega A - Super Cup,Men/Other,False,False,19:45Olimpia Milano - Virtus Bologna [**80-71**](https://www.flashscore.mobi/match/QXFmD3nf/?s=5\&d=-5) [ [**1.55**](https://refpa86887.com/L?tag=s_227975m_355c_\&site=227975\&ad=355) | [2.36](https://refpa86887.com/L?tag=s_227975m_355c_\&site=227975\&ad=355) ],80,71,Pasted markdown (4)(1).md
vmG9qtIj,Sigal Prishtina,Peja,3.49,1.26,completed,KOSOVO: Superliga,Men/Other,False,False,17:00Sigal Prishtina - Peja [**0-20**](https://www.flashscore.mobi/match/vmG9qtIj/?s=5\&d=-5) [ [3.49](https://refpa86887.com/L?tag=s_227975m_355c_\&site=227975\&ad=355) | [**1.26**](https://refpa86887.com/L?tag=s_227975m_355c_\&site=227975\&ad=355) ],0,20,Pasted markdown (4)(1).md
fwmM5WYh,Rahoveci,Trepca,5.15,1.12,completed,KOSOVO: Superliga,Men/Other,False,False,19:00Rahoveci - Trepca [**101-106**](https://www.flashscore.mobi/match/fwmM5WYh/?s=5\&d=-5) [ [5.15](https://refpa86887.com/L?tag=s_227975m_355c_\&site=227975\&ad=355) | [**1.12**](https://refpa86887.com/L?tag=s_227975m_355c_\&site=227975\&ad=355) ],101,106,Pasted markdown (4)(1).md
80gx2lYH,Bora,Vellaznimi,1.34,2.99,completed,KOSOVO: Superliga,Men/Other,False,False,20:00Bora - Vellaznimi [**90-67**](https://www.flashscore.mobi/match/80gx2lYH/?s=5\&d=-5) [ [**1.34**](https://refpa86887.com/L?tag=s_227975m_355c_\&site=227975\&ad=355) | [2.99](https://refpa86887.com/L?tag=s_227975m_355c_\&site=227975\&ad=355) ],90,67,Pasted markdown (4)(1).md
dtv3QN2m,Lietkabelis,Juventus,1.56,2.27,completed,LITHUANIA: LKL,Men/Other,False,False,15:50Lietkabelis - Juventus [**84-82**](https://www.flashscore.mobi/match/dtv3QN2m/?s=5\&d=-5) [ [**1.56**](https://refpa86887.com/L?tag=s_227975m_355c_\&site=227975\&ad=355) | [2.27](https://refpa86887.com/L?tag=s_227975m_355c_\&site=227975\&ad=355) ],84,82,Pasted markdown (4)(1).md
46sBO1Xa,Taurage,Jonava,1.44,2.59,completed,LITHUANIA: LKL,Men/Other,False,True,18:10Taurage - Jonava [**95-90ot**](https://www.flashscore.mobi/match/46sBO1Xa/?s=5\&d=-5) [ [**1.44**](https://refpa86887.com/L?tag=s_227975m_355c_\&site=227975\&ad=355) | [2.59](https://refpa86887.com/L?tag=s_227975m_355c_\&site=227975\&ad=355) ],95,90,Pasted markdown (4)(1).md
f9o1uIzf,Den Helder W,Binnenland W,1.05,7.6,completed,NETHERLANDS: WBL Women,Women,False,False,19:00Den Helder W - Binnenland W [**85-68**](https://www.flashscore.mobi/match/f9o1uIzf/?s=5\&d=-5) [ [**1.05**](https://refpa86887.com/L?tag=s_227975m_355c_\&site=227975\&ad=355) | [7.60](https://refpa86887.com/L?tag=s_227975m_355c_\&site=227975\&ad=355) ],85,68,Pasted markdown (4)(1).md
06l9wd56,QSTA United W,TopKip Lions W,1.43,2.66,completed,NETHERLANDS: WBL Women,Women,False,False,19:30QSTA United W - TopKip Lions W [**86-66**](https://www.flashscore.mobi/match/06l9wd56/?s=5\&d=-5) [ [**1.43**](https://refpa86887.com/L?tag=s_227975m_355c_\&site=227975\&ad=355) | [2.66](https://refpa86887.com/L?tag=s_227975m_355c_\&site=227975\&ad=355) ],86,66,Pasted markdown (4)(1).md
UZP1tzMN,TNT Towers,Nidaros Jets,5.9,1.09,completed,NORWAY: BLNO,Men/Other,False,False,18:00TNT Towers - Nidaros Jets [**73-78**](https://www.flashscore.mobi/match/UZP1tzMN/?s=5\&d=-5) [ [5.90](https://refpa86887.com/L?tag=s_227975m_355c_\&site=227975\&ad=355) | [**1.09**](https://refpa86887.com/L?tag=s_227975m_355c_\&site=227975\&ad=355) ],73,78,Pasted markdown (4)(1).md
YXJFrU43,Olimpia Kings,Dep. San Jose,1.77,1.92,completed,PARAGUAY: LNB - Clausura,Men/Other,False,False,02:15Olimpia Kings - Dep. San Jose [**65-67**](https://www.flashscore.mobi/match/YXJFrU43/?s=5\&d=-5) [ [1.77](https://refpa86887.com/L?tag=s_227975m_355c_\&site=227975\&ad=355) | [**1.92**](https://refpa86887.com/L?tag=s_227975m_355c_\&site=227975\&ad=355) ],65,67,Pasted markdown (4)(1).md
Y7IZXwEU,Bytom,Krosno,2.2,1.6,completed,POLAND: 1. Liga,Men/Other,False,True,15:00Bytom - Krosno [**91-85ot**](https://www.flashscore.mobi/match/Y7IZXwEU/?s=5\&d=-5) [ [**2.20**](https://refpa86887.com/L?tag=s_227975m_355c_\&site=227975\&ad=355) | [1.60](https://refpa86887.com/L?tag=s_227975m_355c_\&site=227975\&ad=355) ],91,85,Pasted markdown (4)(1).md
OWcqhsan,Poznan,Poli. Opolska,1.34,2.99,completed,POLAND: 1. Liga,Men/Other,False,False,18:00Poznan - Poli. Opolska [**96-75**](https://www.flashscore.mobi/match/OWcqhsan/?s=5\&d=-5) [ [**1.34**](https://refpa86887.com/L?tag=s_227975m_355c_\&site=227975\&ad=355) | [2.99](https://refpa86887.com/L?tag=s_227975m_355c_\&site=227975\&ad=355) ],96,75,Pasted markdown (4)(1).md
niKRZaqI,GKS Tychy,Spojnia Stargard,2.25,1.57,completed,POLAND: 1. Liga,Men/Other,False,False,20:00GKS Tychy - Spojnia Stargard [**81-83**](https://www.flashscore.mobi/match/niKRZaqI/?s=5\&d=-5) [ [2.25](https://refpa86887.com/L?tag=s_227975m_355c_\&site=227975\&ad=355) | [**1.57**](https://refpa86887.com/L?tag=s_227975m_355c_\&site=227975\&ad=355) ],81,83,Pasted markdown (4)(1).md
AgXFPvFl,Sleza Wroclaw W,Lublin W,1.47,2.5,completed,POLAND: Super Cup Women,Women,False,False,18:00Sleza Wroclaw W - Lublin W [**60-78**](https://www.flashscore.mobi/match/AgXFPvFl/?s=5\&d=-5) [ [1.47](https://refpa86887.com/L?tag=s_227975m_355c_\&site=227975\&ad=355) | [**2.50**](https://refpa86887.com/L?tag=s_227975m_355c_\&site=227975\&ad=355) ],60,78,Pasted markdown (4)(1).md
CjsHheMc,Anadolu Efes,Unics Kazan,1.46,2.81,completed,RUSSIA: VTB Super Cup,Men/Other,False,False,16:00Anadolu Efes - Unics Kazan [**91-79**](https://www.flashscore.mobi/match/CjsHheMc/?s=5\&d=-5) [ [**1.46**](https://refpa86887.com/L?tag=s_227975m_355c_\&site=227975\&ad=355) | [2.81](https://refpa86887.com/L?tag=s_227975m_355c_\&site=227975\&ad=355) ],91,79,Pasted markdown (4)(1).md
p4uPjZjA,Lokomotiv Kuban,Igokea,1.33,3.46,completed,RUSSIA: VTB Super Cup,Men/Other,False,False,19:00Lokomotiv Kuban - Igokea [**88-78**](https://www.flashscore.mobi/match/p4uPjZjA/?s=5\&d=-5) [ [**1.33**](https://refpa86887.com/L?tag=s_227975m_355c_\&site=227975\&ad=355) | [3.46](https://refpa86887.com/L?tag=s_227975m_355c_\&site=227975\&ad=355) ],88,78,Pasted markdown (4)(1).md
v7YNSjWo,CB Getafe,Tres Cantos,1.4,2.73,completed,SPAIN: Copa España,Men/Other,False,False,17:00CB Getafe - Tres Cantos [**102-93**](https://www.flashscore.mobi/match/v7YNSjWo/?s=5\&d=-5) [ [**1.40**](https://refpa86887.com/L?tag=s_227975m_355c_\&site=227975\&ad=355) | [2.73](https://refpa86887.com/L?tag=s_227975m_355c_\&site=227975\&ad=355) ],102,93,Pasted markdown (4)(1).md
K6inEWae,Sol Girones Bisbal,Castello,3.09,1.32,completed,SPAIN: Copa España,Men/Other,False,False,18:10Sol Girones Bisbal - Castello [**68-66**](https://www.flashscore.mobi/match/K6inEWae/?s=5\&d=-5) [ [**3.09**](https://refpa86887.com/L?tag=s_227975m_355c_\&site=227975\&ad=355) | [1.32](https://refpa86887.com/L?tag=s_227975m_355c_\&site=227975\&ad=355) ],68,66,Pasted markdown (4)(1).md
xpwzPmED,Toledo,Caceres,1.83,1.85,completed,SPAIN: Copa España,Men/Other,False,True,18:30Toledo - Caceres [**110-105ot**](https://www.flashscore.mobi/match/xpwzPmED/?s=5\&d=-5) [ [**1.83**](https://refpa86887.com/L?tag=s_227975m_355c_\&site=227975\&ad=355) | [1.85](https://refpa86887.com/L?tag=s_227975m_355c_\&site=227975\&ad=355) ],110,105,Pasted markdown (4)(1).md
hKkfCAU7,Benicarlo,Prat Joventut,1.58,2.23,completed,SPAIN: Copa España,Men/Other,False,False,19:00Benicarlo - Prat Joventut [**66-69**](https://www.flashscore.mobi/match/hKkfCAU7/?s=5\&d=-5) [ [1.58](https://refpa86887.com/L?tag=s_227975m_355c_\&site=227975\&ad=355) | [**2.23**](https://refpa86887.com/L?tag=s_227975m_355c_\&site=227975\&ad=355) ],66,69,Pasted markdown (4)(1).md
biNz7FhS,CBC Valladolid,Leonesa,1.32,3.09,completed,SPAIN: Copa España,Men/Other,False,False,19:00CBC Valladolid - Leonesa [**92-71**](https://www.flashscore.mobi/match/biNz7FhS/?s=5\&d=-5) [ [**1.32**](https://refpa86887.com/L?tag=s_227975m_355c_\&site=227975\&ad=355) | [3.09](https://refpa86887.com/L?tag=s_227975m_355c_\&site=227975\&ad=355) ],92,71,Pasted markdown (4)(1).md
xO1Ur3Mq,Molina Basket,Lliria,3.57,1.25,completed,SPAIN: Copa España,Men/Other,False,False,19:30Molina Basket - Lliria [**71-81**](https://www.flashscore.mobi/match/xO1Ur3Mq/?s=5\&d=-5) [ [3.57](https://refpa86887.com/L?tag=s_227975m_355c_\&site=227975\&ad=355) | [**1.25**](https://refpa86887.com/L?tag=s_227975m_355c_\&site=227975\&ad=355) ],71,81,Pasted markdown (4)(1).md
fN861gGk,Ponferrada,Peixegalego,1.46,2.53,completed,SPAIN: Copa España,Men/Other,False,False,20:30Ponferrada - Peixegalego [**79-70**](https://www.flashscore.mobi/match/fN861gGk/?s=5\&d=-5) [ [**1.46**](https://refpa86887.com/L?tag=s_227975m_355c_\&site=227975\&ad=355) | [2.53](https://refpa86887.com/L?tag=s_227975m_355c_\&site=227975\&ad=355) ],79,70,Pasted markdown (4)(1).md
CKWVQU0b,Sant Antoni,CB Zaragoza,1.4,2.73,completed,SPAIN: Copa España,Men/Other,False,False,20:30Sant Antoni - CB Zaragoza [**73-58**](https://www.flashscore.mobi/match/CKWVQU0b/?s=5\&d=-5) [ [**1.40**](https://refpa86887.com/L?tag=s_227975m_355c_\&site=227975\&ad=355) | [2.73](https://refpa86887.com/L?tag=s_227975m_355c_\&site=227975\&ad=355) ],73,58,Pasted markdown (4)(1).md
0tkigKSI,Joventut Badalona,Baskonia,1.4,3.06,completed,SPAIN: Supercopa ACB,Men/Other,False,False,18:00Joventut Badalona - Baskonia [**96-84**](https://www.flashscore.mobi/match/0tkigKSI/?s=5\&d=-5) [ [**1.40**](https://refpa86887.com/L?tag=s_227975m_355c_\&site=227975\&ad=355) | [3.06](https://refpa86887.com/L?tag=s_227975m_355c_\&site=227975\&ad=355) ],96,84,Pasted markdown (4)(1).md
hGoqetb6,Valencia,Barcelona,1.55,2.3,completed,SPAIN: Supercopa ACB,Men/Other,False,False,21:00Valencia - Barcelona [**86-87**](https://www.flashscore.mobi/match/hGoqetb6/?s=5\&d=-5) [ [1.55](https://refpa86887.com/L?tag=s_227975m_355c_\&site=227975\&ad=355) | [**2.30**](https://refpa86887.com/L?tag=s_227975m_355c_\&site=227975\&ad=355) ],86,87,Pasted markdown (4)(1).md
xzW9byn4,Huddinge,Fryshuset Basket,1.46,2.53,completed,SWEDEN: Superettan,Men/Other,False,False,16:00Huddinge - Fryshuset Basket [**91-79**](https://www.flashscore.mobi/match/xzW9byn4/?s=5\&d=-5) [ [**1.46**](https://refpa86887.com/L?tag=s_227975m_355c_\&site=227975\&ad=355) | [2.53](https://refpa86887.com/L?tag=s_227975m_355c_\&site=227975\&ad=355) ],91,79,Pasted markdown (4)(1).md
p0ZHdFGG,Malbas,Eskilstuna,4.15,1.19,completed,SWEDEN: Superettan,Men/Other,False,False,16:00Malbas - Eskilstuna [**84-99**](https://www.flashscore.mobi/match/p0ZHdFGG/?s=5\&d=-5) [ [4.15](https://refpa86887.com/L?tag=s_227975m_355c_\&site=227975\&ad=355) | [**1.19**](https://refpa86887.com/L?tag=s_227975m_355c_\&site=227975\&ad=355) ],84,99,Pasted markdown (4)(1).md
ldOekX8j,Trelleborg,Wetterbygden Stars,4.39,1.17,completed,SWEDEN: Superettan,Men/Other,False,False,16:00Trelleborg - Wetterbygden Stars [**77-87**](https://www.flashscore.mobi/match/ldOekX8j/?s=5\&d=-5) [ [4.39](https://refpa86887.com/L?tag=s_227975m_355c_\&site=227975\&ad=355) | [**1.17**](https://refpa86887.com/L?tag=s_227975m_355c_\&site=227975\&ad=355) ],77,87,Pasted markdown (4)(1).md
0pVtDz1c,Alvik,Ockelbo,1.21,3.95,completed,SWEDEN: Superettan,Men/Other,False,False,17:00Alvik - Ockelbo [**127-59**](https://www.flashscore.mobi/match/0pVtDz1c/?s=5\&d=-5) [ [**1.21**](https://refpa86887.com/L?tag=s_227975m_355c_\&site=227975\&ad=355) | [3.95](https://refpa86887.com/L?tag=s_227975m_355c_\&site=227975\&ad=355) ],127,59,Pasted markdown (4)(1).md
AT1GQfxo,OGM Ormanspor,Goztepe,1.89,1.79,completed,TURKEY: TBL,Men/Other,False,False,13:00OGM Ormanspor - Goztepe [**73-85**](https://www.flashscore.mobi/match/AT1GQfxo/?s=5\&d=-5) [ [1.89](https://refpa86887.com/L?tag=s_227975m_355c_\&site=227975\&ad=355) | [**1.79**](https://refpa86887.com/L?tag=s_227975m_355c_\&site=227975\&ad=355) ],73,85,Pasted markdown (4)(1).md
KGEUZbFb,iLab Basketbol,CO Basket,1.25,3.57,completed,TURKEY: TBL,Men/Other,False,False,14:30iLab Basketbol - CO Basket [**98-77**](https://www.flashscore.mobi/match/KGEUZbFb/?s=5\&d=-5) [ [**1.25**](https://refpa86887.com/L?tag=s_227975m_355c_\&site=227975\&ad=355) | [3.57](https://refpa86887.com/L?tag=s_227975m_355c_\&site=227975\&ad=355) ],98,77,Pasted markdown (4)(1).md
CjBMyLpn,Gaziantep,Final Spor,1.32,3.09,completed,TURKEY: TBL,Men/Other,False,True,16:00Gaziantep - Final Spor [**91-89ot**](https://www.flashscore.mobi/match/CjBMyLpn/?s=5\&d=-5) [ [**1.32**](https://refpa86887.com/L?tag=s_227975m_355c_\&site=227975\&ad=355) | [3.09](https://refpa86887.com/L?tag=s_227975m_355c_\&site=227975\&ad=355) ],91,89,Pasted markdown (4)(1).md
MkvdYovf,Kipas Istiklal,Ankara Kolejliler,1.66,2.1,completed,TURKEY: TBL,Men/Other,False,False,17:00Kipas Istiklal - Ankara Kolejliler [**83-72**](https://www.flashscore.mobi/match/MkvdYovf/?s=5\&d=-5) [ [**1.66**](https://refpa86887.com/L?tag=s_227975m_355c_\&site=227975\&ad=355) | [2.10](https://refpa86887.com/L?tag=s_227975m_355c_\&site=227975\&ad=355) ],83,72,Pasted markdown (4)(1).md
ABAxo81s,Minnesota Lynx W,New York Liberty W,1.41,2.99,completed,USA: WNBA,Women,False,False,01:30Minnesota Lynx W - New York Liberty W [**81-93**](https://www.flashscore.mobi/match/ABAxo81s/?s=5\&d=-5) [ [1.41](https://refpa86887.com/L?tag=s_227975m_355c_\&site=227975\&ad=355) | [**2.99**](https://refpa86887.com/L?tag=s_227975m_355c_\&site=227975\&ad=355) ],81,93,Pasted markdown (4)(1).md
IyvzBAwf,Toronto Tempo W,Indiana Fever W,9.0,1.07,completed,USA: WNBA,Women,False,False,01:30Toronto Tempo W - Indiana Fever W [**85-103**](https://www.flashscore.mobi/match/IyvzBAwf/?s=5\&d=-5) [ [9.00](https://refpa86887.com/L?tag=s_227975m_355c_\&site=227975\&ad=355) | [**1.07**](https://refpa86887.com/L?tag=s_227975m_355c_\&site=227975\&ad=355) ],85,103,Pasted markdown (4)(1).md
rP8pqnWg,Golden State Valkyries W,Portland Fire W,1.14,6.21,completed,USA: WNBA,Women,False,False,04:00Golden State Valkyries W - Portland Fire W [**82-66**](https://www.flashscore.mobi/match/rP8pqnWg/?s=5\&d=-5) [ [**1.14**](https://refpa86887.com/L?tag=s_227975m_355c_\&site=227975\&ad=355) | [6.21](https://refpa86887.com/L?tag=s_227975m_355c_\&site=227975\&ad=355) ],82,66,Pasted markdown (4)(1).md
Uu7hsQ06,Dallas Wings W,Phoenix Mercury W,1.22,4.46,completed,USA: WNBA,Women,False,False,19:00Dallas Wings W - Phoenix Mercury W [**87-82**](https://www.flashscore.mobi/match/Uu7hsQ06/?s=5\&d=-5) [ [**1.22**](https://refpa86887.com/L?tag=s_227975m_355c_\&site=227975\&ad=355) | [4.46](https://refpa86887.com/L?tag=s_227975m_355c_\&site=227975\&ad=355) ],87,82,Pasted markdown (4)(1).md
UJZEWMjJ,Tizona Burgos (Esp),Estela (Esp),1.73,1.97,completed,WORLD: Club Friendly,Men/Other,False,False,12:00Tizona Burgos (Esp) - Estela (Esp) [**79-88**](https://www.flashscore.mobi/match/UJZEWMjJ/?s=5\&d=-5) [ [1.73](https://refpa86887.com/L?tag=s_227975m_355c_\&site=227975\&ad=355) | [**1.97**](https://refpa86887.com/L?tag=s_227975m_355c_\&site=227975\&ad=355) ],79,88,Pasted markdown (4)(1).md
IkBt4zf5,Turk Telekom (Tur),Petkim Spor (Tur),1.46,2.53,completed,WORLD: Club Friendly,Men/Other,False,False,13:30Turk Telekom (Tur) - Petkim Spor (Tur) [**73-70**](https://www.flashscore.mobi/match/IkBt4zf5/?s=5\&d=-5) [ [**1.46**](https://refpa86887.com/L?tag=s_227975m_355c_\&site=227975\&ad=355) | [2.53](https://refpa86887.com/L?tag=s_227975m_355c_\&site=227975\&ad=355) ],73,70,Pasted markdown (4)(1).md
Q1cDBW4T,Apoel BC (Cyp),Anorthosis (Cyp),1.64,2.14,completed,WORLD: Club Friendly,Men/Other,False,False,15:00Apoel BC (Cyp) - Anorthosis (Cyp) [**69-71**](https://www.flashscore.mobi/match/Q1cDBW4T/?s=5\&d=-5) [ [1.64](https://refpa86887.com/L?tag=s_227975m_355c_\&site=227975\&ad=355) | [**2.14**](https://refpa86887.com/L?tag=s_227975m_355c_\&site=227975\&ad=355) ],69,71,Pasted markdown (4)(1).md
M7eZTYye,ETHA Engomi (Cyp),Morphou (Cyp),1.74,1.95,completed,WORLD: Club Friendly,Men/Other,False,False,15:00ETHA Engomi (Cyp) - Morphou (Cyp) [**66-75**](https://www.flashscore.mobi/match/M7eZTYye/?s=5\&d=-5) [ [1.74](https://refpa86887.com/L?tag=s_227975m_355c_\&site=227975\&ad=355) | [**1.95**](https://refpa86887.com/L?tag=s_227975m_355c_\&site=227975\&ad=355) ],66,75,Pasted markdown (4)(1).md
hE4C4HVI,Parma Perm (Rus),Saratov (Rus),1.11,5.35,completed,WORLD: Club Friendly,Men/Other,False,False,15:00Parma Perm (Rus) - Saratov (Rus) [**91-70**](https://www.flashscore.mobi/match/hE4C4HVI/?s=5\&d=-5) [ [**1.11**](https://refpa86887.com/L?tag=s_227975m_355c_\&site=227975\&ad=355) | [5.35](https://refpa86887.com/L?tag=s_227975m_355c_\&site=227975\&ad=355) ],91,70,Pasted markdown (4)(1).md
6wfHbly9,Mladost Zemun (Srb),Tamis (Srb),1.51,2.39,completed,WORLD: Club Friendly,Men/Other,False,False,16:00Mladost Zemun (Srb) - Tamis (Srb) [**84-77**](https://www.flashscore.mobi/match/6wfHbly9/?s=5\&d=-5) [ [**1.51**](https://refpa86887.com/L?tag=s_227975m_355c_\&site=227975\&ad=355) | [2.39](https://refpa86887.com/L?tag=s_227975m_355c_\&site=227975\&ad=355) ],84,77,Pasted markdown (4)(1).md
dplq6ASj,Paralimni (Cyp),Apollon (Cyp),1.56,2.27,completed,WORLD: Club Friendly,Men/Other,False,False,16:00Paralimni (Cyp) - Apollon (Cyp) [**74-77**](https://www.flashscore.mobi/match/dplq6ASj/?s=5\&d=-5) [ [1.56](https://refpa86887.com/L?tag=s_227975m_355c_\&site=227975\&ad=355) | [**2.27**](https://refpa86887.com/L?tag=s_227975m_355c_\&site=227975\&ad=355) ],74,77,Pasted markdown (4)(1).md
lvyVTDKc,Partizan Mozzart Bet (Srb),JL Bourg (Fra),1.31,3.31,completed,WORLD: Club Friendly,Men/Other,False,False,16:00Partizan Mozzart Bet (Srb) - JL Bourg (Fra) [**101-77**](https://www.flashscore.mobi/match/lvyVTDKc/?s=5\&d=-5) [ [**1.31**](https://refpa86887.com/L?tag=s_227975m_355c_\&site=227975\&ad=355) | [3.31](https://refpa86887.com/L?tag=s_227975m_355c_\&site=227975\&ad=355) ],101,77,Pasted markdown (4)(1).md
lpfJFsvK,Tofas (Tur),Galatasaray (Tur),2.06,1.71,completed,WORLD: Club Friendly,Men/Other,False,False,16:30Tofas (Tur) - Galatasaray (Tur) [**81-76**](https://www.flashscore.mobi/match/lpfJFsvK/?s=5\&d=-5) [ [**2.06**](https://refpa86887.com/L?tag=s_227975m_355c_\&site=227975\&ad=355) | [1.71](https://refpa86887.com/L?tag=s_227975m_355c_\&site=227975\&ad=355) ],81,76,Pasted markdown (4)(1).md
21soQVJM,Ovarense (Por),CAB Madeira (Por),1.17,4.39,completed,WORLD: Club Friendly,Men/Other,False,False,17:00Ovarense (Por) - CAB Madeira (Por) [**82-83**](https://www.flashscore.mobi/match/21soQVJM/?s=5\&d=-5) [ [1.17](https://refpa86887.com/L?tag=s_227975m_355c_\&site=227975\&ad=355) | [**4.39**](https://refpa86887.com/L?tag=s_227975m_355c_\&site=227975\&ad=355) ],82,83,Pasted markdown (4)(1).md
EPO8XFRi,Galitos Barreiro (Por),Santo Andre (Por),1.35,2.94,completed,WORLD: Club Friendly,Men/Other,False,False,17:30Galitos Barreiro (Por) - Santo Andre (Por) [**77-65**](https://www.flashscore.mobi/match/EPO8XFRi/?s=5\&d=-5) [ [**1.35**](https://refpa86887.com/L?tag=s_227975m_355c_\&site=227975\&ad=355) | [2.94](https://refpa86887.com/L?tag=s_227975m_355c_\&site=227975\&ad=355) ],77,65,Pasted markdown (4)(1).md
bXSGK9sp,Spartak Subotica (Srb),Atomeromu Paks (Hun),1.16,4.59,completed,WORLD: Club Friendly,Men/Other,False,False,18:00Spartak Subotica (Srb) - Atomeromu Paks (Hun) [**83-77**](https://www.flashscore.mobi/match/bXSGK9sp/?s=5\&d=-5) [ [**1.16**](https://refpa86887.com/L?tag=s_227975m_355c_\&site=227975\&ad=355) | [4.59](https://refpa86887.com/L?tag=s_227975m_355c_\&site=227975\&ad=355) ],83,77,Pasted markdown (4)(1).md
8zpqZki5,Szczecin (Pol),Gdynia (Pol),2.3,1.55,completed,WORLD: Club Friendly,Men/Other,False,False,18:00Szczecin (Pol) - Gdynia (Pol) [**94-85**](https://www.flashscore.mobi/match/8zpqZki5/?s=5\&d=-5) [ [**2.30**](https://refpa86887.com/L?tag=s_227975m_355c_\&site=227975\&ad=355) | [1.55](https://refpa86887.com/L?tag=s_227975m_355c_\&site=227975\&ad=355) ],94,85,Pasted markdown (4)(1).md
86rei6Tr,Bernau (Ger),Wolmirstedt (Ger),2.73,1.4,completed,WORLD: Club Friendly,Men/Other,False,False,19:00Bernau (Ger) - Wolmirstedt (Ger) [**70-97**](https://www.flashscore.mobi/match/86rei6Tr/?s=5\&d=-5) [ [2.73](https://refpa86887.com/L?tag=s_227975m_355c_\&site=227975\&ad=355) | [**1.40**](https://refpa86887.com/L?tag=s_227975m_355c_\&site=227975\&ad=355) ],70,97,Pasted markdown (4)(1).md
xIt7mKYp,Illiabum (Por),Sangalhos (Por),1.18,4.29,completed,WORLD: Club Friendly,Men/Other,False,False,19:00Illiabum (Por) - Sangalhos (Por) [**72-75**](https://www.flashscore.mobi/match/xIt7mKYp/?s=5\&d=-5) [ [1.18](https://refpa86887.com/L?tag=s_227975m_355c_\&site=227975\&ad=355) | [**4.29**](https://refpa86887.com/L?tag=s_227975m_355c_\&site=227975\&ad=355) ],72,75,Pasted markdown (4)(1).md
4hAWZone,Panathinaikos (Gre),PAOK (Gre),1.3,3.4,completed,WORLD: Club Friendly,Men/Other,False,False,19:00Panathinaikos (Gre) - PAOK (Gre) [**87-81**](https://www.flashscore.mobi/match/4hAWZone/?s=5\&d=-5) [ [**1.30**](https://refpa86887.com/L?tag=s_227975m_355c_\&site=227975\&ad=355) | [3.40](https://refpa86887.com/L?tag=s_227975m_355c_\&site=227975\&ad=355) ],87,81,Pasted markdown (4)(1).md
6cWOImCd,Vasco Da Gama (Por),Gaia (Por),1.04,8.1,completed,WORLD: Club Friendly,Men/Other,False,False,19:00Vasco Da Gama (Por) - Gaia (Por) [**94-73**](https://www.flashscore.mobi/match/6cWOImCd/?s=5\&d=-5) [ [**1.04**](https://refpa86887.com/L?tag=s_227975m_355c_\&site=227975\&ad=355) | [8.10](https://refpa86887.com/L?tag=s_227975m_355c_\&site=227975\&ad=355) ],94,73,Pasted markdown (4)(1).md
6HMIvVYF,Sporting CP (Por),Braga (Por),1.38,2.81,completed,WORLD: Club Friendly,Men/Other,False,True,19:30Sporting CP (Por) - Braga (Por) [**97-94ot**](https://www.flashscore.mobi/match/6HMIvVYF/?s=5\&d=-5) [ [**1.38**](https://refpa86887.com/L?tag=s_227975m_355c_\&site=227975\&ad=355) | [2.81](https://refpa86887.com/L?tag=s_227975m_355c_\&site=227975\&ad=355) ],97,94,Pasted markdown (4)(1).md
t00HeMnl,Estudiantes (Esp),Fuenlabrada (Esp),1.55,2.3,completed,WORLD: Club Friendly,Men/Other,False,False,19:45Estudiantes (Esp) - Fuenlabrada (Esp) [**100-90**](https://www.flashscore.mobi/match/t00HeMnl/?s=5\&d=-5) [ [**1.55**](https://refpa86887.com/L?tag=s_227975m_355c_\&site=227975\&ad=355) | [2.30](https://refpa86887.com/L?tag=s_227975m_355c_\&site=227975\&ad=355) ],100,90,Pasted markdown (4)(1).md
lQ3Pg0H0,Brindisi (Ita),Ruvo Di Puglia (Ita),1.25,3.57,completed,WORLD: Club Friendly,Men/Other,False,False,20:30Brindisi (Ita) - Ruvo Di Puglia (Ita) [**78-70**](https://www.flashscore.mobi/match/lQ3Pg0H0/?s=5\&d=-5) [ [**1.25**](https://refpa86887.com/L?tag=s_227975m_355c_\&site=227975\&ad=355) | [3.57](https://refpa86887.com/L?tag=s_227975m_355c_\&site=227975\&ad=355) ],78,70,Pasted markdown (4)(1).md
UBThBNQi,Mechelen (Bel),Leiden (Ned),1.75,1.94,completed,WORLD: Club Friendly,Men/Other,False,False,20:30Mechelen (Bel) - Leiden (Ned) [**73-92**](https://www.flashscore.mobi/match/UBThBNQi/?s=5\&d=-5) [ [1.75](https://refpa86887.com/L?tag=s_227975m_355c_\&site=227975\&ad=355) | [**1.94**](https://refpa86887.com/L?tag=s_227975m_355c_\&site=227975\&ad=355) ],73,92,Pasted markdown (4)(1).md
hYKQx93S,Viana/Nortaluga (Por),Barcelos (Por),7.85,1.03,completed,WORLD: Club Friendly,Men/Other,False,False,21:30Viana/Nortaluga (Por) - Barcelos (Por) [**58-75**](https://www.flashscore.mobi/match/hYKQx93S/?s=5\&d=-5) [ [7.85](https://refpa86887.com/L?tag=s_227975m_355c_\&site=227975\&ad=355) | [**1.03**](https://refpa86887.com/L?tag=s_227975m_355c_\&site=227975\&ad=355) ],58,75,Pasted markdown (4)(1).md
xxX091e4,Esgueira (Por),CD Povoa (Por),2.01,1.7,completed,WORLD: Club Friendly,Men/Other,False,False,22:00Esgueira (Por) - CD Povoa (Por) [**80-102**](https://www.flashscore.mobi/match/xxX091e4/?s=5\&d=-5) [ [2.01](https://refpa86887.com/L?tag=s_227975m_355c_\&site=227975\&ad=355) | [**1.70**](https://refpa86887.com/L?tag=s_227975m_355c_\&site=227975\&ad=355) ],80,102,Pasted markdown (4)(1).md
d4vwSikA,Sanjoanense W (Por),Sporting CP W (Por),1.89,1.7,completed,WORLD: Club Friendly Women,Women,False,False,16:00Sanjoanense W (Por) - Sporting CP W (Por) [**78-84**](https://www.flashscore.mobi/match/d4vwSikA/?s=5\&d=-5) [ [1.89](https://refpa86887.com/L?tag=s_227975m_355c_\&site=227975\&ad=355) | [**1.70**](https://refpa86887.com/L?tag=s_227975m_355c_\&site=227975\&ad=355) ],78,84,Pasted markdown (4)(1).md
IFYG5JfT,Uniao Sportiva W (Por),Esgueira W (Por),1.14,3.98,completed,WORLD: Club Friendly Women,Women,False,False,18:00Uniao Sportiva W (Por) - Esgueira W (Por) [**66-81**](https://www.flashscore.mobi/match/IFYG5JfT/?s=5\&d=-5) [ [1.14](https://refpa86887.com/L?tag=s_227975m_355c_\&site=227975\&ad=355) | [**3.98**](https://refpa86887.com/L?tag=s_227975m_355c_\&site=227975\&ad=355) ],66,81,Pasted markdown (4)(1).md
CIyKcR2m,South Korea,Iran,1.1,5.6,completed,Unknown,Men/Other,False,False,09:00South Korea - Iran [**77-51**](https://www.flashscore.mobi/match/CIyKcR2m/?s=5\&d=-6) [ [**1.10**](https://refpa86887.com/L?tag=s_227975m_355c_\&site=227975\&ad=355) | [5.60](https://refpa86887.com/L?tag=s_227975m_355c_\&site=227975\&ad=355) ],77,51,Pasted markdown (5)(1).md
p4DNiopQ,Japan,China,3.96,1.21,completed,Unknown,Men/Other,False,False,12:20Japan - China [**97-78**](https://www.flashscore.mobi/match/p4DNiopQ/?s=5\&d=-6) [ [**3.96**](https://refpa86887.com/L?tag=s_227975m_355c_\&site=227975\&ad=355) | [1.21](https://refpa86887.com/L?tag=s_227975m_355c_\&site=227975\&ad=355) ],97,78,Pasted markdown (5)(1).md
6ymD9Cqo,Salon Vilpas,Bakken Bears,2.57,1.51,completed,EUROPE: Champions League - Qualification 1,Men/Other,False,False,17:00Salon Vilpas - Bakken Bears [**90-72**](https://www.flashscore.mobi/match/6ymD9Cqo/?s=5\&d=-6) [ [**2.57**](https://refpa86887.com/L?tag=s_227975m_355c_\&site=227975\&ad=355) | [1.51](https://refpa86887.com/L?tag=s_227975m_355c_\&site=227975\&ad=355) ],90,72,Pasted markdown (5)(1).md
6gbtGXIU,Batumi,CSM Oradea,6.63,1.11,completed,EUROPE: Champions League - Qualification 1,Men/Other,False,False,19:30Batumi - CSM Oradea [**77-93**](https://www.flashscore.mobi/match/6gbtGXIU/?s=5\&d=-6) [ [6.63](https://refpa86887.com/L?tag=s_227975m_355c_\&site=227975\&ad=355) | [**1.11**](https://refpa86887.com/L?tag=s_227975m_355c_\&site=227975\&ad=355) ],77,93,Pasted markdown (5)(1).md
69fHzLDl,Chinese Taipei W,Mongolia W,1.03,9.0,completed,ASIA: Asian Games Women,Women,False,False,06:00Chinese Taipei W - Mongolia W [**76-67**](https://www.flashscore.mobi/match/69fHzLDl/?s=5\&d=-6) [ [**1.03**](https://refpa86887.com/L?tag=s_227975m_355c_\&site=227975\&ad=355) | [9.00](https://refpa86887.com/L?tag=s_227975m_355c_\&site=227975\&ad=355) ],76,67,Pasted markdown (5)(1).md
4ARyqYbn,Puente Alto,Leones Quilpue,4.15,1.19,completed,CHILE: LNB - Clausura - Winners,Men/Other,False,False,01:00Puente Alto - Leones Quilpue [**75-87**](https://www.flashscore.mobi/match/4ARyqYbn/?s=5\&d=-6) [ [4.15](https://refpa86887.com/L?tag=s_227975m_355c_\&site=227975\&ad=355) | [**1.19**](https://refpa86887.com/L?tag=s_227975m_355c_\&site=227975\&ad=355) ],75,87,Pasted markdown (5)(1).md
h20tQvGc,CZ.ACADEMY,USK Prague B,1.85,1.83,completed,CZECH REPUBLIC: 1. Liga,Men/Other,False,False,19:00CZ.ACADEMY - USK Prague B [**79-74**](https://www.flashscore.mobi/match/h20tQvGc/?s=5\&d=-6) [ [**1.85**](https://refpa86887.com/L?tag=s_227975m_355c_\&site=227975\&ad=355) | [1.83](https://refpa86887.com/L?tag=s_227975m_355c_\&site=227975\&ad=355) ],79,74,Pasted markdown (5)(1).md
UPMO7c0T,Litomerice,Jindrichuv Hradec,2.47,1.48,completed,CZECH REPUBLIC: 1. Liga,Men/Other,False,False,19:00Litomerice - Jindrichuv Hradec [**70-76**](https://www.flashscore.mobi/match/UPMO7c0T/?s=5\&d=-6) [ [2.47](https://refpa86887.com/L?tag=s_227975m_355c_\&site=227975\&ad=355) | [**1.48**](https://refpa86887.com/L?tag=s_227975m_355c_\&site=227975\&ad=355) ],70,76,Pasted markdown (5)(1).md
rL42DXeB,MS Academy,Basketbal Olomouc,1.29,3.27,completed,CZECH REPUBLIC: 1. Liga,Men/Other,False,False,19:15MS Academy - Basketbal Olomouc [**70-79**](https://www.flashscore.mobi/match/rL42DXeB/?s=5\&d=-6) [ [1.29](https://refpa86887.com/L?tag=s_227975m_355c_\&site=227975\&ad=355) | [**3.27**](https://refpa86887.com/L?tag=s_227975m_355c_\&site=227975\&ad=355) ],70,79,Pasted markdown (5)(1).md
lY59Bu14,Liberecko,Radotin,1.68,2.06,completed,CZECH REPUBLIC: 1. Liga,Men/Other,False,False,19:30Liberecko - Radotin [**81-77**](https://www.flashscore.mobi/match/lY59Bu14/?s=5\&d=-6) [ [**1.68**](https://refpa86887.com/L?tag=s_227975m_355c_\&site=227975\&ad=355) | [2.06](https://refpa86887.com/L?tag=s_227975m_355c_\&site=227975\&ad=355) ],81,77,Pasted markdown (5)(1).md
lvNTG623,Opava 2,Zlin,8.3,1.04,completed,CZECH REPUBLIC: 1. Liga,Men/Other,False,False,19:30Opava 2 - Zlin [**55-67**](https://www.flashscore.mobi/match/lvNTG623/?s=5\&d=-6) [ [8.30](https://refpa86887.com/L?tag=s_227975m_355c_\&site=227975\&ad=355) | [**1.04**](https://refpa86887.com/L?tag=s_227975m_355c_\&site=227975\&ad=355) ],55,67,Pasted markdown (5)(1).md
d46fFgRb,SK Zabovresky,Pardubice 2,1.75,1.94,completed,CZECH REPUBLIC: 1. Liga,Men/Other,False,False,20:00SK Zabovresky - Pardubice 2 [**70-60**](https://www.flashscore.mobi/match/d46fFgRb/?s=5\&d=-6) [ [**1.75**](https://refpa86887.com/L?tag=s_227975m_355c_\&site=227975\&ad=355) | [1.94](https://refpa86887.com/L?tag=s_227975m_355c_\&site=227975\&ad=355) ],70,60,Pasted markdown (5)(1).md
MaJG9JVG,Valecnici Decin,Polabi,1.12,5.15,completed,CZECH REPUBLIC: 1. Liga,Men/Other,False,False,20:00Valecnici Decin - Polabi [**84-75**](https://www.flashscore.mobi/match/MaJG9JVG/?s=5\&d=-6) [ [**1.12**](https://refpa86887.com/L?tag=s_227975m_355c_\&site=227975\&ad=355) | [5.15](https://refpa86887.com/L?tag=s_227975m_355c_\&site=227975\&ad=355) ],84,75,Pasted markdown (5)(1).md
xztFtk9j,Olympiacos,Fenerbahce,1.63,2.34,completed,EUROPE: EuroLeague Super Cup,Men/Other,False,False,16:00Olympiacos - Fenerbahce [**92-90**](https://www.flashscore.mobi/match/xztFtk9j/?s=5\&d=-6) [ [**1.63**](https://refpa86887.com/L?tag=s_227975m_355c_\&site=227975\&ad=355) | [2.34](https://refpa86887.com/L?tag=s_227975m_355c_\&site=227975\&ad=355) ],92,90,Pasted markdown (5)(1).md
6ikqnBoT,Dubai,Real Madrid,2.05,1.8,completed,EUROPE: EuroLeague Super Cup,Men/Other,False,True,19:00Dubai - Real Madrid [**95-98ot**](https://www.flashscore.mobi/match/6ikqnBoT/?s=5\&d=-6) [ [2.05](https://refpa86887.com/L?tag=s_227975m_355c_\&site=227975\&ad=355) | [**1.80**](https://refpa86887.com/L?tag=s_227975m_355c_\&site=227975\&ad=355) ],95,98,Pasted markdown (5)(1).md
jqFGGE5F,Fos-sur-Mer,Aix Maurienne,2.62,1.43,completed,FRANCE: French Cup,Men/Other,False,False,20:30Fos-sur-Mer - Aix Maurienne [**85-62**](https://www.flashscore.mobi/match/jqFGGE5F/?s=5\&d=-6) [ [**2.62**](https://refpa86887.com/L?tag=s_227975m_355c_\&site=227975\&ad=355) | [1.43](https://refpa86887.com/L?tag=s_227975m_355c_\&site=227975\&ad=355) ],85,62,Pasted markdown (5)(1).md
IFEWOFMr,Alba Berlin,Chemnitz,1.26,3.99,completed,GERMANY: BBL,Men/Other,False,False,20:00Alba Berlin - Chemnitz [**89-82**](https://www.flashscore.mobi/match/IFEWOFMr/?s=5\&d=-6) [ [**1.26**](https://refpa86887.com/L?tag=s_227975m_355c_\&site=227975\&ad=355) | [3.99](https://refpa86887.com/L?tag=s_227975m_355c_\&site=227975\&ad=355) ],89,82,Pasted markdown (5)(1).md
rcQFZVHd,Hapoel Jerusalem,Hapoel Beer Sheva,1.03,8.9,completed,ISRAEL: League Cup,Men/Other,False,False,13:30Hapoel Jerusalem - Hapoel Beer Sheva [**83-69**](https://www.flashscore.mobi/match/rcQFZVHd/?s=5\&d=-6) [ [**1.03**](https://refpa86887.com/L?tag=s_227975m_355c_\&site=227975\&ad=355) | [8.90](https://refpa86887.com/L?tag=s_227975m_355c_\&site=227975\&ad=355) ],83,69,Pasted markdown (5)(1).md
lviQI0vJ,Panteras,Astros,2.85,1.37,completed,MEXICO: LNBP,Men/Other,False,False,04:30Panteras - Astros [**83-98**](https://www.flashscore.mobi/match/lviQI0vJ/?s=5\&d=-6) [ [2.85](https://refpa86887.com/L?tag=s_227975m_355c_\&site=227975\&ad=355) | [**1.37**](https://refpa86887.com/L?tag=s_227975m_355c_\&site=227975\&ad=355) ],83,98,Pasted markdown (5)(1).md
bTCR1sl1,Kongsberg Miners,Gimle,1.42,2.66,completed,NORWAY: BLNO,Men/Other,False,False,19:00Kongsberg Miners - Gimle [**84-90**](https://www.flashscore.mobi/match/bTCR1sl1/?s=5\&d=-6) [ [1.42](https://refpa86887.com/L?tag=s_227975m_355c_\&site=227975\&ad=355) | [**2.66**](https://refpa86887.com/L?tag=s_227975m_355c_\&site=227975\&ad=355) ],84,90,Pasted markdown (5)(1).md
zgOopIMb,Tromso,Froya,3.49,1.26,completed,NORWAY: BLNO,Men/Other,False,False,19:30Tromso - Froya [**74-100**](https://www.flashscore.mobi/match/zgOopIMb/?s=5\&d=-6) [ [3.49](https://refpa86887.com/L?tag=s_227975m_355c_\&site=227975\&ad=355) | [**1.26**](https://refpa86887.com/L?tag=s_227975m_355c_\&site=227975\&ad=355) ],74,100,Pasted markdown (5)(1).md
6oINt8ZF,Felix Perez Cardozo,Capiata Bulls,1.03,8.5,completed,PARAGUAY: LNB - Clausura,Men/Other,False,False,01:00Felix Perez Cardozo - Capiata Bulls [**88-76**](https://www.flashscore.mobi/match/6oINt8ZF/?s=5\&d=-6) [ [**1.03**](https://refpa86887.com/L?tag=s_227975m_355c_\&site=227975\&ad=355) | [8.50](https://refpa86887.com/L?tag=s_227975m_355c_\&site=227975\&ad=355) ],88,76,Pasted markdown (5)(1).md
bmF3u4Ft,WKK Wroclaw,Inowroclaw,3.05,1.33,completed,POLAND: 1. Liga,Men/Other,False,False,18:00WKK Wroclaw - Inowroclaw [**66-80**](https://www.flashscore.mobi/match/bmF3u4Ft/?s=5\&d=-6) [ [3.05](https://refpa86887.com/L?tag=s_227975m_355c_\&site=227975\&ad=355) | [**1.33**](https://refpa86887.com/L?tag=s_227975m_355c_\&site=227975\&ad=355) ],66,80,Pasted markdown (5)(1).md
nDkVUiUj,Zenit Petersburg,Anadolu Efes,2.92,1.43,completed,RUSSIA: VTB Super Cup,Men/Other,False,False,16:00Zenit Petersburg - Anadolu Efes [**76-100**](https://www.flashscore.mobi/match/nDkVUiUj/?s=5\&d=-6) [ [2.92](https://refpa86887.com/L?tag=s_227975m_355c_\&site=227975\&ad=355) | [**1.43**](https://refpa86887.com/L?tag=s_227975m_355c_\&site=227975\&ad=355) ],76,100,Pasted markdown (5)(1).md
rH0ixzxH,CSKA Moscow,Lokomotiv Kuban,1.31,3.61,completed,RUSSIA: VTB Super Cup,Men/Other,False,False,19:00CSKA Moscow - Lokomotiv Kuban [**82-90**](https://www.flashscore.mobi/match/rH0ixzxH/?s=5\&d=-6) [ [1.31](https://refpa86887.com/L?tag=s_227975m_355c_\&site=227975\&ad=355) | [**3.61**](https://refpa86887.com/L?tag=s_227975m_355c_\&site=227975\&ad=355) ],82,90,Pasted markdown (5)(1).md
GO9Huh2M,Bristol Flyers,London Lions,5.25,1.12,completed,UNITED KINGDOM: SLB,Men/Other,False,False,20:30Bristol Flyers - London Lions [**78-80**](https://www.flashscore.mobi/match/GO9Huh2M/?s=5\&d=-6) [ [5.25](https://refpa86887.com/L?tag=s_227975m_355c_\&site=227975\&ad=355) | [**1.12**](https://refpa86887.com/L?tag=s_227975m_355c_\&site=227975\&ad=355) ],78,80,Pasted markdown (5)(1).md
GIKZyVOQ,Atlanta Dream W,Connecticut Sun W,1.04,12.5,completed,USA: WNBA,Women,False,False,01:30Atlanta Dream W - Connecticut Sun W [**103-59**](https://www.flashscore.mobi/match/GIKZyVOQ/?s=5\&d=-6) [ [**1.04**](https://refpa86887.com/L?tag=s_227975m_355c_\&site=227975\&ad=355) | [12.50](https://refpa86887.com/L?tag=s_227975m_355c_\&site=227975\&ad=355) ],103,59,Pasted markdown (5)(1).md
n1B5W8nl,Chicago Sky W,Washington Mystics W,2.01,1.83,completed,USA: WNBA,Women,False,False,02:00Chicago Sky W - Washington Mystics W [**80-110**](https://www.flashscore.mobi/match/n1B5W8nl/?s=5\&d=-6) [ [2.01](https://refpa86887.com/L?tag=s_227975m_355c_\&site=227975\&ad=355) | [**1.83**](https://refpa86887.com/L?tag=s_227975m_355c_\&site=227975\&ad=355) ],80,110,Pasted markdown (5)(1).md
v9TCUnH0,Dallas Wings W,Los Angeles Sparks W,1.26,3.99,completed,USA: WNBA,Women,False,False,02:00Dallas Wings W - Los Angeles Sparks W [**97-77**](https://www.flashscore.mobi/match/v9TCUnH0/?s=5\&d=-6) [ [**1.26**](https://refpa86887.com/L?tag=s_227975m_355c_\&site=227975\&ad=355) | [3.99](https://refpa86887.com/L?tag=s_227975m_355c_\&site=227975\&ad=355) ],97,77,Pasted markdown (5)(1).md
CMRKSQoD,Portland Fire W,Phoenix Mercury W,2.29,1.66,completed,USA: WNBA,Women,False,False,04:00Portland Fire W - Phoenix Mercury W [**91-94**](https://www.flashscore.mobi/match/CMRKSQoD/?s=5\&d=-6) [ [2.29](https://refpa86887.com/L?tag=s_227975m_355c_\&site=227975\&ad=355) | [**1.66**](https://refpa86887.com/L?tag=s_227975m_355c_\&site=227975\&ad=355) ],91,94,Pasted markdown (5)(1).md
vTJ6jUwK,Seattle Storm W,Las Vegas Aces W,4.91,1.19,completed,USA: WNBA,Women,False,False,04:00Seattle Storm W - Las Vegas Aces W [**77-114**](https://www.flashscore.mobi/match/vTJ6jUwK/?s=5\&d=-6) [ [4.91](https://refpa86887.com/L?tag=s_227975m_355c_\&site=227975\&ad=355) | [**1.19**](https://refpa86887.com/L?tag=s_227975m_355c_\&site=227975\&ad=355) ],77,114,Pasted markdown (5)(1).md
EDfgrZCL,Kvarner (Cro),Siroki Brijeg (Bih),4.6,1.15,completed,WORLD: Club Friendly,Men/Other,False,False,15:00Kvarner (Cro) - Siroki Brijeg (Bih) [**68-78**](https://www.flashscore.mobi/match/EDfgrZCL/?s=5\&d=-6) [ [4.60](https://refpa86887.com/L?tag=s_227975m_355c_\&site=227975\&ad=355) | [**1.15**](https://refpa86887.com/L?tag=s_227975m_355c_\&site=227975\&ad=355) ],68,78,Pasted markdown (5)(1).md
hxszKq7D,Trabzonspor (Tur),Galatasaray (Tur),1.55,2.38,completed,WORLD: Club Friendly,Men/Other,False,False,15:30Trabzonspor (Tur) - Galatasaray (Tur) [**65-77**](https://www.flashscore.mobi/match/hxszKq7D/?s=5\&d=-6) [ [1.55](https://refpa86887.com/L?tag=s_227975m_355c_\&site=227975\&ad=355) | [**2.38**](https://refpa86887.com/L?tag=s_227975m_355c_\&site=227975\&ad=355) ],65,77,Pasted markdown (5)(1).md
YTaBCb7r,Beroe (Bul),Shumen (Bul),1.65,2.11,completed,WORLD: Club Friendly,Men/Other,False,False,16:00Beroe (Bul) - Shumen (Bul) [**98-92**](https://www.flashscore.mobi/match/YTaBCb7r/?s=5\&d=-6) [ [**1.65**](https://refpa86887.com/L?tag=s_227975m_355c_\&site=227975\&ad=355) | [2.11](https://refpa86887.com/L?tag=s_227975m_355c_\&site=227975\&ad=355) ],98,92,Pasted markdown (5)(1).md
lb7JFQm3,Partizan Mozzart Bet (Srb),PAOK (Gre),1.5,2.42,completed,WORLD: Club Friendly,Men/Other,False,False,16:30Partizan Mozzart Bet (Srb) - PAOK (Gre) [**99-100**](https://www.flashscore.mobi/match/lb7JFQm3/?s=5\&d=-6) [ [1.50](https://refpa86887.com/L?tag=s_227975m_355c_\&site=227975\&ad=355) | [**2.42**](https://refpa86887.com/L?tag=s_227975m_355c_\&site=227975\&ad=355) ],99,100,Pasted markdown (5)(1).md
0AtyyCMh,Czarni Slupsk (Pol),Trefl Sopot (Pol),1.94,1.75,completed,WORLD: Club Friendly,Men/Other,False,False,18:00Czarni Slupsk (Pol) - Trefl Sopot (Pol) [**87-91**](https://www.flashscore.mobi/match/0AtyyCMh/?s=5\&d=-6) [ [1.94](https://refpa86887.com/L?tag=s_227975m_355c_\&site=227975\&ad=355) | [**1.75**](https://refpa86887.com/L?tag=s_227975m_355c_\&site=227975\&ad=355) ],87,91,Pasted markdown (5)(1).md
I9qXzi5e,Tartu Ulikool (Est),Viimsi (Est),1.02,10.5,completed,WORLD: Club Friendly,Men/Other,False,False,18:00Tartu Ulikool (Est) - Viimsi (Est) [**84-59**](https://www.flashscore.mobi/match/I9qXzi5e/?s=5\&d=-6) [ [**1.02**](https://refpa86887.com/L?tag=s_227975m_355c_\&site=227975\&ad=355) | [10.50](https://refpa86887.com/L?tag=s_227975m_355c_\&site=227975\&ad=355) ],84,59,Pasted markdown (5)(1).md
OvOaz5if,Tofas (Tur),Bursaspor (Tur),1.49,2.53,completed,WORLD: Club Friendly,Men/Other,False,False,18:00Tofas (Tur) - Bursaspor (Tur) [**94-80**](https://www.flashscore.mobi/match/OvOaz5if/?s=5\&d=-6) [ [**1.49**](https://refpa86887.com/L?tag=s_227975m_355c_\&site=227975\&ad=355) | [2.53](https://refpa86887.com/L?tag=s_227975m_355c_\&site=227975\&ad=355) ],94,80,Pasted markdown (5)(1).md
AH1vZUZ7,Torun (Pol),Anwil Wloclawek (Pol),2.06,1.68,completed,WORLD: Club Friendly,Men/Other,False,False,18:00Torun (Pol) - Anwil Wloclawek (Pol) [**85-91**](https://www.flashscore.mobi/match/AH1vZUZ7/?s=5\&d=-6) [ [2.06](https://refpa86887.com/L?tag=s_227975m_355c_\&site=227975\&ad=355) | [**1.68**](https://refpa86887.com/L?tag=s_227975m_355c_\&site=227975\&ad=355) ],85,91,Pasted markdown (5)(1).md
GEKixRMs,Cibona (Cro),Split (Cro),1.16,4.54,completed,WORLD: Club Friendly,Men/Other,False,False,19:00Cibona (Cro) - Split (Cro) [**94-77**](https://www.flashscore.mobi/match/GEKixRMs/?s=5\&d=-6) [ [**1.16**](https://refpa86887.com/L?tag=s_227975m_355c_\&site=227975\&ad=355) | [4.54](https://refpa86887.com/L?tag=s_227975m_355c_\&site=227975\&ad=355) ],94,77,Pasted markdown (5)(1).md
8SDntzOF,Crvena Zvezda Meridianbet (Srb),Aris (Gre),1.28,3.35,completed,WORLD: Club Friendly,Men/Other,False,False,19:00Crvena Zvezda Meridianbet (Srb) - Aris (Gre) [**91-87**](https://www.flashscore.mobi/match/8SDntzOF/?s=5\&d=-6) [ [**1.28**](https://refpa86887.com/L?tag=s_227975m_355c_\&site=227975\&ad=355) | [3.35](https://refpa86887.com/L?tag=s_227975m_355c_\&site=227975\&ad=355) ],91,87,Pasted markdown (5)(1).md
W0oH7m9L,Tubingen (Ger),Regio Basel (Sui),1.15,4.65,completed,WORLD: Club Friendly,Men/Other,False,False,19:00Tubingen (Ger) - Regio Basel (Sui) [**111-53**](https://www.flashscore.mobi/match/W0oH7m9L/?s=5\&d=-6) [ [**1.15**](https://refpa86887.com/L?tag=s_227975m_355c_\&site=227975\&ad=355) | [4.65](https://refpa86887.com/L?tag=s_227975m_355c_\&site=227975\&ad=355) ],111,53,Pasted markdown (5)(1).md
dhM7YrM6,Peristeri (Gre),AS Karditsas (Gre),1.26,3.49,completed,WORLD: Club Friendly,Men/Other,False,False,19:30Peristeri (Gre) - AS Karditsas (Gre) [**81-71**](https://www.flashscore.mobi/match/dhM7YrM6/?s=5\&d=-6) [ [**1.26**](https://refpa86887.com/L?tag=s_227975m_355c_\&site=227975\&ad=355) | [3.49](https://refpa86887.com/L?tag=s_227975m_355c_\&site=227975\&ad=355) ],81,71,Pasted markdown (5)(1).md
zZ9BfuTE,Panathinaikos (Gre),JL Bourg (Fra),1.19,4.5,completed,WORLD: Club Friendly,Men/Other,False,False,20:15Panathinaikos (Gre) - JL Bourg (Fra) [**90-69**](https://www.flashscore.mobi/match/zZ9BfuTE/?s=5\&d=-6) [ [**1.19**](https://refpa86887.com/L?tag=s_227975m_355c_\&site=227975\&ad=355) | [4.50](https://refpa86887.com/L?tag=s_227975m_355c_\&site=227975\&ad=355) ],90,69,Pasted markdown (5)(1).md
nuvSL5x1,CBK Mersin W (Tur),Emlak Konut W (Tur),2.43,1.45,completed,WORLD: Club Friendly Women,Women,False,False,14:00CBK Mersin W (Tur) - Emlak Konut W (Tur) [**79-88**](https://www.flashscore.mobi/match/nuvSL5x1/?s=5\&d=-6) [ [2.43](https://refpa86887.com/L?tag=s_227975m_355c_\&site=227975\&ad=355) | [**1.45**](https://refpa86887.com/L?tag=s_227975m_355c_\&site=227975\&ad=355) ],79,88,Pasted markdown (5)(1).md
pWTLsmaK,Ormanspor W (Tur),Besiktas W (Tur),1.45,2.43,completed,WORLD: Club Friendly Women,Women,False,False,16:15Ormanspor W (Tur) - Besiktas W (Tur) [**58-63**](https://www.flashscore.mobi/match/pWTLsmaK/?s=5\&d=-6) [ [1.45](https://refpa86887.com/L?tag=s_227975m_355c_\&site=227975\&ad=355) | [**2.43**](https://refpa86887.com/L?tag=s_227975m_355c_\&site=227975\&ad=355) ],58,63,Pasted markdown (5)(1).md
xMdPJITs,Vicenza W (Ita),Golfobasket W (Ita),1.62,2.04,completed,WORLD: Club Friendly Women,Women,False,False,19:30Vicenza W (Ita) - Golfobasket W (Ita) [**62-73**](https://www.flashscore.mobi/match/xMdPJITs/?s=5\&d=-6) [ [1.62](https://refpa86887.com/L?tag=s_227975m_355c_\&site=227975\&ad=355) | [**2.04**](https://refpa86887.com/L?tag=s_227975m_355c_\&site=227975\&ad=355) ],62,73,Pasted markdown (5)(1).md
4p0DHzyJ,VEF Riga,Dziki Warszawa,2.29,1.63,completed,Unknown,Men/Other,False,False,13:15VEF Riga - Dziki Warszawa [**95-102**](https://www.flashscore.mobi/match/4p0DHzyJ/?s=5\&d=-7) [ [2.29](https://refpa86887.com/L?tag=s_227975m_355c_\&site=227975\&ad=355) | [**1.63**](https://refpa86887.com/L?tag=s_227975m_355c_\&site=227975\&ad=355) ],95,102,Pasted markdown (2)(3).md
bZ3SFRoA,Manchester Basketball,Breogan,12.7,1.03,completed,Unknown,Men/Other,False,False,15:30Manchester Basketball - Breogan [**84-105**](https://www.flashscore.mobi/match/bZ3SFRoA/?s=5\&d=-7) [ [12.70](https://refpa86887.com/L?tag=s_227975m_355c_\&site=227975\&ad=355) | [**1.03**](https://refpa86887.com/L?tag=s_227975m_355c_\&site=227975\&ad=355) ],84,105,Pasted markdown (2)(3).md
ruaKKcgc,Promitheas,Korfez Basket,1.57,2.42,completed,Unknown,Men/Other,False,False,17:45Promitheas - Korfez Basket [**94-93**](https://www.flashscore.mobi/match/ruaKKcgc/?s=5\&d=-7) [ [**1.57**](https://refpa86887.com/L?tag=s_227975m_355c_\&site=227975\&ad=355) | [2.42](https://refpa86887.com/L?tag=s_227975m_355c_\&site=227975\&ad=355) ],94,93,Pasted markdown (2)(3).md
ObQ85Pr9,Benfica,Vechta,2.94,1.4,completed,Unknown,Men/Other,False,False,20:00Benfica - Vechta [**88-98**](https://www.flashscore.mobi/match/ObQ85Pr9/?s=5\&d=-7) [ [2.94](https://refpa86887.com/L?tag=s_227975m_355c_\&site=227975\&ad=355) | [**1.40**](https://refpa86887.com/L?tag=s_227975m_355c_\&site=227975\&ad=355) ],88,98,Pasted markdown (2)(3).md
MqRYE4iS,Indonesia W,Thailand W,1.23,3.74,completed,ASIA: Asian Games Women,Women,False,False,06:00Indonesia W - Thailand W [**61-52**](https://www.flashscore.mobi/match/MqRYE4iS/?s=5\&d=-7) [ [**1.23**](https://refpa86887.com/L?tag=s_227975m_355c_\&site=227975\&ad=355) | [3.74](https://refpa86887.com/L?tag=s_227975m_355c_\&site=227975\&ad=355) ],61,52,Pasted markdown (2)(3).md
hn8bVPy9,Philippines W,Kazakhstan W,1.03,7.32,completed,ASIA: Asian Games Women,Women,False,False,09:00Philippines W - Kazakhstan W [**86-58**](https://www.flashscore.mobi/match/hn8bVPy9/?s=5\&d=-7) [ [**1.03**](https://refpa86887.com/L?tag=s_227975m_355c_\&site=227975\&ad=355) | [7.32](https://refpa86887.com/L?tag=s_227975m_355c_\&site=227975\&ad=355) ],86,58,Pasted markdown (2)(3).md
MTMVX7jo,Naviera Ulloa,Las Animas,2.99,1.34,completed,CHILE: LNB - Clausura - Losers,Men/Other,False,False,00:30Naviera Ulloa - Las Animas [**77-68**](https://www.flashscore.mobi/match/MTMVX7jo/?s=5\&d=-7) [ [**2.99**](https://refpa86887.com/L?tag=s_227975m_355c_\&site=227975\&ad=355) | [1.34](https://refpa86887.com/L?tag=s_227975m_355c_\&site=227975\&ad=355) ],77,68,Pasted markdown (2)(3).md
EN9HeBrh,AbandonedColo Colo,Catolica,1.29,3.27,completed,CHILE: LNB - Clausura - Losers,Men/Other,False,False,01:00AbandonedColo Colo - Catolica [**59-57**](https://www.flashscore.mobi/match/EN9HeBrh/?s=5\&d=-7) [ [1.29](https://refpa86887.com/L?tag=s_227975m_355c_\&site=227975\&ad=355) | [3.27](https://refpa86887.com/L?tag=s_227975m_355c_\&site=227975\&ad=355) ],59,57,Pasted markdown (2)(3).md
EonSOUDU,Puerto Montt,CD Puerto Varas,1.41,2.69,completed,CHILE: LNB - Clausura - Winners,Men/Other,False,False,01:30Puerto Montt - CD Puerto Varas [**82-78**](https://www.flashscore.mobi/match/EonSOUDU/?s=5\&d=-7) [ [**1.41**](https://refpa86887.com/L?tag=s_227975m_355c_\&site=227975\&ad=355) | [2.69](https://refpa86887.com/L?tag=s_227975m_355c_\&site=227975\&ad=355) ],82,78,Pasted markdown (2)(3).md
tYmKQjqI,Ancud,Espanol Osorno,1.77,1.92,completed,CHILE: LNB - Clausura - Winners,Men/Other,False,False,02:30Ancud - Espanol Osorno [**74-65**](https://www.flashscore.mobi/match/tYmKQjqI/?s=5\&d=-7) [ [**1.77**](https://refpa86887.com/L?tag=s_227975m_355c_\&site=227975\&ad=355) | [1.92](https://refpa86887.com/L?tag=s_227975m_355c_\&site=227975\&ad=355) ],74,65,Pasted markdown (2)(3).md
KMF9usI8,Plzen,Decin,9.9,1.01,completed,CZECH REPUBLIC: NBL,Men/Other,False,False,18:00Plzen - Decin [**79-109**](https://www.flashscore.mobi/match/KMF9usI8/?s=5\&d=-7) [ [9.90](https://refpa86887.com/L?tag=s_227975m_355c_\&site=227975\&ad=355) | [**1.01**](https://refpa86887.com/L?tag=s_227975m_355c_\&site=227975\&ad=355) ],79,109,Pasted markdown (2)(3).md
WrO5uytT,Holbaek-Stenhus,Randers,10.0,1.03,completed,DENMARK: Basketligaen,Men/Other,False,False,19:00Holbaek-Stenhus - Randers [**84-100**](https://www.flashscore.mobi/match/WrO5uytT/?s=5\&d=-7) [ [10.00](https://refpa86887.com/L?tag=s_227975m_355c_\&site=227975\&ad=355) | [**1.03**](https://refpa86887.com/L?tag=s_227975m_355c_\&site=227975\&ad=355) ],84,100,Pasted markdown (2)(3).md
QHLEXlAL,Svendborg,Horsens,1.49,2.53,completed,DENMARK: Basketligaen,Men/Other,False,False,19:00Svendborg - Horsens [**70-92**](https://www.flashscore.mobi/match/QHLEXlAL/?s=5\&d=-7) [ [1.49](https://refpa86887.com/L?tag=s_227975m_355c_\&site=227975\&ad=355) | [**2.53**](https://refpa86887.com/L?tag=s_227975m_355c_\&site=227975\&ad=355) ],70,92,Pasted markdown (2)(3).md
AqS7yhmp,Bnei Herzliya,Maccabi Rishon,1.42,2.66,completed,ISRAEL: League Cup,Men/Other,False,False,17:00Bnei Herzliya - Maccabi Rishon [**99-79**](https://www.flashscore.mobi/match/AqS7yhmp/?s=5\&d=-7) [ [**1.42**](https://refpa86887.com/L?tag=s_227975m_355c_\&site=227975\&ad=355) | [2.66](https://refpa86887.com/L?tag=s_227975m_355c_\&site=227975\&ad=355) ],99,79,Pasted markdown (2)(3).md
MDEXEhQ1,Maccabi Tel Aviv,Hapoel Tel Aviv,1.71,1.99,completed,ISRAEL: Super Cup,Men/Other,False,False,19:55Maccabi Tel Aviv - Hapoel Tel Aviv [**101-83**](https://www.flashscore.mobi/match/MDEXEhQ1/?s=5\&d=-7) [ [**1.71**](https://refpa86887.com/L?tag=s_227975m_355c_\&site=227975\&ad=355) | [1.99](https://refpa86887.com/L?tag=s_227975m_355c_\&site=227975\&ad=355) ],101,83,Pasted markdown (2)(3).md
n7hXVquQ,Gargzdai,Zalgiris Kaunas,12.0,1.02,completed,LITHUANIA: LKL,Men/Other,False,False,17:50Gargzdai - Zalgiris Kaunas [**77-98**](https://www.flashscore.mobi/match/n7hXVquQ/?s=5\&d=-7) [ [12.00](https://refpa86887.com/L?tag=s_227975m_355c_\&site=227975\&ad=355) | [**1.02**](https://refpa86887.com/L?tag=s_227975m_355c_\&site=227975\&ad=355) ],77,98,Pasted markdown (2)(3).md
SSv46Wld,Diablos Rojos,Correcaminos,1.2,4.0,completed,MEXICO: LNBP,Men/Other,False,False,23:15Diablos Rojos - Correcaminos [**96-91**](https://www.flashscore.mobi/match/SSv46Wld/?s=5\&d=-7) [ [**1.20**](https://refpa86887.com/L?tag=s_227975m_355c_\&site=227975\&ad=355) | [4.00](https://refpa86887.com/L?tag=s_227975m_355c_\&site=227975\&ad=355) ],96,91,Pasted markdown (2)(3).md
4AXrJ9Y1,Fuerza Regia,Mineros,1.44,2.59,completed,MEXICO: LNBP,Men/Other,False,False,03:15Fuerza Regia - Mineros [**87-84**](https://www.flashscore.mobi/match/4AXrJ9Y1/?s=5\&d=-7) [ [**1.44**](https://refpa86887.com/L?tag=s_227975m_355c_\&site=227975\&ad=355) | [2.59](https://refpa86887.com/L?tag=s_227975m_355c_\&site=227975\&ad=355) ],87,84,Pasted markdown (2)(3).md
SnVcSDBF,Dorados,El Calor de Cancun,1.53,2.34,completed,MEXICO: LNBP,Men/Other,False,False,04:00Dorados - El Calor de Cancun [**97-86**](https://www.flashscore.mobi/match/SnVcSDBF/?s=5\&d=-7) [ [**1.53**](https://refpa86887.com/L?tag=s_227975m_355c_\&site=227975\&ad=355) | [2.34](https://refpa86887.com/L?tag=s_227975m_355c_\&site=227975\&ad=355) ],97,86,Pasted markdown (2)(3).md
WGPUtDQ8,Gambusinos,Santos,1.78,1.9,completed,MEXICO: LNBP,Men/Other,False,False,04:00Gambusinos - Santos [**78-109**](https://www.flashscore.mobi/match/WGPUtDQ8/?s=5\&d=-7) [ [1.78](https://refpa86887.com/L?tag=s_227975m_355c_\&site=227975\&ad=355) | [**1.90**](https://refpa86887.com/L?tag=s_227975m_355c_\&site=227975\&ad=355) ],78,109,Pasted markdown (2)(3).md
MVyd8hKq,Panteras,Astros,2.25,1.57,completed,MEXICO: LNBP,Men/Other,False,False,04:30Panteras - Astros [**95-83**](https://www.flashscore.mobi/match/MVyd8hKq/?s=5\&d=-7) [ [**2.25**](https://refpa86887.com/L?tag=s_227975m_355c_\&site=227975\&ad=355) | [1.57](https://refpa86887.com/L?tag=s_227975m_355c_\&site=227975\&ad=355) ],95,83,Pasted markdown (2)(3).md
zicqvd74,Unics Kazan,Zenit Petersburg,1.41,3.02,completed,RUSSIA: VTB Super Cup,Men/Other,False,False,16:00Unics Kazan - Zenit Petersburg [**78-73**](https://www.flashscore.mobi/match/zicqvd74/?s=5\&d=-7) [ [**1.41**](https://refpa86887.com/L?tag=s_227975m_355c_\&site=227975\&ad=355) | [3.02](https://refpa86887.com/L?tag=s_227975m_355c_\&site=227975\&ad=355) ],78,73,Pasted markdown (2)(3).md
GUbazE6T,CSKA Moscow,Igokea,1.09,7.9,completed,RUSSIA: VTB Super Cup,Men/Other,False,False,19:00CSKA Moscow - Igokea [**92-81**](https://www.flashscore.mobi/match/GUbazE6T/?s=5\&d=-7) [ [**1.09**](https://refpa86887.com/L?tag=s_227975m_355c_\&site=227975\&ad=355) | [7.90](https://refpa86887.com/L?tag=s_227975m_355c_\&site=227975\&ad=355) ],92,81,Pasted markdown (2)(3).md
4lYBlyCd,Cedevita Olimpija,KK Krka Novo mesto,1.24,3.65,completed,SLOVENIA: Supercup,Men/Other,False,False,20:00Cedevita Olimpija - KK Krka Novo mesto [**67-71**](https://www.flashscore.mobi/match/4lYBlyCd/?s=5\&d=-7) [ [1.24](https://refpa86887.com/L?tag=s_227975m_355c_\&site=227975\&ad=355) | [**3.65**](https://refpa86887.com/L?tag=s_227975m_355c_\&site=227975\&ad=355) ],67,71,Pasted markdown (2)(3).md
dfFLTZcS,Lanus (Arg),La Union (Arg),1.48,2.34,completed,WORLD: Club Friendly,Men/Other,False,False,16:00Lanus (Arg) - La Union (Arg) [**70-76**](https://www.flashscore.mobi/match/dfFLTZcS/?s=5\&d=-7) [ [1.48](https://refpa86887.com/L?tag=s_227975m_355c_\&site=227975\&ad=355) | [**2.34**](https://refpa86887.com/L?tag=s_227975m_355c_\&site=227975\&ad=355) ],70,76,Pasted markdown (2)(3).md
WCmi78fJ,Besiktas W (Tur),Emlak Konut W (Tur),1.87,1.72,completed,WORLD: Club Friendly Women,Women,False,False,14:00Besiktas W (Tur) - Emlak Konut W (Tur) [**57-66**](https://www.flashscore.mobi/match/WCmi78fJ/?s=5\&d=-7) [ [1.87](https://refpa86887.com/L?tag=s_227975m_355c_\&site=227975\&ad=355) | [**1.72**](https://refpa86887.com/L?tag=s_227975m_355c_\&site=227975\&ad=355) ],57,66,Pasted markdown (2)(3).md
O6zwVBnQ,Ormanspor W (Tur),CBK Mersin W (Tur),2.53,1.42,completed,WORLD: Club Friendly Women,Women,False,False,16:15Ormanspor W (Tur) - CBK Mersin W (Tur) [**83-75**](https://www.flashscore.mobi/match/O6zwVBnQ/?s=5\&d=-7) [ [**2.53**](https://refpa86887.com/L?tag=s_227975m_355c_\&site=227975\&ad=355) | [1.42](https://refpa86887.com/L?tag=s_227975m_355c_\&site=227975\&ad=355) ],83,75,Pasted markdown (2)(3).md
Wjd0yiye,Gorzow W (Pol),Syntainics MBC W (Ger),1.08,5.18,completed,WORLD: Club Friendly Women,Women,False,False,19:30Gorzow W (Pol) - Syntainics MBC W (Ger) [**70-55**](https://www.flashscore.mobi/match/Wjd0yiye/?s=5\&d=-7) [ [**1.08**](https://refpa86887.com/L?tag=s_227975m_355c_\&site=227975\&ad=355) | [5.18](https://refpa86887.com/L?tag=s_227975m_355c_\&site=227975\&ad=355) ],70,55,Pasted markdown (2)(3).md
