match_id,home,away,home_goals,away_goals,H,D,A
tvipQ5Ds,Lesotho U20,Angola U20,0,5,39.0,21.0,1.02
p85EVRkK,South Africa U20,Eswatini U20,2,0,1.16,7.91,12.7
tCCaMNC6,Malawi U20,Comoros U20,2,1,1.28,6.03,8.38
l4fhOqrf,Zambia U20,Botswana U20,3,1,1.18,7.28,11.4
AcTCia2K,China U23,United Arab Emirates U23,0,0,2.02,3.12,3.94
vDJrnwQs,Iran U23,North Korea U23,1,4,1.57,3.76,6.01
riyRTeAD,Japan U23,Thailand U23,3,0,1.11,8.9,18.7
AwwJVHu1,Kyrgyzstan U23,Hong Kong U23,4,0,1.5,4.52,5.47
fwaqbTmC,Italy U20 W,Spain U20 W,0,2,6.79,4.39,1.44
YPgoKPef,North Korea U20 W,Colombia U20 W,3,0,1.09,11.0,18.1
vBIoACQs,Central Cordoba 2,Atl. Tucuman 2,0,1,2.52,3.36,2.68
nyMg8jef,Aldosivi 2,Quilmes 2,0,1,2.64,3.37,2.54
xrpUiVAD,Defensa y Justicia 2,Tigre 2,2,1,1.83,3.34,4.52
OvxT93Wb,Gimnasia L.P. 2,Estudiantes L.P. 2,2,0,2.57,3.26,2.68
KlK16UP6,Sarmiento Junin 2,Atl. Rafaela 2,3,1,2.18,3.22,3.33
MiwEeDBl,Lanus 2,Banfield 2,2,1,1.73,4.03,4.14
AFKD4TBG,Belgrano 2,Talleres Cordoba 2,1,1,2.57,3.26,2.68
xQzoNoJt,Lanus W,River Plate W,0,0,4.84,3.57,1.68
WbAG8ncS,Iraq,Oman,1,1,1.95,2.83,5.73
boC8A8SF,Saudi Arabia,Kuwait,1,0,1.33,5.21,10.2
OUrBkM6m,Stammersdorf,Sportunion Mauer,0,2,8.25,5.0,1.27
vwalzNSN,Thimphu City,Transport United,3,0,1.43,4.86,5.63
ITk0GfOM,Nacional Potosi,Real Potosi,0,1,2.06,3.75,3.15
KxInFUUr,Drina Zvornik,Prijedor,1,0,1.47,3.84,5.94
vsqy8DNF,Majevica,Laktasi,1,1,10.3,5.0,1.23
GtT8MCx9,Slavija,Kozara,0,0,1.66,3.54,4.47
KlfMo4PO,Criciuma,Operario-PR,0,2,1.99,3.18,3.97
8tLJOpWg,Brasil de Pelotas,GE Gloria,2,0,1.55,3.72,5.95
OWRZK2VI,Gramadense,Pelotas,1,1,2.07,3.1,3.62
KrRnAoH0,Esportivo,Gaucho,2,1,1.89,3.26,4.08
CINvC7nl,Lajeadense,Veranopolis,0,1,3.86,3.03,2.03
hdPf8PoD,Passo Fundo,EC Guarani,2,1,1.71,3.63,4.5
K2HtWSwK,Santa Cruz RS,Apafut,2,2,2.06,3.09,3.7
zTMBQ61s,Frederiquense,Aimore,2,0,2.13,2.98,3.63
nDL51pnD,Gremio Anapolis,Bom Jesus,2,2,4.89,3.71,1.65
OC5wGq16,Sao Luis,Trindade,1,1,2.06,3.3,3.41
Gn2VH5Wg,Goiania,Morrinhos,2,1,2.12,3.1,3.51
SdKYPdhC,ESMAC,Pedreira,0,5,12.2,8.6,1.08
jJq849Er,Sao Paulo Crystal,Spartax,4,3,3.28,2.75,2.32
b3ZDcHVA,Madureira,Sampaio Correa FE,0,2,2.54,3.17,2.78
ATmUvlod,Barra FC,Nacao,3,3,1.33,4.96,7.83
SWMqPd5E,Gremio Prudente U20,CA Juventus U20,0,0,2.92,3.55,2.19
nVnhcOzq,Confianca U20,Desportiva Aracaju U20,1,3,2.0,3.39,3.49
O8PWIxHN,Itabirito W,Cruzeiro W,3,3,5.42,4.65,1.47
vFbX5q8r,Neftochimic Burgas,Lok. Plovdiv II,3,0,1.35,4.8,8.15
Ain7bPo1,D. Puerto Montt,Nublense,2,0,2.92,3.23,2.4
hbMvDO0f,A. Italiano,Colo Colo,0,0,4.28,3.81,1.74
l2X0K68K,Cobreloa,Coquimbo,1,2,3.19,3.7,2.06
nsmzpQW7,Curico Unido,D. Concepcion,0,4,2.82,3.45,2.35
xzAb0zgA,Ind. Medellin,Jaguares de Cordoba,2,1,1.37,5.33,8.22
WdaliiXg,Santa Fe,Dep. Cali,0,1,1.96,3.39,4.21
bRsy37rJ,Atletico F.C.,Tigres,0,3,2.89,3.01,2.56
j1vT4TD6,Ind. Valle del Cauca,Inter Palmira,0,1,2.71,3.02,2.71
O4ZMQAzQ,Real Santander,Orsomarso,0,0,2.22,3.13,3.34
MRDP469s,SK Kladno,Ostrava,1,2,5.21,4.69,1.48
GI0syBB4,Meteor Prague,Sokolov,0,1,2.73,4.06,2.14
vXVFxOn9,Ostrov,Brandys n. Labem,2,3,2.22,4.02,2.63
p4iMGSZI,Vykan,Slavia HK,1,3,1.46,5.16,4.9
p41OOO8r,Salcedo,Cibao,0,0,3.14,3.25,2.26
WKaWM2we,Universidad O&M,Atlantico,3,1,1.29,5.4,6.84
vo3vLt87,Moca,Delfines Del Este,1,1,2.21,3.29,3.19
WvjQrp0E,Vega Real,Jarabacoa,3,1,1.37,5.54,6.37
zoKl6Kb4,Crystal Palace W,Watford W,1,0,1.16,8.19,12.0
2XLt8tUi,Everton W,Birmingham W,2,0,1.92,3.41,3.93
rBNd4bTG,Liverpool W,Sunderland W,4,2,1.18,6.86,12.7
QirPkaEN,Manchester Utd W,Sheffield Utd W,10,1,1.04,15.0,41.0
nskUojDk,Nottingham W,Aston Villa W,0,2,4.03,3.82,1.78
KfmxpUs2,Leicester W,London City Lionesses W,0,2,22.0,8.75,1.1
n1uO7XZ8,Brighton W,Charlton W,4,0,1.25,5.94,10.3
84edMU04,Middlesbrough U21,Genk U21,1,1,2.7,4.19,2.18
ziclOjWi,West Ham U21,Valencia B,2,0,2.64,4.01,2.27
2sVdPldf,Leuven W,AS Roma W,0,0,5.17,4.48,1.53
IFfhi4pB,Servette Geneve FC W,OL Lyonnes W,0,8,51.0,23.0,1.02
CvejSdBr,Barcelona W,Paris FC W,5,2,1.03,13.0,100.0
f1NKO2mg,Chelsea W,Austria Vienna W,1,0,1.02,19.0,51.0
j1CqWIPM,FC Kharkiv W,Torreense W,1,2,5.39,4.45,1.49
niflWwsK,PAOK W,Myjava W,2,3,1.5,4.34,5.43
YkL2aKlo,Liberec W,Rosenborg W,3,1,6.51,4.69,1.4
lGU8Apcn,HJK W,Brann W,0,2,6.51,4.69,1.4
YmdNOzId,Breidablik W,Czarni Sosnowiec W,2,6,1.9,3.8,3.46
UgWO62dB,Brondby W,Sporting W,4,1,2.78,3.6,2.26
CGpydorg,Sparta Prague W,Farul Constanta W,4,1,1.1,8.53,17.1
Wv0sLDYI,St. Polten W,Malmo FF W,0,2,4.01,4.01,1.72
SjDCHJAT,Feyenoord W,Valerenga W,4,1,2.98,3.63,2.13
jmqSOeZg,Hammarby W,Rangers W,2,0,1.28,5.84,7.96
fHwawelm,PSV W,Fortuna Hjorring W,1,0,1.52,4.21,5.39
nX3fAdK0,Wolfsburg W,Sturm Graz W,6,1,1.02,17.0,23.0
zB5TZ0Qc,Ajax W,Aktobe W,8,0,1.06,10.9,22.0
nDBdL1B4,Hearts W,Real Sociedad W,0,0,6.44,5.15,1.37
xzrHWQyc,Dreams,Medeama,2,2,1.6,3.82,4.51
Y3vDXheA,Mohun Bagan,Sreenidi Deccan,6,0,1.22,6.24,9.88
YyUMwrG6,Hapoel Karmiel,Ironi Nesher,1,1,2.61,3.55,2.4
KhSUyMpJ,Nahariya,Maccabi Neve Shaanan Eldad,3,0,1.81,3.51,4.13
naKGaPxQ,MS Tira,Hapoel Bnei Musmus,1,1,1.66,3.82,4.65
hbS6sQGs,Ironi Baka,Hapoel Tirat Karmel,3,1,1.92,3.73,3.43
vo5v2SqR,Hapoel Azor,Hapoel Mahane Yehuda,2,0,1.88,3.48,3.84
8Qxb7NL6,H. Marmorek,Shimshon Tel Aviv,1,2,4.89,3.4,1.72
h2nYnnF6,Ironi Beit Shemesh,Nordia Jerusalem,1,0,1.57,4.2,4.86
ATeAd67l,SC Dimona,M. Ironi Kiryat Malachi,1,5,2.08,3.33,3.33
IgaIfpx1,Hapoel Herzliya,Tzeirei Tira,1,0,1.9,3.51,3.72
6X6W3lFE,Ramat Hasharon,Hapoel Sderot,1,0,2.01,3.6,3.29
QZlUzUfo,Brescia W,Venezia W,0,0,1.55,4.33,4.9
zg0G0pvA,Gamba Osaka,Tokushima,5,0,1.5,4.37,5.72
xdJSkTPi,Kashima Antlers,Kofu,3,1,1.18,7.28,11.4
S0INbO8M,Kashiwa Reysol,Imabari,4,0,1.22,5.75,13.2
44Gbz3re,Kyoto,Fujieda MYFC,1,0,1.76,3.72,4.34
pMMzl7f4,Machida,Tochigi City,2,1,1.28,6.39,7.77
zZ9Mv3Hj,Vissel Kobe,Sagan Tosu,1,0,1.55,3.87,6.06
OYIRi4VF,Beleza W,Albirex Niigata W,1,3,1.58,4.24,4.66
G8FJgQ03,JEF United W,Inac Kobe Leonesa W,3,2,3.43,3.94,1.87
OESXVM8d,Omiya Ardija W,Mynavi Sendai W,1,2,2.12,3.21,3.36
GlPPXrvp,Urawa W,Parceiro Nagano W,2,0,1.32,4.82,8.63
Q175pMNk,C-Osaka W,Sanfrecce Hiroshima W,3,0,2.89,3.2,2.37
buVVxwTg,IJsselmeervogels,Gemert,0,3,1.3,5.23,9.46
YyEZzdt9,Sparta Nijkerk,UDI'19,3,1,2.01,4.36,2.92
Y38tFEJk,TOGB,Raalte,4,6,3.01,5.51,1.8
6kCsZZAL,VV Zwaluwen,Purmersteijn,0,1,2.29,4.18,2.54
fF4I3AZH,Barau,Abia Warriors,2,0,1.57,3.58,6.13
rDIWH0fS,Enyimba,Sporting Lagos,2,3,1.65,3.47,5.36
zmFOJMPF,Inter Lagos,Kano Pillars,1,1,2.38,2.69,3.15
rL6Na1Yq,Niger Tornadoes,Warri Wolves,0,0,1.46,3.79,7.69
WbEy95Bc,Rangers Int'l,Ranchers Bees,1,0,1.5,3.81,6.7
zTOUcu3d,Shooting,Katsina Utd,2,0,1.39,3.97,9.16
213seTNq,Turks and Caicos Islands,Montserrat,0,2,12.7,6.67,1.19
rZDmBuEs,Bahamas,Saint Martin,0,8,20.0,8.02,1.12
hxV8LjdR,Bregalnica Stip,FK Skopje,1,0,1.56,4.05,5.19
SbP4cfk2,2 de Mayo,Sol de America,0,4,1.83,3.55,4.17
foRdaGKk,San Lorenzo,4 de Mayo,2,1,1.25,6.64,8.68
23QOsi33,AD Tarma,Cienciano,2,1,3.19,3.59,2.1
fZ8CSBmn,CSM Vaslui,Targu Secuiesc,3,1,1.49,4.64,5.16
zDASOTnB,Odorheiu,Aerostar,2,0,1.63,4.05,4.5
MmXTfvQ8,Kids Tampa Brasov,Olimpic Zarnesti,0,1,4.6,4.43,1.57
Sna1xW9s,Inter Sibiu,Sepsi Sf. Gheorghe 2,4,1,1.7,4.12,4.01
WjOojaXA,CSM Ramnicu Sarat,Vointa Crevedia,1,6,2.98,3.83,2.07
tp0B6KHi,Titu,Viitorul Corbeanca,0,0,1.95,3.91,3.19
nmYTUIyq,Agigea,Unirea Branistea,2,1,2.23,3.83,2.7
K0WyTd6e,Inainte Modelu,Portul Constanta,4,3,1.22,6.38,9.56
fXRVlvTE,Otelul 2,Gloria Baneasa,1,2,2.81,3.46,2.3
bo2AU9s0,Progresul Fundulea,Axiopolis Cernavoda,4,0,2.25,3.74,2.44
tx2O16HP,Omega Sport,Mogosoaia,1,0,1.9,3.62,3.62
f9NmUaQc,CS Drobeta-Turnu Severin,Farcasesti,3,2,1.72,4.12,3.91
Kxny899e,Petrolul Hartiesti,Unirea Bascov,0,6,3.0,3.65,1.99
pWNPFUbC,Viitorul Arad,Ghiroda & Giarmata Vii,1,1,2.18,3.62,2.9
GMl2VJiT,Academica Recea,Transilvania Sport Academy,7,1,1.9,4.0,3.29
ChzYPcFj,Unirea Dej,Viitorul Cluj,0,2,2.78,4.23,2.06
AetRC3vJ,Rubin Kazan U19,Krasnodar U19,2,4,8.51,4.71,1.35
x2pAndB5,Cumnock Juniors,Troon FC,4,0,1.97,4.02,3.09
b98CExH0,Hamilton,Cowdenbeath,1,0,1.1,8.46,16.9
dbukyQsT,Djerdap Golubac,Napredak,0,2,2.05,3.7,3.16
EJorZHfo,Radnicki Valjevo,Zlatibor Cajetina,2,0,1.87,3.45,4.0
Im0CvvXN,Sloga Pozega,Real Podunavci,0,0,2.28,3.45,2.87
QDVKV35j,Sumadija 1903,Buducnost Krusik,1,4,1.61,3.95,4.96
I7I6g7cc,Zeleznicar Lajkovac,Radevac,2,2,1.41,4.6,6.65
AgiOW5h2,FK 05 Levoca,L. Mikulas,0,2,27.0,18.7,1.01
4GOWNhdS,Videm,Hajdina,2,2,2.01,3.86,3.09
WndmbWhl,Peru U19,Argentina U19,0,1,7.55,4.3,1.4
vDaedAN0,Paraguay U19,Chile U19,1,0,2.29,3.56,2.75
rNqbGsu0,Seoul W,Hwacheon W,1,1,4.63,4.21,1.59
h0XEGeCs,Sant Andreu,Real Madrid B,1,1,3.02,3.23,2.34
WnhWDZDF,Saguntino,Navalcarnero,0,4,2.64,3.21,2.64
dd8GgKuH,Sandviken W,Umea W,2,6,4.36,4.3,1.64
4ID2s5Q0,Al Arabi,Emirates Club,3,2,1.86,3.42,3.59
SSCZe4uf,Al Bataeh,Palm City,0,2,1.8,3.64,3.59
nc9khMvJ,Al Jazira Hamra,Forte Virtus,1,0,5.5,3.84,1.5
0tBsfrA6,Gulf United,Al Fujairah,2,4,3.18,3.24,2.06
MNHQopcB,Boston River,Fenix,3,2,1.97,3.32,3.84
hAvbTysp,Liverpool M.,Colon,3,0,1.42,4.21,7.89
MefpuQwI,Birmingham,Brooklyn,4,0,1.63,4.26,4.5
rieOWDtI,Azerbaijan,Tajikistan,1,0,1.74,3.57,5.06
MP8ki7KE,Gibraltar,Sao Tome and Principe,0,0,1.53,4.41,5.91
ddAlzbx9,Wiedenbruck (Ger),VfL Osnabruck (Ger),0,3,7.75,6.62,1.28
pCPYSA3s,Fiji W,Solomon Islands W,0,1,2.02,3.64,2.95
zia9jroA,Uganda U20,Sudan U20,2,3,1.61,3.83,5.43
6wMtYZUr,Tanzania U20,Burundi U20,2,0,1.54,4.58,5.02
WpFK9pT0,Namibia U20,Seychelles U20,3,0,1.17,8.02,11.0
6TYuw0mR,Philippines U23,Kuwait U23,2,1,5.25,4.55,1.52
2DZAXwBl,Vietnam U23,Uzbekistan U23,0,2,5.22,2.5,2.09
YFzYvMIE,South Korea U23,Saudi Arabia U23,2,0,1.3,6.0,7.62
UZiQoNRE,Biskra,Saoura,0,0,2.34,2.54,4.04
xSbMQTjS,Barracas Central,Ind. Rivadavia,0,1,3.38,2.94,2.46
n1hNUKon,Lanus,Estudiantes L.P.,2,1,2.25,2.96,3.88
xWGlXP1n,Nueva Chicago,Patronato,1,1,1.75,3.24,5.31
bXQnlwWO,Uribelarrea,Nautico Hacoaj,5,0,2.21,3.18,3.18
jRwLBP1n,San Lorenzo 2,Huracan 2,0,2,2.26,3.25,3.14
z1UE0ago,Velez Sarsfield 2,Ferro 2,4,0,1.33,5.14,8.12
pEW3XIsm,Traiskirchen,Kremser,2,0,1.8,4.21,3.49
bFwBbEPQ,A. Klagenfurt,Donau Klagenfurt,2,1,1.33,5.95,6.21
EyeroRpB,Guabira,SA Bulo Bulo,2,1,1.66,4.16,4.37
M1bjq5FN,Independiente,Tomayapo,5,1,2.03,3.74,3.22
GMxF0VFk,Leotar,Famos Vojkovici,3,0,1.44,3.95,6.2
2Liw4oug,Cuiaba,Nautico,3,0,1.98,3.36,3.76
YRdYEvVF,Clube 1992,Panambi,1,2,4.66,3.73,1.67
zXjSJzU9,Nacional de Muriae,Santarritense,3,0,1.37,4.64,7.49
fk7EmNaE,Juventus-SP,Uniao Sao Joao,1,1,1.94,3.4,3.87
lp4w9URi,Corinthians W,Bahia W,1,0,1.33,5.4,7.56
zRR8H6cC,Real Cundinamarca,Quindio,3,1,1.86,3.22,4.52
KzLhLlbm,Cartagena,Envigado,0,0,1.82,3.44,4.38
jLnFVdsj,Pitbulls,Cariari Pococi,1,0,2.12,3.51,3.1
hn2QlaQ6,Aarhus W,Nordsjaelland W,0,2,17.0,9.5,1.09
vmzmqQD4,Cleethorpes,Redcar Athletic,1,1,2.48,3.54,2.61
4QLHsYgc,Leek,Hyde,2,1,2.57,3.46,2.57
GpBGLbDd,Anstey Nomads,Alvechurch,2,2,2.2,3.66,2.93
ri32q253,Bury Town,Hitchin,1,0,1.41,4.75,5.27
KE5mzbSk,Leiston,Peterborough Sports,0,2,2.12,3.62,3.1
Sv9eYyc2,Rushall,Kettering,3,2,3.12,3.74,2.08
S0ACNu0s,Stourbridge,Real Bedford,1,4,4.08,4.29,1.69
YcDKLJUg,Stratford,Bromsgrove,2,3,4.48,3.83,1.71
6BBSJca6,Worcester,Banbury,0,0,2.39,3.38,2.81
vsFgZjvJ,Berkhamsted,Hanworth,1,2,2.67,3.46,2.46
fRAIkCOa,Chichester,Chertsey,2,2,2.78,4.22,2.11
YwybVswo,Malvern Town,Gloucester,5,2,4.16,4.06,1.72
vyOqgoVi,Plymouth Parkway,Frome,2,0,2.05,3.48,3.0
KEPak3UG,Taunton,Bath,1,3,2.49,3.48,2.31
htBOMduP,Brentwood,Maldon & Tiptree,5,1,1.68,4.29,4.18
W4gQYHjA,Three Bridges,Leatherhead,3,3,3.63,3.84,1.75
Klbd3gfJ,Chippenham,Yate Town,2,1,2.39,3.74,2.6
2wF2q0oB,Dag & Red,Waltham Abbey,3,0,1.52,4.72,4.98
OSDnmrnn,Farnborough,Uxbridge,0,2,1.69,4.3,3.65
Y3YxTv1U,Gainsborough,Leamington,3,0,1.84,3.68,3.94
A3IAsvGN,Truro,Merthyr Town,2,0,1.88,3.91,3.55
0jzVU0WH,Wingate & Finchley,Hemel Hempstead,2,1,4.69,4.07,1.64
CjcS47Dl,Worksop,AFC Telford,5,2,2.06,3.82,3.1
Em3gOQ8m,Barnsley,Leeds U21,3,4,1.54,4.92,4.66
vwNszU66,Crewe,Aston Villa U21,4,1,1.6,4.34,4.65
ltfRSLIM,Gillingham,Cambridge Utd,1,4,4.65,4.48,1.58
xl1wyP9j,Leicester,Fulham U21,6,1,1.18,6.86,12.7
GIhX1hE6,Luton,Ipswich U21,6,0,1.18,6.86,12.7
2NWwfbHL,MK Dons,Crawley,4,1,1.3,5.83,7.61
KjskSZ9L,Notts County,Grimsby,2,1,2.5,3.68,2.5
MD61M4w0,Oldham,Fleetwood,1,0,2.13,3.74,3.01
Q55oBdiK,Peterborough,Colchester,3,1,1.44,4.61,6.41
YevLC9SO,Plymouth,Crystal Palace U21,5,1,1.38,5.32,6.33
hrnNADwe,Salford,Sheffield Wed,1,2,3.08,4.1,2.0
phZdIDbm,Swindon,Newport,0,2,1.96,3.69,3.49
lj57eyZq,Tranmere,Shrewsbury,1,0,2.92,3.25,2.38
4fgPbS1c,Walsall,Stevenage,1,6,4.0,3.59,1.85
rZFdqYqK,Wigan,Blackpool,3,2,2.56,3.96,2.35
dd2FlTLa,Bradford City,Newcastle Utd U21,2,1,1.14,8.75,12.5
fcTVeKn9,Bromley,Brentford U21,0,1,2.24,4.17,2.61
fyUd12nT,Charlton U21,Sheffield Utd U21,3,1,2.02,4.14,3.01
MNVl3OHG,Wigan U21,Coventry U21,2,2,2.99,4.95,1.88
EcSt5pm4,Bristol City U21,Hull U21,4,1,1.54,5.24,4.32
Ygs0anKs,Bayern Munich W,Manchester City W,2,2,1.74,4.4,3.75
W0o8uM3k,Inter W,Hacken W,1,0,1.98,3.67,3.42
WdX4ItqA,Arsenal W,Koge W,1,0,1.04,16.8,22.0
IelhnI2E,Juventus W,SL Benfica W,1,2,1.54,4.17,5.61
dUVuHBop,Real Madrid W,PSG W,1,1,1.64,4.29,4.4
W2WZLBUh,Mes Kerman,Saipa,0,1,3.08,2.71,2.41
OxTRNXat,Havadar SC,Besat Kermanshah,0,3,2.49,2.77,2.78
8daWzAve,Humble Lions,Waterhouse,0,5,3.77,3.66,1.89
GM2vZm97,Arnett Gardens,Dunbeholden,3,0,1.28,5.57,9.47
MknPUGgo,Reboceros de La Piedad,Irapuato,2,3,2.23,3.42,2.62
t8AjhumS,Atlante W,Queretaro W,2,1,2.68,3.36,2.52
dYFLnJAk,Club Leon W,Juarez W,0,2,2.71,3.54,2.4
UoETpcu2,Toluca W,Tigres UANL W,2,7,2.86,3.54,2.29
dh6F80X8,Santos Laguna W,Cruz Azul W,2,0,3.59,3.59,1.95
CnyfjvQE,UD Songo,Maxaquene,4,0,1.23,4.7,12.1
fir1Zr54,ACV Assen,Hoogeveen,2,1,1.37,4.75,7.99
WhTwyHc6,Eemdijk,Roosendaal,2,1,2.9,4.01,2.1
noogtiIl,EVV,Halsteren,3,1,1.9,3.78,3.58
zkMhpLzK,Excelsior 31,AFC '34,4,3,1.28,5.45,9.91
Gr4TPVX7,Groene Ster,AFC,1,6,4.0,4.33,1.7
6XCOvabs,GVVV,DVS '33 Ermelo,4,0,1.42,4.97,6.22
fXi7D1ro,Hardenberg,Barendrecht,0,1,1.57,4.0,5.49
rV5LRi3e,HFC,VV DOVO,3,1,1.73,3.74,4.49
jFaNoDfR,Rijnvogels,VVSB,0,1,2.16,3.81,2.91
xY2DTDYr,Sportlust,Excelsior Maassluis,0,2,3.06,3.85,2.07
rkdFmZPE,Staphorst,Genemuiden,2,3,3.09,3.59,2.14
zyjCwxsK,Skjetten,Skjervoy,6,1,1.28,6.35,7.18
Uya3CKF7,UMECIT,Union Cocle,1,0,2.18,3.12,3.43
dCjnIYTi,Encarnacion FC,Dep. Capiata,3,1,2.14,3.4,3.24
rqBLh6wH,Santa Clara U23,Portimonense U23,0,0,1.6,4.37,4.68
j9ETjp8T,Academico Viseu U23,Estoril U23,1,1,1.88,4.17,3.38
WQpYRNgm,Al Mesaimeer,Al-Waab,0,1,2.82,3.86,2.19
viltQ1Oa,Muaither SC,Al Khor,2,0,2.44,3.74,2.54
fF8hDFRt,CSC Dumbravita,CSM Resita,0,2,6.06,4.0,1.53
jqktOWua,FC ASA Tg. Mures,CS Din. Bucuresti,4,3,1.14,7.88,15.8
IgVfAUXH,Adjud,USV Iasi,1,2,2.7,3.71,2.26
I7Mglw2N,CSO Plopeni,CS Blejoi,0,3,2.28,3.72,2.69
lA3J4bn4,Paulesti,Tunari,0,2,26.0,9.92,1.06
hbfAh2vC,Adunatii-Copaceni,Oxigen Bucuresti,0,1,1.57,4.3,4.71
E7XRAqft,Din. Bucuresti 2,Cetatea,1,3,2.49,3.84,2.38
pYj2fO9a,FCSB 2,Alexandria,1,3,4.89,4.12,1.58
becIjt9O,Voluntari 2,LPS HD Clinceni,2,3,4.85,5.1,1.48
dKvWBIAT,CSO Filiasi,CS U Craiova 2,2,2,3.87,4.13,1.72
881sYBEt,CSM Deva,Santana,0,3,2.32,3.61,2.68
IqMXD8TO,Politehnica Timisoara II,Blaj,1,2,4.64,5.16,1.49
jkM9JCam,Unirea Alba-Iulia,Timisul Sag,3,0,1.22,5.45,9.45
MLdhDKVp,Sanatatea Cluj,Baia Mare,0,2,2.88,3.7,2.16
zaH3hSUh,FC Sevastopol,Rubin Yalta,3,1,1.53,3.38,7.56
nV6UZIRa,Kilwinning Rangers,Auchinleck Talbot,3,0,2.63,4.64,2.06
QyOlUu0l,Alloa,Hibernian B,4,1,1.13,8.52,13.0
KIP4QcaD,Banks O' Dee,Aberdeen B,2,1,5.15,4.33,1.53
WzMJCGoD,Berwick,Stranraer,3,2,4.7,4.52,1.54
re3MruFs,Bonnyrigg Rose,Airdrieonians,1,6,3.41,3.61,1.96
M54xucE6,Clachnacuddin,Ross County,1,5,23.0,9.96,1.07
dx0W0vyQ,Clyde,Rangers B,1,2,1.69,4.2,3.99
QZb9gdTa,Clydebank FC,St. Mirren B,2,1,1.58,4.12,4.89
6D0PkESO,Dumbarton,Kilmarnock B,3,2,1.57,4.25,4.81
rDpc4DsI,East Kilbride,Celtic B,3,3,1.25,6.61,7.93
6kOEMfcn,Edinburgh City,Dundee Utd B,1,0,1.18,7.56,10.1
0WPUICdB,Elgin City,Dundee FC B,3,0,1.08,10.9,16.9
vqjAbrBd,Forfar Athletic,Peterhead,0,2,3.29,4.0,1.9
Ope3KPXF,Formartine Utd,Montrose,3,2,3.26,3.67,1.99
2gksDsQk,Fraserburgh,Cove Rangers,0,5,9.15,5.45,1.23
t4zyZOn9,Gala Fairydean,Spartans,0,0,8.6,5.65,1.23
p0PERtuq,Kelty Hearts,Hearts B,3,5,1.4,4.4,7.11
bNVUNbv8,Queen of South,Annan,1,1,2.07,3.62,3.1
fDJYLKOQ,Stirling,Cumbernauld Colts,1,1,1.48,4.43,5.62
Yy2fnxYj,Husqvarna W,Vaxjo DFF W,1,3,4.89,4.89,1.49
lKIe3nmK,Al Hamriyah,Al Thaid,1,2,1.61,4.7,3.65
K29RcQAs,Al Urooba,Dubai City,1,0,1.4,4.25,6.25
dQV9uqeD,Dibba Al Fujairah,Al-Ittifaq,1,3,1.53,3.92,5.01
tO6uVAxg,Central Esp.,Montevideo City,1,4,4.44,3.49,1.79
f9clRE4d,DC Power W,Fort Lauderdale W,2,1,1.42,4.34,6.88
OSN0Balo,FarDU,BuxDu,3,1,1.06,8.0,18.5
SlQtHSzR,Zambia U20,Comoros U20,3,0,1.23,6.4,9.85
GtqTIJVQ,Primeiro de Maio,CD Lunda Sul,1,0,2.1,2.97,3.38
GYoluT5L,Belgrano,Estudiantes Rio Cuarto,2,1,1.46,3.74,11.1
zNO4CwWH,Velez Sarsfield,Tigre,3,2,2.18,2.96,4.08
dCugL7Ek,Aldosivi,Atl. Tucuman,1,0,3.67,2.94,2.34
WCjv9DFd,Tristan Suarez,Atletico Atlanta,0,0,2.06,2.83,4.33
jPJwieqL,Central Ballester,Central Cordoba,0,0,3.13,2.86,2.5
pSGVhHE8,Claypole,Yupanqui,2,1,1.94,3.06,4.43
zceAoZ6r,El Porvenir,Deportivo Espanol,0,2,2.98,2.78,2.68
rNbIqDye,Fenix,Deportivo Muniz,1,0,2.5,3.33,2.71
rwkfruiK,Sacachispas,Victoriano A.,0,1,1.98,2.99,4.37
vkhRsi67,Sportivo Barracas,Canuelas,0,2,3.06,2.95,2.48
0lajgXfM,Bangladesh W,Myanmar W,0,0,4.01,3.81,1.76
EDAlZB3j,China W,Philippines W,5,1,1.13,9.06,12.5
Sz1regQ9,South Korea W,North Korea W,1,1,9.31,5.14,1.29
xUhUokmd,Uzbekistan W,Hong Kong W,2,1,1.12,8.53,14.3
WWkMmBIq,Japan W,Chinese Taipei W,4,0,1.03,15.0,80.0
KAczcFec,Vietnam W,Thailand W,0,0,1.84,3.3,4.28
jJg3sCkn,Ingenieros,26 de Febrero,0,1,3.08,3.9,2.0
zRgSl9on,The Strongest,Bolivar,1,1,3.37,3.73,1.98
tOdzmmGb,Oriente Petrolero,Blooming,3,1,1.9,3.79,3.6
GGUgrep1,Flamengo RJ,Bragantino,2,1,1.32,5.46,9.96
h0zfpxXo,Athletico-PR,Bahia,2,1,2.56,3.31,2.86
hffbi8em,Londrina,Fortaleza,1,2,2.72,2.97,2.74
vgcXF713,Ferroviaria,Brusque,3,2,1.71,3.42,5.18
C6euEoWF,Paysandu PA,Inter de Limeira,2,2,1.81,3.31,4.65
xQnzS4Gb,7 de Abril,Paraty,1,0,2.45,3.41,2.63
IH3kOMFN,FC Rio de Janeiro,Santa Cruz RJ,1,3,2.67,4.31,2.1
SCWk3Fre,CA Bandeirante U20,RB Bragantino U20,0,6,12.0,7.01,1.17
Sn1Oatx3,EC Sao Bernardo U20,Sao Paulo U20,0,0,6.38,3.8,1.45
YTPyW4Ib,Jabaquara U20,Santos U20,1,4,14.5,5.95,1.13
CKSxEWdD,Paulinense U20,Ibrachina U20,2,2,7.82,4.52,1.37
ULQkbT0b,XV de Jau U20,Corinthians U20,2,3,6.98,5.64,1.32
hG5UwaFq,Ituano U20,Palmeiras U20,1,1,9.1,5.35,1.28
AeMYgGU1,Svoge,Vihren,3,2,4.61,4.1,1.61
2VIQex0k,Dobrudzha,CSKA Sofia II,1,3,3.03,3.54,2.14
hxRv5tw3,Spartak Pleven,Ludogorets II,1,0,2.27,3.41,2.89
6aXf1bxS,Montana,Hebar,0,5,2.26,3.6,2.78
2JfT1HoK,Ottawa Rapid W,Calgary Wild W,3,1,1.5,4.93,4.67
bPO4vgWj,Bucaramanga,Inter Bogotá,2,0,1.78,3.41,5.43
n3WImc94,Deportes Tolima,America De Cali,1,1,2.35,3.26,3.22
OCwnvpx8,Llaneros,Atl. Nacional,2,0,4.45,3.88,1.79
S0O0JSSa,Bogota,Barranquilla,2,1,1.63,3.92,5.03
YiIfdL5e,Dep. Cali W,Atl. Nacional W,4,0,1.78,3.19,4.89
0vKnbsyq,Millonarios W,Santa Fe W,1,2,1.82,3.23,4.51
2Hcjyvh5,Alajuelense,Inter San Carlos,5,0,1.7,3.8,4.62
MPtyuMht,San Carlos,Cartagines,1,0,3.37,3.06,2.25
nuzYy5Cs,Koge,Hobro,5,2,2.38,3.31,2.88
lYFhUpoL,Cibao,Universidad O&M,1,1,1.64,3.86,4.96
zklQsu3F,LDU Quito,U. Catolica,2,1,2.09,3.29,3.49
2yjIq1Y2,Dep. Cuenca,Mushuc Runa,1,1,2.41,3.11,3.01
pO7eqXMM,Manta,Orense,2,1,2.52,3.03,2.93
tOWaRjJE,Alianza FC,Municipal Limeno,3,2,2.36,3.15,3.05
rsh2PfUp,Platense Municipal,Aguila,0,1,3.24,3.4,2.14
AmplmbMi,Luis Angel Firpo,Atletico Balboa,3,1,1.84,3.66,3.96
rXC8NKrp,Redditch,Racing Club Warwick,2,1,2.03,3.9,3.12
SClFPgI7,Bournemouth U21,Stoke City U21,2,1,1.65,4.72,3.99
StUY66Ii,Bolton U21,QPR U21,3,1,3.76,4.73,1.69
4YN4aD3t,Nomme Kalju U21,Nomme Utd U21,2,3,4.35,6.22,1.47
OEpzdFo9,Levadia U19,Tammeka U21,1,0,1.79,4.85,3.17
nRaFf13b,Rustavi,Iberia 1999,0,2,2.55,3.33,2.66
S2rc7JV6,Spaeri,Dila Gori,1,4,3.58,3.68,1.93
Yub9kFOk,Paderborn II,Dortmund II,1,1,3.15,4.78,1.86
lz15JoxK,Werder Bremen W,Stuttgart W,1,1,1.54,4.52,4.96
xbQealhg,Dormaa,Techiman Liberty,2,1,1.98,3.5,3.34
r7ym7sCD,Great Olympics,ADVSA,1,1,2.13,2.98,3.63
MsvZrcvg,Pyrgos,AEL Larissa,0,4,4.06,3.46,1.83
lUuRpJ9t,Panthrakikos,Niki Volos,1,0,3.37,3.07,2.18
8bxssy95,PAOK B,Chrisoupolis,2,1,2.23,2.98,3.37
zBXUZ7YF,Suchitepequez,Xelaju,2,2,2.41,3.25,2.88
8OVxYo3S,Malacateco,Deportivo Mixco,1,0,1.76,3.61,4.48
8teMCYcc,Olimpia,Atletico Independiente,4,0,1.37,5.43,6.52
Gn8zkV5j,Juticalpa,Marathon,3,2,5.24,4.54,1.52
fLwe9Ypm,Niroye Zamini,Fard,0,1,2.51,2.72,2.81
x0ZsKka5,Shahin Bandar Ameri,Pars Janoobi Jam,0,0,2.49,2.65,3.03
SlWyRy2c,Dolomiti Bellunesi,Lumezzane,1,2,2.55,3.12,2.81
bZmRO6xR,Trento,Pro Vercelli,4,0,1.71,3.53,4.93
UHvcJp0l,Treviso,Desenzano,0,0,1.75,3.47,4.73
zRDJ2qnD,Guidonia,Livorno,1,1,3.47,3.15,2.16
tO05QnvK,Pianese,Sambenedettese,1,1,2.26,3.05,3.36
pKkqJ4Wg,Spezia,Vis Pesaro,3,1,1.16,7.3,13.9
KAPosFfm,Fezzanese,Gozzano,0,2,2.41,3.34,2.82
lvPUMzDO,Chievo,Ciserano-Bergamo,2,1,1.7,3.46,5.25
bDC3mxOk,Trepca Mitrovice,Tefik Canga,1,0,1.86,3.52,3.83
xrQFuAjK,Pachuca,Club Tijuana,2,2,1.71,3.74,5.29
YDBozlEs,Toluca,Santos Laguna,2,3,1.23,7.07,11.1
tvFgYRrf,Queretaro,Club Leon,1,1,2.94,3.45,2.43
vibK0xwR,Tapatio,Tlaxcala,4,0,1.78,3.75,4.15
px79fsfo,Apodaca,Guerreros de Autlan,2,0,2.52,3.59,2.46
0U8zdNm3,Club America W,Atlas W,2,2,1.05,17.0,26.0
Ys7rf1IF,Atl. San Luis W,Pachuca W,2,1,4.51,4.51,1.6
zPx3VDS9,Khovd Western,Khaan Khuns-Erchim,2,3,1.52,4.97,4.53
zND4lPZ2,Budva,FK Podgorica,1,2,8.1,4.86,1.33
8zCCn34F,Zeta,Jedinstvo,2,3,2.52,3.3,2.63
2VMfCnJD,Struga,Arsimi,6,0,1.28,5.69,8.27
EBUAUlZ7,KFUM Oslo 2,Ready,2,5,4.3,5.3,1.45
Ekg2jU6l,Spjelkavik,Rosenborg 2,0,4,1.5,4.25,4.85
IsjJnn6D,Nardo,Ranheim 2,4,1,1.5,5.7,4.15
YL2ecOT1,Brann 2,Fyllingsdalen,7,0,1.09,8.5,11.7
Y5OcXY4e,Odd 2,Stabaek 2,1,1,2.34,4.85,2.24
YPfAgPLc,Madla IL,Haugesund 2,1,1,2.35,4.55,2.1
0hQkZfzq,Staal Jorpeland,Viking 2,2,2,2.51,3.94,2.13
fsQNkuWq,Tromso 2,Kongsvinger 2,6,0,1.12,7.8,10.2
nHUAIGFG,Brumunddal,Sandefjord 2,1,2,7.48,8.97,1.2
hEkWLkM8,Lyn 2,Sarpsborg 08 2,2,2,1.66,4.25,3.7
hAjfY78b,Al Nahda,Saham,1,1,1.49,3.86,6.69
KdhnzUwn,Al Nasr,Bahla,2,2,2.3,2.94,2.99
0zf2WowB,Al-Msnaa,Al-Shabab,0,1,6.11,3.64,1.49
A72mG2Gr,Herrera,Tauro,0,6,4.09,3.94,1.75
Wb89NpO8,Independiente,Miguelito,4,3,2.5,3.16,2.84
f3bqIc9b,Sp. Luqueno,Recoleta,1,0,2.21,3.47,3.05
U5b0fVyo,Benjamin Aceval,Atl. Tembetary,2,1,2.25,3.55,2.93
vkRPqBfn,Vizela U23,SC Farense U23,2,0,2.74,3.64,2.33
hCXutTgB,Leiria U23,Gil Vicente U23,0,1,2.46,3.66,2.57
zLhkIE5c,Porto W,Braga W,1,1,2.83,3.5,2.26
Uw60DOvf,Umm-Salal,Al-Kharitiyath,1,0,2.39,3.74,2.6
2i48B296,Al-Duhail,Al Arabi,2,0,3.43,3.48,1.89
AH7G9tvJ,Lusail,Al Markhiya,1,0,1.88,3.42,3.51
fP1hUK6F,Otelul,Corvinul,2,3,2.94,3.1,2.57
f5Bb8wpd,Petrolul,Csikszereda M. Ciuc,2,0,1.6,4.05,5.58
469M428t,Kirov,Saratov,3,1,1.59,3.69,5.48
KdGx1K75,Mashuk,Volgar-Astrakhan,0,0,2.0,3.3,3.6
vHsFw0TN,Amkar,Dynamo Moscow 2,4,0,1.28,6.92,6.62
foFNy20c,Chertanovo M.,Kosmos,4,2,1.53,4.12,5.49
Kr3PyzV0,Kvant,Kursk,1,1,5.19,4.99,1.43
4dfaDZwn,TSC,Dubocica,0,0,1.24,6.58,9.12
S0tXcMUF,Vrsac,Bor 1919,1,0,1.6,3.85,5.46
Gbz4CLq9,Javor,Proleter 023,4,2,1.28,5.35,10.2
Mc2yfDTs,Jedinstvo U.,Loznica,2,3,2.75,3.25,2.51
0Evud0aS,Metalac,Graficar Beograd,1,0,2.15,3.36,3.26
2y4ijVS6,Napredak,Smederevo,1,4,2.23,3.33,3.12
UN5qhibf,Sp. Subotica,Vozdovac,0,2,1.91,3.65,3.65
rBcgFJS9,Petrzalka,Pohronie,1,0,1.5,4.54,5.55
IFTLECmo,Arlanda,Hammarby TFF,4,2,4.16,4.06,1.72
806XWB9T,Vasalund,Assyriska FF,1,5,2.41,3.77,2.57
b7nVSTen,Angelholm,Eskilsminne,2,2,2.6,3.74,2.39
0CK4C8B5,Jonkoping,Skovde AIK,3,2,1.69,4.08,4.29
KWzZQsmT,Viktoria,Nyva Ternopil,1,3,1.59,3.69,5.93
8A8XWW7t,Liverpool M.,Racing Montevideo,0,0,2.45,3.03,3.03
prLWizsf,Inter Miami,San Diego FC,2,2,1.38,6.07,6.57
YLrUr8vg,Indy Eleven,Oakland Roots,0,1,1.89,3.77,3.66
tnnxsn95,Sacramento Republic,San Antonio,0,0,1.86,3.52,4.03
CrMWo6I8,Colorado Rapids 2,North Texas,2,1,2.98,3.83,2.12
6qv5Tc2s,Houston Dynamo 2,Sporting Kansas City II,2,3,1.32,5.85,7.25
8UuA5dnn,Minnesota 2,Los Angeles FC 2,3,2,1.84,4.09,3.57
pA7DPF16,Real Monarchs,Ventura County,2,1,3.95,4.27,1.72
YVm8ocOP,St. Louis City 2,Austin FC II,0,2,1.33,5.57,7.24
KQMZOxCl,Vancouver Whitecaps 2,San Jose Earthquakes II,0,2,3.85,4.38,1.72
b7vK4OIt,Spokane Velocity,Boise,2,2,2.57,3.66,2.46
ddowpKbs,Chicago W,Washington Spirit W,0,3,9.92,6.06,1.25
jevnrbTg,Bay FC W,Racing Louisville W,2,0,1.71,4.03,4.24
O8xftxb6,Utah Royals W,Angel City W,0,3,2.43,3.82,2.53
lCftTzzp,Sporting Jax W,Lexington W,0,1,2.32,3.3,2.89
ANvBK4GU,Xorazm Urganch,Qizilqum,1,3,1.94,3.29,3.81
ht1TT74C,Lochin,Respublika FA,0,3,1.78,4.32,3.5
tK8swCsQ,Pakhtakor II,Shortan Guzor,0,4,5.91,4.62,1.44
EB9WijXa,Estudiantes Merida,Trujillanos,1,1,1.65,3.67,5.25
nNd7i3Rh,Fiji,Vanuatu,0,1,1.94,3.62,3.48
MXWvc7qe,Mozambique U20,Namibia U20,0,1,1.84,3.57,4.09
dGj0QM3L,Iran U23,China U23,0,0,2.03,3.1,3.44
bquvJvde,Hong Kong U23,Thailand U23,1,5,5.47,4.51,1.5
QVtWK0Rr,North Korea U23,United Arab Emirates U23,0,0,1.6,4.16,4.94
69rnHIQ7,Kyrgyzstan U23,Japan U23,0,7,29.0,12.0,1.06
joCde00k,Bournemouth,Liverpool,0,1,3.34,3.65,2.14
n99y8wpe,Leeds,Crystal Palace,0,0,1.7,4.05,4.83
fZCq6HE7,Manchester City,Sunderland,5,3,1.38,5.12,8.17
vq6T9aFr,Fulham,Manchester Utd,1,1,3.83,3.8,1.94
KSEQBX7d,Auxerre,Brest,2,1,2.93,3.73,2.32
Uuc6OAi2,Nice,Lille,2,1,3.3,3.65,2.15
SC8SVhaS,Marseille,PSG,1,2,7.02,5.08,1.43
fqjrNwLr,Bayer Leverkusen,RB Leipzig,2,0,1.88,4.57,3.45
4dYNZG4l,Schalke,Elversberg,0,0,1.92,3.94,3.74
xOoVXfZ0,Paderborn,Hoffenheim,3,1,3.93,4.23,1.82
2erPoYRa,Fiorentina,Napoli,1,1,3.43,3.33,2.23
z9tXqCdC,Frosinone,Como,2,0,6.31,5.05,1.46
hSL4bBB5,Parma,Genoa,2,1,3.37,2.97,2.46
MPvurjRO,Juventus,Atalanta,2,0,1.64,4.09,5.37
ClKl2gCt,AC Milan,Lecce,3,0,1.25,6.14,12.7
6sp08dE6,Feyenoord,Utrecht,5,0,1.32,5.68,9.25
E7m86zqJ,AZ Alkmaar,Telstar,1,0,1.27,6.02,11.6
2oyPOHbm,Twente,PSV,3,2,3.09,4.04,2.13
61zfUwyQ,Nijmegen,G.A. Eagles,1,1,2.31,3.81,2.89
dWGUAJgl,Getafe,Malaga,1,0,1.94,3.36,4.41
hGycdKve,Atl. Madrid,Real Madrid,2,1,3.75,3.83,1.95
hzSjI11E,Dep. A Coruna,Betis,1,1,3.98,3.94,1.86
00B1PI8s,Villarreal,Levante,3,1,1.56,4.53,5.54
UHKVUvoK,Valencia,Real Sociedad,2,3,3.18,3.42,2.3
KtKs1oJG,Nigeria U20 W,Colombia U20 W,0,1,1.97,3.21,4.03
CGGZ27l4,North Korea U20 W,Canada U20 W,2,0,1.25,5.74,10.9
OflSvfYG,KF Tirana,AF Elbasani,2,2,2.37,3.09,2.98
xvjKtG34,Egnatia,Partizani,2,1,1.54,3.8,5.91
0to6Bpxp,Beselidhja Lezha,Besa Kavaje,2,1,5.1,4.08,1.57
86lE9O6d,Pogradeci,Flamurtari,0,0,1.92,3.43,3.73
xWoZdoNj,Iliria Fushe-Kruje,Bylis,1,1,2.33,3.24,2.91
4xvLKlFc,Kukesi,Korabi Peshkopi,3,0,1.95,3.47,3.57
UcfzH6EM,Oriku,Burreli,0,1,2.54,3.3,2.59
bPAxAaTG,Sporting Escaldes,FC Santa Coloma,1,5,11.8,9.45,1.14
Wx9p8wbT,Esperanca,Ordino,4,0,2.65,3.53,2.45
2LaG2HLj,Casa de Portugal,Atletic Escaldes,0,3,3.05,3.94,2.05
Sbi2QKDc,Inter Escaldes,FC Rangers,3,0,1.66,3.91,4.69
KxY6ByO0,Kabuscorp,Interclube,1,0,2.58,2.89,2.89
CCUbDcgl,Wiliete,C.R.D. Libolo,5,0,1.37,4.37,8.32
UPw1Joq2,River Plate,Huracan,1,2,1.54,3.62,8.55
r9FJ68ad,Instituto,Talleres Cordoba,3,1,2.12,3.03,4.17
GfawRxoB,San Lorenzo,Boca Juniors,0,2,5.36,3.06,1.89
rmSCAH0U,Platense,Newells Old Boys,0,1,2.44,2.85,3.56
8n75UBi3,Rosario Central,Argentinos Jrs,1,0,2.06,3.23,4.04
EyGOGPY2,Agropecuario,Gimnasia y Tiro,1,0,2.11,2.89,4.02
6B85Ts1B,Chacarita Juniors,Quilmes,3,0,2.9,2.9,2.64
dSTR4MPc,Deportivo Moron,Godoy Cruz,1,2,2.3,2.7,3.76
ji6RyOeB,Deportivo Madryn,Racing Cordoba,2,0,1.59,3.34,7.08
ULytsJXj,Colon Santa Fe,Los Andes,3,0,1.85,3.03,5.04
QimWErnI,Deportivo Maipu,Gimnasia Jujuy,1,1,1.97,3.27,3.93
C6fzz2QN,Central Norte,Def. de Belgrano,0,1,2.39,2.72,3.52
bcThhqth,Chaco For Ever,Almirante Brown,1,0,2.0,2.8,4.74
OnmWAZpp,Club A. Guemes,Midland,0,2,3.02,2.82,2.62
YcAcV3Wb,San Martin S.J.,Colegiales,2,0,2.02,2.9,4.37
Aeh0nx5k,Circulo Deportivo,Germinal,2,0,1.74,3.44,4.94
6olNgKCF,Costa Brava,Sol de Mayo,1,0,1.28,4.82,7.85
YXkFetr3,Deportivo Rincon,Santamarina,3,0,1.32,4.39,12.4
vD1UibsS,Juventud U.U.,San Martin Mendoza,0,0,2.05,3.02,3.99
dWnBISGs,Alvarado,Olimpo Bahia Blanca,1,1,2.18,2.86,3.84
6BskJpk2,Bartolome Mitre,San Martin Formosa,0,0,2.46,3.01,3.03
2FhBQSdS,Douglas Haig,Chivilcoy,0,0,1.85,3.16,4.74
bs4g0o1D,Huracan Las Heras,Biblioteca Atenas,1,0,3.55,2.93,2.25
YHZzsls9,Sarmiento de La Banda,Defensores Belgrano VR,0,2,2.14,3.03,3.66
bovsL6Kk,Sol de America,9 de Julio Rafaela,1,1,2.04,3.01,4.07
QT5o27W0,Villa Mitre,Kimberley,0,0,1.94,3.05,4.41
2aTWYbkt,Dock Sud,Argentino de Quilmes,0,0,2.4,3.0,3.13
tnxVPwcJ,Liniers,Argentino de Merlo,1,2,2.15,3.02,3.67
8hUGmskQ,Villa San Carlos,Talleres (R.E),0,0,4.06,3.02,2.03
S20CxHtP,Dep. Merlo,Flandria,2,1,2.53,3.05,2.9
joeE3YSQ,General Lamadrid,Leones de Rosario,1,1,2.77,2.9,2.77
SrntZzE6,Leandro N. Alem,Mercedes,0,1,2.94,3.02,2.52
fH8aMcU0,Lugano,Estrella Del Sur,1,1,2.46,2.87,3.18
OAukXErJ,Puerto Nuevo,Deportivo Paraguayo,2,3,1.82,3.15,4.99
CtMeECU0,Ararat,Syunik,1,0,1.91,3.65,3.65
zJJANG7E,Shirak Gyumri,Ararat-Armenia,1,3,6.25,4.27,1.48
YT5NFdBM,Box Hill W,Avondale FC W,1,2,2.89,3.41,2.27
pSksPwD6,Hartberg,LASK,3,3,7.69,4.87,1.42
lI78SCJb,Ried,Wolfsberger AC,4,1,1.95,3.99,3.58
hhgkNHsJ,Salzburg,Sturm Graz,3,0,1.5,5.08,5.58
MkGM38rm,Austria Vienna (Am),SK Rapid II,4,1,2.3,3.79,2.69
x6UDf4oS,Warth,Donaufeld Wien,2,2,3.08,3.9,2.0
p8oRd7u2,Tirol (Am),Fugen,6,0,1.62,4.0,4.14
x2YCKAX8,Altach U21,Schwaz,2,4,2.43,3.82,2.46
pl1d8n4K,Pama,Leithaprodersdorf,1,4,2.6,3.48,2.22
84LQ92fR,SC Landskron,Launsdorf,3,2,1.85,3.8,3.28
OItLX4h2,Koflach,Leoben,6,0,1.23,5.65,8.4
0SXsum0S,TUS Bad Waltersdorf,UFC Fehring,1,2,1.93,3.52,3.26
ttUMNy4d,Dornbirner SV,Ludesch,3,2,1.68,3.84,3.94
COOTY1Cc,Nenzing,Brauerei Egg,2,2,4.08,3.88,1.65
n5BTbo1b,WAF Brigittenau,Simmeringer,2,0,1.58,4.3,4.21
xIbFksOp,Floridsdorfer AC (Am),Dinamo Helfort,0,1,2.74,3.48,2.19
Mkpg3Pck,SCR Altach W,First Vienna W,4,0,2.37,3.7,2.58
jB5Ah5RC,Shamakhi,Araz,2,1,2.14,3.23,3.44
r5hdG8JJ,Kapaz,Sumqayit,1,1,2.61,3.03,2.82
SIwopGSQ,Baranovici,FC Gomel,0,2,4.47,3.48,1.79
2cwhOY57,Dynamo Brest,Dnepr Mogilev,4,2,1.52,3.94,6.39
WESOxYK0,Vitebsk,Zhodino,6,0,3.06,2.86,2.55
jFLZQsko,Antwerp,Royale Union SG,0,2,5.54,4.56,1.56
ILDLlosh,St. Truiden,Westerlo,0,2,1.66,4.21,5.0
jZBTnPB4,Club Brugge KV,Genk,3,0,1.54,4.38,6.04
baFyo3tH,Kortrijk,Beveren,1,0,3.04,3.46,2.37
juBlYl04,Sporting Lokeren,Virton,1,1,1.97,3.62,3.52
Oh9dWSUG,Dender,Patro Eisden,1,0,1.68,3.76,4.83
4bao3wDG,Habay La Neuve,Flenu,2,1,1.78,3.61,4.12
Wp1w5ar4,Onhaye,Renaissance Mons,2,5,3.5,3.91,1.86
6yyzD1Tg,Knokke,Belisia Bilzen,3,2,1.86,4.14,3.31
lYFfXVE8,Merelbeke,KRC Harelbeke,3,0,1.71,4.14,3.93
KKxSENbs,Tienen,SK Roeselare,1,1,4.36,3.74,1.64
KbyBPJe2,Zelzate,Houtvenne,0,3,2.97,3.87,2.06
fyYATgWo,Acren,RCS Brainois,1,2,2.78,3.86,2.16
SlWIRX0b,Binche,Aywaille,0,0,1.83,3.56,3.55
6i5WYGKG,Londerzeel,Petegem,3,4,1.78,3.54,3.78
dxQzLubd,Diegem,Bocholter,2,2,1.81,4.47,3.3
OrIMrqj3,Eendr. Termien,St. Truiden 2,3,1,1.91,3.92,3.3
QVEUunGq,Tensung,Drukpa,1,3,5.16,4.64,1.49
KGCwRj55,Independiente CBBA,Wils. Cooperativas,3,2,1.56,4.25,4.93
S8fWSCzg,U. Sucre,Deportivo Tigres,0,4,1.65,4.01,4.46
0fEgN84U,Virginia,San Martin de Yacuiba,1,0,1.62,3.86,4.89
4OC2Ym15,Aurora,Universitario de Vinto,4,2,1.37,5.24,6.81
ClGAWRVH,Real Potosi,Nacional Potosi,2,2,2.23,3.52,2.98
p2EIU50U,Real Oruro,GV San Jose,1,0,2.41,3.77,2.57
86SxESWA,Siroki Brijeg,Borac Banja Luka,2,3,5.25,3.78,1.63
SSQMHAXo,FK Sarajevo,Sloga Meridian,2,0,1.58,3.79,5.79
OCPz4QxQ,Stupcanica,Banovici,4,1,1.3,5.32,9.04
GSVYq5of,Travnik,Gradacac,1,0,1.88,3.34,4.18
vwV5b40m,Posusje,GOSK Gabela,1,0,2.1,3.26,3.48
2ajdezvA,Omarska,Slavija,1,0,2.12,2.96,3.34
S88JbUCl,Township Rollers,Extension Gunners,3,0,1.57,3.44,5.5
MuSAtfWA,Remo,Santos,1,2,3.43,3.33,2.23
AFN2tZED,Vasco,Coritiba,5,0,1.39,4.81,8.68
0rZDmjMt,Sao Paulo,Internacional,1,0,1.97,3.28,4.36
C6IotQKU,Gremio,Palmeiras,0,0,4.25,3.63,1.88
dASMoUjg,Corinthians,Fluminense,1,3,2.3,3.14,3.47
QDY1rG1b,Vitoria,Cruzeiro,1,3,3.3,3.54,2.19
dO8SdUXP,Athletic Club,Botafogo SP,1,1,2.3,3.08,3.24
MiDYzmB6,Ponte Preta,CRB,1,0,8.49,5.5,1.3
nydEmQfC,Goias,Avai,2,1,1.76,3.42,4.78
Cn5oh49d,Santa Cruz,Floresta EC,1,0,1.86,2.97,5.16
6N5ABqWH,Belford Roxo,Cardoso Moreira,1,2,2.5,3.67,2.45
Em9I9N0U,Buzios,Serra Macaense,0,3,4.33,3.71,1.72
Ai0sQroB,Friburguense,Campos AA,2,0,1.85,3.7,3.7
4ClSTQon,Paduano EC,Barra Mansa,2,2,1.26,4.75,9.5
Y1aigfOh,Acopiara,Esporte Limoeiro,1,0,2.0,3.39,3.49
lzVBCAfE,Bom Jesus,Goiania,1,1,2.44,3.12,2.86
6ZJk5Snl,Morrinhos,Rio Verde,0,0,6.88,4.34,1.42
GzSnZ0VP,Tesla,Pinheirense,2,2,2.16,3.4,3.09
fmbxAVjL,Spartax,Auto Esporte,2,2,9.18,4.54,1.33
ryXoguj1,Flamengo PI,Caicara,4,1,1.09,9.88,16.8
YT3vceCj,Paranavai-PR,Cascavel,1,1,1.81,3.73,3.83
z3RQshTh,Sao Jose EC,Comercial,3,0,1.62,3.64,5.72
Egl9PADO,Linense,Gremio Prudente,1,2,2.46,2.95,3.08
OEKBQx9l,Santa Catarina,Figueirense,1,2,2.58,3.3,2.58
IydiPru1,CSE U20,Desportiva Alianca U20,5,1,1.7,3.61,4.64
tppSAbzi,Boavista U20,Nova Iguacu U20,3,2,2.37,3.29,2.83
WtRMHEcl,Botafogo SP U20,Osasco Audax U20,4,1,1.72,3.71,4.33
4K0A87XP,America RN U20,Estrela Potiguar U20,2,1,1.44,4.62,5.91
jgYtvASH,Vasco W,Itabirito W,1,2,1.5,3.87,6.45
K6V4DCgM,Brasil de Farroupilha W,Gremio W,0,3,18.6,8.33,1.1
lMLz8jHq,Juventude W,Internacional W,0,0,4.91,3.82,1.63
Cna47Zcc,Spartak Varna,Lok. Sofia,0,1,2.6,3.37,2.58
jc0K3icM,Lok. Plovdiv,CSKA Sofia,1,1,6.46,3.87,1.53
6aDcAyFr,Marek,Rilski Sportist,1,3,1.97,3.21,3.83
x2EKHJM8,Nesebar,Beroe,4,3,2.7,3.09,2.58
0rvgswod,Pirin Blagoevgrad,Fratria,1,2,17.5,6.05,1.11
AFCSFciL,Yantra Gabrovo,Lok. Gorna,0,1,1.54,3.91,5.65
02Un3K7F,Etar,Chernomorets 1919,2,4,2.31,3.49,2.77
pWyqC8aE,Kadiogo,Vitesse,2,2,2.47,2.63,3.09
hduiAnUQ,Rahimo,RDF,2,1,1.91,2.95,4.58
hxkcl577,Salitas,ASF Dioulasso,2,2,2.22,2.84,3.61
xfzQiCeo,Kirivong Sok Sen Chey,Angkor Tiger,2,1,9.65,6.35,1.22
bsApCts0,Dangkor,Svay Rieng,1,1,7.15,5.87,1.3
zi17JOlQ,Moi Kompong Dewa,Life FC,2,0,1.37,4.6,7.67
Eg81lB87,Cavalry,Forge,1,1,2.06,3.29,3.59
6memCE0E,Pacific FC,Vancouver FC,1,1,3.06,3.26,2.3
CnNKg6pm,Atl. Ottawa,Supra du Quebec,0,2,2.66,3.64,2.39
4fuSipFa,HFX Wanderers,Inter Toronto,4,1,1.89,3.56,3.87
StYYqF8T,Alianza,Santa Fe,1,4,2.94,3.07,2.66
xUWUodeE,Dep. Cali,Cucuta,3,0,1.54,4.46,5.91
jJBj2dOc,Dep. Pasto,Once Caldas,1,0,3.65,3.14,2.23
rZyWsSxq,Fortaleza,Junior,1,4,2.45,3.26,3.06
nkJ35t65,Puntarenas FC,Escorpiones,1,0,1.57,4.09,5.36
fifrw0Nh,Saprissa,Herediano,2,0,1.71,3.7,4.63
GhwoTl31,Cofutpa,AD Sarchi,1,2,2.97,3.41,2.22
b5tHkIYL,Ad Aserri,Santa Ana,1,0,2.59,3.42,2.49
StpWjhe8,ADR Jicaral,AD Rosario,1,1,1.37,4.6,7.67
ruuwVAYl,Santa Cruz,Quepos FC,0,2,3.2,3.51,2.06
x6paBIe5,Rijeka,Hajduk Split,3,0,2.11,3.48,3.43
pWm79dQH,Din. Zagreb,Lok. Zagreb,3,2,1.21,6.84,13.0
OpoJJebs,Kustosija,Croatia Zmijavci,1,0,2.4,3.23,2.92
4bJmLmIl,Karlovac,Dubrava,0,1,1.75,3.58,4.56
AuQQnJ6F,Agram Zagreb W,Osijek W,8,2,1.07,11.4,17.6
ddOYpcyS,Gorica W,Medimurje Cakovec W,1,3,9.02,4.77,1.32
lIPKUCK0,Aris,Karmiotissa,0,0,1.45,4.75,6.0
drTSSjkD,Omonia,Krasava,4,1,1.22,6.08,12.2
Yoq2U3QH,Omonia Aradippou,Ol. Nicosia,1,1,2.24,3.26,3.16
6aXM7u5C,Ermis,PAEEK,1,2,2.97,3.2,2.32
AgTOrW2t,Hradec Kralove,Teplice,0,2,1.71,3.63,5.19
r7RWtAXh,Jablonec,Zlin,1,1,1.57,3.92,6.27
4zBcucdl,Sigma Olomouc,Sparta Prague,0,3,3.12,3.64,2.18
UNPvul25,Slavia Prague,Plzen,2,1,1.57,4.29,5.49
jZsJv7wJ,Zizkov,Trinec,3,0,1.78,3.88,3.98
bRPBtT86,SK Kladno,Pribram,2,2,2.46,3.35,2.74
fkNjg6hC,Ostrava B,Usti nad Labem,0,2,2.5,3.53,2.6
EBLzclgm,Vlasim,Taborsko,4,1,1.94,3.67,3.56
YcHNlX77,Admira Prague,Pisek,4,1,2.51,3.89,2.35
2Xcm5hhl,Bohemians 1905 B,Plzen B,3,0,2.22,3.91,2.68
YcoAkYoQ,Hradec Kralove B,Zapy,1,2,3.37,4.04,1.86
Sth8VCff,Pardubice B,Benatky n. Jiz.,2,3,1.77,4.05,3.74
z7eGTjP6,Mlada Boleslav B,Liberec B,2,1,1.68,4.49,3.83
rXvsSwl2,Teplice B,Chrudim,4,1,1.59,4.36,4.49
fTg0XYPs,Brozany,Neratovice,2,2,2.02,3.82,3.1
4txtpC9m,Caslav,Horni Redice,2,1,2.17,3.82,2.79
lURSkst9,Varnsdorf,Jablonec B,0,2,1.86,4.04,3.37
OYdancgd,Brno B,Hodonin,0,1,1.63,4.24,4.35
Ohmg8vGF,Karvina B,Blansko,3,5,1.65,4.32,4.12
WQvhlJOq,Unicov,Uhersky Brod,4,3,1.66,4.1,4.3
0rlMgu1M,Vitkovice,Artis Brno B,0,0,4.86,3.86,1.55
2iYcAsKF,Hostoun,Velvary,5,1,1.42,4.96,5.74
z7RSDKKU,Chlumec nad Cidlinou,Letohrad,4,1,1.25,6.08,8.85
M1C5JOjg,Police nad Metuji,Turnov,3,5,2.13,4.0,2.48
fiUrCVn1,Velka Bites,Velke Mezirici,2,0,1.72,3.91,4.12
nanjA9HD,Zdar nad Sazavou,Humpolec,1,2,1.55,4.49,4.66
4jguwlqe,Lanzhot,Batov,1,0,1.2,6.79,9.93
ENREB8kK,FK Kozlovice,Brumov,5,0,1.28,5.95,7.76
6wYCimbl,Vsechovice,Sternberk,6,1,1.3,5.0,7.32
OSLL2oyg,Kravare,Bridlicna,2,2,1.46,4.61,5.64
rcIya3zI,Sumperk,Bohumin,1,3,4.49,4.15,1.55
MgYOtMIr,Karlovy Vary B,Horni Slavkov,5,3,2.1,4.2,2.54
f7WWv0me,Sokolov B,Marianske Lazne,0,5,1.6,4.6,4.02
805UxvS7,Rozstani,Lomnice nad Popelkou,4,0,2.38,4.1,2.19
lUP2xo0s,Admira Prague B,Motorlet Prague B,0,1,4.22,4.6,1.57
WYjaBShR,Banik Most,Sous B - Klasterec n. Oh.,1,3,2.62,5.38,1.95
6HMMEu4m,Luka nad Jihlavou,Zdar na Sazavou B,3,1,2.23,3.94,2.65
tnsrQPoe,Liberec B W,Olomouc W,3,0,1.61,4.68,4.05
xjh4X7gL,Hradec Kralove W,Teplice W,2,1,1.05,11.9,23.0
EDfkO3G7,Plzen B W,FK Pardubice W,0,0,7.29,5.21,1.33
8YrzSoHr,Artis Brno W,Sparta Prague B W,1,5,9.31,7.76,1.18
hKmQ0v15,Brondby,FC Copenhagen,0,1,3.09,3.54,2.24
CtnA4M1t,Sonderjyske,Randers FC,4,2,2.78,3.54,2.43
Ycktcd0U,Horsens,Aarhus,2,2,4.06,3.86,1.83
0piYbIVH,Viborg,Nordsjaelland,4,1,3.06,3.87,2.14
Gxg8LqS0,Aalborg,Vendsyssel,2,2,2.01,3.61,3.41
ULf0N5cl,Fredericia,Vejle,2,2,2.34,3.46,2.85
Qi2u9hkm,Thisted FC,Brabrand,3,1,2.44,3.64,2.6
KY3IjLef,FC Copenhagen W,KoldingQ W,2,6,2.35,3.78,2.56
t8CpW6G8,Delfines Del Este,Vega Real,1,0,1.89,3.56,3.87
lKdZykFd,Guayaquil City,Leones del Norte,1,1,2.27,3.13,3.23
rFiYuJXR,Emelec,Libertad,1,2,1.68,3.63,5.04
tfgRwBpp,Tecnico U.,Delfin,1,1,1.91,3.1,4.5
vo3OWxxB,Cacahuatique,FAS,0,2,3.84,3.64,1.87
nB6WUG6N,Inter Santa Tecla,Metapan,0,0,2.31,3.37,2.94
0WmhprNt,Wolves,West Brom,1,0,1.86,3.69,4.32
QcuenVhR,Norwich,Bolton,3,4,1.46,4.87,6.67
p09meKm3,Southall FC,Dorking,2,2,7.33,4.97,1.37
EkQby9PP,Brighton W,Aston Villa W,1,1,1.48,4.74,5.49
nqYCD5XI,Crystal Palace W,Tottenham W,0,7,6.56,4.79,1.41
ALBUVnmm,West Ham W,Everton W,0,1,2.35,3.01,3.21
M7k2QTR6,Durham W,Nottingham W,1,2,6.02,4.53,1.44
hAWRtkCm,Newcastle Utd W,Sheffield Utd W,4,1,1.28,5.35,9.1
dvodnBlQ,Sunderland W,Southampton W,0,0,1.98,3.62,3.36
UXhAO7dJ,Watford W,Bristol City W,1,5,4.95,4.17,1.57
vRUZvTt0,Leicester W,Ipswich W,0,1,1.47,4.48,5.68
E1tMp3U7,Huddersfield W,Hull W,2,1,1.33,5.22,7.45
6eT786ME,Liverpool Feds W,Middlesbrough W,1,0,2.06,3.85,2.98
jojujb6m,Norwich W,Stoke City LFC W,1,1,9.0,5.03,1.3
WOienG5C,West Brom W,Rugby Borough W,1,0,4.09,4.0,1.63
zLI979Ui,Lewes W,Cheltenham W,3,0,1.37,5.63,5.88
U1KP3RTG,Real Bedford W,Portsmouth W,0,2,5.31,5.04,1.44
rRVNq6xo,Hashtag W,Swindon W,4,0,2.72,3.94,2.18
SIrVbvdo,Tammeka,Kalju,1,3,3.37,3.68,2.0
vcORbMBi,Narva,Levadia,1,1,7.6,5.58,1.32
jwki6M3B,Flora,Parnu JK Vaprus,3,2,1.58,4.43,4.74
hdD0xitS,Harju JK Laagri W,Flora W,0,5,15.0,9.0,1.11
KpYnG0LH,Inter Turku 2,TPV,3,0,1.54,4.96,4.52
x09hAwoC,Honka W,EBK W,1,1,2.17,3.45,2.79
t2LrS2rS,Nice W,Lille W,0,0,3.51,3.72,1.9
z5IzUODF,Grenoble W,Auxerre W,2,3,4.41,3.62,1.65
xY6EMt6k,Roubaix W,Cannes W,5,1,2.63,4.02,2.22
Wzkl9u1f,Dinamo Batumi,Torpedo Kutaisi,3,2,1.61,4.05,4.94
xhhKGGiL,Odishi 1919,Telavi,1,1,2.56,2.99,2.52
dxZjBfFr,Gori,Kolkheti 1913,1,1,2.59,3.63,2.38
UkXb9Yqe,Bolnisi,Dusheti,1,2,1.94,3.58,3.48
xETfTgyR,Shturmi,FC Gareji Sagarejo,1,0,1.87,3.43,3.94
pKN3fdZO,Arminia Bielefeld,Heidenheim,2,2,2.0,3.84,3.42
r96LCwkg,Cottbus,St. Pauli,1,1,3.16,3.87,2.09
EukNf5T7,Hannover,Bochum,2,1,1.93,3.96,3.55
6gpLEgkm,RW Essen,Hansa Rostock,1,1,1.93,3.85,3.44
OCPhTh4t,Mannheim,Preussen Munster,2,0,1.97,3.62,3.52
fckq9kJO,Wehen,Duisburg,1,4,2.62,3.46,2.51
hfWEOju1,Delmenhorst,Eimsbutteler,1,1,1.75,3.94,3.53
pfto5rk2,Norderstedt,Werder Bremen II,2,5,3.4,3.68,1.84
27EfyUO6,Hannoverscher SC,Hamburger SV II,0,4,2.5,3.5,2.29
x0gbkxqB,BFC Dynamo,Magdeburg II,4,1,2.11,3.5,2.87
YBhBvLUh,Greifswald,Luckenwalde,3,1,1.78,3.6,3.71
dSrhZPhD,Jena,Lokomotive Leipzig,1,2,1.79,3.62,3.65
dMirgKqn,Chemie Leipzig,Chemnitzer,1,3,3.47,3.4,1.9
OffJCl3n,Berliner AK 07,Mahlsdorf,1,0,2.3,3.6,2.44
YVE9hoIU,Hansa Rostock II,TB Berlin,2,2,1.56,4.25,4.29
IZ46IYMa,Holstein Kiel II,Kaltenkirchen,7,0,1.18,5.9,11.1
0I4ncPRs,Paloma,Teutonia Ottensen,3,1,1.37,4.65,6.08
YV2fe3df,HT 16,Sasel,2,0,2.28,3.84,2.36
Kn12gsR6,Niendorfer TSV,Dassendorf,2,4,6.4,4.8,1.34
G2SnrWEc,Pohlheim,Unter-Flockenbach,1,3,4.79,4.3,1.5
hWkqC3Ug,Hamburger SV W,1.FC Nurnberg W,5,1,3.03,3.86,2.09
p6nyEPas,Freiburg W,Bayer Leverkusen W,1,2,5.21,4.37,1.54
K0MLBZID,Union Berlin W,RB Leipzig W,3,2,2.03,3.64,3.33
YeGG8KlE,Aduana,Karela,2,1,1.72,3.19,5.4
QVnCp82O,Hearts of Oak,Bechem United,0,0,1.32,3.86,10.8
KYq4nUXB,Holy Stars,Ashanti,1,0,2.38,3.1,2.97
8zGNnwSf,Port City,Berekum Chelsea,2,1,1.4,4.3,6.14
jNF2O32s,Levadiakos,Olympiacos Piraeus,0,1,8.03,4.71,1.37
lfso6MnD,Volos,AEK Athens,1,2,11.9,5.68,1.24
bmJAMsXg,OFI Crete,Asteras Tripolis,2,2,2.28,3.08,3.27
tlUWTPvK,Kalamata,Panathinaikos,0,1,12.9,5.96,1.22
W0HIKL16,Panetolikos,PAOK,1,3,6.9,4.44,1.43
QJtfWJfm,Athens Kallithea,Panserraikos,2,1,2.41,2.95,3.05
fyjOytXP,Asteras Tripolis B,Kalamaria,1,0,1.9,3.18,4.17
juc9SyfC,Olympiacos Piraeus B,Marko,2,4,9.2,3.94,1.34
KQN1x6Ad,Volos W,OFI Crete W,3,0,1.68,3.64,4.2
v7nqxcGD,Asteras Tripolis W,Kifisia W,6,0,1.09,8.95,21.0
WtqyvJo1,Paraskevi W,REA W,2,0,2.28,3.52,2.8
nXFm0923,Seirines Grevenon W,Odysseas Moschato W,3,0,2.53,3.81,2.37
v7M8SPQk,Aurora F.C.,Marquense,1,0,1.92,3.45,3.87
p4PGQ3e2,Deportivo San Pedro,Coban Imperial,1,1,1.83,3.34,4.52
v7EddDDG,Genesis,Olancho,0,0,2.41,3.34,2.82
nXH4firT,Real Espana,Motagua,1,0,2.3,3.4,2.93
MaBI87ff,Hong Kong Rangers,Eastern AA,1,0,3.83,4.15,1.76
nHa8ORdC,Southern District,Eastern District,2,1,2.34,3.75,2.66
jFkOIdOq,MTK Budapest,Gyor,1,2,2.28,3.59,2.85
rk6cK9al,Ujpest,Zalaegerszegi,2,1,1.82,3.74,3.95
baqQxIFF,Nyiregyhaza,Ferencvaros,1,1,4.17,3.97,1.73
YsDrjV2N,Karcagi,Kozarmisleny SE,1,1,2.16,3.4,3.09
n78KeZYo,Szentlorinc,BVSC-Zuglo,2,1,2.52,3.19,2.7
drTAyWmU,Soroksar,Tiszakecske,3,3,2.12,3.51,3.1
SYuZIunR,Tiszaujvaros,Kisvarda II,0,1,4.12,4.32,1.65
YVAjaZho,1908 SZAC KSE,Bicskei,0,2,5.17,5.17,1.44
8p1k33BG,Sarisapi Banyasz,Balatonalmadi SE,4,1,1.3,5.05,7.04
4fTRUgyn,Honved II,Ujpest II,3,0,3.5,3.91,1.86
lrZKJTSp,Vasas II,Csepel,6,0,1.79,3.94,3.73
KpzrRBzB,FC Dabas,III. Keruleti TVE,0,1,4.06,4.16,1.68
hbYkPk5N,Szeged II,ESMTK Budapest,1,1,6.69,4.45,1.36
pE0gpJ2J,Astra Hungary W,Honved W,1,3,14.0,5.6,1.16
8hNawfR8,Akranes,Breidablik,4,1,1.97,4.14,3.13
lvD6HC4k,Keflavik,Fram,2,2,4.32,4.22,1.66
hQlEipnJ,Hafnarfjordur,Stjarnan,5,2,2.73,3.87,2.25
Kby7g6H6,Vestmannaeyjar,Valur,1,1,2.05,3.99,3.02
f3phngMh,Borneo,Bali United,1,0,2.48,3.54,2.61
nB2apXj5,Dewa United,PSS Sleman,2,1,1.4,4.76,6.88
KO07rBLH,Persijap Jepara,Persib Bandung,1,2,6.51,4.17,1.48
CrH0bnPN,Deltras Sidoarjo,Barito Putera,3,2,2.89,3.41,2.27
vVIh08fB,PSMS Medan,Persiku Kudus,6,0,1.08,9.42,23.0
rR7WhQno,Persis Solo,PSBS Biak Numfor,7,0,1.05,11.0,13.1
84aIGTvh,Semen Padang,PSIS Semarang,1,1,1.86,3.62,3.73
dnyH4n1S,Arezzo,Sudtirol,1,4,2.3,3.1,3.4
4KSFpR9d,Verona,L.R. Vicenza,2,1,1.88,3.34,4.56
zeVfc4g2,Mantova,Pisa,2,2,2.74,3.25,2.64
OYx968WF,Modena,Empoli,2,1,1.49,4.16,7.24
K4dH67Gr,Juventus U23,AlbinoLeffe,3,5,2.41,3.25,2.88
0rbX2PF7,Novara,Carpi,2,2,1.98,3.23,3.95
QLkJQS7E,Ospitaletto,Cittadella,0,1,2.75,3.25,2.51
zeqj3Y9j,Arzignano,Renate,2,1,2.6,3.33,2.6
4ChK8fnT,Alcione Milano,Brescia,0,4,4.68,3.85,1.68
E5UqPFW9,Folgore Caratese,Giana Erminio,1,1,2.26,3.25,3.14
hIfP4ooe,Lecco,Pergolettese,0,0,1.94,3.36,3.89
U9QY7J6e,Atalanta U23,Ravenna,0,2,4.09,3.57,1.84
C6iyLQ1s,Reggiana,Latina,1,0,1.77,3.44,4.68
hpgiHr16,Vado,Pescara,0,1,3.77,3.66,1.89
xzUt6cy8,Campobasso,Pineto,2,2,2.15,3.26,3.36
fmC36Rnl,Grosseto,Perugia,2,0,2.74,3.35,2.46
2DFB45H0,Gubbio,Ostiamare,0,2,2.42,3.05,3.05
Otct0DON,Monopoli,Crotone,2,2,2.26,3.14,3.25
jTbY1ZgB,Inter U23,Foggia,3,2,2.57,3.15,2.76
fPmCfino,Potenza,Cavese,4,2,1.88,3.54,3.95
INpESFuf,AS Biellese,Chisola,1,1,1.89,3.25,4.3
Acs6UyBs,Asti,Valenzana,2,2,1.98,3.35,3.71
jyqMQgA6,Borgosesia,Bra,1,1,3.66,3.4,1.99
b1nUOXvJ,Celle Varazze,Ligorna,0,2,3.53,3.43,2.03
OvvGnyXP,Derthona FbC,Millesimo,1,0,2.21,3.13,2.97
MqP6Svqm,Brusaporto,Fiorenzuola,1,0,1.88,3.54,3.95
fcNEQIDa,Caldiero Terme,Scanzorosciate,1,0,2.08,3.15,3.62
4javsvbt,Club Milano,Virtus Verona,0,1,2.62,3.18,2.68
ID5fwdc5,Piacenza,Real Calepina,3,1,1.63,3.78,5.25
bi7AZDdU,Villa Valle,AC Milan U23,1,2,2.66,3.33,2.55
f9a3QMae,Brian Lignano,Union Clodiense,3,5,3.12,3.08,2.16
fTkcn4ME,Conegliano,FC Obermais,1,0,2.12,2.98,3.31
Sf34priR,Este,Cjarlins Muzane,1,2,2.62,3.14,2.72
Wjhrw0q1,Legnago Salus,Calvi Noale,0,1,1.77,3.34,4.09
vHejyvED,Mestre,Altavilla,3,2,2.03,3.11,3.94
4fmxas6K,Triestina,Bassano,1,1,1.74,3.76,4.38
0QY7gLTs,Virtus Bolzano,Sandona,2,1,2.92,3.34,2.34
UeL8gBVh,Correggese,USD Casatese,1,3,2.69,3.21,2.59
29JGik05,Crema,Pro Sesto,0,3,3.64,3.33,2.03
AZMOkTUH,Lentigione,Cittadella Vis Modena,0,1,1.97,3.22,3.43
IaQWm7aU,Oltrepo,Tropical Coriano,0,1,1.79,3.53,4.36
ObI0eX0t,Pontedera,Varese FC,0,3,2.89,3.46,2.3
Sh2d4SqB,Varesina,Pistoiese,0,1,5.34,3.95,1.57
GUd9XeTO,Ghiviborgo,Mezzolara,1,1,2.3,3.4,2.93
WtXIiaEt,Grassina,Scandicci,2,3,3.66,3.4,1.99
61zkpZCU,San Donato,Follonica Gavorrano,0,2,2.18,3.33,3.22
dQFb4xbn,Sasso Marconi,Prato,0,1,4.03,3.52,1.86
nXwZmHD5,SCD Progresso,Seravezza Pozzi,0,3,3.12,3.22,2.29
UwE62GSb,Siena,Montevarchi,3,0,1.77,3.64,4.37
v7zRkwqg,Ternana,Tau,3,0,2.07,3.31,3.52
KpxsnerI,Rondinella,Lucchese,0,0,4.25,3.53,1.82
rDtG1rnd,Ancona,L Aquila,2,2,2.14,3.23,3.44
KWGsxPN8,Recanatese,Montecchio Gallo,0,0,2.18,3.43,3.12
SdKkz3hL,Santegidiese,Angelana,1,0,2.29,3.33,3.02
OS5LUtGr,Teramo,Giulianova,3,2,1.64,3.86,4.96
rXW9NP8F,Termoli,Vigor Senigallia,1,2,2.7,3.2,2.5
AJY1Pov3,Atletico Ascoli,Trestina,1,0,1.8,3.65,4.17
baT5IFxI,Albalonga,Sarrabus Ogliastra,1,1,2.04,3.08,3.4
h2QcKy85,Afragolese,Venafro,4,0,1.74,3.44,4.94
U1AVYzNb,Budoni,Anzio Calcio 1924,2,0,1.97,3.2,3.46
WCRDGg7U,Certosa V. Campagnano,Atl. Lodigiani,1,0,1.62,3.97,4.97
zsMpVhMN,Latte Dolce,Citta di Anagni,1,2,2.05,3.49,3.38
My7Nzchn,Monastir,Aranova,2,1,1.9,3.43,3.95
6PCGPWqo,Trastevere Calcio,Paganese,1,6,2.72,3.34,2.49
bJa2mzxh,Unipomezia,Ossese,2,0,2.31,2.96,2.96
2F8wXEiB,Sarnese,Gelbison,3,1,2.23,3.33,3.12
Qyx8EafC,Gravina,Real Forio 2014,2,2,1.78,3.4,4.59
Wz4udivo,Ischia,A.C.D. Nardo,1,2,2.5,3.15,2.75
hOw0GLPa,Gladiator,Fidelis Andria,3,2,2.97,3.1,2.42
bsdRJfWi,Manfredonia,Ebolitana,3,0,2.23,2.9,3.17
IBhsGCVG,Melfi,Francavilla,2,1,2.44,2.97,2.66
QydkEj0T,Palmese 1914,Real Normanna,3,4,2.29,3.22,3.12
UXUMN3XP,Bisceglie,Nocerina,3,1,2.85,3.17,2.48
0GLhIsem,Brindisi,Turris,1,2,3.02,3.43,2.24
bZenb9PH,Calcio Avola,Nissa,4,2,4.3,3.77,1.75
fev4Gjun,Licata,USD Ragusa,1,0,2.48,3.34,2.74
zZuKC8vB,Modica,Castrumfavara,1,0,2.03,3.2,3.29
vVUc5QWp,Vibonese,Athletic Palermo,3,0,1.66,3.75,4.94
WxXrTTOi,Vigor Lamezia,Reggina,0,3,5.97,3.84,1.56
S8xCEU9b,Milazzo,Sambiase,0,1,2.34,3.34,2.92
Ui19EcmS,Avellino U19,Latina U19,3,1,1.78,4.09,3.78
O03x9Vqh,RES Roma W,Cesena W,1,4,2.72,3.48,2.21
0WeOxW9r,Chapelton,Molynes,2,1,3.14,3.25,2.26
dtvcZd3j,Montego Bay,Tru-Juice,0,0,1.97,4.03,3.21
0AhRvJuT,Mount Pleasant,Racing United,0,1,1.68,3.56,5.23
UqZjevQ9,Treasure Beach,Tivoli,1,1,3.01,3.55,2.2
OQh4Tncd,Gamba Osaka,Vissel Kobe,0,1,4.18,3.36,1.94
O6n4O0Fa,Machida,Kashiwa Reysol,2,4,2.39,3.31,3.01
2sc8glPG,Tochigi City,Vegalta Sendai,1,3,3.61,3.41,2.01
ry9AG8ro,Kanazawa,Renofa Yamaguchi,1,2,2.62,3.35,2.57
ChIvMUKN,Nagano,Gifu,1,0,4.41,3.68,1.75
fPFevCzh,Reilac Shiga,Ryukyu,3,0,2.23,3.63,2.9
vuKWNjjB,Sagamihara,Giravanz Kitakyushu,1,2,1.58,4.24,4.91
Ozt1Q7lm,Kunoichi W,Ehime W,2,3,1.54,3.94,5.7
Grb8OoJa,Setagaya Sfida FC W,Nittaidai W,2,3,1.28,4.8,8.35
dMaOK3IO,Vonds I. W,Orca Kamogawa W,2,0,6.26,3.92,1.44
lddGMPmC,Miyazaki W,Okayama Yunogo W,1,5,1.61,3.93,4.92
GlqNO51T,Urawa W,Omiya Ardija W,1,2,1.58,4.46,4.46
p0F8OP8l,Al Buqaa,Al-Faisaly Amman,0,4,9.35,4.95,1.32
tUNazxvh,Drenica,KF Llapi,4,0,2.38,3.31,2.79
nRQ7YF84,Dukagjini,Drita,1,2,2.5,3.16,2.75
bX2c9Jp9,Vellaznimi,Ferizaj,1,5,1.66,3.61,4.9
v1sBJvWi,Ogre United,Super Nova,1,0,3.03,3.66,2.14
nRpJHI04,Tukums 2000,Grobina,1,1,2.63,3.42,2.53
U75o3JoB,Auda,RFS,1,1,4.97,4.08,1.61
p2IHtiLc,Marupe,Riga FC 2,0,0,3.02,3.82,1.94
IFGPvVkA,JFK Ventspils,Skanste,1,0,2.54,3.7,2.18
UgWaYAiI,Hegelmann,Suduva,1,1,5.23,4.29,1.55
d67LqDUj,FA Siauliai,Kauno Zalgiris,0,2,11.3,7.34,1.18
CrTTaU36,Zalgiris 2,Babrungas,0,1,4.27,3.96,1.68
UB9wJWlg,Penang,Johor DT,2,7,50.0,15.0,1.03
fwZYZEdc,DPMM,Kuala Lumpur City,3,3,1.56,3.88,4.76
8jfSVUpd,Kelantan City,Kuching City FC,0,0,15.0,7.1,1.09
vXm8nYCU,Hibernians,Floriana,0,4,3.5,3.7,1.9
hGk0lfrI,Balzan,Sliema,0,0,3.42,3.52,1.98
fwsR3kO6,Naxxar,Zebbug,3,1,1.27,6.1,7.63
23pZ1ThJ,Tarxien,Attard,3,1,1.92,3.63,3.52
QR4tvcFF,Atlas,UNAM Pumas,1,1,2.1,3.54,3.51
WQWDLlal,Atl. San Luis,Necaxa,3,1,2.32,3.43,3.13
4vVLJST0,Monterrey,Cruz Azul,1,0,2.34,3.36,3.16
C4YTH6bD,Club America,Guadalajara Chivas,2,2,2.66,3.46,2.66
rmmbgfV0,Atl. Morelia,Leones Negros,2,0,1.61,4.07,4.97
AZljeG0l,Cancun,Alebrijes Oaxaca,3,0,1.54,4.07,5.71
jDj6iYaD,Jaiba Brava,Dorados de Sinaloa,1,1,1.74,3.89,4.19
Igcoxa1B,Zacatepec,Purepechas,1,0,1.44,4.1,5.87
QcPmfhvf,Pioneros,Tapachula,5,1,1.72,3.6,4.0
KvR3jAwJ,Celaya,Montaneses,2,1,1.98,3.4,3.22
QJ0gzwWN,Los Cabos,Tritones Vallarta,1,0,2.1,3.3,3.03
QkNPHiPi,Club Calor,Ciervos,4,0,1.29,4.6,9.4
Eg86CdmC,Artesanos Metepec,Halcones Negros,2,1,1.72,3.87,4.13
bqVwflXp,Dragones de Oaxaca,Canoneros,3,0,1.03,13.6,26.0
vwuxDkAC,La Tribu de Cd. Juarez,Vaqueros Reynosa,2,1,2.18,3.62,2.9
Ig7BuvmK,Queretaro U21,Club Leon U21,0,2,3.12,3.43,2.13
QaKPHzeD,Toluca U21,Santos Laguna U21,2,1,1.53,4.13,5.42
lxbszIAs,Pachuca U21,Club Tijuana U21,2,1,2.22,3.41,2.97
n7ItztRq,Club Tijuana W,Guadalajara Chivas W,0,2,3.55,3.76,1.92
YNGlYJed,UNAM Pumas W,Puebla W,2,0,1.08,11.0,21.0
Eqw5lnoK,Real Sireti,Milsami,1,2,4.91,3.82,1.63
OIOzqQ8s,Sheriff Tiraspol,Balti,7,0,1.02,13.9,34.0
6kdwFhrT,Amtat,FC Ulaanbaatar,0,9,9.15,6.8,1.2
xYn99W5j,Ulaangom City,Deren,0,5,27.0,16.5,1.02
jRsUcsGE,Otrant,Jezero,4,1,1.64,3.75,4.94
YXXNnH7D,Bokelj,Mladost DG,3,0,2.43,3.1,2.89
fNW7ja8l,Decic,Mornar Bar,1,1,2.37,3.09,2.98
8GZKtDGd,Grbalj,Berane,3,0,1.77,3.2,4.75
nq6juLdk,Rudar,Kom Podgorica,1,1,3.15,3.0,2.28
G0FKpsZR,Iskra,Lovcen,0,2,1.8,3.4,4.32
SYDh2rHP,Sofala,Black Bulls,0,1,4.34,3.1,1.9
tIJWzzed,De Graafschap,NAC Breda,1,2,3.61,4.21,1.81
xGcSV14l,Blauw Geel,Dongen,3,1,1.94,4.2,3.15
h64rSJ3D,Gemert,UDI'19,1,1,2.36,4.09,2.49
APchMsjK,Purmersteijn,ADO 20 Heemskerk,2,1,2.8,3.94,2.18
byi7bvbD,USV Hercules,TEC,2,4,2.58,4.0,2.32
p0iUkNeK,GOES,UNA,2,1,2.45,3.96,2.45
fNxzuns9,PEC Zwolle W,De Graafschap W,2,3,1.67,4.24,4.24
2mtrwQBL,Den Haag W,Heerenveen W,2,2,2.26,3.78,2.76
bBskj9pn,Ferretti,Jalapa,0,1,1.85,3.47,4.15
fgTG5gi3,AS ZAM,AS UAM,0,1,2.06,3.09,3.7
SnyVsjad,Sahel,Tahoua,1,0,2.06,3.09,3.7
vPc27hzg,Enyimba,Inter Lagos,0,1,1.71,3.11,5.7
6Baf9E5t,Kano Pillars,Doma United,4,1,1.44,3.83,7.97
YREi0yTP,Kun Khalifa,Rangers Int'l,2,4,2.29,2.9,3.25
UBFMfFjm,Nasarawa,Rivers United,1,1,1.7,3.38,5.13
IFKpkBKO,Plateau United,Shooting,3,1,1.64,3.38,5.73
nk1A5W45,Sporting Lagos,Abia Warriors,0,2,1.7,3.38,5.13
0z0RNxM7,Ljuboten W,ZFK Vardar W,2,2,1.01,14.0,27.0
4G9kSqee,Valerenga,Fredrikstad,1,1,1.88,3.95,3.75
0MRNDpt2,Sandefjord,Start,3,0,2.21,3.61,3.11
CIUAZR2L,Tromso,HamKam,3,2,1.45,4.77,6.53
r1LtU5Qr,Viking,Lillestrom,3,0,1.3,5.95,8.8
xtIYZzc4,Brann,Bodo/Glimt,2,1,5.07,4.56,1.57
UeODQRn3,Haugesund,Strommen,4,2,1.33,5.23,7.97
29MLO5HF,Kongsvinger,Hodd,5,1,1.31,5.53,8.05
byGUMqnS,Lyn,Ranheim,1,4,1.82,4.13,3.63
Sj60HN9k,Odd,Egersund,5,1,1.8,3.9,3.9
l6f9F1v2,Raufoss,Stromsgodset,0,2,8.07,6.56,1.26
GCnew5W8,Sandnes,Moss,1,2,2.18,3.66,2.97
Cvt4yq1L,Stabaek,Sogndal,2,1,1.37,6.02,5.77
QBPU0X4s,Bjarg,Traeff,6,1,1.3,5.86,7.82
vLjCrjkD,Notodden,Arendal,4,1,1.94,3.87,3.4
67h4pCK0,Pors,Lysekloster,2,0,1.37,4.5,6.36
tC78iUQE,Grorud,Kjelsas,3,2,2.41,3.88,2.52
hjRDVn4e,Stjordals Blink,Lorenskog,2,0,1.78,4.17,3.76
M1iZxVBL,Ull/Kisa,Junkeren,2,3,2.95,4.11,2.06
bT5vHmk2,Skeid,Tromsdalen,0,6,2.26,3.94,2.68
lIKMTQY7,Trygg/Lade,Levanger,0,1,8.08,6.19,1.28
tIMdhhRE,Gamle Oslo,Asker,1,2,2.62,4.45,2.1
bwT5AkbK,Molde 2,Melhus,1,0,3.72,5.35,1.53
8CEy5TLs,Orkla,Aalesund 2,2,2,6.22,5.25,1.32
4Cq62IFk,Lillestrom 2,Fauske Sprint,2,4,1.4,6.67,4.62
nwpm3yq2,Aalesund W,Molde W,4,1,1.47,4.91,5.42
GOCNzac4,Grei W,Tromso W,3,2,3.63,4.04,1.79
KG9vXGdT,Start W,Klepp W,4,0,1.03,15.0,50.0
jNBMJ8g5,Sur Club,Al-Samail,3,1,2.07,3.37,3.32
OzAUHnOH,Dhofar,Fanja SC,2,0,1.67,3.36,5.43
W0DxGQhU,Al Seeb,Ibri,3,0,1.23,5.76,11.0
rL0eEtoe,Alianza,Deportivo Universitario,0,0,2.05,3.25,3.67
vPBHLOhL,Plaza Amador,Veraguas,1,1,1.61,4.05,4.94
Mk0yKJvn,Cerro Porteno,Rubio Nu,1,0,1.66,3.54,5.48
vDRWe7hd,San Lorenzo,Olimpia Asuncion,0,3,7.43,4.35,1.42
YZCUaiEN,12 de Junio,Independiente FBC,0,4,1.89,3.4,4.08
SxAM1DqB,Sp. Carapegua,Tacuary,0,0,1.98,3.65,3.44
SSAbuwgt,Deportivo Garcilaso,U. de Deportes,4,0,2.49,3.15,2.85
pAz0WH0J,FBC Melgar,Sport Boys,1,1,1.41,4.23,8.06
8nQeWaGP,Sport Huancayo,Cajamarca,3,2,1.22,6.08,11.6
Quvpz01f,Juan Pablo II,Moquegua,4,0,1.77,3.74,4.24
CldPOLb6,Yanapuma W,Atl. Andahuaylas W,3,0,3.94,3.84,1.77
KEaXMaTI,Sporting Cristal W,Alianza Lima W,0,2,3.02,4.06,1.99
6Fg9e3am,Azkals,Maharlika,2,0,6.07,6.07,1.33
EucHgsUa,Stallion,Manila Digger,0,3,7.66,6.02,1.28
EFuVclaC,Piast Gliwice,Pogon Szczecin,1,2,2.34,3.54,2.92
AyOnGVEt,Zaglebie,Wisla Plock,0,2,2.42,3.35,2.94
MuqwdSTO,Jagiellonia,Legia,1,3,2.63,3.51,2.58
rkMfE9qg,Lech Poznan,Radomiak Radom,5,1,1.37,5.34,7.48
Ukpic3yi,Pogon Siedlce,Arka Gdynia,2,1,3.29,3.29,2.17
ITi567E4,Podbeskidzie,Skierniewice,1,1,2.25,3.45,3.0
W6prHy7k,S. Wola,R. Rzeszow,2,0,2.24,3.43,3.02
0OgCMcqS,Slask Wroclaw II,Hutnik Krakow,2,0,2.95,3.58,2.22
SAe4OJEF,Tychy,Sandecja Nowy S.,0,0,2.0,3.57,3.46
UiVVxLM6,Kolbuszowa Dolna,Wislanie Skawina,1,1,2.89,3.82,2.12
WWo5Vuqm,Legnica U19,Escola Warszawa U19,2,0,2.14,3.45,2.84
lht0vySH,Polonia W. U19,Zaglebie U19,5,1,1.71,3.82,3.81
KziTPyDO,Talent Warszawa U19,Rakow Czestochowa U19,3,1,3.88,3.75,1.71
8EvprJSh,S. Rzeszow U19,Legia U19,0,3,3.64,3.62,1.79
Wl9nzTm2,Estrela,Academico Viseu,0,2,2.24,3.46,3.26
6NiL8mfR,Vitoria Guimaraes,Moreirense,1,1,1.54,3.99,7.16
OrdYcWu9,Estoril,Casa Pia,1,2,1.7,3.87,5.1
MLnSn6X7,Santa Clara,Braga,0,0,3.76,3.17,2.18
EeqKlS2e,FC Porto,Benfica,3,1,2.72,3.19,2.78
lSKt20Xj,AD Fafe,Lajense,4,0,1.25,4.92,13.5
Gjt02ctm,Estrela Calheta,SC Vianense,1,3,7.16,4.29,1.41
OjGM5BVs,Cinfaes,Leixoes,0,4,6.69,3.86,1.49
CIX9Znkn,AD Limianos,Aljustrelense,3,0,1.47,3.82,7.23
KKfU7JIP,Amora,Uniao Da Serra,3,4,1.78,3.4,4.46
j1Obiz0k,Fatima,Vinhais,4,1,1.18,6.1,13.8
WGJU3k0f,GD Braganca,Celoricense,6,1,1.85,3.29,4.22
joGp07aJ,Guarda FC,Chaves,2,3,8.57,4.54,1.34
IilkOJo9,Mortagua,Leca,0,2,5.43,3.42,1.66
UDnGbFuC,Oliveira Hospital,Juv. Evora,3,2,2.02,3.31,3.52
MXvvbTWA,Ovarense,Os Marialvas,0,1,1.74,3.58,4.43
27hQ7b1S,Ponte da Barca,Amarante,0,2,10.8,5.93,1.22
E7yWak2b,Serpa,Louletano,1,2,4.22,3.19,1.89
bgxYTrJN,Sintrense,AFS,0,2,4.88,3.29,1.75
Qc130Gg2,Paredes,Maria de Fonte,5,1,1.16,6.32,17.2
GEKPgE8c,AD Marco 09,Maia Lidador,1,0,1.3,4.49,11.4
OEE5dlvh,Maritimo U23,Felgueiras U23,0,2,2.8,3.94,2.18
8E03fBDj,Racing Power W,Valadares Gaia W,1,0,2.37,3.29,2.83
KpUzc3fD,Al Wakra,Al Sailiya,1,0,1.57,4.3,4.98
CvHMK6nK,Al Ahli Doha,Al-Shahaniya,0,1,1.56,4.06,5.47
MD2hFpAs,Al Rayyan,Qatar SC,2,2,3.12,4.37,1.93
l88jAaFq,FC Voluntari,U. Cluj,0,2,3.33,3.65,2.09
2k50SbyS,Dinamo Bucuresti,Farul Constanta,4,0,1.76,3.79,4.56
OWHMIy4J,Ramnicu Valcea,FC Bihor,3,2,4.06,3.34,1.91
CWCU2twg,Dynamo Vladivostok,Rodina Moscow 2,0,1,4.2,3.3,1.85
hAEpabxI,Sibir Novosibirsk,Kaluga,3,0,1.77,3.6,4.2
EwbBco1D,Alania Vladikavkaz,D. Bryansk,0,2,2.34,3.24,2.89
tt8qP8Ws,Dynamo Makhachkala 2,FK Pobeda,0,2,6.05,3.38,1.62
SCSUZuV9,Yenisey 2,Dynamo SPB,2,6,4.64,3.78,1.66
xQAAnJEF,Vladimir,Iskra Smolensk,0,1,1.51,3.93,6.05
zwWxYJaM,Baltika 2,Cherepovets,1,4,1.53,4.47,4.98
jDfa6FXH,Krylya Sovetov Samara 2,Dynamo Barnaul,1,2,2.01,3.34,3.54
l2wHOdmn,KDV Tomsk,Pobeda Nizhniy Novgorod,2,1,1.47,3.9,6.98
bwb74g2U,Khimik,Akron Togliatti 2,1,2,1.31,4.65,9.59
r7Pn4pOh,Izhevsk,Ural 2,2,1,2.08,3.24,3.44
KUoVo38O,Nosta,Chelyabinsk 2,3,0,1.8,3.09,4.96
AgRv66gt,Orenburg 2,Rubin Kazan 2,3,3,1.66,3.43,5.34
SKhV7HY9,Rubin Kazan W,FK Yenisey W,2,0,1.36,4.42,8.54
Eyiw6e3M,FK Rostov W,Zvezda 2005 W,1,1,1.7,3.46,4.9
zayLX98e,San Giovanni,Cailungo,0,3,2.14,3.54,3.13
2owDZVwq,Tre Penne,Juvenes/Dogana,2,0,1.64,3.86,4.96
tY98MpTb,Damac,Al Adalah,3,2,1.81,3.77,3.98
Sl8GKOcB,Al Jabalain,Al Orubah,0,0,1.82,3.64,4.06
Ymzl2Gsp,Al Jandal,Al Wehda,2,2,3.76,3.55,1.92
61Ye0fCd,Al Jeel,Hajer,0,0,2.68,3.26,2.57
dlEIBMJU,Celtic,Rangers,0,1,2.15,3.65,3.3
l2Rnvdoo,Glasgow City W,Partick Thistle W,4,1,1.06,10.5,25.0
OYMt0w84,Hibernian W,Montrose W,6,1,1.01,14.4,46.0
nZx9ovgB,Spartans W,Hearts W,0,1,48.0,13.5,1.02
hWuHqINN,Rangers W,Aberdeen W,3,1,1.01,41.0,50.0
S21jldXo,Macva,Mladost,1,2,2.69,3.08,2.69
fc1Erh1N,Crvena zvezda,Radnicki Nis,3,0,1.16,7.68,13.3
0Gabnz2b,Zeleznicar Pancevo,Cukaricki,2,1,1.82,3.72,3.97
WdVAjvNk,Teleoptik,Borac 1926,1,2,3.38,3.74,1.98
EiurkGxo,Usce U19,Mladost Lucani U19,2,1,2.06,4.02,2.89
EBVyBca4,Brodarac U19,Cukaricki U19,3,2,2.58,3.93,2.28
GQlC2lit,Skalica,Podbrezova,0,1,2.89,3.38,2.34
A7pmF6Jl,Dun. Streda,Trnava,2,2,1.72,3.78,4.48
zofoHubc,Zilina B,Povazska Bystrica,4,2,2.7,3.44,2.45
jysKD6i5,Galanta,Slovan Bratislava B,2,1,2.95,3.59,2.21
8jY9e3at,Ruzomberok B,Oravske Vesele,4,1,1.37,5.04,6.63
veKoLOC6,Snina,Vranov,1,1,1.57,4.17,4.95
vNbOERBG,Dun. Streda B,Sala,0,0,1.82,3.94,3.63
h60GGms4,Trencin B,Velke Ludince,5,1,1.74,4.17,3.75
nm2WC5tT,Belusa,Myjava,0,0,2.17,3.72,2.85
Cxj5fZkD,Bravo,O. Ljubljana,2,1,3.86,3.5,1.9
4CncdeL0,Mura,Celje,0,0,4.3,4.09,1.69
AV4OaURh,Grosuplje,Radomlje,2,1,2.21,3.59,2.95
MDz4QCQQ,Bilje,NK Jesenice,0,2,4.99,4.41,1.56
rcb0OPft,Dravinja,NK Bistrica,3,1,3.52,3.62,1.97
tz3CKMx8,NK Krka,Jadran Dekani,1,2,2.55,3.33,2.66
Q9PsJUI0,Triglav,Slovan Ljubljana,3,0,1.37,4.55,6.29
2iCpJ997,Videm,Odranci,3,3,2.66,3.69,2.3
tW4WyuAl,Skofja Loka,Ziri,1,1,1.77,3.8,3.83
4jBhqNHE,Sencur,Rudar T.,3,0,1.86,3.83,3.52
MRu1iuCC,Radomlje W,ZNK Ljubljana W,3,0,1.32,5.83,6.6
lQynAvyI,Golden Arrows,Kaizer Chiefs,0,0,3.54,3.03,2.19
t0hLBiCM,Marumo Gallants,Orlando Pirates,0,2,8.09,4.67,1.37
fP3JiWKj,Milford FC,Durban City,1,1,2.71,3.02,2.71
xWwi6VZq,TS Galaxy,Chippa Utd.,0,1,1.99,3.13,4.06
pdXNyJdl,Magesi,Hungry Lions,1,1,1.93,3.23,4.16
x2Mkzr67,Mamelodi Sundowns W,Pretoria U. W,3,0,1.04,8.7,20.0
Iu26GEop,Ramatlaohle W,Ezemvelo W,1,1,2.06,3.41,3.3
llqJHFqm,Gangwon,Jeju SK,0,1,2.36,3.04,3.35
td1QFgEa,Jeonbuk,Gwangju FC,2,2,1.44,4.61,7.18
2BkZDXrC,Incheon,Daejeon,1,1,3.12,3.38,2.29
AygsCBDO,Pohang,Seoul,2,1,4.51,3.75,1.77
EenGzvCN,Ansan Greeners,Cheongju,2,3,3.26,3.48,2.1
ARXoVHZp,Yongin,Gyeongnam,0,0,2.37,3.16,3.03
QZFYhLRi,Gimhae,Paju Frontier,0,2,2.44,3.32,2.8
WWItiad4,Seongnam,Hwaseong,2,2,2.83,3.24,2.46
MmDbCHLH,Gyeongju KHNP,Changwon,2,1,1.88,3.54,3.95
EyNmVl7M,Sabadell,Oviedo,3,1,2.29,3.06,3.46
xfU8IBNG,Ceuta,Valladolid,1,1,3.29,3.24,2.28
U9z7bjWp,Almeria,Celta Vigo B,2,0,1.44,4.57,7.26
YcLXYW7c,Las Palmas,Burgos CF,1,2,1.88,3.52,4.24
6iToBTFj,Leganes,Granada CF,3,2,2.07,3.14,4.0
6mLVsTTh,Ath Bilbao B,Dep. Fabril,2,2,1.98,3.43,3.64
foZqdJl3,Zamora,Lugo,1,2,1.96,3.36,3.82
nRMovoTH,Cacereno,Arenas Getxo,3,0,1.86,3.42,4.15
KhzgxPcU,CD Extremadura,Cultural Leonesa,0,1,2.26,3.25,3.14
tKGHoyD7,Alcorcon,Gimnastic,3,0,1.89,3.37,4.1
YD339v5E,Algeciras,Aguilas FC,1,1,2.18,3.12,3.43
KU1B7IZQ,Hercules,Torremolinos,1,0,1.51,3.95,6.5
8jvVCDB6,Zaragoza,FC Cartagena SAD,1,0,1.78,3.41,4.65
OSq3eR3M,Alaves B,Oviedo B,3,1,1.91,3.34,4.06
ClMM0Mu2,Torrelavega,Bergantinos,0,3,2.25,3.45,3.0
4r98OPX8,Rayo Cantabria,Amorebieta,0,2,2.3,3.56,2.83
fVQSBnl3,Compostela,Sestao,2,0,2.34,3.2,3.2
YuSr84mS,Gernika,Llanera,4,0,2.03,3.51,3.62
d0pKZ6eS,Calamocha,UD Logrones B,3,2,3.98,3.67,1.83
b50tzUkK,Arnedo,Terrassa,0,1,4.43,3.59,1.83
fTcLn7ZP,SD Logrones,Girona B,2,2,2.36,3.36,3.02
pto7w3dC,Barbastro,Barcelona B,0,1,4.25,3.63,1.79
CSnauPRa,Tudelano,Manresa,2,1,2.03,3.33,3.64
nq4JSorf,Osasuna B,Ebro,1,0,2.34,3.23,3.02
2ZAZO3sJ,Reus FCR,Naxara,1,0,1.64,3.79,5.12
8YjpVAGP,Deportiva Minera,Orihuela,2,2,2.12,3.1,3.62
Myo5oBq9,Alcoyano,Poblense,2,0,2.14,3.23,3.44
SzDxT2Ts,Baleares,UCAM Murcia,1,4,2.09,3.24,3.55
8EEhPKS6,Ilicitano,Pena Deportiva,1,0,2.26,3.57,2.89
EBH0NbcJ,Lorca Deportiva,CF Intercity,0,0,2.45,3.3,2.79
vHsGPlvm,Real Murcia B,Mallorca B,0,1,2.6,3.33,2.6
KfqWL6wC,Yeclano,La Nucia,0,1,2.25,2.93,3.55
QcH38mxo,Linares,Las Palmas B,0,1,1.88,3.55,3.91
CY55S8TG,Sevilla FC B,Sanluqueno,2,2,1.92,3.41,3.93
Wf4kWjUi,Ciudad de Lucena,Tenerife B,1,2,2.46,3.56,2.62
Kb9DQnbT,Tamaraceite,Recreativo Huelva,1,3,3.77,3.66,1.89
URVXD9EN,CD Badajoz,Betis B,0,1,2.52,3.3,2.39
vL7cUUb4,Marbella,Atletico Central,4,1,1.84,3.57,4.09
EyPHHiFb,Antoniano,Mijas Las Lagunas,1,1,1.87,3.64,3.84
zPErLQLj,Xerez CD,Don Benito,0,0,1.78,3.4,4.7
84agKwNc,Getafe B,CF Talavera,1,1,2.26,3.05,3.36
hYIzKUSE,Conquense,Salamanca,1,0,1.83,3.45,4.29
GU21IHiA,RSD Alcala,Gimnastica Segoviana,5,2,2.43,3.1,2.98
nHPYa9yq,Valladolid Promesas,Albacete B,6,1,2.04,3.45,3.45
0vWldRz8,Atl. Tordesillas,Navalcarnero,2,2,2.73,3.21,2.68
KQBx2d7T,Real Avila,Puertollano C.F.,2,1,1.74,3.95,4.16
zHnh24ZA,Viveiro,Atletico Arteixo,0,1,2.77,2.83,2.45
vgkDkRk5,Barco,Portonovo SD,2,1,2.18,3.43,3.12
fwox6nzn,Gran Pena,Antela,0,0,1.86,3.52,4.03
Sjqp4Q4b,Alondras,Sarriana,2,0,2.89,2.98,2.34
4l63quI9,Covadonga,Caudal Deportivo,4,0,2.3,3.34,3.0
YoPwTJXS,Gijon B,Lealtad,1,0,1.72,3.65,4.69
6yoybvX2,Llanes,Gijon Industrial,2,2,2.16,3.3,2.92
UHA9Ncej,Praviano,Aviles Stadium,0,1,1.63,3.22,5.41
x24BsJnM,Union Club Ceares,CD Colunga,3,4,2.03,3.39,3.54
dO2eo1mc,L'Entregu,Langreo,1,3,3.1,3.36,2.23
SxQsMzZr,Laredo,Escobedo,2,0,1.98,3.44,3.65
6NeGNmAm,UD Samano,Guarnizo,4,1,2.39,3.38,2.81
W6vCRdBL,Selaya,Atletico Albericia,1,0,3.41,3.35,2.1
8UUUloU9,Derio,Santurtzi,2,0,1.86,3.42,4.15
fkqhYycm,Cerdanyola,FC L'escala,1,0,2.6,3.33,2.6
d00zGfsJ,Montanesa,Grama,1,0,2.94,3.37,2.31
IkaKJxrf,San Cristobal CP,San Juan Atletico de Montcada,2,1,2.26,3.36,3.05
On2SHGC6,Vilassar de Mar,CF Badalona,0,2,3.51,3.2,2.12
jsviCBHD,Levante B,Ontinyent 1931,2,0,1.77,3.33,4.93
KGIzKNzK,Torrent,Atzeneta,1,1,1.7,3.87,4.47
fwX5LFfR,Soneja,Utiel,2,0,2.19,3.14,3.4
AT5MAJc6,Vall de Uxo,Espanol de San Vicente,2,1,1.8,3.33,4.69
Gn46E1bs,Saguntino,Villarreal C,0,1,2.59,3.21,2.69
QDu6u7se,Trival Valderas,Pozuelo de Alarcon,1,1,1.89,3.4,4.08
OpiSnkkL,Colonia M.,Siello,5,1,1.44,4.15,7.45
0py01l4E,Galapagar,Las Rozas,1,1,4.38,3.76,1.74
8jIDZlgM,Burgos CF B,Palencia CF,3,0,2.34,3.34,2.92
EeNEVKzi,Salamanca B,Arandina,3,4,2.48,3.02,2.99
GIWKtoqh,Bembibre,Mansilles,0,2,3.25,3.25,2.2
4Iuppzzf,Mirandes B,Leonesa B,0,1,2.45,3.13,2.92
2ZUSvPD4,Palencia CA,Guijuelo,1,0,2.21,3.19,3.29
ShYrFmld,Huetor Vega,Marbelli,1,3,2.61,3.13,2.74
x6GORQX1,CD Alhaurino,Churriana de la Vega,2,1,2.34,3.23,3.0
QqOxyVAF,Atletico de Porcuna,Granada CF B,2,1,3.21,3.36,2.18
ppwKheFr,Dos Hermanas,Linense,3,1,1.86,3.63,3.88
IgPNfroT,Tomares UD,Cordoba B,2,0,2.34,3.23,3.02
6XCvDP0c,Conil,Cadiz CF B,0,2,2.28,2.93,3.47
G2rUGCv1,PE Sant Jordi,Andratx,2,2,2.98,3.38,2.29
UopMIY9l,SD Ibiza,Sineu,1,0,1.16,7.3,14.6
GMYNxf1K,Porreres,Inter Ibiza,2,1,1.37,4.97,7.33
CQu9TkO6,Cardassar,Constancia,1,0,3.23,3.44,2.14
2qnsXHw1,San Fernando,UD Playas de Sotavento,5,0,1.33,5.28,7.79
QabppdQP,FC Cartagena SAD B,UCAM Murcia B,2,2,2.94,3.47,2.26
Wb6zSd4s,Aguilas FC B,Bala Azul,0,0,2.33,3.3,2.97
zTK4XItK,Alcantarilla,Cotillas CD,2,0,2.51,3.25,2.75
SSnOxEIa,Santomera,CD Algar,2,0,1.22,5.75,13.2
Qu8jOE36,Olimpico de Totana,Molinense,1,0,2.55,3.12,2.81
p8mQ7B44,Villafranca,Villanovense,0,1,2.22,2.97,3.11
06rXoUso,Cabeza del Buey,Azuaga,1,2,2.64,2.88,2.53
dUuCb7Rj,Santa Amalia,Pueblonuevo,1,1,2.21,3.19,3.29
GMQ7pNOE,Tamarite,Epila,1,2,2.62,2.67,2.73
IqlGRo5E,Huracan de Balazote,Ciudad Real,0,1,3.64,3.33,2.03
SdWevPlK,Quintanar del Rey,Illescas,2,2,2.81,2.98,2.65
vJOsVKB6,Marchamalo,Guadalajara B,2,2,1.94,3.25,4.08
0zIgveaK,Costa Adeje Tenerife W,Sevilla FC W,1,3,2.08,3.38,3.43
dvPvVjM6,Granada CF W,Dep. A Coruna W,0,3,2.32,3.3,2.99
WI8PYYMs,Eibar W,Athletic Bilbao W,1,0,6.01,3.76,1.57
AgPzAgWH,Atl. Madrid B W,Barcelona B W,5,3,4.59,3.98,1.63
lve9B67M,Extremadura W,CA Osasuna W,2,2,2.7,3.6,2.31
tf17ioGj,Levante W,Cacereno W,3,0,1.85,3.7,3.7
xtRSBF15,Athletic Bilbao B W,Tenerife B W,1,0,2.1,3.58,3.07
80ggFl8c,Real Madrid B W,Alhama W,0,1,3.1,3.82,2.02
KvtY8CEk,Djurgarden,Elfsborg,1,2,1.57,4.25,5.54
4pRBUpsQ,Halmstad,AIK,2,1,3.44,3.74,2.02
xvZP6skJ,Kalmar,Hacken,0,5,2.64,3.52,2.57
8bs9APkf,Degerfors,Hammarby,0,1,7.59,5.57,1.35
80MSUgy9,Mjallby,GAIS,0,3,2.83,3.54,2.4
x8z2f6bC,Sundsvall,Ljungskile,3,2,4.15,3.83,1.76
bgcF3AyQ,Helsingborg,Norrby,0,0,2.18,3.43,3.12
0z3PYXvH,Pitea,Jarfalla,3,1,1.82,4.06,3.64
YNB8xGuh,Stocksund,Umea FC,0,3,2.83,4.19,2.1
hjyzOGQb,AFC Eskilstuna,Gefle,0,1,1.55,4.29,5.23
vLEGzfA4,Karlbergs,Stockholm Internazionale,0,2,8.09,5.4,1.32
8xOCAntI,Laholms,Kristianstad,2,3,2.03,3.64,3.33
WWSmGjCt,Olympic,Rosengard,1,1,2.82,3.86,2.19
UiCL8QAU,Tvaaker,Trelleborg,0,1,4.26,4.5,1.63
4pReEUtg,Hassleholms IF,Trollhattan,0,1,2.5,3.53,2.6
xY6qqvdn,Taftea IK,IFK Ostersund,2,1,2.38,3.62,2.35
U7MPpJVF,Lidkoping,Vanersborgs IF,5,2,1.8,3.91,3.7
Y7XbwKml,IK Franke,Sunnersta AIF,1,2,5.63,4.86,1.43
QNo8ZymD,Viggbyholms,Helges,4,2,1.63,4.37,4.16
SlRS0Ft4,Vaxjo Norra,Nosaby,0,0,1.76,3.68,3.71
vDWsePho,IFK Trelleborg,Solvesborgs,4,1,1.32,4.2,8.8
4xemBZYb,Eker Orebro,Haninge,4,5,6.0,5.48,1.37
YHn47iYN,Syrianska,Sleipner,3,1,2.97,4.03,2.02
Qye9VbGb,Astorps,Jonsereds,2,0,2.02,3.72,2.9
tfOdQ3vJ,Galtabacks,Frolunda,4,1,2.96,3.9,2.06
CCB10nWo,Kristianstad W,Pitea W,2,2,1.77,3.78,3.99
QLjobdkI,Norrkoping W,Rosengard W,2,1,3.1,3.51,2.12
YLKyi13E,Gamla Upsala W,Alingsas W,1,1,3.07,3.58,2.1
QJaGqJel,Orebro SK W,Jitex W,1,4,2.1,3.45,3.05
2ZRZ3OOr,Umea W,Enskede W,5,1,1.57,3.92,4.61
EViny7ke,Vaduz,Thun,1,2,2.49,4.08,2.37
EgxNBdhI,Basel,St. Gallen,1,3,2.53,4.07,2.34
MJuV9zNU,Lausanne,Lugano,0,4,3.73,3.49,1.94
hCil5K0b,Yverdon,Lausanne Ouchy,0,0,2.45,3.47,2.68
dpzUFbhD,Bavois,Luzern II,0,1,1.86,4.49,3.22
YqK1Uc76,Kreuzlingen,Zurich II,2,2,2.74,3.7,2.2
lQHqUmo4,Coffrane,Prishtina Bern,0,1,3.77,4.3,1.75
IHivRe3b,Bassecourt,Munsingen,3,1,2.06,3.62,2.88
M9z18Nbn,Mendrisio,St. Gallen II,1,3,2.09,3.87,3.01
h41ZHU6d,Hang Yuen,Tatung,0,0,1.83,3.55,4.17
l8CePCEM,Taichung Rock,Taipower,1,3,3.33,3.64,2.03
tr9mRYqA,Taiwan Steel,AC Taipei,0,2,1.58,4.22,5.01
dxfvovhm,Chonburi,Buriram,0,1,5.21,3.96,1.6
42cnqIMa,Rayong FC,Ratchaburi,1,1,3.1,3.51,2.17
xGefsdiC,Sukhothai,Port MTI FC,2,1,4.27,3.85,1.74
pta2uzMO,Bangkok Utd,Pathum United,3,2,2.03,3.39,3.54
Y1BAFm39,Kasetsart,Nakhon Pathom,0,0,2.7,3.09,2.58
6F9IDRXL,Songkhla,Muang Loei,1,1,1.72,3.61,4.47
zVal85eq,Pattaya United,Phrae,0,3,1.97,3.4,3.6
re3d6qQe,Uttaradit,Chanthaburi,4,3,2.23,3.32,3.01
S6DYj6lK,Ben Guerdane,Hammam-Lif,1,0,1.85,3.06,5.0
80ioDSpm,Club Africain,Zarzis,1,0,1.56,3.74,6.23
vRALd706,CS Sfaxien,CA Bizertin,2,0,1.66,3.43,5.71
YXq7ZUcE,Erzurumspor,Samsunspor,1,0,2.59,3.22,2.9
KAgDDmye,Fenerbahce,Eyupspor,8,0,1.15,8.26,18.6
YXPPZwhc,Amedspor,Besiktas,3,2,4.1,3.84,1.86
tbTXXHM9,Goztepe,Rizespor,2,2,2.65,3.5,2.65
OtyCBcyn,Manisa FK,Istanbulspor AS,0,1,2.01,3.6,3.4
0QhWbKit,Pendikspor,Bodrumspor,1,1,2.0,3.28,3.79
nsivcbMh,Antalyaspor,Vanspor FK,3,0,1.76,3.82,4.18
4KxS7FzB,Mardin 1969,Kayserispor,0,1,2.67,3.29,2.57
pvOU8kXb,Aksaray Bld.,Inegol Kafkas,1,1,1.61,3.48,4.98
jy5a7cDi,Erbaaspor,Sebat Spor Kulubu,3,2,3.45,3.42,1.9
tl635GQ6,Kastamonuspor,Hatayspor,1,0,3.53,3.5,1.85
Ol375yr4,Soma Spor,Musspor,1,3,7.01,4.5,1.34
no9B3feJ,Isparta 32 Spor,Guzide Gebzespor,3,3,3.43,3.26,1.96
ALcojU7K,K. İstiklalspor,Sakaryaspor,1,3,3.4,3.85,1.8
n7SClHWF,Trabzon FK,Ankara Demirspor,2,2,2.86,3.48,2.25
IRAaSQFD,Inegolspor,Karacabey Bld.,0,1,1.91,3.34,3.49
QJhhUno1,Kirklarelispor,Beyoglu Yeni Carsi,1,2,2.52,3.19,2.7
IgkpW8Gl,Kutahyaspor,24 Erzincanspor,0,1,2.14,3.6,2.75
MsjXtQU6,Fethiyespor,12 Bingol,1,1,2.14,3.22,3.02
bmokdxiJ,Beykoz Anadolu,Tokat,2,2,1.86,3.37,4.04
xdPM5kOF,Galata,Duzcespor,1,1,2.28,3.37,2.9
rgSU3ThS,Inkilapspor,Kucukcekmece,0,2,3.91,3.39,1.89
vPD0b7Gk,Yesil Yalova FK,Golcukspor,3,3,1.86,3.62,3.73
8v4yO1tp,Etimesgut,Bucaspor 1928,2,0,1.42,4.34,6.88
YNnHzuQk,Gaziemirspor,Denizli IY Gureller,5,0,2.68,3.5,2.37
YNfD8fh3,Erzurumspor U19,Samsunspor U19,1,4,2.85,3.72,2.17
Y34JnDVq,Fenerbahce U19,Eyupspor U19,5,1,2.13,3.34,2.95
dt2YeH8c,Amedspor U19,Besiktas U19,0,2,5.38,3.98,1.49
465tfewA,Goztepe U19,Rizespor U19,4,0,1.48,3.88,5.71
Qi8bZCto,1207 Antalyaspor W,Hakkarigucu Spor W,1,4,7.32,4.7,1.37
CSd0gYXG,Fomget GSK W,Trabzonspor W,1,1,3.38,3.84,1.9
0zCunLUO,Kudrivka,Kolos Kovalivka,2,3,4.25,3.53,1.82
G01l6OFt,Karpaty Lviv,Veres-Rivne,1,1,1.5,3.94,6.74
KdAPk3Va,Shakhtar Donetsk,LNZ Cherkasy,3,0,1.59,3.64,5.98
l6Hbs3X9,SC Poltava,Metalist Kharkiv,3,0,1.81,3.1,4.06
r9EjqP2c,Lokomotyv Kyiv,Kulikiv,1,0,2.59,3.37,2.59
C6XQS3IG,Prykarpattya,UCSA,1,0,1.71,3.35,4.59
KhvWOfHr,Ahrobiznes Volochysk,Oleksandriya,1,0,4.37,3.64,1.77
SIsvNYoe,Fenix Mariupol,Zhytomyr 2,2,1,1.87,3.32,3.75
YRvHzujt,Al Nasr,United FC,3,1,1.65,3.99,4.72
6uwPYIKh,Al Dhafra,Bani Yas,1,3,2.29,3.54,2.86
hdyXWdk5,Al Jazira,Al Wahda,1,0,1.54,4.37,5.21
Sv5mTl75,Maldonado,Cerro Largo,2,0,1.77,3.33,4.95
2ij6Tc1l,Albion,Juventud,1,3,3.0,3.23,2.34
z5lERyW0,Danubio,Wanderers,1,1,2.61,3.18,2.69
rViMPF0D,Nacional,Defensor Sp.,3,2,1.7,3.61,4.9
U1rHnwyp,La Luz,Atenas,0,1,3.33,3.22,2.18
4YwB8Kc3,Tacuarembo,Huracan FC,1,1,2.38,3.21,2.97
xSoPpH5d,Cerrito,River Plate,1,1,2.34,3.29,2.97
xnxJ6bSF,Rentistas,Oriental,0,2,2.1,3.35,3.41
lSiOIXLj,CF Montreal,Columbus Crew,0,2,2.72,3.72,2.47
QJikq6bM,DC United,Charlotte,1,2,2.74,3.65,2.49
d2rLwpMq,New England Revolution,Orlando City,4,2,1.81,4.51,3.76
hUyUyOjd,San Jose Earthquakes,Los Angeles FC,2,2,3.18,3.99,2.1
pOOFaRr3,FC Dallas,Austin FC,0,0,1.7,4.27,4.58
4QvHc5DF,Houston Dynamo,FC Cincinnati,2,2,2.08,3.84,3.34
dOJejN5k,Minnesota United,Los Angeles Galaxy,2,3,1.73,4.4,4.26
CjrPeqrS,Sporting Kansas City,Philadelphia Union,3,4,5.59,4.83,1.53
4zzBtyEc,St. Louis City,Toronto FC,3,1,1.82,3.83,4.37
4lN3l1z2,Colorado Rapids,Seattle Sounders,3,3,1.92,4.23,3.53
IT4jC4S8,Nashville SC,Chicago Fire,3,0,1.77,4.38,4.04
C0wJvFrA,Real Salt Lake,Vancouver Whitecaps,0,3,3.78,4.14,1.87
lGRNgdCs,Portland Timbers,Atlanta Utd,0,1,2.02,3.93,3.43
lAKnzvdL,Brooklyn,FC Tulsa,2,2,2.71,3.65,2.34
pt6IUHJr,Charleston,Monterey Bay,1,0,1.37,5.01,7.24
n52ZQZI7,Detroit,Pittsburgh,1,0,2.03,3.11,3.94
zRrUnHuR,Lexington,Orange County SC,6,0,1.54,4.17,5.48
fBP0se3l,Louisville City,Loudoun,2,1,1.51,4.28,5.74
nRwAwD2D,Rhode Island,Miami FC,1,2,1.44,4.46,6.63
C6fLpU9t,Tampa Bay,Birmingham,4,0,1.37,5.13,7.01
t8aRSele,Colorado Springs,New Mexico,0,0,1.78,3.92,3.97
SON8uZX0,Phoenix Rising,El Paso,1,3,2.12,3.62,3.1
S0uMlwBE,Las Vegas Lights,Hartford Athletic,1,1,2.08,3.63,3.21
MZUdTxop,Chicago Fire II,Chattanooga,0,1,2.9,4.35,2.02
8jT4RGFd,Cincinnati 2,Crown Legacy,1,2,4.71,4.71,1.55
budcX63F,Connecticut FC,Inter Miami II,7,2,1.3,5.98,7.61
f7k6VpYR,New York Red Bulls II,Huntsville,1,2,1.62,4.7,4.18
OMuxQOek,Orlando City B,Atlanta United 2,2,4,2.83,4.19,2.1
Ofy4UblR,Toronto FC II,New England Revolution II,1,3,2.94,3.98,2.1
p4EpjP3m,Richmond Kickers,Charlotte Independ.,1,2,3.93,4.24,1.73
faHJyQlf,Chattanooga Red Wolves,Portland Hearts of Pine,1,1,1.74,3.91,4.18
YPpSXslJ,Forward Madison,AV Alta,3,0,1.42,4.81,6.39
0WxEeotQ,New York Cosmos,Westchester SC,1,2,1.89,3.92,3.51
SCFRZ3J6,Fort Wayne,FC Naples,2,2,1.78,3.82,4.03
hUHhl3Ya,Sarasota Paradise,Greenville,6,0,2.25,3.55,2.93
Kt99pLXO,Union Omaha,One Knoxville,2,1,1.91,3.65,3.65
08jDdxRk,North Carolina Courage W,Gotham W,1,2,2.99,3.75,2.14
8YgLfGe2,Denver Summit W,Seattle Reign W,2,1,1.83,3.91,3.76
jcJ52SE8,Boston Legacy W,Houston Dash W,1,2,1.74,4.06,4.06
IT3AYdCM,Carolina Ascent W,Brooklyn W,1,0,1.59,3.88,5.17
ANKDTsgo,Andijan,Nasaf Qarshi,1,4,2.85,3.32,2.33
YaISxnWb,Termez Surkhon,Kokand 1912,1,0,2.32,3.2,2.97
6RVZzQ0B,Sogdiana,OKMK,1,2,2.38,3.53,2.65
EiZsZ3VN,Lok. Tashkent,Neftchi Fargona,0,1,3.69,3.59,1.88
GtHeF8kJ,Metallurg Bekabad,Jayxun,1,0,1.51,4.05,5.01
r9S6yVnJ,Puerto Cabello,Portuguesa,2,1,1.65,3.72,5.16
z3FhaYvQ,La Guaira,Dep. Tachira,2,4,2.64,2.95,2.85
6o6OgC2m,Anzoategui FC,Caracas,1,1,3.42,3.47,2.05
xCPbwiI6,Zamora,Metropolitanos,1,3,4.73,3.47,1.75
0bYtnop3,Bolivar,Aragua,1,1,2.7,3.19,2.52
thEyJnGG,Atletico Barinas,Puerto Cabello B,3,2,2.17,3.36,3.1
E5CqHQpT,El Vigia,Frontera,3,1,1.45,3.85,6.26
8OykpPEF,Miranda,Avila,4,0,1.51,3.34,6.78
YRATK8o4,Urena,Zamora 2,0,3,2.21,3.29,3.09
vBbMRGbl,Dynamo Puerto,Mineros,0,0,2.26,2.91,3.11
EP8tBczh,Truong Tuoi Dong Nai,Cong An Ha Noi,0,3,6.36,4.59,1.44
CfNi1a0D,Gia Lai,Hung Yen,2,3,3.1,3.62,2.07
zX09JtGs,Hai Phong,Thep Can Tho,0,1,1.18,6.64,11.7
G4mvJ5qR,Cardiff City W,Briton Ferry W,3,2,1.25,5.81,9.5
UTbxaphe,Swansea W,Cardiff Met. W,3,1,1.04,8.5,32.0
0luKo8JD,New Caledonia W,Papua New Guinea W,1,4,90.0,12.0,1.02
SdrTxYit,Fiji W,Vanuatu W,0,1,1.65,3.72,4.3
jTzxtVYQ,Power Dynamos,Red Arrows,0,1,2.46,2.77,2.82
h2EdhZKc,Bulawayo Chiefs,Triangle,1,2,1.81,3.1,4.9
rZix5C43,Dynamos,Herentals,1,0,2.16,2.88,3.7
tC4iGpif,Kenya U20,South Sudan U20,1,1,1.28,4.82,12.9
lx8aEOL6,Sudan U20,Uganda U20,0,1,3.98,3.14,2.0
d2B7C2jJ,Ethiopia U20,Tanzania U20,0,4,9.71,4.86,1.32
pjv0pUak,South Africa U20,Lesotho U20,3,0,1.04,17.0,34.0
I3x8r8U1,Angola U20,Eswatini U20,4,0,1.18,6.88,12.6
Iyr14kiL,Comoros U20,Botswana U20,0,0,4.09,3.57,1.84
4Sl9Mxal,Tottenham,Aston Villa,2,3,1.89,3.83,3.98
j52jHsN8,Brighton,Arsenal,3,0,5.39,3.95,1.66
rDKcFLiL,Everton,Ipswich,1,0,1.74,3.99,4.61
nTaVTK6E,Newcastle,Hull,2,1,1.61,4.52,5.03
YqbwSbyR,Nottingham,Coventry,0,1,1.63,3.99,5.72
dnkhnEq9,Paris FC,Strasbourg,2,1,1.86,3.95,3.96
n11JDgwp,Angers,Troyes,2,0,2.06,3.51,3.71
nZ6CZz03,Le Mans,Lorient,2,1,3.02,3.12,2.57
Kn5KXEUF,Lyon,Rennes,4,0,2.07,3.76,3.43
2oHPT5Ts,Toulouse,Le Havre,3,2,1.68,4.05,5.07
YgibJeK7,B. Monchengladbach,Mainz,3,4,3.24,3.8,2.13
0tgjLHke,Eintracht Frankfurt,Freiburg,2,2,2.53,3.78,2.63
00qpsaCE,Hamburger SV,FC Koln,2,1,2.74,3.65,2.49
8QnhuwsR,Werder Bremen,Augsburg,3,2,2.29,3.76,2.95
O0aCSacL,Stuttgart,Dortmund,0,1,2.5,3.94,2.58
fVvHmfcm,Bologna,Torino,1,1,1.98,3.3,4.27
ImxKfTAU,Udinese,Cagliari,0,1,2.27,3.23,3.43
pzvCdktI,AS Roma,Inter,2,2,2.83,3.45,2.51
8CHTEWen,Venezia,Lazio,0,2,4.2,3.54,1.92
Us0SgcaD,Den Haag,Cambuur,1,1,2.03,3.84,3.47
dU1KeJU0,Sparta Rotterdam,Heerenveen,0,4,2.45,3.78,2.71
Q3rpCvFs,Ajax,Excelsior,2,2,1.24,6.59,12.2
bHthAIqf,Willem II,Sittard,0,1,2.65,3.78,2.5
UcUy9cO0,Osasuna,Rayo Vallecano,1,1,2.67,3.3,2.74
nJYlbtAr,Ath Bilbao,Alaves,0,0,1.62,3.95,5.82
QTZ4fb97,Celta Vigo,Racing Santander,5,0,1.83,3.75,4.39
xOXq7ygD,Sevilla,Barcelona,1,3,8.63,6.59,1.29
Cxf1Dbvq,South Korea U20 W,Italy U20 W,1,3,6.73,3.73,1.53
AXX8UdEs,Brazil U20 W,Spain U20 W,0,1,6.88,4.76,1.4
WKizwY2T,Vora,Skenderbeu,1,1,2.18,3.43,3.02
4QiCrxZi,Dinamo City,Laci,3,1,1.78,3.5,4.27
SjRBoZlT,Olympique Akbou,USM Alger,2,3,2.61,2.92,2.92
27rWYe5N,ES Setif,Constantine,5,1,2.1,3.05,3.78
jus8fAon,GC Mascara,Arba,3,0,1.77,3.13,4.47
YoX1qpwo,Harrach,ASM Oran,1,0,1.59,3.3,5.66
xGoWl6FN,Hussein Dey,Taghit,1,0,1.41,3.92,6.92
0G1bz70U,Kolea,RC Kouba,0,3,3.22,3.01,2.29
Ea3jxTVH,Mostaganem,USM Blida,1,2,2.58,3.2,2.63
WIrOjSpB,Saida,WA Mostaganem,2,2,1.94,3.17,3.99
OhuGhlGb,Sidi Benali,El Bayadh,1,0,3.18,3.08,2.26
0hPm7mVi,Tlemcen,JSM Tiaret,2,1,2.06,2.99,3.82
ja7UBLb4,Carroi,Penya,2,2,6.56,4.72,1.42
OEzSbbve,Primeiro de Agosto,FC Luanda,3,2,1.49,3.86,6.69
buE258Cc,Central Cordoba,Defensa y Justicia,2,2,3.1,3.02,2.58
88rtsky9,Racing Club,Sarmiento Junin,3,1,1.92,3.45,4.35
U1eESkMF,Gimnasia L.P.,Banfield,2,2,1.64,3.75,6.08
KS5USbGb,Gimnasia Mendoza,Dep. Riestra,0,0,2.37,2.92,3.61
nsMA8UUq,Union de Santa Fe,Independiente,1,2,2.34,3.09,3.32
WAR0jNA4,Acassuso,CA Mitre,2,0,2.43,2.83,3.29
rko6Uulo,Ferro,Ciudad Bolivar,1,0,1.74,3.21,5.52
pl09nuAT,San Miguel,All Boys,1,1,2.5,2.75,3.26
xOd1l1uH,San Telmo,CA Estudiantes,0,1,3.29,2.83,2.43
M1JWE33F,Atl. Rafaela,San Martin T.,4,2,2.72,2.82,2.89
n7yuDMGU,Temperley,Almagro,3,1,1.75,3.24,5.31
Ya2DqLWH,Boca Unidos,Defensores de Vilelas,3,3,1.42,4.27,7.67
6D0Lsa1U,Independiente Chivilcoy,Atletico Escobar,3,0,1.97,3.21,4.03
QZb5os25,Sarmiento Resistencia,El Linqueno,1,3,5.37,3.86,1.51
vJ0cm3Xh,Sportivo Las Parejas,Gimnasia E.R.,1,0,1.8,3.33,4.69
QmduOlgK,Juventud Antoniana,Cipolletti,0,2,8.2,3.61,1.44
fk24vwCC,Deportivo Camioneros,Deportivo Armenio,1,2,2.14,3.13,3.54
MqMTRaS6,Real Pilar,Arsenal Sarandi,2,1,3.21,2.66,2.4
hQ5mrLCm,San Martin Burzaco,Laferrere,2,1,2.3,3.14,3.14
0j9etas0,Sportivo Italiano,Brown Adrogue,0,0,1.99,3.13,4.06
lWNLTLcf,UAI Urquiza,Excursionistas,1,2,4.78,3.72,1.63
h4UCVsTs,Villa Dalmine,Ituzaingo,3,1,1.44,3.98,8.07
KIrYzcqf,Def. de Cambaceres,Justo Jose de Urquiza,0,0,2.51,2.93,3.03
SU67KyaD,Argentino de Rosario,Berazategui,1,1,4.16,3.23,1.93
WruD5fbE,Club Lujan,Atlas,1,0,1.8,3.33,4.69
b3fPxJEs,Juventud Unida S. M.,CSR Espanol,2,0,2.98,3.1,2.43
rHfSpqgK,Social Atletico Television,Barrancas,0,1,2.23,3.0,3.36
Eq1d8tHt,Defensores de Glew,Buenos Aires City,1,1,1.59,3.05,6.57
QLuFwiLh,Boca Juniors W,Independiente W,2,1,1.25,6.04,8.93
6asVZ8KH,Talleres Cordoba W,Belgrano W,3,0,2.23,3.0,3.36
v3IR4TJi,Lanus W,Union de Santa Fe W,0,0,1.74,3.7,4.21
CdQusQRp,San Luis W,Social Atletico Television W,2,0,2.69,3.07,2.61
8WHILfxR,Alashkert,Pyunik Yerevan,3,3,2.56,3.23,2.71
4GImGYal,BKMA,Sardarapat,1,1,3.02,3.43,2.24
vqx61Rfc,Armadale,Nedlands,3,0,1.62,3.88,4.3
QZjzicy0,Bayside Argonauts,Essendon Royals SC,1,0,2.44,4.14,2.33
xbMXorq1,Papua New Guinea U16 W,Fiji U16 W,1,6,1.51,3.92,5.23
CEiZQarf,A. Lustenau,Altach,2,0,3.49,3.59,2.1
G490UYln,Grazer AK,Austria Vienna,2,2,2.77,3.28,2.66
j7Pj9UKP,ASK Voitsberg,A. Salzburg,2,1,1.89,3.83,3.58
SURy0QsC,Sturm Graz II,Wacker Innsbruck,2,2,2.65,3.66,2.39
pjWlk9Tg,St. Polten,Bregenz,2,1,2.09,3.66,3.15
t2JimMw2,Wiener Viktoria,Wienerberger,3,0,1.33,5.59,6.65
zFgu6BIF,SK St. Johann,Lochau,3,1,1.63,4.35,4.24
SljX7Xm3,Kufstein,Kitzbuhel,1,2,3.06,3.78,2.04
8Sim4kmS,Wolfurt,FC Lustenau,2,3,2.24,3.4,2.84
zslnpUed,Hohenems,SC Imst,2,0,2.23,3.64,2.51
0QGNnsiR,Hartberg (Am),Tillmitsch,2,2,2.83,4.12,2.06
ljqLsgKi,LASK (Am),Schallerbach,3,0,2.24,3.4,2.84
GpqqxklT,TSV St. Johann,Ried (Am),3,1,2.24,3.4,2.84
zLvxLPmQ,Neudorf/Parndorf,Klingenbach,0,1,2.48,3.3,2.4
8pVWmLX7,Kottmannsdorf,SAK Klagenfurt,1,2,6.62,4.6,1.35
GCT6e8p9,Stadtwerke Bruck/Mur,Hohenhaus Schladming,3,3,1.62,3.96,4.19
MBevw0Us,SV Schermann Rorhrbach,Furstenfeld,3,2,1.73,3.85,3.69
2kcfZHT6,Lebring,Ilzer SV,2,2,2.74,3.68,2.12
UiT6bHkI,Sportunion Mauer,1980 Wien,3,0,1.14,5.95,13.5
MRPb0wL5,Kagran,Stammersdorf,4,2,2.06,3.58,2.91
fVEycPVA,Post Wien,Slovan HAC,1,1,2.19,3.7,2.53
IgeFA75F,Austria Vienna W,Kleinmunchen W,2,0,1.02,16.3,25.0
QJbN8ozS,LASK W,Salzburg W,0,0,3.28,3.68,1.88
t4fnP6K8,St. Polten W,Sudburgenland W,9,1,1.01,14.7,43.0
ro22fRd0,Turan Tovuz,Zira,1,0,2.23,2.98,3.52
tIDO194Q,Sabah Baku,Imisli FK,3,1,1.12,7.61,21.0
C48hcxzA,Arambagh,Bashundara Kings,1,1,21.0,10.9,1.06
b1UGvfjl,Isloch,Neman,1,2,2.11,3.09,3.68
2inrrTdt,Slavia Mozyr,Naftan,0,1,1.4,4.56,7.4
fXZqQfye,Din. Minsk,BATE,2,0,1.37,4.44,8.65
KfBSMZEl,Smorgon,Niva Dolbizno,1,0,5.59,4.25,1.44
h89zLDq1,BumProm Gomel,Lida,4,0,2.89,3.78,2.01
rFHlUHME,Orsha,Slutsk,0,3,7.8,4.6,1.31
juLdSeiR,Volna Pinsk,SKA-1938,1,3,2.47,3.78,2.21
ATDmAdVr,Uni X Labs,FC Slonim,0,1,3.48,3.94,1.76
0YCrJiED,Minsk 2,Osipovichi,1,1,1.6,4.1,4.19
6RFtx8cn,Leuven,RAAL La Louviere,2,0,2.17,3.5,3.39
EiJlznSb,Charleroi,Cercle Brugge KSV,3,2,1.74,3.91,4.78
MHMdYPdB,Anderlecht,Waregem,3,0,1.77,4.05,4.37
fVK4W3RN,Lommel SK,KV Mechelen,0,0,2.7,3.52,2.59
zeFPHTFN,Genk U23,Seraing,2,2,2.29,3.56,2.85
bXhszBVi,Hasselt,Beerschot VA,0,1,3.39,4.01,1.9
WQ0eC7wo,Eupen,RFC Liege,3,1,1.66,4.0,4.62
67F86i2B,Royal Union SG 2,St. Liege U23,1,0,1.97,3.83,3.21
foJoa9fo,Meux,RWDM Brussels,0,1,2.89,3.51,2.22
bFXF4VWN,OC Charleroi,Tubize-Braine,1,3,2.22,3.86,2.7
OKcV6LDi,Union Rochefortoise,Charleroi B,1,1,1.66,4.22,4.12
2utHzp43,Dessel,Cercle Brugge KSV 2,3,1,2.28,3.82,2.64
G2nXW13S,Lyra-Lierse,Heist,3,2,2.78,3.71,2.22
CYX2RuRk,Mandel United,Hoogstraten,2,1,2.08,3.94,2.9
A5qPYNYF,Thes Sport,Leuven B,2,3,2.06,3.85,2.98
8bYotCbf,Jette,Stade Vervietois,1,1,2.51,3.15,2.46
zoOyMjom,St. Liege W,Leuven W,0,5,5.94,4.13,1.49
rBRqKUFa,Club Brugge W,Genk W,1,0,1.44,4.7,5.75
jyViI8pC,RAAL La Louviere W,Gent W,3,2,1.9,3.7,3.5
OlTaGnFO,RSC Anderlecht W,Waregem W,2,0,1.1,8.46,16.9
dnT8AQFG,RSC Anderlecht II W,Genk II W,3,0,1.59,4.63,4.21
thYDBBy2,Independiente,SA Bulo Bulo,1,3,1.77,3.83,4.13
vmYYchyJ,Fatic,Atletico Sucre,3,1,2.05,3.46,3.01
I7EfzAWh,Always Ready,Academia del Balompie,1,4,1.5,4.95,4.95
2N07FKjI,BSK Banja Luka,Radnik Bijeljina,4,4,2.34,3.23,3.02
zgUUFl2b,Zrinjski,Velez Mostar,2,0,1.3,5.02,10.0
UBXQoRGs,Bratstvo Gracanica,Tomislav,2,2,1.61,3.77,5.5
YuneimgK,Capljina,Kakanj,1,2,1.85,3.59,4.01
d6XltNpJ,Sloboda,Hadzici,3,0,1.73,3.78,4.41
6euzlhWq,Zvijezda 09,Leotar,1,4,4.92,3.72,1.57
vNhsnW0d,Famos Vojkovici,Romanija Pale,3,1,1.23,4.75,11.8
2u02ZhHj,Laktasi,Drina Zvornik,2,1,1.39,4.1,6.86
Yut0gZz9,Police XI,Orapa United,0,0,2.36,2.78,3.07
OCJu6CKE,Sua Flamingoes,Enesia,1,1,2.06,2.84,3.69
QkKwrnjI,Atletico-MG,Chapecoense-SC,1,1,1.42,4.54,8.5
4zWUq8L5,Mirassol,Botafogo RJ,2,0,2.2,3.55,3.29
zZko2P95,Vila Nova FC,America MG,1,0,1.41,4.14,8.4
vBh6knQa,Ceara,Novorizontino,2,1,3.01,3.08,2.43
UHGtZQuJ,Sao Bernardo,Atletico GO,1,0,2.84,3.05,2.57
ADZV57At,Sport Recife,Juventude,2,1,2.53,3.07,2.88
QV6wfQvp,Maringa FC,Botafogo PB,2,0,1.82,3.43,4.37
vmlmeXBi,Artsul,AA Carapebus,0,0,1.44,4.28,6.53
xQvsp73j,Campo Grande,Macae,2,1,2.38,3.22,2.85
KQk3ikBG,Goytacaz,Goncalense,0,2,3.11,3.32,2.18
nDiegBt4,Niteroiense,Nova Cidade,1,0,1.68,3.43,5.19
UJRS7Aec,Sao Cristovao,Duque de Caxias,0,1,2.66,3.03,2.66
APLZzD8O,Vila Real,Pacatuba,1,0,1.72,3.51,4.65
6gl5J7v8,Aimore,Lajeadense,2,0,1.54,3.63,6.48
bTpcLT9e,Apafut,Frederiquense,1,1,2.54,3.02,2.81
d0dJSBHL,EC Guarani,Santa Cruz RS,1,1,3.13,2.83,2.33
QFnkNkuq,GE Bage,Gramadense,1,1,2.26,2.68,3.41
UVw1JkfE,GE Gloria,Brasil de Farroupilha,0,0,2.45,3.03,2.92
dt6P6Uf2,Veranopolis,Esportivo,0,1,2.34,3.01,3.12
lzgBUXn9,Gaucho,Passo Fundo,1,3,3.12,3.01,2.34
2qx9HTOQ,Pelotas,Brasil de Pelotas,0,0,2.64,2.68,2.7
ziTJAlPQ,Trindade,Goianesia,1,0,3.44,3.23,2.08
vur80NcR,Comercial PI,River-PI,2,1,3.22,3.11,2.23
QNjQKb4c,Athletico-PR B,Azuriz,1,0,2.79,3.41,2.33
YmfYIxZ9,Sao Joseense,Foz do Iguacu,1,1,2.97,3.3,2.27
ppZT0iEM,Nova Iguacu,Boavista,1,1,2.29,3.12,3.22
hWTuWboR,Blumenau,Metropolitano,0,1,1.75,3.82,4.02
dSIJOGw1,Marcilio Dias,Hercilio Luz,4,2,2.22,3.4,2.98
vT1DWQnR,CRB U20,Jacioba U20,11,0,1.15,8.07,11.1
txCJAqQ7,CSA U20,Rio Largo U20,4,2,1.33,5.37,6.99
dzHvXlig,Botafogo U20,Flamengo RJ U20,0,1,2.59,3.32,2.54
xEIfT6jI,Madureira U20,Portuguesa RJ U20,0,0,1.94,3.48,3.58
UmFnVSL5,Bangu U20,Marica U20,1,0,2.06,3.41,3.3
KfwNE7yP,Fluminense U20,Sampaio Correa FE U20,5,1,1.3,4.93,9.34
lADWYAMt,Volta Redonda U20,Vasco U20,1,2,19.4,6.64,1.14
Gt1QKWyR,Boston City U20,Betim U20,4,0,1.97,3.62,3.37
CCndFAal,Itabirito U20,America MG U20,2,2,5.16,4.13,1.55
xbKOyzkK,Sertaozinho U20,Santo Andre U20,1,1,2.65,3.37,2.46
UXWMM0uo,Capivariano U20,Agua Santa U20,0,1,2.06,3.41,3.3
OGsCAcjL,Osasco Sporting U20,Desportivo U20,2,4,2.33,3.41,2.79
jDnIlGT1,Portuguesa Santista U20,Novorizontino U20,2,1,4.49,3.83,1.68
jHA81iV6,Petrolina U20,Academica Vitoria U20,0,2,2.02,3.34,3.18
OU8GaVaJ,Serrano PE U20,Nautico U20,1,2,12.1,6.58,1.18
xE8Op4uJ,QFC U20,ABC U20,2,0,2.57,3.5,2.46
Ie6St3j2,Itabaiana U20,Falcon U20,0,4,3.29,3.8,1.95
tQBMjmCN,Sao Paulo W,Flamengo W,1,0,1.67,3.73,4.92
v9gHAAhC,Ceilandia W,Cresspom W,0,5,5.12,4.43,1.52
pt7IqW5j,Dunav Ruse,Botev Vratsa,2,2,2.69,3.23,2.58
MuijbVKq,Septemvri Sofia,Botev Plovdiv,0,3,3.46,3.22,2.13
lALnkhrT,Arda,Cherno More,1,1,1.9,3.29,4.18
2P1Bc9pL,ASFA Yennega,US Comoe,1,0,2.05,2.74,3.91
fab3aVF8,FocuSport,AS Douanes,1,0,2.69,2.74,2.59
pCokjRxe,Maya,USFA,0,1,3.97,2.98,2.0
bemshm8r,Sporting Cascades,CFFEB,0,0,2.29,2.72,3.28
Wf8hAKBC,Boeung Ket,Visakha,1,2,3.1,3.62,2.07
6ZiwE2Cm,Tiffy Army,NagaWorld,4,5,11.1,6.56,1.19
KYmgMpDc,Shaanxi Union,Suzhou Dongwu,2,2,1.77,3.86,4.07
hSe7bsLj,Shenzhen Juniors,Changchun Yatai,1,1,1.52,4.09,6.04
URuuDtzp,Dingnan Ganlian,Foshan Nanshi,1,1,1.69,3.79,4.73
0Ck9I2CM,Meizhou Hakka,Shijiazhuang Gongfu,1,3,3.64,3.33,2.03
hnn1KOsA,Nanjing City,Wuxi Wugou,0,3,2.7,3.11,2.65
z39fKJQQ,Shanxi Chongde Ronghai,Guizhou Guiyang,1,0,3.74,3.12,2.08
WYfQEcll,Dalian Kewei,Shenzhen,0,0,2.18,3.12,3.43
W6GuBFmD,Hangzhou Linping,Shanghai Port B,0,2,3.12,3.12,2.34
fsNk2fOO,Dalian Yingbo B,Guangzhou Dandelion,1,0,2.04,3.13,3.86
Sx6nMudE,Shanghai Second,Hubei Istar,0,0,2.09,3.24,3.55
vabYCyJ0,Ganzhou Ruishi,Qingdao Red Lions,2,1,3.86,3.13,2.04
O03RYIuK,Xiamen Feilu,Beijing Technology,3,0,1.59,4.04,5.18
fqfcTd3s,Chengdu Rongcheng B,Taian Tiankuang,1,1,3.0,3.13,2.4
KGUQoyvH,Aguilas,Pereira,2,2,1.38,4.81,9.11
Gnzvt67e,Millonarios,Chico,3,0,1.25,7.14,10.2
8vQGFpSO,Patriotas,U. Magdalena,1,2,2.17,3.27,3.32
ImtL6kqf,Leones,Boca Juniors,1,2,2.02,3.43,3.53
zVebZHMH,Zeledon,Sporting FC,1,2,4.31,3.79,1.74
juw9iv49,Carmelita,CS Uruguay,6,0,2.16,3.29,3.19
rFZ0g0Zd,Guadalupe,FC Moravia,0,3,1.97,3.5,3.5
l2FvilAj,Varazdin,Osijek,0,0,1.86,3.72,4.04
td2QEi2c,Istra 1961,Gorica,0,1,1.85,3.7,4.13
buL3H5HD,Orijent,Opatija,1,0,2.04,3.56,3.35
jFHeJRn1,Bijelo Brdo,Hrvace,1,2,1.74,3.33,5.2
l61YFDc6,Dugopolje,NK Dinamo Zagreb 2,3,2,1.72,3.65,4.69
h2fmPHzK,Vukovar 1991,Jadran LP,2,3,2.26,3.25,3.14
jJBwbln4,Grobnican,Koprivnica,5,1,2.63,3.71,2.32
rg8VaAHi,Radnik Krizevci,Jarun,2,2,2.22,3.51,2.89
tQZDsT1N,Slavonija Pozega,Solin,3,2,2.98,3.52,2.17
xdLqx7Pp,Trnje,Dragovoljac,0,1,1.62,3.9,4.88
OW9odSGG,Uskok Klis,Bjelovar,2,3,2.07,3.62,3.1
WdDgf6oT,Varteks Varazdin,Inker Zapresic,0,2,2.49,3.52,2.54
YaW5qkXA,Zagora,Uljanik Pula,5,0,2.78,3.71,2.22
tCnASseU,Apollon,APOEL,2,2,2.34,3.31,2.93
nBvvz8dt,Nea Salamis,Anorthosis,3,0,2.79,3.25,2.49
dYZse2L6,Achnas,Polemidion,3,0,1.55,3.87,5.67
OKyzcOjf,Chloraka,ASIL Lysi,1,1,1.85,3.8,3.6
GfYRbpMs,Digenis Akritas,Apea Akrotiriou,0,1,1.86,3.41,4.02
UamkgtjJ,Doxa,Anagennisi Derynia,2,1,1.55,4.13,5.16
0Qharvg2,Artis Brno,Liberec,0,0,4.96,3.87,1.69
tp2Knu4E,FK Pardubice,Bohemians,2,1,2.12,3.61,3.3
xl95wyR0,Mlada Boleslav,Brno,2,0,2.49,3.42,2.8
lA5SpJYQ,Slovacko,Ostrava,2,2,2.29,3.53,3.02
rBa31AiD,Loko Praha,Sparta Prague B,0,4,3.58,4.43,1.74
QXDFjgwe,Motorlet Prague,Benesov,1,1,1.82,4.05,3.53
by99Cz0E,Slavia Prague U20,Domazlice,0,2,3.7,4.21,1.74
Ac1e3WM0,Pribram B,Dukla Prague B,0,0,2.78,3.86,2.16
Wl7HAEUQ,Ceske Budejovice,Aritma Prague,7,0,1.32,5.1,8.05
hKF7hF8r,Kraluv Dvur,Povltavska FA,2,1,1.33,5.82,6.35
t4bORUgJ,Banik Most-Sous,Velke Hamry,3,0,1.25,6.08,8.85
E7aKZJ9j,Sigma Olomouc B,Zlin B,3,1,1.3,4.9,7.55
K4n6cN1c,Vsetin,Nove Mesto na Morave,2,2,2.34,3.63,2.65
SUkEe1W9,FK Frydek-Mistek,Havirov,0,0,1.14,6.3,11.7
GSqoA0o3,Hlubina,Polanka nad Odrou,1,1,1.42,4.66,6.21
AFrommUI,Petrin Plzen,Krimice,1,4,2.12,3.88,2.85
MBwNhi0s,Horovice,Nyrsko,3,1,1.18,7.35,9.98
CKfIc4zA,Brandys n. Labem,Ujezd Prague,1,2,2.58,4.13,2.22
KCxBaQ5c,Steti,Usti nad Labem B,2,1,1.5,4.93,4.67
AHy68LlS,Hvezda Cheb,Chomutov,1,3,5.16,4.9,1.46
GzzjC3k3,Ostrov,Psary,1,3,3.07,3.5,2.01
pYhQer5M,Slany,Meteor Prague,0,2,1.76,4.35,3.52
GGqdjMSq,Tempo Prague,Vysehrad,2,1,1.72,4.47,3.61
2gTKFtjI,Vykan,Kolin,2,3,1.51,3.99,5.88
SbgzIWWo,Prepere,Hlinsko,5,0,1.4,5.12,5.89
llEcLpMt,Kosmonosy,Chrudim B,6,1,1.15,7.57,12.1
jeu5JDfR,Kurim,Zdirec n. D.,6,1,1.2,5.97,12.5
4Kj3ah3e,Sparta Brno,Tasovice,3,2,1.98,3.9,3.12
xYlBcWX7,Bedrichov,Pelhrimov,1,5,2.99,4.23,1.96
nRQzEiIl,Bystrc,Bohunice,1,3,4.45,4.21,1.62
tMLZHLzK,FS Trebic,Havlickuv Brod,2,0,3.3,3.48,1.93
rVycLZPE,Chotebor,Znojmo,4,2,5.16,4.64,1.49
E3yLkRS0,Nove Sady,Prostejov B,1,1,10.4,5.15,1.22
4AqZbV5E,SK Krumvir,Breclav,1,0,1.58,3.94,4.5
A7nsc9zR,Slavicin,Kromeriz B,1,1,1.4,4.4,5.97
MTvTm5cD,Bzenec-Vracov,Strani,3,6,6.51,5.99,1.32
CC0n1Yal,Vratimov,Zabreh,3,1,1.48,4.51,5.47
jN12cjaD,Novy Jicin,Bilovec,3,0,2.23,3.5,2.58
QH7GbSYO,Ivancice,Rousinov,0,4,5.16,4.9,1.46
0rG2CaP8,Kutna Hora,Kralupy 1901,1,2,1.16,6.25,11.1
Ue7EM7c3,Teplice U19,Opava U19,0,5,1.55,4.65,4.02
UyHK0Qzp,Zlin U19,Brno U19,3,2,2.72,4.15,2.0
K2Vl6nDM,Ceske Budejovice U19,FK Pardubice U19,4,1,1.72,4.25,3.42
nkXt88rA,Karvina U19,Hradec Kralove U19,0,4,3.5,4.05,1.74
rJDUIPdS,Dukla Prague U19,Sigma Olomouc U19,0,4,1.8,3.92,3.36
x2KSb45d,Slovacko U19,Mlada Boleslav U19,0,1,2.25,4.05,2.32
xMAMKoSF,Ostrava U19,Slavia Prague U19,3,1,1.64,4.3,3.76
f34NW3eo,Liberec W,Plzen W,5,1,1.18,6.44,12.4
Op70pJGO,Odense,Midtjylland,1,1,4.58,4.41,1.65
Gdq2sRlK,Aarhus Fremad,Hvidovre IF,1,3,2.57,3.43,2.57
vmhuzqsf,AB Copenhagen,Esbjerg,3,0,2.01,3.71,3.31
f9B9EERP,Middelfart,VSK Aarhus,1,1,2.01,3.71,3.3
ziVcKKFa,Ishoj,BK Frem,3,2,3.43,3.89,1.92
fLRDGxFO,Bronshoj,ASA Aarhus,5,1,1.67,4.14,4.35
Ic5VYJUh,Horsholm-Usserod,Vanlose,1,1,2.36,3.78,2.63
pp7Nzt0t,Naesby,Helsingor,1,1,2.19,3.86,2.82
84T5IbpC,Sundby,Holstebro,2,0,2.57,3.77,2.41
v30YnweJ,ASA Aarhus W,Odense Q W,1,1,1.65,4.12,4.32
69YxBks9,Brondby W,Fortuna Hjorring W,4,0,1.96,3.72,3.3
C80AhsRs,Koge W,Midtjylland W,4,0,1.28,5.58,8.5
2HwIO2lU,Naestved W,Sundby W,1,1,3.35,3.87,1.91
vLZhQGSk,Atlantico,Moca,2,3,13.3,5.65,1.17
CYX0Ofc2,Jarabacoa,Salcedo,0,2,8.69,5.16,1.32
xb4moghA,Aucas,Macara,1,2,2.08,3.25,3.55
EFLNKH4m,Gualaceo,LDU Portoviejo,0,0,1.74,3.76,4.38
EHvE3mR7,Inca Aruba,Fuerte San Francisco,2,1,2.39,3.02,3.12
OlTRtcV1,Cardiff,Charlton,3,1,1.67,4.25,4.81
vssmliOE,Millwall,West Ham,2,2,5.37,4.18,1.62
xKXtwRFD,Stoke,Sheffield Utd,2,1,2.26,3.39,3.29
WdmoUVWr,Birmingham,Middlesbrough,2,2,3.06,3.63,2.28
nmf1QmW7,Burnley,Derby,1,1,1.79,3.75,4.63
dfmonh7s,Lincoln,Swansea,1,2,3.16,3.26,2.39
dtWQt9Gl,Portsmouth,Blackburn,2,2,2.29,3.46,3.16
UgUYvmo1,QPR,Preston,2,2,1.77,3.84,4.61
2gkf4iTP,Wrexham,Southampton,2,1,2.62,3.62,2.62
2JGO3GeJ,Barnsley,Leicester,1,1,2.63,3.76,2.36
bN7mKyt0,Burton,Mansfield,2,2,2.58,3.33,2.63
fRI9RJmQ,Blackpool,Plymouth,2,4,3.1,3.41,2.21
Q99uMcBm,Bromley,Huddersfield,2,1,4.51,3.71,1.73
6mBeIFAC,Leyton Orient,Stevenage,1,0,2.38,3.3,2.9
CpE3GguP,Luton,Bradford City,0,1,2.12,3.28,3.43
UPzBK5it,Oxford Utd,Cambridge Utd,1,1,2.11,3.41,3.31
xjvJIqMh,Peterborough,Doncaster,0,2,2.5,3.7,2.5
pGsRGNj5,Reading,Notts County,2,0,1.74,3.81,4.35
ITuZE1LH,Sheffield Wed,Stockport County,0,0,3.26,3.61,2.06
4pvsDujU,Wigan,Wycombe,0,1,2.48,3.34,2.73
QibXyPe3,Rochdale,Oldham,2,0,3.64,3.34,2.02
tr5mYteS,Walsall,Port Vale,2,0,2.64,3.32,2.57
nHuZwFEb,Accrington,Newport,0,0,2.1,3.25,3.5
KzPS8QRG,Barnet,Fleetwood,3,1,1.7,3.7,4.75
S0Sz74dT,Chesterfield,York City,2,0,2.22,3.34,3.13
OWD61rKj,Colchester,Cheltenham,1,1,2.01,3.51,3.51
UT0hPoCc,Crewe,Shrewsbury,1,1,1.84,3.41,4.34
xf40NPtA,Exeter,Tranmere,0,0,2.3,3.3,3.01
A728L3BM,Gillingham,Bristol Rovers,3,0,3.41,3.31,2.11
tjgvGsZq,Grimsby,Crawley,2,0,1.42,4.54,7.06
YcBoEL3d,Northampton,Rotherham,0,1,2.51,3.31,2.71
YH1uz3QF,Salford,Swindon,1,0,1.52,4.16,5.83
6wYaTLX9,Hartlepool,Worthing,1,3,2.26,3.79,2.77
rJRwMwQq,Tamworth,Wealdstone,2,1,1.95,3.8,3.39
W2Q1BmCO,AFC Fylde,Altrincham,1,2,1.57,4.43,4.86
nF0BVjct,Barrow,Aldershot,1,0,1.83,3.77,3.87
fu4JTURh,Boreham Wood,Harrogate,4,1,1.55,4.39,5.06
257RR8d5,Eastleigh,Carlisle,1,0,3.78,4.19,1.77
zJ5ZPnRH,FC Halifax,Sutton,1,1,2.32,3.6,2.78
6Js67vBj,Forest Green,Boston Utd,1,3,1.73,4.07,4.07
YPZiVs3c,Gateshead,Southend,1,6,5.1,4.28,1.57
GWPoKHfd,Woking,Kidderminster,0,0,2.08,3.55,3.25
E3y8Ra2M,Hornchurch,Scunthorpe,1,0,2.21,3.59,2.95
p4NXwjgM,Stockton,Bamber Bridge,5,2,1.74,3.7,3.79
M1rutlG8,Stamford,Bishop's Stortford,0,3,2.49,3.32,2.39
WGBoyD96,Basingstoke,Gosport,1,1,2.11,3.4,2.93
jVLvcfWP,Bracknell,Havant & W,2,1,2.26,3.38,2.6
UHEhKIyH,Cheshunt,Lewes,3,1,3.03,3.38,2.07
xxsqM8so,Maldon & Tiptree,Carshalton,2,3,2.42,3.42,2.4
SvRPznVh,Barton Town,Boldmere,3,1,2.6,3.64,2.44
2qWTDVb6,Bedford,King’s Lynn,2,1,2.47,3.38,2.71
0zIRPVhf,Brackley Town,Portchester,1,0,1.37,4.87,7.57
S02BxUgc,Bury,Workington,5,1,1.68,4.06,4.37
YqlEg7Cb,Buxton,Ashton Utd,1,0,1.4,4.84,6.72
p2C9Azac,Cray Wanderers,Maidstone,1,1,5.18,3.94,1.61
8YUzdGrg,Emley,Spennymoor,0,4,3.55,3.76,1.92
d2eZtUSh,FC United,Ossett United,4,1,1.5,4.51,5.47
UFgsu8c5,Gorleston,Bury Town,3,4,4.07,3.86,1.77
IeKNnX6j,Hemel Hempstead,Wingate & Finchley,1,1,1.44,4.85,5.92
z5UXYPa5,Kettering,Quorn,2,0,1.63,4.34,4.48
YoDgUjqm,Leamington,Gainsborough,1,1,2.63,3.3,2.58
QwB3ixmS,Merthyr Town,Truro,1,1,2.66,3.39,2.5
0hqFYG5M,Needham Market,Braintree,3,3,2.33,3.73,2.69
xOFEHDas,Redcar Athletic,Macclesfield,1,2,3.67,3.98,1.83
YqpHkcYa,Redditch,Evesham,3,0,1.83,3.91,3.76
zXnT7cX8,South Shields,Witton,7,0,1.2,6.54,12.0
t4O8FSSE,Thame,Exmouth Town,3,3,1.61,4.05,4.23
fBK12hPQ,Torquay,AFC Stoneham,6,1,1.12,8.25,17.5
KMH1XGed,Walton & Hersham,Horsham FC,0,3,3.76,3.55,1.92
bRNRUHzi,Warrington Rylands,Chorley,0,1,3.14,3.66,2.1
O2rnmGKF,Weston-super-Mare,Wimborne,1,1,1.31,4.75,7.55
Ia6ZCGY1,Crystal Palace U21,Blackburn U21,0,1,1.4,5.24,6.07
AggLzKQ8,Liverpool U21,Brighton U21,5,1,2.38,3.89,2.54
IJdTYceL,Reading U21,Everton U21,0,0,2.14,4.26,2.73
nZnaTyJr,Leeds U21,Newcastle Utd U21,2,0,1.77,4.51,3.54
Kno7RFme,Tottenham U21,Manchester City U21,4,2,2.73,4.5,2.08
YiAn2aKq,Chelsea U21,Fulham U21,3,1,1.51,5.2,4.68
EcEkJ93s,Charlton W,London City Lionesses W,1,4,15.1,5.28,1.23
65WdHmYg,Chelsea W,Birmingham W,2,0,1.07,12.0,19.0
vJU4FR26,Arsenal W,Manchester Utd W,1,1,1.18,8.09,10.1
Wnca40YN,Nomme Utd,Paide,1,3,4.18,4.29,1.68
YVtuqhJa,Elva,FC Tallinn,1,1,1.63,4.66,4.15
OfftzYOk,Johvi Phoenix,Tabasalu,3,2,1.3,5.85,5.94
fu4Auf1S,Tallinna Kalev U21,Narva U21,1,2,1.79,4.6,3.28
CIBptZt3,Paide Linnameeskond W,Saku Sporting W,4,2,1.4,6.17,4.88
S6rvO9u1,Vikingur,07 Vestur Sorvagur,3,3,1.33,5.37,6.99
WvkVPVAl,HB Torshavn,AB Argir,4,1,1.3,5.64,7.52
0dbaVimR,Toftir,Streymur,2,3,3.19,3.91,1.95
d2C22u7m,B36 Torshavn 2,NSI Runavik 2,5,2,1.71,4.44,3.69
j3pVKmNE,Vikingur 2,FC Suduroy,4,3,2.29,4.05,2.29
v9X85jTP,VPS,KuPS,0,2,3.93,3.42,1.91
pUKGeUHi,TPS,Ilves,0,3,2.69,3.62,2.38
fDAjbolB,Mikkeli,Jippo,1,0,3.03,3.54,2.19
nm7r07Jb,PK-35,KTP,0,3,2.62,3.56,2.46
ju4adPIN,SJK Akatemia,KaPa,2,3,2.74,3.68,2.31
C0xsTRs9,Keski-Uusimaa,Rovaniemi,3,1,2.36,3.92,2.57
MTb1Glb3,SalPa,Tampere Utd,6,4,2.25,3.98,2.67
zwj2Lzt0,JJK Jyvaskyla,OLS Oulu,1,3,2.66,4.39,2.14
EmVvIMj5,Jazz Pori,VJS,0,2,2.15,4.2,2.73
QBKNwAoI,PuiU,MyPa,3,0,1.73,4.41,3.78
UmNrRW1C,Union Plaani,Lahden Reipas,1,0,2.18,4.26,2.65
QgwmIyJs,Atlantis,HPS,4,2,1.22,7.47,8.62
vHq3EgI6,HIFK,PPJ,4,0,1.69,4.95,3.65
jJVl03cd,PEPO,Kiffen,3,4,2.39,4.06,2.47
6qXSKAcT,EBK,NJS,4,0,1.33,5.79,6.9
pIhgs497,EPS,Ilves 2,0,1,3.46,4.4,1.81
r9rm3oWQ,HJS,P-Iirot Rauma,4,1,1.97,4.15,3.11
fBUYleBG,Honka,Abo,3,0,1.12,9.07,15.1
0tLS7OZo,Hercules,SJK Akatemia 2,3,5,2.49,4.29,2.3
YgJz624b,Vaajakoski,TP-47,0,1,2.3,4.19,2.52
GdeBtRJk,Huima / Urho,GBK Kokkola,3,5,1.86,4.49,3.22
t0UpFoQE,JBK,Jaro 2,3,0,1.02,23.0,41.0
4f9PfHv0,Narpes Kraft,VPS 2,7,0,2.86,4.38,2.03
6DOL3jXO,KuPS W,HPS W,0,0,2.06,3.7,3.09
MPbVNgIt,Ilves W,Aland Utd W,2,3,4.21,4.45,1.62
Uk2wMXng,HJK W,Gnistan W,6,1,1.1,9.42,14.9
lEu36Z3D,Boulogne,Nantes,1,2,3.47,3.15,2.16
n3OKOGJs,Guingamp,Red Star,1,3,2.51,3.25,2.75
hrzzLYI6,Metz,St Etienne,2,2,3.79,3.48,1.93
IqWBuzdf,Amiens,Orleans,2,0,2.09,3.44,3.34
jcUJwEQ6,Concarneau,Caen,2,0,2.45,3.3,2.79
8G9ihDu0,Fleury-Merogis,Thionville,1,1,2.01,3.67,3.36
MaBqfZAm,La Roche,Valenciennes,3,2,2.3,3.34,3.0
GtDajiAC,Le Puy-en-Velay,Villefranche,4,1,1.98,3.54,3.54
QTPDaemQ,Paris 13 Atl.,Bourg en Bresse,1,1,2.01,3.3,3.71
bNXRyheJ,Rouen,Aubagne,1,0,1.62,3.75,5.46
QyE4sdRs,Versailles,Quevilly Rouen,0,0,1.71,3.89,4.36
rJmA5CQO,Racing CFF,Lusitanos,0,0,2.18,3.33,3.22
4tp9qLfU,Granville,Saint-Malo,1,0,2.74,2.84,2.49
x8iD85je,Troyes II,Andrezieux,3,2,3.39,3.97,1.91
dCI11lqS,Frejus Saint Raphael,GOAL FC,2,4,2.29,3.33,3.02
SEaRH9T8,Hauts Lyonnais,Nimes,1,3,3.35,3.56,2.04
YT7wHQIr,Saint-Malo W,Fleury 91 W,0,2,5.77,4.19,1.52
dUN52R3k,Montpellier W,Marseille W,0,0,3.14,3.4,2.19
v1d7dNYo,Gagra,Meshakhte Tkibuli,1,1,2.23,3.33,3.12
0Gt55c0J,Samgurali,Dinamo Tbilisi,2,3,3.3,3.71,2.01
C6PedI4C,Holstein Kiel,VfL Osnabruck,1,1,1.94,3.78,3.67
tns9I8LE,Kaiserslautern,Braunschweig,1,0,1.94,3.78,3.67
CY3t005m,Karlsruher SC,Nurnberg,0,1,3.1,4.07,2.06
Kb7lbvz0,SG Dynamo Dresden,Hertha Berlin,1,2,2.64,3.79,2.44
EJmTCXJa,Alemannia Aachen,Dusseldorf,1,0,2.14,3.54,3.13
CGUGNlYH,Hoffenheim II,Meppen,1,0,1.68,4.17,4.27
4jR8PA35,Stuttgart II,Regensburg,3,3,2.65,3.66,2.39
WxT0RWYh,Viktoria Koln,Ingolstadt,3,0,1.82,3.95,3.74
YP7YuWmn,Saarbrucken,Grossaspach,2,1,1.91,3.72,3.61
hEM8pY1K,SC Weiche-08,Phonix Lubeck,1,2,2.83,3.62,2.09
pUS6QCAl,VfB Lubeck,Bremer,2,1,1.8,3.52,3.72
MTCvuCPs,Drochtersen/Assel,St. Pauli II,1,0,1.36,4.8,6.07
Q7UMMU9D,Emden,Schoningen,5,0,2.25,3.44,2.58
lpSyWYnR,VfB Oldenburg,Jeddeloh,1,3,1.34,5.3,5.74
nef3ts0t,Erfurt,Aue,2,2,2.24,3.75,2.81
2c7wey1S,Bocholt,Wiedenbruck,2,1,1.53,4.33,4.44
lGATxxup,Schalke II,Lotte,1,0,1.3,5.0,7.15
SlUVQvIa,Fulda-Lehnerz,Freiburg II,2,3,2.91,3.58,2.06
U5rtbQAF,Bayreuth,Unterhaching,0,2,3.54,3.96,1.74
pte0omR9,Burghausen,Augsburg II,5,2,2.17,3.36,2.85
MuuYant3,Eichstatt,Furth II,3,2,2.44,3.28,2.46
ChSJjr3k,Illertissen,Memmingen,0,2,2.12,3.1,3.19
t0YMwGm3,Neumarkt,Wurzburger FV,0,1,6.84,4.4,1.36
Gn0RMkBt,Geretsried,TSV 1880 Wasserburg,0,3,4.04,3.6,1.77
bThiAsa6,Bayern Munich W,Koln W,5,2,1.18,7.02,12.0
0ACFlacr,Heart of Lions,Swedru All Blacks,0,0,1.48,3.48,8.68
t2TUpHd7,Vision,Medeama,1,1,2.28,2.9,3.37
tUww8rI0,Atromitos,Kifisia,1,2,2.35,3.01,3.21
Y3zV94ml,Aris,Iraklis 1908,0,0,1.66,3.76,5.01
IRb1UcPa,Karditsa,Panionios,0,0,4.45,3.06,1.89
b50HQFOO,Zakynthos,Ellas Syrou,1,4,2.33,3.17,2.98
hUIebmXF,AEK Athens FC W,PAOK W,0,1,2.52,3.3,2.63
OGuTuuHl,Panathinaikos W,Pyrgos W,4,0,1.04,11.4,32.0
vRb0YFE8,Comunicaciones,Guastatoya,1,2,1.7,3.35,5.5
bTCt0eEi,Platense,UPNFM,0,2,2.26,3.67,2.83
6gGlbZr4,Choloma,Estrella Roja,2,0,2.51,3.46,2.62
lpYPt9Ct,Kowloon City,Hong Kong FC,4,1,1.99,4.06,3.13
KUcGM5RO,Shatin,Lee Man Warriors,0,1,18.2,9.03,1.1
bugWGzgd,Kisvarda,Paks,0,1,2.99,3.73,2.14
QooIvvo3,Debrecen,Vasas,2,4,2.38,3.84,2.58
KK6SgD3b,Nagykanizsa,Videoton,1,0,3.17,3.48,2.1
ARU2whJH,Ajka,Csakvari,1,0,1.82,3.53,4.05
SpAzhiYA,DVTK,Gyirmot,2,0,2.02,3.63,3.22
UDbEp9Qp,Mezokovesd-Zsory,Kazincbarcika,4,1,2.37,3.34,2.78
dKj08CIi,Kecskemeti TE,Szeged,1,0,1.7,3.71,4.47
SWrJHs9C,Komaromi VSE,Gyor II,1,1,1.94,3.83,3.27
25kz7oCi,VSC Veszprem,Tatabanya,1,2,6.02,4.53,1.44
fJpBJ3v0,Zalaegerszegi II,Haladas VSE,1,1,5.19,5.45,1.42
GlR6sXKi,Bekescsaba 1912,Hodmezovasarhely FC,3,1,2.06,3.7,3.09
APHioBRp,Paks II,Budafoki,1,2,6.12,4.59,1.43
EuHMjX3N,Dunaharaszti MTK,PTE-PEAC,1,1,1.97,3.82,3.2
APykxYlU,Erdi,Sarbogard,4,3,1.58,4.32,4.63
Y1F6fF4b,Majosi,Kaposvar,4,1,4.02,4.64,1.62
tSIEhgZA,Pecsi MFC,MTK Budapest II,3,0,1.67,4.14,4.14
Aq8o7hl4,Budaorsi SC,Szekszardi,5,1,1.48,4.69,5.21
GvM9x7qD,Ferencvaros W,MTK Budapest W,2,0,1.78,3.51,4.24
vHJOoBMQ,Gyor W,Pecsi MFC W,4,0,1.19,6.56,11.1
63LGmXiE,Ujpest W,Szekszardi W,4,0,1.02,13.1,39.0
AaAftkpl,Puskas Academy W,Videoton W,17,0,1.02,13.9,34.0
d4GEFjZ1,KR Reykjavik,Vikingur Reykjavik,1,2,2.94,4.31,2.01
I55Pb1gn,KA Akureyri,Thor Akureyri,3,0,1.93,3.79,3.48
IqjROpdE,Throttur,Fylkir,1,0,1.9,3.84,3.53
4f5lNtd5,Valur W,Thor/KA W,0,1,1.93,3.91,3.39
Yk3ibA3c,Bhawanipore,United SC,0,0,1.5,4.23,5.67
tdG5z7Bj,Coal India,East Bengal,0,7,4.48,4.13,1.63
CtQZuTmT,Mohun Bagan U23,Mohammedan,3,2,1.69,3.79,4.44
00sL0XJl,Persebaya,Garudayaksa,1,1,1.47,4.25,6.48
nHuTbBl1,PSM Makassar,Persita,2,2,2.1,3.34,3.39
fsqyckJD,FC Bhayangkara,Isenmulang Kalteng,2,0,1.25,6.17,9.65
nwsplFit,Persija Jakarta,Java United,1,0,1.42,4.92,6.21
plHx4jen,Dejan,RANS Nusantara,3,3,1.95,3.34,3.7
ne2JbeJ6,PSGC Ciamis,Sumsel United,2,0,2.53,3.2,2.68
fL5RdZmJ,PSPS Riau,Persiraja Aceh,2,1,1.73,3.73,4.25
W4Fp2UPb,Balikpapan,Persela Lamongan,0,1,4.5,3.43,1.77
j10HET06,Al Quwa Al Jawiya,Diyala,1,1,1.86,3.41,4.02
U9vkOtY2,Ghaz Al Shamal,Newroz,0,0,3.29,3.09,2.21
fcgWNXwK,Al-Karma,Zakho,1,0,1.89,3.39,3.91
bR3PC7VI,Al Shorta,Al Kahraba,2,0,1.53,4.02,5.67
2Prnxy3T,Sligo Rovers,St. Patricks,0,1,9.44,4.72,1.33
GYOanECl,CK United,Villa,3,3,4.49,4.36,1.59
C4USXEce,Lucan Utd,Cockhill,2,0,1.93,3.5,3.2
KUXzWhS7,Mervue United,Bonagee,2,1,2.02,3.5,2.99
KlOUizkR,Salthill,Mayo FC,2,0,1.34,4.5,6.45
ObS7phs1,Newbridge Town,Killarney Celtic,2,2,2.57,3.6,2.42
nyQMgdKE,TU Dublin,St Francis,1,1,2.54,3.73,2.38
vXIXwIsm,Cork City W,Waterford W,1,2,2.89,3.51,2.22
CpHuxdCa,DLR Waves W,Athlone WFC W,0,3,21.0,9.91,1.08
WnXtzzsC,Treaty Utd W,Peamount W,1,0,1.92,3.52,3.63
rR0ahHdt,Galway United W,Bohemians WFC W,0,1,1.79,3.53,4.16
ji47jeRh,Wexford W,Sligo Rovers W,2,2,2.59,3.52,2.43
vDzkYDBO,Shelbourne W,Shamrock Rovers W,2,4,1.74,4.1,3.79
EycViQj5,Maccabi Petah Tikva,Hapoel Jerusalem,2,4,2.26,3.41,3.01
8hVagIAC,Sakhnin,Hap. Ramat Gan,1,0,2.6,3.33,2.6
0hewj4LH,Maccabi Haifa,Ironi Tiberias,3,2,1.28,5.7,9.12
YceFe8it,Netanya,Maccabi Tel Aviv,1,2,5.21,4.37,1.54
t6T7iduP,H. Beer Sheva,Kiryat Shmona,1,0,1.44,4.67,6.2
tObNgnMh,Beitar Jerusalem,Hapoel Haifa,2,1,1.69,3.98,4.4
KSd3YnvR,Hapoel Umm al-Fahm,Ironi Baka,3,3,1.78,3.64,3.67
YHNMYeY9,Araba,M. Kiryat Ata-Bialik,0,4,12.1,6.05,1.2
KfiAC5H7,Maccabi Neve Shaanan Eldad,Hapoel Karmiel,1,1,3.13,3.55,2.09
SURnaQOk,Carrarese,Benevento,0,1,3.1,3.3,2.35
SlItL7o9,Cremonese,Entella,0,0,2.18,3.05,3.76
hItUbHU6,Palermo,Padova,2,1,1.55,4.04,6.31
WQK18U13,Sampdoria,Catanzaro,2,1,1.93,3.55,3.96
K4rM0w0f,Ascoli,Avellino,3,1,2.19,3.34,3.37
jiNPD9fE,Forli,Torres,1,1,2.34,3.34,2.92
r3eQ3ePb,Cosenza,Scafatese,1,1,2.88,3.25,2.41
nidDECwH,Sorrento,Bari,1,2,2.91,2.99,2.55
tzN8oE9U,Audace Cerignola,Casertana,0,0,2.8,3.32,2.44
vRh5GY84,Savoia,Casarano,1,1,2.59,3.37,2.59
Y9J0mzuI,Altamura,Picerno,2,1,2.81,3.12,2.55
dncI5Hfn,Catania,Barletta,0,0,1.5,3.75,7.29
6DfcIfvh,Salernitana,Giugliano,1,0,1.54,4.06,5.73
EuHnWlpR,Entella U19,Padova U19,4,1,1.73,3.89,4.26
WfK5CAHs,Palermo U19,Bari U19,2,2,2.4,3.54,2.71
dv31GJIF,Ascoli U19,Napoli U19,2,2,2.65,3.43,2.5
80em7Fu2,Catanzaro U19,Frosinone U19,6,0,1.94,3.89,3.36
UFT6JB0L,Mantova U19,Cremonese U19,4,1,3.74,3.74,1.87
0bKxEkOr,Modena U19,Sampdoria U19,4,4,2.34,3.64,2.73
vLNDAlnf,Pisa U19,Spezia U19,0,3,1.99,3.75,3.34
6eNpCThe,Reggiana U19,Sudtirol U19,0,0,2.14,3.54,3.13
CYLL8SG6,Salernitana U19,Perugia U19,0,6,5.61,5.08,1.44
6FDvYAFE,Venezia U19,Brescia U19,1,1,2.14,3.66,3.03
UewDcUw2,Vicenza U19,Pro Vercelli U19,2,0,1.8,3.85,3.95
0frZUIX8,Monopoli U19,Pescara U19,2,2,2.71,3.65,2.34
d2VbLXV8,Lecco U19,Renate U19,1,4,1.99,3.75,3.34
vyOV3TY8,Avispa Fukuoka,Sanfrecce Hiroshima,0,1,4.49,3.56,1.82
f9TTvMat,Kawasaki Frontale,Kashima Antlers,3,3,2.46,3.61,2.71
xlPGkwEb,Shimizu S-Pulse,Chiba,2,1,1.9,3.25,4.62
tK2QVrNP,Urawa Reds,Verdy,3,1,1.93,3.29,4.36
rXC9doRr,V-Varen Nagasaki,Cerezo Osaka,1,1,3.03,3.43,2.32
6m7W9106,FC Tokyo,Nagoya Grampus,1,0,1.54,4.06,6.41
MHrbkUJF,Okayama,Kyoto,1,2,1.82,3.54,4.55
tpYiZHTH,Yokohama F. Marinos,Mito,2,0,1.98,3.3,4.07
fc36ZSXp,Hokkaido Consadole Sapporo,Oita Trinita,1,1,2.33,3.03,3.23
jmaDkuOr,Fujieda MYFC,Omiya Ardija,1,1,3.02,3.62,2.17
plXu8mvA,Albirex Niigata,Iwata,2,1,3.52,3.22,2.11
CzZX999c,Kofu,Tokushima,0,1,3.01,3.11,2.41
fHg0eAf4,Montedio Yamagata,Toyama,0,2,2.64,3.52,2.46
dp2LmJhe,Sagan Tosu,Iwaki,1,3,1.85,3.33,4.37
pUtnn6Hj,Shonan Bellmare,Blaublitz,1,1,2.18,3.14,3.44
zeeGiSgT,Yokohama FC,Imabari,2,1,1.5,4.04,6.56
rTKJY74T,Ehime,Kamatamare,2,1,1.66,3.94,4.67
z3HBzUZG,Gainare Tottori,Nara Club,2,3,2.83,3.67,2.26
pdgyikKc,Kagoshima Utd,Tochigi SC,3,1,1.7,3.69,4.74
WEGOPCLb,Kusatsu,Kochi United,1,0,2.03,3.54,3.39
QsRsLCC7,Shizuoka Bonita W,Yokohama FC Seagulls W,0,1,1.49,4.46,5.41
IyETrG4E,Harima Albion W,NGU Nagoya W,1,2,4.48,3.36,1.78
CKUhJqPj,Saitama W,Beleza W,0,1,4.91,4.48,1.53
niQnuRoA,Inac Kobe Leonesa W,Nojima Stella W,1,2,1.72,3.61,4.47
AitFQRWG,Mynavi Sendai W,Albirex Niigata W,1,0,2.98,3.19,2.31
vRMvsmHc,Parceiro Nagano W,C-Osaka W,0,1,3.8,3.29,1.95
K4Ofw5GM,Sanfrecce Hiroshima W,JEF United W,0,1,1.54,3.84,5.89
GpPxUooR,Shabab Al Ordon,Al Hussein,3,3,6.97,4.72,1.4
46FCtEF6,Tobol 2,Kaspij Aktau 2,3,0,3.21,4.1,1.81
ry9tVt2C,Feronikeli,Vushtrria,3,1,1.71,3.69,4.44
ENVDCYoo,Malisheva,FC Ballkani,2,1,2.31,3.39,2.83
xY8g1cGN,FK Liepaja,BFC Daugavpils,0,0,2.09,3.55,3.24
Y3fPeyvo,Jelgava,Riga FC,0,1,7.55,5.67,1.32
MozxUDyh,Valmiera,Riga Mariners,2,4,1.77,4.5,3.43
GSyhQVzH,Alberts JDFS,Metta,1,3,6.17,4.88,1.4
82YqSi64,Tukums 2000 2,Rezekne,3,1,1.64,4.05,3.97
ltz0O95T,Super Nova 2,FK Smiltene,0,2,2.22,3.87,2.69
OEKpxghg,Banga,Dziugas Telsiai,2,0,2.0,3.46,3.56
dSIhzXM5,Transinvest,Zalgiris,3,0,3.15,3.78,2.05
0Mzr9YtK,FK Minija,Neptunas,2,1,1.42,4.84,5.91
dhMD3C4s,Atmosfera,BFA Vilnius,1,1,2.22,3.91,2.68
pdRyb8YI,Ekranas,Siauliai 2,2,6,2.54,3.73,2.38
4IPL1jZg,Kauno Zalgiris 2,Garliava,3,2,2.65,3.53,2.38
IZdeoC35,Blue Eagles,Mighty Wanderers,2,1,3.29,3.09,2.21
WIpYn8Jq,Star City,Selangor,1,4,6.51,4.65,1.35
AZUX2gcB,Birzebbuga,Valletta,0,3,6.44,4.12,1.46
xK1gkj9D,Melita,Mgarr,1,2,1.94,3.69,3.38
4QguDg1K,Zurrieq,Victoria Hotspurs,1,2,8.05,5.1,1.32
8MrJ5Bgf,Fgura,Sirens,1,1,1.95,3.8,3.29
z9pB7XOs,Vittoriosa,Gudja,2,0,2.46,3.59,2.52
064mIFhd,Puebla,Atlante,1,1,2.42,3.35,3.04
h0iZuJp3,Juarez,Tigres UANL,2,0,4.53,3.61,1.84
0tDQveG7,Piratas,Venados,2,1,1.6,4.15,4.94
hG9ItHoe,Tepatitlan de Morelos,Zacatecas Mineros,0,1,4.46,3.97,1.69
hz0C2b8E,Atletico La Paz,Correcaminos,3,1,1.66,4.3,4.3
ATgwvLWb,Tigres de Alica,Lobos ULMX,1,1,1.37,4.2,7.02
hMtUEBu0,Correcaminos 2,ACF Zapotlanejo,1,1,1.45,4.84,5.1
U3J6jJUF,Celaya 2,Irapuato II,2,1,3.62,3.73,1.86
SMTVS03E,Atlas U21,UNAM Pumas U21,1,2,2.22,3.51,2.89
zmXwRvYQ,Atl. San Luis U21,Necaxa U21,3,2,2.58,3.51,2.45
IZGHJdQ0,Club America U21,Guadalajara Chivas U21,1,2,2.01,3.51,3.35
GKe9hlsB,Monterrey W,Necaxa W,10,0,1.02,29.0,34.0
EPnBS4O0,Politehnica UTM,Petrocub,0,1,3.29,3.6,2.01
MkjJQrgD,Zimbru Chisinau,Dacia Buiucani,0,1,1.44,4.32,6.43
0KZFlww1,Arsenal Tivat,Sutjeska,0,2,4.14,3.31,1.86
f1LOxdQq,Vitesse,Jong PSV,3,1,1.61,4.47,4.47
8xwnd8gd,Rijnsburgse Boys,Quick Boys,3,1,3.57,4.2,1.82
dGp05CW9,GVVV,Kloetinge,3,0,1.83,4.29,3.45
4tl83j1M,Hardenberg,Kozakken Boys,1,2,2.3,3.86,2.66
O2nh7Y1c,HFC,AFC,1,3,2.72,3.76,2.3
zPvvbUOq,Hoek,Jong Almere City,2,2,1.84,4.09,3.57
EZPXJBo3,RKAV Volendam,Barendrecht,1,1,2.25,3.98,2.67
MaTuIkGF,Katwijk,De Treffers,1,2,3.47,4.2,1.84
hnjDas0l,Raalte,IJsselmeervogels,0,1,6.46,4.8,1.34
0CgLcLU0,Spakenburg,Jong Sparta Rotterdam,1,1,1.57,4.95,4.38
8tH2FtK7,VV Zwaluwen,Lisse,1,0,2.89,3.26,2.19
zm9lwpCE,TOGB,Noordwijk,0,3,4.24,4.05,1.6
jBma00T0,Hoogeveen,Excelsior 31,0,2,2.29,4.16,2.55
pt1zUuZ0,EVV,Groene Ster,1,1,2.92,4.06,2.08
pflJQ5Ej,Feyenoord U21,Zwolle U21,4,0,1.49,5.16,4.64
boK7KF8a,Sparta Rotterdam U19,AZ Alkmaar U19,1,0,5.7,4.9,1.37
QmdAOQdS,PSV W,Twente W,0,4,2.34,3.52,2.8
2TklHrk2,Ajax W,AZ Alkmaar W,5,1,1.3,5.69,8.14
dWntJ4Kk,Utrecht W,Feyenoord W,0,3,3.74,3.95,1.82
Y7Ocvf66,Ikorodu City,Barau,0,0,1.44,3.88,7.76
tYR5xYzJ,Ranchers Bees,Bendel,2,1,2.02,2.97,4.03
dfusKW5c,Bangor FC,Portadown,3,1,3.03,3.54,2.19
U7wkIAzA,Carrick Rangers,Larne,2,5,4.69,3.91,1.66
xYtcGl5M,Cliftonville,Glentoran,1,2,2.57,3.46,2.57
tUVz96cd,Dungannon,Ballymena,1,1,2.2,3.55,3.01
YyYLW9k3,Linfield,Crusaders,1,0,1.28,5.57,9.47
8GXSASSq,Coleraine,Limavady,1,0,1.16,7.91,12.7
GjM0NEuT,Loughgall,Armagh,0,0,1.3,5.55,8.45
OKLvGUJl,Vardar,Shkendija Haracine,2,0,1.4,5.2,5.72
67T0nqDs,Kozuf Gevgelija,Novaci,0,1,1.93,3.45,3.66
nJzA4rZP,Makedonija GP,Rabotnicki,0,1,4.13,3.51,1.81
fBYOtusJ,Pelister,Ohrid,1,0,1.92,3.43,3.73
EXW8pNsf,Teteks,Osogovo,0,0,2.01,3.51,3.35
be6sYERG,Kristiansund,Rosenborg,1,3,5.56,4.38,1.55
4fYEF6Bk,Molde,Aalesund,1,2,1.37,5.89,6.66
8ARZVMOr,Asane,Bryne,0,4,3.69,3.69,1.9
fTYb6gsK,Mjondalen,Sotra,3,1,2.95,3.58,2.22
YsCock46,Brattvag,Eik-Tonsberg,3,1,1.2,7.13,10.4
QcpdnYkl,Sandviken,Vidar,0,1,1.32,5.1,6.44
nRDwaBZg,Kvik Halden,Jerv,0,2,4.08,4.29,1.69
EylRvis9,Follo,Eidsvold TF,0,1,8.75,5.5,1.23
6ZS5X8Zr,Rana FK,Honefoss,0,1,3.34,3.8,1.83
zubhsSID,Frigg,Konnerud,2,0,1.32,6.24,6.24
I3NxkvxK,Grei,Heming,1,4,6.21,5.94,1.33
zHF5jWeR,Nordstrand,Lokomotiv Oslo,5,0,2.26,4.63,2.37
SEfpqll1,Ullern,Valerenga 2,2,1,1.89,4.64,2.97
Wn1yoAJl,Baerum Sportsklubb,Union Carl Berner,1,2,1.66,5.15,3.5
AHnBl8y1,Byasen,Herd,6,1,1.3,6.72,6.2
4v8p37jf,FK Kvik,Ntnui,0,2,3.12,4.16,1.93
0YwjJ5jL,Gneist,Varegg,2,2,2.29,3.58,2.46
KIKMDqEr,Sogndal 2,V. Haugesund,2,4,5.96,5.0,1.35
EHurLRL8,Forde,Fana,0,3,3.86,4.4,1.61
6i8Hi3jA,Hinna,Akra,2,2,1.66,4.87,3.69
GQc1ifdR,Flekkeroy,Varhaug,1,1,1.84,3.82,3.3
fB9hgGRE,Vag,Brodd,2,2,2.31,4.45,2.36
UXH6VCZ7,Vindbjart,Mandalskameratene,0,1,1.76,3.9,3.52
pS2Z7vhS,Harstad,Skjetten,3,1,1.48,4.85,4.41
x2aR90NF,Skjervoy,Skedsmo,1,2,6.61,5.0,1.32
viR2Kxo4,Drobak-Frogn,SK Gjovik-Lyn,3,2,4.0,3.64,1.71
tInq08ak,Elverum,Raelingen,4,1,1.33,5.82,6.35
IywfMbGi,Orn,Oppsal,0,2,1.78,4.46,3.4
65ghE1i3,Honefoss W,Roa W,0,0,2.03,3.64,3.33
nF10CuMF,LSK Kvinner W,Lyn W,2,3,3.66,3.77,1.89
4loBRfKj,Viking W,Fyllingsdalen W,6,0,1.33,5.37,6.99
rBEFxLSi,Bryne W,Odd W,0,4,2.77,3.68,2.1
v5LNasW1,San Francisco,Arabe Unido,1,2,3.48,3.26,2.1
2T1iGyvB,Nacional Asuncion,2 de Mayo,3,0,1.7,3.46,5.23
6aTOcTNq,Libertad Asuncion,Ameliano,1,1,1.64,3.75,5.21
dzTdohaU,3 de Noviembre,Guairena,1,1,2.2,3.48,3.06
na865epn,Fernando de la Mora,Resistencia,2,1,2.19,3.4,3.14
KC6E3ZEb,Paraguari AC,General Caballero JLM,3,2,2.96,3.43,2.27
bgxhYwW6,Alianza Lima,AD Tarma,2,0,1.25,5.41,11.8
4jXtNewC,FC Cajamarca,Cusco,1,2,2.4,3.57,2.68
CrFZOH8a,Sporting Cristal,Grau,3,1,1.33,5.05,8.66
Ywe9S3as,Flamengo FBC W,UNSAAC W,1,0,1.48,4.25,5.97
vybHQsUg,U. de Deportes W,Killas W,4,0,1.03,19.0,55.0
pbjbqkpJ,Korona Kielce,Rakow,3,2,2.2,3.56,3.14
YyvF1Wam,GKS Katowice,Cracovia,3,2,2.29,3.53,3.02
xYnjoBF6,Motor Lublin,Gornik Zabrze,0,0,3.21,3.42,2.23
lxCMeBHq,Lechia Gdansk,Stal Mielec,7,1,1.72,4.06,4.16
ptNr3gP9,Grodzisk M.,LKS Lodz,2,0,3.26,3.48,2.1
YJbL2PDT,Polonia Warszawa,Chrobry Glogow,2,0,2.01,3.42,3.58
xGJz5Ffc,Termalica B-B.,Odra Opole,1,0,2.21,3.36,3.15
QgeD4oqH,Legnica,S. Rzeszow,2,3,1.66,3.94,4.67
UczxwJT8,Legia II,Podhale Nowy Targ,3,0,3.03,3.86,2.09
KphdQup3,Chojniczanka,Ol. Grudziadz,3,1,2.41,3.56,2.68
Em5A2xhd,Zielona Gora,Pruszkow,1,3,2.81,3.63,2.29
0hqlpXlR,Jagiellonia II,LKS Lodz II,2,3,2.17,3.82,2.79
ju18Xg5L,Pelikan,Lidzbark Warminski,1,0,1.91,3.87,3.35
KfivSXSr,Weszlo,Olimpia Elblag,2,1,1.61,4.49,4.25
re76DYDk,Mazovia Minsk Mazowiecki,Plock II,3,2,1.81,4.02,3.6
SvotngKE,Mlawa,Troszyn,4,1,2.04,3.54,2.97
rFc0ZFz9,Warta Sieradz,Zambrow,2,2,1.55,4.49,4.66
trNG6zFt,Gedania Gdansk,Kotwica Kornik,6,1,2.01,3.52,3.06
EeLO4Eqg,Grom Nowy Staw,Swinoujscie,5,0,2.85,3.88,2.12
WE0dJDbn,Wda Swiecie,Kluczevia Stargard,1,2,2.5,3.64,2.47
0CJW2hE5,Unia Swarzedz,Luzino,1,3,3.09,3.86,2.01
rgvalgaC,Blekitni Stargard,Wrzesnia,1,1,1.39,5.09,6.1
tjLnaADU,Elana Torun,Lech Poznan II,0,0,2.32,3.81,2.58
jJs7nXTO,Lipno Steszew,Baltyk Koszalin,2,1,2.17,3.82,2.79
tC2iZ8Er,BKS Sparta Katowice,Kluczbork,2,1,1.66,3.91,4.46
xGDDtiM8,Goczalkowice Zdroj,Warta Gorzow,4,1,1.9,3.7,3.5
ptHLvVjL,Sleza Wroclaw,Legnica II,3,5,3.71,4.02,1.78
0UlkrGbn,Wieczysta Krakow II,Star Starachowice,0,0,2.28,3.89,2.59
dvXNvshf,Jaroslaw,Lubaczow,5,2,1.81,4.13,3.51
vLijQsw1,Ostrowiec Swietokrzyski,Chelmianka Chelm,0,0,2.41,3.18,2.55
xIYwyaiJ,Wisloka Debica,Korona Kielce II,1,0,1.86,4.04,3.37
CAmLRcrC,Lech Poznan U19,Arka Gdynia U19,5,2,1.63,4.3,3.82
zmRxpubt,Gornik Zabrze U19,Slask W. U19,0,2,1.87,3.58,3.39
AaftdAAL,Gil Vicente,Maritimo,1,1,2.05,3.38,3.89
troCjlYr,Nacional,Famalicao,0,4,4.18,3.46,1.94
OO5vxkJk,Alverca,Rio Ave,1,0,1.79,3.78,4.6
Y9gDA9PE,Sporting CP,Arouca,2,2,1.18,8.21,13.3
vw14Ld3F,Imortal,Tondela,1,5,7.82,4.52,1.37
My3iy0aU,Castro Daire,Portimonense,0,1,7.51,5.1,1.33
6aFrWDrf,Naval 1893,Felgueiras,0,2,6.7,3.81,1.5
2RpOdgAO,Vitoria Sernache,Varzim,2,1,3.94,3.63,1.82
vLgynK6C,Atletico CP,Lagoa,4,1,1.37,4.7,7.32
jTYPV4lB,Salgueiros,Feirense,1,0,4.84,3.57,1.68
nwonr2ne,Oliveirense,Penafiel,1,2,2.63,3.36,2.48
MNcyDJqg,O Elvas CAD,Leiria,0,2,5.65,3.91,1.54
6sYN1BXo,Beira Mar,Os Belenenses,0,2,5.36,3.68,1.61
dSCDfS84,Rio Ave U23,Braga U23,1,1,2.44,3.64,2.6
nFUXskPb,Estrela U23,Moreirense U23,2,2,2.73,3.57,2.37
d8MJYpno,Leixoes U23,Famalicao U23,1,2,2.44,3.64,2.6
QPVmv7ON,Sporting CP U23,Penafiel U23,1,1,1.76,3.9,4.11
nu0aoOVj,Benfica U23,Torreense U23,3,0,2.46,3.66,2.57
2ZSAN3aN,Oriental U19,Santa Clara U19,2,1,3.96,3.96,1.77
f9P2PPUA,SC Farense U19,Sporting CP U19,0,1,5.24,4.54,1.52
EVNnT7Vo,Alverca U19,Casa Pia U19,1,1,2.83,3.67,2.26
jRsx40Tp,FC Porto U19,Rio Ave U19,0,0,1.3,5.69,8.14
Kri69M5N,Feirense U19,Famalicao U19,1,1,2.3,3.56,2.83
rgWTWPMU,Mafra U19,Benfica U19,1,1,9.23,6.35,1.25
lIXVPsj4,Moreirense U19,Gil Vicente U19,1,1,2.3,3.46,2.89
nqMfRo0b,Torreense U19,Leiria U19,3,1,1.98,3.74,3.38
dryvOLKG,Vitoria Guimaraes U19,Braga U19,1,2,2.58,3.48,2.53
QRGP1gLG,Vitoria Guimaraes W,Torreense W,0,3,5.87,3.88,1.53
nabpWtx3,CFR Cluj,FC Botosani,3,1,2.18,3.45,3.3
IPHKFLiM,Univ. Craiova,FCSB,5,0,1.79,3.73,4.4
tjDG7BeI,Concordia,Metalul Buzau,0,1,2.03,3.43,3.53
MJeIAaQE,CSM Satu Mare,Afumati,0,2,3.24,3.4,2.14
4SjYPhBn,CSM Slatina,Selimbar,2,1,1.33,4.85,8.96
Yq02VEmP,FC Bacau,Cetatea Suceava,2,2,1.87,3.74,3.74
fcwwBPpD,Steaua Bucuresti,Gloria Bistrita,2,1,1.8,3.75,4.06
MquVCoG0,Stefanesti,Metaloglobus Bucharest,0,1,4.06,3.64,1.82
YP989XQ5,Unirea Slobozia,Chindia Targoviste,0,1,3.24,3.55,2.09
SS60Bgdg,Popesti Leordeni,Politehnica Timisoara,3,4,3.54,3.54,1.98
xGTvECYh,USV Iasi,FC Bacau 2,2,1,2.02,3.82,3.1
C2qeMJJq,Valenii de Munte,Tricolorul Breaza,5,1,2.28,3.63,2.72
QZz1eZig,Tunari,Titu,3,0,1.2,6.97,9.95
jDMVgsYo,Vointa Crevedia,FC Pucioasa,2,2,1.69,3.83,4.42
IXsbzuEL,Portul Constanta,Agigea,0,1,4.04,4.04,1.71
S04IN1UF,Unirea Branistea,Progresul Fundulea,4,2,1.79,3.94,3.73
2Xgbf3h2,Mogosoaia,Din. Bucuresti 2,0,3,1.48,4.1,6.16
YBSvffbJ,Progresul Spartac,Omega Sport,0,1,3.37,3.83,1.91
O6tODvtH,Curtisoara,CSO Filiasi,1,3,2.88,3.7,2.12
WvYMgJlo,Jiul Petrosani,Minerul Lupeni,1,0,4.66,4.24,1.58
fF8s63OH,Baia Mare,Unirea Dej,5,1,1.25,5.5,10.5
hW1KPS5k,Ol. Cluj W,Farul Constanta W,1,8,4.89,4.12,1.58
zmTpYwio,Omsk,Zenit 2,0,2,6.04,5.54,1.36
2gLWesqh,Tyumen,Dynamo Stavropol,2,1,1.3,6.59,6.29
tK4nRe2S,Izberbash,Astrakhan,0,0,2.84,3.14,2.43
Yg1vTHXF,FK Chayka 2,Lugansk,1,5,4.63,3.25,1.71
pGgQJDf2,Maykop,Spartak Nalchik,2,1,2.58,2.95,2.53
xjjILZPk,Nart Cherkessk,Angust Nazran,3,0,1.56,3.24,6.28
0SmXUw33,Rostov 2,Shahter Taganrog,0,0,2.86,3.06,2.46
Wp9hNzG7,Lipetsk,FK Strogino Moscow,1,0,1.74,4.64,3.43
OK5pPdoe,Penza,Arsenal Tula 2,0,0,1.63,4.57,4.06
Ovdvov8E,Rodina Moscow 3,SKA Khabarovsk 2,3,2,1.37,5.98,5.47
nV4Hwd0l,Salyut-Belgorod,Spartak Tambov,2,2,3.69,3.24,1.99
xnjAKfIF,FK Krylya Sovetov Samara W,Lokomotiv Moscow W,0,0,5.5,3.7,1.59
pKs90ZQq,Ryazan W,Spartak Moscow W,0,3,24.0,7.29,1.11
pvY2MGm3,Zenit W,Dynamo Moscow W,3,0,1.2,5.78,13.9
IXuHbDed,Chertanovo M. W,CSKA Moscow W,0,4,30.0,8.98,1.07
W2nsuhGL,Domagnano,La Fiorita,1,2,3.51,3.61,1.97
WrdmJAg2,Folgore,San Marino Academy U22,2,0,1.26,4.65,9.95
OxqZtEo9,Pennarossa,Fiorentino,3,1,3.25,3.67,2.05
AVSr6PrI,Al Anwar,Al Najma,1,1,2.74,3.34,2.48
8KB0O6bn,Al Zulfi,Al Raed,4,0,2.22,3.4,3.09
StOrneIj,Al Ittihad W,Al Nassr W,4,2,8.17,4.85,1.33
nNGwaqzP,Dundee FC,Motherwell,2,1,3.06,3.57,2.3
2m6nJnLt,Hibernian,Aberdeen,1,1,1.88,3.57,4.37
rR72F4K5,St Johnstone,Falkirk,1,1,2.17,3.5,3.4
jiBADrkI,St. Mirren,Dundee Utd,0,3,2.29,3.76,2.95
AD9fHQkg,Kilmarnock,Hearts,1,1,4.81,3.96,1.72
0QQlpuyH,Livingston,Inverness,2,2,1.94,3.61,3.82
h0Ntn164,Morton,Dunfermline,0,1,7.68,4.39,1.44
6NTdrJ5T,Partick Thistle,Raith,0,0,1.95,3.48,3.95
Ua7E00Lc,Stenhousemuir,Arbroath,1,0,2.04,3.41,3.73
ERaLpMCU,Alloa,East Kilbride,1,2,3.04,3.55,2.18
rszV4Pcn,Cove Rangers,Ross County,0,2,6.17,4.22,1.49
j7ww33Sb,East Fife,Montrose,1,2,2.57,3.34,2.62
OKyo1scB,Hamilton,Queen of South,4,1,1.37,4.67,8.09
WpugaLRN,Peterhead,Airdrieonians,1,2,2.95,3.49,2.26
IHDskpIa,Dumbarton,Spartans,3,0,3.92,3.97,1.78
QsHkmOnC,Elgin City,Stranraer,1,5,1.93,3.79,3.48
dUwNUFWp,Forfar Athletic,Annan,1,0,3.01,3.55,2.2
2RQ8hJOi,Kelty Hearts,Edinburgh City,1,3,2.6,3.53,2.5
AiUGjcg4,Stirling,Clyde,1,1,3.23,3.95,1.98
nVKsscRq,Buckie Thistle,Nairn County,1,3,1.47,4.15,5.33
YoJkuydd,Deveronvale,Clachnacuddin,2,2,5.11,4.3,1.47
0hBy3vl3,Formartine Utd,Lossiemouth,3,0,1.13,6.5,12.5
Y59q1IIF,Forres Mechanics,Banks O' Dee,3,0,3.32,3.66,1.87
tWCiadmS,Huntly,Inverurie,2,2,2.36,3.52,2.41
ra1ViEu2,Keith,Strathspey Thistle,2,3,2.89,3.48,2.1
A5gHFHX8,Rothes,Brora Rangers,0,8,70.0,14.0,1.01
IVdPDe2L,Wick Academy,Fraserburgh,2,3,10.2,5.75,1.19
xz6PrEAU,Albion Rovers,Cumbernauld Colts,2,1,2.44,3.75,2.24
nRUAaGJc,Broxburn Athletic,Linlithgow Rose,0,4,3.73,3.72,1.75
pSmIpztI,Clydebank FC,Pollok,2,2,1.44,5.17,5.17
4pQ4ljBd,Tranent,Gala Fairydean,2,1,1.09,9.5,17.0
zBZrppLU,Novi Pazar,Zemun,2,2,1.41,4.58,7.13
nXc6pEWA,Vojvodina,IMT Novi Beograd,1,1,1.82,3.78,3.93
jTnpwWOp,OFK Beograd Mozzart Bet,Radnicki 1923,3,5,2.57,3.22,2.71
IZvW0ZGi,Radnik,Partizan,4,4,3.74,3.74,1.87
4bmdbKFb,Crvena zvezda U19,Partizan U19,1,1,1.33,5.59,6.65
xCo4dbpB,Vojvodina U19,TSC U19,3,4,1.65,4.32,4.12
pxkCfxFN,Vozdovac U19,IMT U19,0,1,2.56,3.76,2.35
6oSTCJUi,Sp. Subotica U19,OFK Beograd U19,2,1,2.17,4.14,2.64
dYql0ton,Jedinstvo U. U19,Novi Pazar U19,1,2,2.26,4.01,2.57
djTZQuL6,Balestier Khalsa,Tanjong Pagar,3,4,1.69,4.08,4.29
4GWsPJkJ,Young Lions,Geylang,1,5,5.45,4.5,1.5
EyaHKSeR,Kosice,Ruzomberok,2,0,1.53,4.31,5.48
IXmeDpl1,Michalovce,Banska Bystrica,1,0,1.83,3.74,3.94
6Be9MlRE,Zilina,Trencin,2,1,1.41,4.7,6.92
OUj3BOID,Komarno,Slovan Bratislava,1,2,5.97,4.48,1.48
rBwCFSMh,FK Humenne,I. Bratislava,1,1,3.13,3.54,2.14
Acu4Hlht,MFK Bytca,Lehota p. V.,2,1,3.82,3.71,1.86
b1pSBpMH,Zvolen,Malzenice,1,2,1.85,3.7,3.86
Um7agx6j,Presov,Samorin,0,1,2.4,3.54,2.71
pEfhwMqC,D. Kubin,Rimavska Sobota,0,2,2.16,3.9,2.77
IRh0y0EO,K. Nove Mesto,Filakovo,1,1,3.61,3.5,1.83
lAm7nQMP,MSK Martin,Podkonice,4,3,2.08,3.52,2.9
SYRaUSkK,Raslavice,Slavia TU Kosice,2,1,2.17,3.82,2.79
rXM68oT0,Kezmarok,Lok. Kosice,0,3,8.93,6.04,1.25
zuuE6PcD,Lipany,Spisska Nova Ves,3,0,2.53,3.54,2.25
6sMwNprf,Medzev,Sabinov,3,0,1.21,5.4,10.5
jJNOAcgo,Banik Prievidza,Raca,0,1,1.69,3.8,3.96
Kh28I9Ci,Castkovce,Komarno B,3,2,1.33,4.7,6.94
fFGwK1Wb,Gabcikovo,Puchov,1,1,2.69,3.72,2.28
UaFshaIF,Presov W,Petrzalka W,7,0,1.08,9.95,18.9
xQIkjwmS,Slovan Bratislava W,Ruzomberok W,7,0,1.02,15.4,30.0
xI6G1jct,Koper,Nafta,2,0,1.73,3.97,4.17
WblkbHjl,Maribor,Aluminij,2,2,1.46,4.46,6.18
Y9a4Mr8e,Beltinci,Tabor Sezana,5,1,3.02,3.43,2.24
zcxdSYeE,Ilirija,Krsko Posavje,2,0,1.57,4.01,5.54
hdRZKjll,Vrhnika,Primorje,2,1,2.31,3.68,2.74
YZSkH8mD,Brezice,Rudar,3,4,3.46,3.77,1.94
2B2vuiWQ,Hajdina,Fuzinar,2,4,2.9,3.34,2.15
bF9PVngD,NK Smartno,Podvinci,8,1,2.17,4.02,2.7
QL1BgjoK,Race,NK Carda Martjanci,2,2,2.06,3.85,2.98
foaWtD1E,Sampion Celje,Dobrovce,0,2,1.86,4.12,3.35
jk6HX8O0,Korotan,Ljutomer,1,1,1.89,3.91,3.39
MqyLUN2L,IB 1975 Ljubljana,Litija,0,3,2.7,3.6,2.31
CdO6LJP7,Dob,Ljubljana Svoboda,4,0,1.14,8.07,13.1
t0YwC065,Richards Bay,Sekhukhune,2,3,3.94,3.11,2.03
nJj5FZCc,Polokwane,AmaZulu,0,1,2.99,2.91,2.55
YZlDDDsA,Kruger United,Stellenbosch,0,1,2.75,2.93,2.75
t0rpq14E,Hope FC,Orbit College,1,0,2.74,2.95,2.74
jgzWZdR0,Leicesterford City,Midlands Wanderers,1,0,2.58,3.05,2.84
O6YwYzdD,The Bees,Lerumo Lions,1,0,2.75,2.76,2.52
EDthsuZQ,Upington City,Pretoria U.,3,3,2.3,2.79,3.17
M9GzMzOM,JVW FC W,City Lads W,3,0,1.05,10.9,29.0
SSEKPIOc,Tshwane University W,First Touch W,0,1,1.65,3.6,5.14
vsR1ljNk,Argentina U19,Uruguay U19,1,0,1.77,3.75,4.05
xAF0aYTI,Bucheon FC 1995,Gimcheon Sangmu,0,2,2.98,3.37,2.38
U32nNyMP,Anyang,Ulsan HD,2,1,4.03,3.93,1.82
Oniitrrn,Asan,Cheonan City,3,1,2.19,3.4,3.14
b7ztZQzJ,Jeonnam,Suwon FC,0,3,3.98,3.77,1.81
ITh7x0sB,Gimpo FC,Busan,1,0,2.6,3.33,2.6
p2u0vMCb,Seoul E-Land,Daegu,2,1,2.51,3.46,2.62
rcI9plTa,Jecheon Citizen,Geoje,0,2,2.43,3.62,2.54
0CyTu3ml,Busan Kyotong,Pocheon,1,0,4.44,3.8,1.66
6BJuXAxA,Real Sociedad B,Mallorca,0,1,4.07,3.46,1.93
x2CC6XSj,Andorra,Gijon,1,3,2.06,3.52,3.52
UTQ0KXh4,Castellon,Tenerife,5,0,1.5,4.19,6.82
A7SGGkhT,Eldense,Eibar,1,2,2.94,3.04,2.61
M3NhMgOi,Cadiz CF,Girona,1,2,4.03,3.47,1.94
SvsbYFdd,Unionistas,UD Ourense,3,1,1.84,3.68,3.94
AHF2dSrn,Racing Club Ferrol,Barakaldo,1,0,2.19,3.26,3.26
EDOwt7b5,CD Coria,Real Aviles,1,1,2.48,3.45,2.66
jeHIhprB,Ponferradina,AD Merida,1,0,2.18,3.22,3.33
rVDAf6Db,R. Union,Mirandes,2,2,2.92,3.34,2.34
dUoqMHlK,Murcia,CE Europa,2,1,1.78,3.4,4.7
WjfcbEdD,Rayo Majadahonda,Teruel,2,0,1.83,3.34,4.52
0QzNEZtf,Villarreal B,Antequera,2,2,1.72,3.65,4.69
jDhs2dcl,Huesca,Atl. Madrid B,0,0,1.98,3.73,3.37
OQjk0zS0,Jaen,UD Ibiza,2,1,2.51,3.14,2.83
SOYtlqdd,Basconia,Arosa SC,2,2,1.83,3.98,3.67
GjKs2DH6,Atl. Astorga,Marino de Luanco,3,0,2.39,3.12,3.02
4OIE2rBk,Ourense CF,Eibar B,0,2,2.46,3.35,2.74
0STzAQIF,Portugalete,Coruxo FC,2,1,2.49,3.14,2.88
f97RQPC6,Pena,Espanyol B,2,1,4.3,3.77,1.75
EV5BU7Ds,Olot,Utebo FC,1,2,1.88,3.38,4.16
nsoONS8a,Valencia B,Castellon B,1,2,1.97,3.73,3.42
0lBpRtbf,Castellonense,Cieza,1,0,2.74,3.13,2.61
M1SPFVqB,Puente Genil,CD Estepona,0,2,3.05,3.05,2.42
fsTtbm6e,San Sebastian Reyes,Numancia,0,0,2.67,2.88,2.88
Gdc8dzVj,Atl. Paso,Atl. Madrid C,0,1,1.93,3.74,3.54
z3TkKE3e,Bezana,Naval Reinosa,3,2,1.83,3.4,4.39
b3qI5Fl2,Revilla,Castro,2,2,2.74,3.43,2.43
AXmsvUFi,Aurrera de Vitoria,Alaves C,2,1,3.14,3.25,2.26
jBkcznFG,Eibar C,Erandio,3,1,2.55,3.22,2.73
f7vyT37j,Pasaia,Real Sociedad C,3,2,3.75,3.34,1.99
nseAUGre,Touring KE,Beasain,2,0,2.66,3.14,2.66
vHi2WxEr,Durango,UD Aretxabaleta,0,0,2.09,3.34,3.44
EgAtRKkK,CF Vilanova,Peralada,1,1,1.97,3.32,3.84
O6hMwbZP,Martinenc,CE Europa B,3,3,2.08,3.38,3.43
EL4m5wT0,Cornella,L Hospitalet,0,0,2.07,3.31,3.52
A3xyGgIl,Roda,Crevillente,1,1,2.47,3.12,2.91
rHzqEXn1,Hercules B,Torrellano,3,1,3.33,3.22,2.18
232ECuTg,Acero,SC Torrevieja,2,0,2.51,3.25,2.75
WWcXrtlm,Leganes B,Rayo Vallecano B,4,1,1.98,3.53,3.53
OQ0YQ7S1,Fuenlabrada,AD Torrejon,3,1,2.15,3.36,3.26
GKmKlBK8,Mexico FC,Union Adarve,1,1,2.94,3.26,2.37
ATLFd4GG,Atl. Onubense,Betis C,2,4,2.49,3.22,2.8
b7qzkDE7,Chiclana,Ceuta B,0,1,2.01,3.26,3.78
hAtSjZqe,Xerez D.F.C.,Bollullos,1,0,1.58,3.94,5.52
OSoxFj9D,Llosetense,Formentera,0,0,2.45,3.38,2.74
vDs1VBgf,Alcudia,Santanyi,1,2,2.14,3.54,3.13
fw9WUnEU,Panaderia,Tenerife C,3,3,2.02,3.36,3.62
nD5OW8qI,Anaza,Mensajero,1,0,4.53,3.4,1.81
zcpkVe8D,Las Palmas C,Yaiza,4,2,1.69,3.88,4.54
vm2GYUE5,San Miguel,Villa Santa Brigida,3,1,2.2,3.25,3.25
hGH6GVHE,Ezcabarte,Subiza,1,1,2.34,3.52,2.8
QTFEE9nR,Valle Egues,Mutilvera,1,1,2.69,3.21,2.59
dC6p9mAl,Gazte Berriak,CD Cantolagua,1,0,2.3,3.44,2.92
MuwfK3cl,La Solana,San Clemente,4,0,2.62,3.14,2.72
U5t2IsS0,Noblejas,Toledo,2,1,5.46,3.85,1.6
z3qAGLdD,Villarrubia,Villarrobledo,0,4,2.06,3.19,3.7
44SnTUjJ,Badalona W,Real Sociedad W,0,0,3.02,3.43,2.24
OQQWWCif,Espanyol W,Madrid CFF W,5,1,2.88,3.25,2.41
8tV7Gi7D,Atl. Madrid W,Logrono W,1,0,1.42,4.48,7.1
Uqqbznbn,Real Madrid W,Valencia W,3,1,1.09,8.5,29.0
tEi1DSxA,Real Union W,Villarreal W,1,2,2.99,3.51,2.17
UFNKDyXh,Albacete W,Real Sociedad B W,2,0,1.98,3.42,3.52
Eal0CoLs,Brommapojkarna,Goteborg,0,1,2.73,3.73,2.4
tCuH83K6,Vasteras SK,Malmo FF,2,0,3.63,3.73,1.97
S4qt7jq2,Orgryte,Sirius,1,2,6.1,4.83,1.47
xMFz95D5,Nordic United,Landskrona,1,4,2.58,3.3,2.63
Uyloblam,Oster,Norrkoping,1,3,4.07,3.86,1.77
jixfdSTa,Oddevold,Varnamo,1,2,2.26,3.47,2.94
ln4KCmEt,Varberg,Brage,3,2,1.66,4.06,4.51
YZTAhpTO,Sandviken,Orebro,4,2,2.2,3.66,2.93
QHlsMfeB,Enkoping SK,Karlstad,2,2,3.91,3.86,1.8
MqrjKYPN,FBK Karlstad,Sollentuna,0,0,1.77,3.86,4.07
8OrvdmRO,AFC Malmo,Utsikten,3,1,1.28,5.96,8.51
fZuvR7Qb,Atvidaberg,Lunds,1,0,2.5,3.85,2.45
pbAisIQb,Gottne,Kubikenborgs,1,4,2.81,3.64,2.09
0KkrePXq,Friska Viljor,Fransta,3,0,1.48,4.4,4.85
AoGUQcvp,Vanersborgs FK,Tord,1,2,2.22,3.44,2.72
v7FQeS3F,Gute,Enskede,1,3,2.35,3.58,2.4
6LV6ybI0,Taby,Angby,2,1,1.98,3.9,3.12
rLqQibop,Bollstanas,Skiljebo,0,4,2.97,3.87,2.06
WtCIclZ2,Kungsangen,Falu,3,1,4.91,3.82,1.63
lInYkxGd,Korsnas,Lidingo IFK,0,3,2.24,3.62,2.5
vkle4TVb,IFK Berga,IFK Karlshamn,4,1,1.5,4.05,5.12
IZan6k1n,Karlskrona,Oskarshamn,2,0,1.84,3.78,3.67
rsoC0oVN,Torns,Rappe GOIF,1,2,1.74,3.96,3.96
baYLfElI,Nacka FC,Ragsved,1,0,2.26,3.71,2.7
8Y6XOZoo,Forward,Lindo FF,2,0,1.59,3.96,4.4
KEMUhhJU,Orebro Syr.,Nykopings,1,0,2.65,3.58,2.21
xjge9D3B,Smedby,Fittja,0,1,2.07,3.62,3.1
Aw2vDe4n,Farsta,Karlslund,0,3,1.22,5.93,10.8
8tQlSP96,Qviding,Dalstorps,1,2,2.08,3.94,2.9
KGi1yUnK,Astrio,Onsala,0,2,4.69,4.38,1.57
4lTXV7As,Hestrafors,Kongahalla,1,3,1.58,4.6,4.29
dtaU1vjg,AIK W,Hammarby W,2,1,5.14,4.21,1.54
th3Id4VA,Vittsjo W,Vaxjo DFF W,2,2,2.22,3.71,2.78
462x0IK5,Eskilstuna Utd W,Hacken W,0,3,11.2,6.34,1.2
YofgdzKU,Uppsala W,IF Brommapojkarna W,0,1,16.9,6.97,1.14
Yq3OscQ0,KIF Orebro W,Goteborg W,5,1,2.7,3.83,2.23
KxqJ3vmK,Trelleborg W,Hacken B W,2,0,1.55,4.66,4.49
tnOqkuYQ,Elfsborg W,Sandviken W,1,0,1.19,6.48,11.5
0lNaH0Ot,Luzern,Grasshoppers,5,1,1.65,4.46,4.16
ttvFDIN5,Sion,Zurich,1,1,1.38,5.2,6.43
YFz7Fvgg,Young Boys,Servette,3,2,1.54,4.77,4.77
h6IoYu8s,Basel II,Bulle,1,2,2.13,3.65,2.74
OWyMHKN0,Breitenrain,Biel,0,4,3.46,3.62,1.84
tAN9SyxJ,Schaffhausen,Lugano II,2,1,1.26,5.3,7.9
QJGgWJxf,Cham,Bruhl,2,1,2.32,4.11,2.53
OjSFw2pK,Paradiso,YF Juventus,0,1,2.04,3.86,3.13
djLiSRFG,Echallens,Oberwallis Naters,3,4,1.97,3.82,2.94
0nAVKq8j,La Chaux-De-Fonds,Meyrin,2,1,2.82,3.64,2.09
4GOaQ5pT,Payerne,Lancy,3,1,2.48,3.56,2.28
vkL8SmN5,Solothurn,Concordia,0,2,1.73,3.94,3.6
0KyH4ubB,Baden,Dietikon,2,1,1.87,3.8,3.22
vTVfccjo,Kosova,Wettswil-Bonstetten,2,1,3.03,3.68,1.97
S6w961Tb,Winterthur II,Freienbach,3,2,2.11,3.86,2.97
Cre1A8uf,Collina d'Oro,Eschen/Mauren,1,0,2.03,3.75,3.23
dUJk16iJ,Taverne,FC Widnau,5,0,1.4,4.63,7.17
0Y2FUI76,Rasisalai Utd,Lamphun Warrior,1,1,2.92,3.34,2.34
8b6NSdxJ,Pattani,Prachuap,0,3,3.75,3.34,1.99
0hg9j0UP,Chiangrai Utd,Sisaket United,0,1,1.84,3.26,4.56
8ISU2AJ3,Kanchanaburi,Mahasarakham,1,1,1.51,4.26,5.46
GrWx1llG,Khonkaen Utd.,Police Tero,2,0,1.71,3.83,4.25
2aUpaSIS,Muang Thong Utd,Chiangmai Utd,1,0,1.37,4.96,6.78
bVFGg6tj,Nakhon Ratchasima FC,Chainat,1,2,2.18,3.32,3.11
Qy82H9Yd,Nong Bua Pitchaya,Satun FC,4,3,1.8,3.86,3.75
nce5F96r,Corum,Alanyaspor,1,2,1.95,3.5,4.11
6RiLBR57,Kocaelispor,Gaziantep,2,0,2.5,2.97,3.28
vBjtSRYj,Basaksehir,Genclerbirligi,4,0,1.74,4.02,4.56
2Vd2Z9tH,Trabzonspor,Galatasaray,4,0,3.19,3.72,2.18
8UfN7fJD,Keciorengucu,Sivasspor,1,1,1.69,3.88,4.59
SKhfgGLH,Sariyer,Boluspor,2,1,1.28,5.65,9.24
dfZJ9y6b,Batman Petrolspor,Bursaspor,1,2,3.05,3.3,2.29
zod2ifjU,Erokspor,Karagumruk,0,2,1.89,3.39,4.11
M1QFaofo,Arnavutkoy Bl.,Corluspor,0,2,5.46,4.26,1.51
xEKMAB2n,Elazigspor,Aliaga,5,0,1.49,4.45,5.39
QHPp57WN,Menemenspor,Ankaraspor,3,0,4.25,4.49,1.61
h4Rx7T1B,Sanliurfaspor,Adana Demirspor,1,1,1.08,7.7,15.5
lUiPrn0f,Adana,52 Orduspor,3,2,2.0,3.82,2.88
t4lHp8Vs,Ankaragucu,Serik Spor,1,1,1.6,3.71,5.41
C8I5TNIM,Balikesirspor,Usak Belediyespor,4,1,1.47,4.15,6.22
K00bVqlA,Bursa Yildirimspor,Karsiyaka,2,2,2.37,3.29,2.83
tU7Rpi0d,Kocaelispor U19,Gaziantep U19,1,3,1.73,3.72,3.81
xK3lhZ7M,Corum U19,Alanyaspor U19,1,3,2.85,3.22,2.23
UZ9nYDGj,Basaksehir U19,Genclerbirligi U19,3,2,2.11,3.71,2.96
S6L8udOG,Trabzonspor U19,Galatasaray U19,3,1,2.02,3.94,3.01
pte8iC2T,Besiktas W,Fenerbahce W,0,3,6.48,4.04,1.47
42ghef34,Sultanbeyli Gucu W,Galatasaray W,0,5,9.05,6.2,1.22
2ooNdX0t,Vipers,Ntugasaze,3,0,1.18,6.05,15.1
jNTaZsoJ,FC Kharkiv,Bukovyna,2,0,1.89,3.56,3.87
rcQiy4G6,FK Zorya Luhansk,Dyn. Kyiv,0,2,4.55,3.94,1.68
G0LocowQ,Epitsentr,Livyi Bereg,0,2,2.53,3.31,2.69
G2M4LLAj,Kolos Kovalivka 2,Probiy Horodenka,4,2,2.01,3.15,3.5
dQqMhJfR,Hatta,Shabab Al-Ahli Dubai,2,2,8.12,5.14,1.33
QuzhmcIl,Ittihad Kalba,Khorfakkan,2,1,1.94,3.67,3.56
bgYaoym1,Ajman,Al Sharjah,3,2,3.22,3.33,2.18
6Jy8qFHD,Al Wasl,Al Ain,3,2,2.23,3.63,2.9
QBdSzt9E,Boston River,Progreso,1,2,2.05,3.25,3.67
Yy0zZJwR,CA Cerro,Penarol,1,2,6.73,3.73,1.53
SYgwfLrA,Fenix,Colon,1,1,2.13,3.32,3.37
K8jVesEc,Miramar,Uruguay Montevideo,1,0,2.34,3.29,2.97
YVdohaDM,Plaza Colonia,Paysandu FC,1,1,1.88,3.44,4.07
443toST9,New York City,New York Red Bulls,0,1,1.9,4.0,3.75
pzkt4KYF,San Diego Wave W,Kansas City Current W,2,0,2.45,3.85,2.5
Imml2b3S,Orlando Pride W,Portland Thorns W,1,4,2.28,3.82,2.71
xj2fxuDc,DC Power W,Tampa Bay Sun W,1,1,1.96,3.41,3.61
pG52zJsA,Fort Lauderdale W,Dallas Trinity W,1,2,3.87,3.51,1.86
0nKKv81n,Mashal Muborak,Pakhtakor,1,2,11.4,6.73,1.18
2cy3MQoI,Bunyodkor,Buxoro,2,1,3.46,3.61,1.98
dYNrsZIs,Rayo Zuliano,Monagas,1,1,4.06,3.64,1.82
UoMjuDmf,Universidad Central,Carabobo,1,1,3.05,3.15,2.36
Q17LMUGi,Yaracuyanos,Lara,0,1,3.1,3.36,2.17
Spf4NkHF,Long An,Bac Ninh,2,3,6.41,4.2,1.46
bXGy5s1l,Thanh Hoa,Binh Duong,0,2,2.17,3.36,3.1
0hDQWVr9,TNS,Llandudno,2,1,1.06,12.0,26.0
YB8f5O9l,Mamelodi Sundowns,Al Ahli SC,2,1,2.89,3.56,2.26
SMTOJxhS,IR Tanger (Mar),Widad Temara (Mar),1,0,1.89,3.21,4.28
