match_id,player1,player2,H,A,s1,s2,competition,surface,gender,level,source_period
noDXJzdU,Muller A. (Fra),Bar Biryukov P. (Wrl),1.36,2.89,2,0,"ATP - SINGLES: Chengdu (China) - Qualification, hard",hard,ATP/Men,ATP/WTA,older
QeCH0B6T,Harris L. (Rsa),Galarneau A. (Can),1.3,3.21,2,0,"ATP - SINGLES: Chengdu (China) - Qualification, hard",hard,ATP/Men,ATP/WTA,older
QB2az6fn,Mochizuki S. (Jpn),Kotov P. (Wrl),2.31,1.62,2,0,"ATP - SINGLES: Chengdu (China) - Qualification, hard",hard,ATP/Men,ATP/WTA,older
KYNnm8kC,Basilashvili N. (Geo),Cina F. (Ita),2.3,1.55,2,0,"ATP - SINGLES: Chengdu (China) - Qualification, hard",hard,ATP/Men,ATP/WTA,older
ELMmFBr1,Vukic A. (Aus),Jacquet K. (Fra),1.92,1.9,1,2,"ATP - SINGLES: Hangzhou (China), hard",hard,ATP/Men,ATP/WTA,older
WtR04fUr,Royer V. (Fra),Walton A. (Aus),1.92,1.9,2,0,"ATP - SINGLES: Hangzhou (China), hard",hard,ATP/Men,ATP/WTA,older
lv9Pw1CM,Bolt A. (Aus),Santillan A. (Jpn),1.43,2.82,2,1,"ATP - SINGLES: Hangzhou (China) - Qualification, hard",hard,ATP/Men,ATP/WTA,older
lEokxIBb,Daniel T. (Jpn),Matsuoka H. (Jpn),1.52,2.54,2,0,"ATP - SINGLES: Hangzhou (China) - Qualification, hard",hard,ATP/Men,ATP/WTA,older
6FBH2YW8,Tomic B. (Aus),Sun F. (Chn),1.47,2.5,0,2,"ATP - SINGLES: Hangzhou (China) - Qualification, hard",hard,ATP/Men,ATP/WTA,older
Kh0HmPrn,Svrcina D. (Cze),Noguchi R. (Jpn),1.17,5.02,2,0,"ATP - SINGLES: Hangzhou (China) - Qualification, hard",hard,ATP/Men,ATP/WTA,older
lK6kaQjL,Zhiyenbayeva S. (Kaz),Bouzas Maneiro J. (Esp),5.29,1.11,0,2,WTA - SINGLES: Billie Jean King Cup - World Group (World),unknown,WTA/Women,ATP/WTA,older
W6jTirqe,Putintseva Y. (Kaz),Bucsa C. (Esp),1.9,1.78,2,1,WTA - SINGLES: Billie Jean King Cup - World Group (World),unknown,WTA/Women,ATP/WTA,older
CEy7K6Kt,Rakhimova K. (Uzb),Volynets K. (Usa),2.78,1.46,0,2,"WTA - SINGLES: Seoul (South Korea), hard",hard,WTA/Women,ATP/WTA,older
8079sqDc,Tararudee L. (Tha),Park S. (Kor),1.13,5.9,2,0,"WTA - SINGLES: Seoul (South Korea), hard",hard,WTA/Women,ATP/WTA,older
6FqwDtJU,Back D. (Kor),Joint M. (Aus),3.85,1.26,0,2,"WTA - SINGLES: Seoul (South Korea), hard",hard,WTA/Women,ATP/WTA,older
vLma2dPN,Korneeva A. (Wrl),Astakhova D. (Wrl),1.14,6.05,2,1,"WTA - SINGLES: Seoul (South Korea), hard",hard,WTA/Women,ATP/WTA,older
K2geThhm,Oliynykova O. (Ukr),Chwalinska M. (Pol),2.83,1.44,0,2,"WTA - SINGLES: Singapore (Singapore), hard (indoor)",indoor hard,WTA/Women,ATP/WTA,older
YedNcLyf,Andreeva M. (Wrl),Sasnovich A. (Wrl),1.09,8.01,2,0,"WTA - SINGLES: Singapore (Singapore), hard (indoor)",indoor hard,WTA/Women,ATP/WTA,older
vsRXAKe2,Parks A. (Usa),Fernandez L. (Can),3.2,1.36,0,2,"WTA - SINGLES: Singapore (Singapore), hard (indoor)",indoor hard,WTA/Women,ATP/WTA,older
lE9yFh3F,Torres J. B. (Arg),Ficovich J. P. (Arg),1.46,2.53,0,2,"CHALLENGER MEN - SINGLES: Buenos Aires 3 (Argentina), clay",clay,ATP/Men,Challenger,older
4MkMwTKi,Dellien Velasco M. A. (Bol),Varillas J. P. (Per),4.54,1.16,1,2,"CHALLENGER MEN - SINGLES: Buenos Aires 3 (Argentina), clay",clay,ATP/Men,Challenger,older
Ag3FUavo,Mena F. (Arg),Justo G. I. (Arg),1.42,2.65,2,0,"CHALLENGER MEN - SINGLES: Buenos Aires 3 (Argentina), clay",clay,ATP/Men,Challenger,older
A9V96lKE,Kicker N. (Arg),Dellien H. (Bol),4.1,1.2,2,1,"CHALLENGER MEN - SINGLES: Buenos Aires 3 (Argentina), clay",clay,ATP/Men,Challenger,older
YL3C9XAN,Roca Batalla O. (Esp),Hemery C. (Fra),1.55,2.3,1,2,"CHALLENGER MEN - SINGLES: Plovdiv 4 (Bulgaria), clay",clay,ATP/Men,Challenger,older
ARngKg4l,Alcala Gurri M. (Esp),Sanchez Jover C. (Esp),1.34,2.99,2,0,"CHALLENGER MEN - SINGLES: Plovdiv 4 (Bulgaria), clay",clay,ATP/Men,Challenger,older
Qy2ZFcPF,Compagnucci T. (Ita),Martin Tiffon P. (Esp),2.73,1.4,0,2,"CHALLENGER MEN - SINGLES: Plovdiv 4 (Bulgaria), clay",clay,ATP/Men,Challenger,older
61hR2A6t,Wiskandt M. (Ger),Taberner C. (Esp),3.05,1.33,0,2,"CHALLENGER MEN - SINGLES: Plovdiv 4 (Bulgaria), clay",clay,ATP/Men,Challenger,older
8pRZspeU,Basavareddy N. (Usa),Rottgering M. (Ned),1.32,3.09,2,0,"CHALLENGER MEN - SINGLES: San Diego 2 (USA), hard",hard,ATP/Men,Challenger,older
Ys7aEI2S,Legout T. (Fra),Milavsky D. (Usa),1.53,2.34,2,1,"CHALLENGER MEN - SINGLES: San Diego 2 (USA), hard",hard,ATP/Men,Challenger,older
WzKj0RAb,Blanch Dar. (Usa),Wolf J.J. (Usa),2.44,1.49,2,1,"CHALLENGER MEN - SINGLES: San Diego 2 (USA), hard",hard,ATP/Men,Challenger,older
4lIbb5uB,Hance K. (Usa),Martin A. (Usa),3.65,1.24,2,0,"CHALLENGER MEN - SINGLES: San Diego 2 (USA), hard",hard,ATP/Men,Challenger,older
4Oh2XoaB,Maloney P. (Usa),Marcondes I. (Bra),2.03,1.68,1,2,"CHALLENGER MEN - SINGLES: San Diego 2 (USA), hard",hard,ATP/Men,Challenger,older
hdqdyPzQ,Searle H. (Gbr),Draxl L. (Can),2.22,1.59,2,1,"CHALLENGER MEN - SINGLES: San Diego 2 (USA), hard",hard,ATP/Men,Challenger,older
tl2WC4f4,Shelbayh A. (Jor),Andrade A. (Ecu),1.63,2.15,1,2,"CHALLENGER MEN - SINGLES: San Diego 2 (USA), hard",hard,ATP/Men,Challenger,older
dfF6EnBM,Svajda T. (Usa),Gomez F. A. (Arg),1.33,3.05,0,2,"CHALLENGER MEN - SINGLES: San Diego 2 (USA), hard",hard,ATP/Men,Challenger,older
EuFP0C1L,Prizmic D. (Cro),Jorda Sanchis D. (Esp),1.02,9.1,2,0,"CHALLENGER MEN - SINGLES: St. Tropez (France), hard",hard,ATP/Men,Challenger,older
U5d6Udv9,Glinka D. (Est),Blanchet U. (Fra),1.75,1.94,2,1,"CHALLENGER MEN - SINGLES: St. Tropez (France), hard",hard,ATP/Men,Challenger,older
46B0wgpI,Cassone M. (Usa),Tabur C. (Fra),1.85,1.83,2,1,"CHALLENGER MEN - SINGLES: St. Tropez (France), hard",hard,ATP/Men,Challenger,older
Q5ouVvgm,Faurel T. (Fra),Lajal M. (Est),4.49,1.17,0,2,"CHALLENGER MEN - SINGLES: St. Tropez (France), hard",hard,ATP/Men,Challenger,older
jyRSQq96,Droguet T. (Fra),Gojo B. (Cro),1.55,2.29,2,1,"CHALLENGER MEN - SINGLES: St. Tropez (France), hard",hard,ATP/Men,Challenger,older
8tmzWtpp,Sierra S. (Arg),Dilek D. (Tur),1.58,2.17,0,2,"CHALLENGER WOMEN - SINGLES: Ankara (Turkey), hard",hard,WTA/Women,Challenger,older
O4kIQAqB,Falkowska W. (Pol),Iatcenko P. (Wrl),3.04,1.38,0,2,"CHALLENGER WOMEN - SINGLES: Ankara (Turkey), hard",hard,WTA/Women,Challenger,older
lpxRgD7K,Pridankina E. (Wrl),Zaytseva K. (Wrl),1.48,2.68,1,2,"CHALLENGER WOMEN - SINGLES: Ankara (Turkey), hard",hard,WTA/Women,Challenger,older
Knc6Chg4,Cengiz B. (Tur),Mert A. (Tur),1.28,3.35,2,0,"CHALLENGER WOMEN - SINGLES: Ankara (Turkey), hard",hard,WTA/Women,Challenger,older
vwFUaemg,Shi H. (Chn),Aksu A. (Tur),1.52,2.54,2,1,"CHALLENGER WOMEN - SINGLES: Ankara (Turkey), hard",hard,WTA/Women,Challenger,older
Uw69ujpQ,Dodin O. (Fra),Malygina E. (Est),1.62,2.31,1,2,"CHALLENGER WOMEN - SINGLES: Porto (Portugal), hard",hard,WTA/Women,Challenger,older
SzB0uqOa,Jorge M. (Por),Kraus S. (Aut),2.42,1.57,0,2,"CHALLENGER WOMEN - SINGLES: Porto (Portugal), hard",hard,WTA/Women,Challenger,older
0pXl3KpA,Akli A. (Usa),Knutson G. (Cze),2.68,1.48,1,2,"CHALLENGER WOMEN - SINGLES: Porto (Portugal), hard",hard,WTA/Women,Challenger,older
htoH1z2L,Timofeeva M. (Uzb),Rinaldo Persson K. (Swe),1.13,6.02,2,0,"CHALLENGER WOMEN - SINGLES: Porto (Portugal), hard",hard,WTA/Women,Challenger,older
rwE2gUge,Serban I. M. (Ita),Masarova R. (Sui),6.51,1.11,1,2,"CHALLENGER WOMEN - SINGLES: Tolentino (Italy), clay",clay,WTA/Women,Challenger,older
hWyf5EcS,Pieri J. (Ita),Romero Gormaz L. (Esp),5.02,1.17,2,1,"CHALLENGER WOMEN - SINGLES: Tolentino (Italy), clay",clay,WTA/Women,Challenger,older
bB7N4XLE,Maristany G. (Esp),Lombardini M. (Ita),1.27,3.8,2,0,"CHALLENGER WOMEN - SINGLES: Tolentino (Italy), clay",clay,WTA/Women,Challenger,older
ld6cpPo3,Basiletti N. (Ita),Ristic M. (Srb),1.99,1.71,1,2,"CHALLENGER WOMEN - SINGLES: Tolentino (Italy), clay",clay,WTA/Women,Challenger,older
2FWndEPr,Bakhshaliev I. (Aze),Vishal Balsekar A. (Ind),12.0,1.02,0,2,"ITF MEN - SINGLES: M15 Baku (Azerbaijan), hard",hard,ATP/Men,ITF,older
AaQlGZGE,Bakshi A. (Geo),Dolzhenkov D. (Wrl),1.1,5.3,0,2,"ITF MEN - SINGLES: M15 Baku (Azerbaijan), hard",hard,ATP/Men,ITF,older
63XZ6Vw1,Iakubenko V. (Ukr),Walters M. (Gbr),1.83,1.81,1,2,"ITF MEN - SINGLES: M15 Baku (Azerbaijan), hard",hard,ATP/Men,ITF,older
Gd9aNjOs,Mehra R. (Ind),Arinc K. (Tur),1.24,3.53,2,0,"ITF MEN - SINGLES: M15 Baku (Azerbaijan), hard",hard,ATP/Men,ITF,older
ETzr598D,Larue L. (Fra),Connel J. (Gbr),4.65,1.13,0,2,"ITF MEN - SINGLES: M15 Baku (Azerbaijan), hard",hard,ATP/Men,ITF,older
Auzefhfe,Singh D. (Ind),Skvortcov P. (Wrl),1.13,4.65,2,0,"ITF MEN - SINGLES: M15 Baku (Azerbaijan), hard",hard,ATP/Men,ITF,older
jNXKxTpK,Bobo D. (Usa),Bonding O. (Gbr),5.6,1.09,0,2,"ITF MEN - SINGLES: M15 Columbia, SC (USA), hard",hard,ATP/Men,ITF,older
2qQ6TO76,Pieczkowski O. (Pol),Velcz Z. (Hun),1.55,2.24,2,0,"ITF MEN - SINGLES: M15 Columbia, SC (USA), hard",hard,ATP/Men,ITF,older
p6vJI7gl,Sheldon Ma. (Usa),Rolland de Ravel C. (Fra),2.34,1.51,0,2,"ITF MEN - SINGLES: M15 Columbia, SC (USA), hard",hard,ATP/Men,ITF,older
M5OjX68s,Swaine C. (Gbr),Markovina D. (Aus),3.99,1.19,2,0,"ITF MEN - SINGLES: M15 Columbia, SC (USA), hard",hard,ATP/Men,ITF,older
l0OER2xJ,Thomson M. (Usa),Novakovic N. (Srb),1.62,2.12,1,2,"ITF MEN - SINGLES: M15 Columbia, SC (USA), hard",hard,ATP/Men,ITF,older
hWsRGoO0,Hallquist Lithen J. (Swe),Bernard A. (Usa),1.29,3.17,2,0,"ITF MEN - SINGLES: M15 Columbia, SC (USA), hard",hard,ATP/Men,ITF,older
rcpJNgyo,Cox N. (Usa),Witz A. (Fra),1.42,2.59,1,2,"ITF MEN - SINGLES: M15 Columbia, SC (USA), hard",hard,ATP/Men,ITF,older
6RPzHOnJ,Cozad R. (Usa),Chavez T. (Esp),2.63,1.45,1,2,"ITF MEN - SINGLES: M15 Columbia, SC (USA), hard",hard,ATP/Men,ITF,older
EuuQYJqn,Craig C. (Usa),Karahan A. (Tur),1.21,3.83,2,0,"ITF MEN - SINGLES: M15 Columbia, SC (USA), hard",hard,ATP/Men,ITF,older
bTpZEPhD,Lazaro Juncadella M. (Esp),Miguel L. F. (Bra),3.53,1.24,0,2,"ITF MEN - SINGLES: M15 Columbia, SC (USA), hard",hard,ATP/Men,ITF,older
UVRbVpwf,Bynoe E. (Usa),Tudorica A. N. (Can),2.01,1.67,2,0,"ITF MEN - SINGLES: M15 Columbia, SC (USA), hard",hard,ATP/Men,ITF,older
ngwYWcEb,Jansen W. (Gbr),Andre S. (Sen),1.34,2.9,2,0,"ITF MEN - SINGLES: M15 Columbia, SC (USA), hard",hard,ATP/Men,ITF,older
QmOKK6mf,Goode Ga. (Usa),Braswell M. (Usa),2.5,1.51,2,0,"ITF MEN - SINGLES: M15 Columbia, SC (USA), hard",hard,ATP/Men,ITF,older
6cS87mHL,Tosetto R. (Bra),Wendler Filho J. (Bra),1.19,4.03,2,0,"ITF MEN - SINGLES: M15 Curitiba (Brazil), clay",clay,ATP/Men,ITF,older
Wtcn4ZRQ,Castro L. C. (Arg),Chabalgoity P. H. (Bra),1.79,1.85,1,2,"ITF MEN - SINGLES: M15 Curitiba (Brazil), clay",clay,ATP/Men,ITF,older
2smygl2S,Leite W. (Bra),Roveri Sidney G. (Bra),1.22,3.69,2,0,"ITF MEN - SINGLES: M15 Curitiba (Brazil), clay",clay,ATP/Men,ITF,older
GWDv2Rvq,Remondy Pagotto V. H. (Bra),Bini V. (Bra),1.11,5.0,2,0,"ITF MEN - SINGLES: M15 Curitiba (Brazil), clay",clay,ATP/Men,ITF,older
SCrIbDkl,Benitez V. J. (Arg),Augusto dos Santos R. (Bra),2.9,1.34,0,2,"ITF MEN - SINGLES: M15 Curitiba (Brazil), clay",clay,ATP/Men,ITF,older
bDY6mSPk,De Dios F. (Arg),Pereira J. (Bra),3.31,1.27,1,2,"ITF MEN - SINGLES: M15 Curitiba (Brazil), clay",clay,ATP/Men,ITF,older
OdHn059e,Lage E. (Bra),Schiessl J. E. (Bra),5.0,1.11,0,2,"ITF MEN - SINGLES: M15 Curitiba (Brazil), clay",clay,ATP/Men,ITF,older
dAFfbqv8,Albuquerque Dietrich P. (Bra),Branchetti G. (Arg),2.36,1.5,1,2,"ITF MEN - SINGLES: M15 Curitiba (Brazil), clay",clay,ATP/Men,ITF,older
6wxFo6f2,Goncalves V. (Bra),Martins E. (Bra),1.04,9.0,2,0,"ITF MEN - SINGLES: M15 Curitiba (Brazil), clay",clay,ATP/Men,ITF,older
YqU099n9,Alves M. (Bra),Mouilleron Salvo M. (Arg),1.01,9.7,2,0,"ITF MEN - SINGLES: M15 Curitiba (Brazil), clay",clay,ATP/Men,ITF,older
biaSKadM,Mueller C. (Ger),Van Sambeek F. (Ned),1.47,2.44,1,2,"ITF MEN - SINGLES: M15 Forbach (France), hard",hard,ATP/Men,ITF,older
fyKf60sT,Thurner N. (Ger),De Jonge D. (Ned),5.45,1.09,0,2,"ITF MEN - SINGLES: M15 Forbach (France), hard",hard,ATP/Men,ITF,older
8QpbFwKq,Garcian A. (Fra),Seifert S. (Ger),2.1,1.63,0,2,"ITF MEN - SINGLES: M15 Forbach (France), hard",hard,ATP/Men,ITF,older
j75Q0v5j,Nagel A. (Fra),Dugardin R. (Fra),1.13,4.65,2,1,"ITF MEN - SINGLES: M15 Forbach (France), hard",hard,ATP/Men,ITF,older
8pyhyLt3,Thomas F. (Sui),Clerc D. (Fra),1.38,2.74,2,0,"ITF MEN - SINGLES: M15 Forbach (France), hard",hard,ATP/Men,ITF,older
Qw1KMLR9,Riu M. (Fra),McHugh A. (Gbr),9.3,1.01,0,2,"ITF MEN - SINGLES: M15 Forbach (France), hard",hard,ATP/Men,ITF,older
GAv0ZbBF,Blaydes B. (Gbr),Domingos D. (Ang),1.18,4.13,1,2,"ITF MEN - SINGLES: M15 Monastir 32 (Tunisia), hard",hard,ATP/Men,ITF,older
xvOHdS8t,Chen C. (Chn),Colombo A. (Ita),3.31,1.27,1,2,"ITF MEN - SINGLES: M15 Monastir 32 (Tunisia), hard",hard,ATP/Men,ITF,older
SQaZzCnK,Makk P. (Hun),Tessa L. (Fra),1.05,6.65,2,0,"ITF MEN - SINGLES: M15 Monastir 32 (Tunisia), hard",hard,ATP/Men,ITF,older
MRm8xPNO,Ogunsakin O. (Nga),Rathi A. (Ind),2.47,1.46,2,1,"ITF MEN - SINGLES: M15 Monastir 32 (Tunisia), hard",hard,ATP/Men,ITF,older
OfMPf6wg,Corbinais S. (Fra),Donnet E. (Fra),4.45,1.15,1,2,"ITF MEN - SINGLES: M15 Monastir 32 (Tunisia), hard",hard,ATP/Men,ITF,older
Odo5VkAs,Robert N. (Fra),Makhlouf N. (Alg),1.41,2.63,0,2,"ITF MEN - SINGLES: M15 Monastir 32 (Tunisia), hard",hard,ATP/Men,ITF,older
Kt6XGjel,Vincent Ruggeri S. (Ita),Kadiri Hassani Y. (Mar),1.26,3.37,2,0,"ITF MEN - SINGLES: M15 Monastir 32 (Tunisia), hard",hard,ATP/Men,ITF,older
YNrprTgm,Anavatan M. (Tur),Lumsden E. (Gbr),3.17,1.29,1,2,"ITF MEN - SINGLES: M15 Monastir 32 (Tunisia), hard",hard,ATP/Men,ITF,older
dObCTTvf,Bilardo J. (Ita),Malige M. (Fra),2.42,1.48,0,2,"ITF MEN - SINGLES: M15 Monastir 32 (Tunisia), hard",hard,ATP/Men,ITF,older
hf4uFUP0,Verwerft L. G. (Bel),Sibanda M. D. A. (Zim),1.3,3.15,2,0,"ITF MEN - SINGLES: M15 Monastir 32 (Tunisia), hard",hard,ATP/Men,ITF,older
Q9iuzU7m,Madaras N. (Swe),Lacis R. (Wrl),1.01,23.0,2,0,"ITF MEN - SINGLES: M15 Telavi (Georgia), clay",clay,ATP/Men,ITF,older
xbhCdohL,Ricci P. (Ita),Paardekooper S. (Ned),6.0,1.11,0,2,"ITF MEN - SINGLES: M15 Telavi (Georgia), clay",clay,ATP/Men,ITF,older
pYOTXbrH,Ferrari F. (Ita),Derepasko T. (Wrl),2.63,1.45,2,1,"ITF MEN - SINGLES: M15 Telavi (Georgia), clay",clay,ATP/Men,ITF,older
YZfmY7x0,Khoeblal E. (Ned),Shvangiradze A. (Geo),1.02,8.7,2,0,"ITF MEN - SINGLES: M15 Telavi (Georgia), clay",clay,ATP/Men,ITF,older
hbSyWxDT,Kukasian A. (Wrl),Mecarelli M. (Ita),4.85,1.13,0,2,"ITF MEN - SINGLES: M15 Telavi (Georgia), clay",clay,ATP/Men,ITF,older
CnLSDwio,Losaberidze V. (Geo),Monzon I. (Arg),17.0,1.01,0,2,"ITF MEN - SINGLES: M15 Telavi (Georgia), clay",clay,ATP/Men,ITF,older
xv2Iz4V1,Basile A. (Bel),Gschwendtner J. (Gbr),2.24,1.59,0,2,"ITF MEN - SINGLES: M15 Telavi (Georgia), clay",clay,ATP/Men,ITF,older
UDbAxQ0k,Bidzinashvili N. (Geo),Grippo V. (Arg),7.13,1.05,0,2,"ITF MEN - SINGLES: M15 Telavi (Georgia), clay",clay,ATP/Men,ITF,older
SpAWq88F,Klok D. (Wrl),Angeloni L. (Ita),1.35,2.86,2,0,"ITF MEN - SINGLES: M15 Telavi (Georgia), clay",clay,ATP/Men,ITF,older
YsgsiPFr,Valle F. (Ita),Sabbatini M. (Ita),1.91,1.8,0,2,"ITF MEN - SINGLES: M15 Telavi (Georgia), clay",clay,ATP/Men,ITF,older
4fNDysqh,Bosio G. (Ita),Cherie Ligniere E. (Ita),1.58,2.17,0,2,"ITF MEN - SINGLES: M15 Telavi (Georgia), clay",clay,ATP/Men,ITF,older
MDI7QGzi,Fumagalli F. (Ita),Fiorentini A. (Ita),1.64,2.19,2,1,"ITF MEN - SINGLES: M15 Telavi (Georgia), clay",clay,ATP/Men,ITF,older
t0beWo7C,Tkemaladze Z. (Geo),Tiukaev R. (Wrl),2.75,1.41,1,2,"ITF MEN - SINGLES: M15 Telavi (Georgia), clay",clay,ATP/Men,ITF,older
4pf4b7N8,Villoslada E. (Fra),Dimic M. (Slo),1.99,1.7,0,2,"ITF MEN - SINGLES: M15 Telavi (Georgia), clay",clay,ATP/Men,ITF,older
Y3UHnO3M,Petrovic A. (Nor),Karlsson Wistrand J. (Swe),1.1,5.35,2,1,"ITF MEN - SINGLES: M25 Falun (Sweden), hard",hard,ATP/Men,ITF,older
dIPLpbvC,Vasa E. (Fin),Koistila Larsson K. (Swe),1.03,7.8,2,0,"ITF MEN - SINGLES: M25 Falun (Sweden), hard",hard,ATP/Men,ITF,older
Chzv9db3,Renard L. (Swe),Boogaard T. (Ned),8.8,1.02,2,0,"ITF MEN - SINGLES: M25 Falun (Sweden), hard",hard,ATP/Men,ITF,older
Uqw5qz3C,Lane L. (Ger),Poulsen Brostrom O. (Den),2.9,1.34,0,2,"ITF MEN - SINGLES: M25 Falun (Sweden), hard",hard,ATP/Men,ITF,older
fqM3eOBD,Friberg K. (Swe),Rejchtman Vinciguerra W. (Swe),1.31,3.07,2,0,"ITF MEN - SINGLES: M25 Falun (Sweden), hard",hard,ATP/Men,ITF,older
IcLmC9c6,Vasa I. (Fin),Marek W. (Pol),1.88,1.76,1,2,"ITF MEN - SINGLES: M25 Falun (Sweden), hard",hard,ATP/Men,ITF,older
SS2KWWKt,Sigsgaard C. (Den),Bernet H. (Sui),3.61,1.23,0,2,"ITF MEN - SINGLES: M25 Falun (Sweden), hard",hard,ATP/Men,ITF,older
23Y1DdXb,Zgola B. (Pol),Petrofsky D. (Cze),1.39,2.7,0,2,"ITF MEN - SINGLES: M25 Pardubice (Czech Republic), clay",clay,ATP/Men,ITF,older
8SkgwImB,Kusy J. (Cze),Filip J. (Cze),3.31,1.27,2,1,"ITF MEN - SINGLES: M25 Pardubice (Czech Republic), clay",clay,ATP/Men,ITF,older
Sllws0ln,Pokorny L. (Svk),Zielinski M. (Pol),1.74,1.91,2,0,"ITF MEN - SINGLES: M25 Pardubice (Czech Republic), clay",clay,ATP/Men,ITF,older
02nouvJb,Tsitsipas Pe. (Gre),Krutykh O. (Ukr),8.5,1.02,2,0,"ITF MEN - SINGLES: M25 Pardubice (Czech Republic), clay",clay,ATP/Men,ITF,older
fwVgFI2n,Galus P. (Pol),Shylov H. (Ukr),4.08,1.19,0,2,"ITF MEN - SINGLES: M25 Pardubice (Czech Republic), clay",clay,ATP/Men,ITF,older
vRfpeFHU,Sorger S. (Aut),Baum S. (Cze),1.07,6.15,1,2,"ITF MEN - SINGLES: M25 Pardubice (Czech Republic), clay",clay,ATP/Men,ITF,older
f3buArr4,Molleker R. (Ger),Szerencsits B. (Aut),1.01,9.6,2,0,"ITF MEN - SINGLES: M25 Pardubice (Czech Republic), clay",clay,ATP/Men,ITF,older
hrfUMd3U,Krumich M. (Cze),Recek D. (Cze),1.07,5.95,0,2,"ITF MEN - SINGLES: M25 Pardubice (Czech Republic), clay",clay,ATP/Men,ITF,older
Mk0XB4Di,Michnev P. (Cze),Dominko S. (Slo),4.18,1.18,1,2,"ITF MEN - SINGLES: M25 Pardubice (Czech Republic), clay",clay,ATP/Men,ITF,older
ATyABz2B,Bekeni M. (Svk),Heinrich S. (Ger),1.3,3.38,2,1,"ITF MEN - SINGLES: M25 Pardubice (Czech Republic), clay",clay,ATP/Men,ITF,older
hGLm4hfo,Homola P. (Cze),Ivanovski K. (Mkd),5.8,1.08,0,2,"ITF MEN - SINGLES: M25 Pardubice (Czech Republic), clay",clay,ATP/Men,ITF,older
2ogE8zJ0,Marmousez L. (Fra),Reyniak M. (Usa),1.02,8.3,2,0,"ITF MEN - SINGLES: M25 Sabadell 2 (Spain), clay",clay,ATP/Men,ITF,older
WKPXhp85,Cordoba C. (Esp),Pujol Navarro B. (Esp),1.12,4.85,0,2,"ITF MEN - SINGLES: M25 Sabadell 2 (Spain), clay",clay,ATP/Men,ITF,older
xIUQUQZ2,Handel T. (Ger),Vives Marcos P. (Esp),3.45,1.25,0,2,"ITF MEN - SINGLES: M25 Sabadell 2 (Spain), clay",clay,ATP/Men,ITF,older
KIJ47qNb,Parisca I. (Ven),Maguire C. (Irl),1.03,7.9,2,0,"ITF MEN - SINGLES: M25 Sabadell 2 (Spain), clay",clay,ATP/Men,ITF,older
n5Ld95hn,Carbajal A. G. (Esp),Garcia Paez L. (Esp),1.24,3.53,2,0,"ITF MEN - SINGLES: M25 Sabadell 2 (Spain), clay",clay,ATP/Men,ITF,older
AVSYS44F,De Krom M. (Ned),Rodenas P. (Esp),3.23,1.28,0,2,"ITF MEN - SINGLES: M25 Sabadell 2 (Spain), clay",clay,ATP/Men,ITF,older
CbRmk27U,Borrelli L. (Ita),Xilas I. (Gre),8.5,1.05,1,2,"ITF MEN - SINGLES: M25 Sabadell 2 (Spain), clay",clay,ATP/Men,ITF,older
25q8UHuK,Melnic V. (Rou),Ponce de Leon Gomila M. (Esp),3.83,1.21,0,2,"ITF MEN - SINGLES: M25 Sabadell 2 (Spain), clay",clay,ATP/Men,ITF,older
4YNuiOxI,Sheyngezikht L. (Bul),Cekirge K. (Tur),1.32,3.0,1,2,"ITF MEN - SINGLES: M25 Sabadell 2 (Spain), clay",clay,ATP/Men,ITF,older
SrNC5NiB,Gakhov I. (Wrl),Palomar X. (Esp),1.08,7.0,2,0,"ITF MEN - SINGLES: M25 Sabadell 2 (Spain), clay",clay,ATP/Men,ITF,older
fLk6Adll,Giustino L. (Ita),Carrascosa Diaz E. (Esp),1.09,5.65,2,0,"ITF MEN - SINGLES: M25 Sabadell 2 (Spain), clay",clay,ATP/Men,ITF,older
zaiM6EmD,Jong S. (Ned),Cervantes Tomas L. (Mex),1.01,17.0,2,0,"ITF MEN - SINGLES: M25 Sabadell 2 (Spain), clay",clay,ATP/Men,ITF,older
E9Us0NQG,Pennaforti G. (Ita),Carboni L. (Ita),2.89,1.34,0,2,"ITF MEN - SINGLES: M25 Santa Margherita di Pula 8 (Italy), clay",clay,ATP/Men,ITF,older
byR7cLY7,Vanshelboim E. (Ukr),Marino P. (Ita),1.29,3.17,2,1,"ITF MEN - SINGLES: M25 Santa Margherita di Pula 8 (Italy), clay",clay,ATP/Men,ITF,older
dCbF9XQ9,Michalski D. (Pol),Crisostomo G. (Ita),1.02,11.0,2,0,"ITF MEN - SINGLES: M25 Santa Margherita di Pula 8 (Italy), clay",clay,ATP/Men,ITF,older
pQnE2uJt,Seghetti S. (Ita),Ferrari G. (Ita),3.69,1.22,0,2,"ITF MEN - SINGLES: M25 Santa Margherita di Pula 8 (Italy), clay",clay,ATP/Men,ITF,older
fVlNz7c5,De Giorgio P. (Ita),Lokoli L. (Fra),9.2,1.01,0,2,"ITF MEN - SINGLES: M25 Santa Margherita di Pula 8 (Italy), clay",clay,ATP/Men,ITF,older
j3HAi8O7,Rapagnetta D. (Ita),Johns G. (Usa),1.8,1.84,2,0,"ITF MEN - SINGLES: M25 Santa Margherita di Pula 8 (Italy), clay",clay,ATP/Men,ITF,older
UaunPVxA,de Marchi A. (Ita),Crivellaro G. (Ita),1.48,2.42,2,1,"ITF MEN - SINGLES: M25 Santa Margherita di Pula 8 (Italy), clay",clay,ATP/Men,ITF,older
dnsvRi8c,Angelini L. (Ita),Sciahbasi M. (Ita),1.51,2.34,0,2,"ITF MEN - SINGLES: M25 Santa Margherita di Pula 8 (Italy), clay",clay,ATP/Men,ITF,older
bJJ0P8im,Fellows J. (Pur),Leal R. (Por),1.64,2.09,2,0,"ITF MEN - SINGLES: M25 Setubal (Portugal), hard",hard,ATP/Men,ITF,older
6qN8NnMa,Baker B. (Gbr),Maxted L. (Gbr),3.69,1.22,0,2,"ITF MEN - SINGLES: M25 Setubal (Portugal), hard",hard,ATP/Men,ITF,older
zstq7RyJ,Morais D. (Por),Poullain L. (Fra),4.13,1.18,2,0,"ITF MEN - SINGLES: M25 Setubal (Portugal), hard",hard,ATP/Men,ITF,older
MTIXw86t,Leote Prata V. (Por),Stice T. (Usa),1.55,2.24,1,2,"ITF MEN - SINGLES: M25 Setubal (Portugal), hard",hard,ATP/Men,ITF,older
W4wOJ4LO,Silva J. D. (Por),Henning P. (Rsa),4.6,1.13,1,2,"ITF MEN - SINGLES: M25 Setubal (Portugal), hard",hard,ATP/Men,ITF,older
GCqTA9xf,Schlossmann F. (Ger),Curras Abasolo T. (Esp),2.59,1.42,0,2,"ITF MEN - SINGLES: M25 Setubal (Portugal), hard",hard,ATP/Men,ITF,older
UgMuxnyg,Soriano Barrera A. (Col),Agwi M. (Irl),1.82,1.82,0,2,"ITF MEN - SINGLES: M25 Setubal (Portugal), hard",hard,ATP/Men,ITF,older
x4kkIipK,Kravchenko G. (Ukr),Tabacco G. (Ita),1.71,1.95,0,2,"ITF MEN - SINGLES: M25 Setubal (Portugal), hard",hard,ATP/Men,ITF,older
2mYUUUTP,Murgett F. (Gbr),Marques D. (Por),1.23,3.61,2,0,"ITF MEN - SINGLES: M25 Setubal (Portugal), hard",hard,ATP/Men,ITF,older
8ntLCV7s,Montes-De La Torre I. (Esp),George B. T. (Can),1.04,7.2,2,0,"ITF MEN - SINGLES: M25 Setubal (Portugal), hard",hard,ATP/Men,ITF,older
biuGLQjC,Tabacco F. (Ita),Anthrop J. (Usa),1.91,1.74,2,1,"ITF MEN - SINGLES: M25 Setubal (Portugal), hard",hard,ATP/Men,ITF,older
fXe3Wn24,Ehab M. (Egy),Senn N. (Sui),2.15,1.6,2,1,"ITF MEN - SINGLES: M25 Sharm ElSheikh 4 (Egypt), hard",hard,ATP/Men,ITF,older
jHGVHmmB,Ibrahim K. (Egy),Arzhankin A. (Wrl),4.13,1.18,2,1,"ITF MEN - SINGLES: M25 Sharm ElSheikh 4 (Egypt), hard",hard,ATP/Men,ITF,older
EHWc3lYH,Poritskyi A. (Ukr),Zakaria F. (Egy),8.0,1.03,0,2,"ITF MEN - SINGLES: M25 Sharm ElSheikh 4 (Egypt), hard",hard,ATP/Men,ITF,older
Msz61S2U,Duhan C. (Ind),Elsayed A. (Egy),2.2,1.57,2,0,"ITF MEN - SINGLES: M25 Sharm ElSheikh 4 (Egypt), hard",hard,ATP/Men,ITF,older
vFUqWw8L,Lanik T. (Svk),Jubb P. (Gbr),7.4,1.04,0,2,"ITF MEN - SINGLES: M25 Sharm ElSheikh 4 (Egypt), hard",hard,ATP/Men,ITF,older
Sb9AUQWG,Alhogbani A. F. (Sau),Krajci M. (Svk),4.45,1.14,0,2,"ITF MEN - SINGLES: M25 Sharm ElSheikh 4 (Egypt), hard",hard,ATP/Men,ITF,older
YcyrCIGk,Nouchakis G. (Gre),Faucon R. (Bel),7.9,1.03,0,2,"ITF MEN - SINGLES: M25 Sharm ElSheikh 4 (Egypt), hard",hard,ATP/Men,ITF,older
OUEwGRHN,Hrazdil J. (Cze),Castagnola L. (Ita),3.37,1.26,0,2,"ITF MEN - SINGLES: M25 Sharm ElSheikh 4 (Egypt), hard",hard,ATP/Men,ITF,older
rBJNOe0e,Lorusso L. (Ita),Waldner N. (Aut),1.69,1.97,0,2,"ITF MEN - SINGLES: M25 Sharm ElSheikh 4 (Egypt), hard",hard,ATP/Men,ITF,older
MJceY8Xi,Singh K. (Ind),Fondriest M. (Ita),1.11,5.0,2,1,"ITF MEN - SINGLES: M25 Sharm ElSheikh 4 (Egypt), hard",hard,ATP/Men,ITF,older
zJiiTMCs,Ferguson C. (Aus),Ehrenschneider N. (Ger),2.05,1.66,2,1,"ITF MEN - SINGLES: M25 Yinchuan (China), hard",hard,ATP/Men,ITF,older
A51SaoZH,Liu S. (Chn),Xia Y. (Chn),2.29,1.53,2,0,"ITF MEN - SINGLES: M25 Yinchuan (China), hard",hard,ATP/Men,ITF,older
84BENItJ,Palan D. (Cze),Chen K. S. (Tpe),2.17,1.59,0,2,"ITF MEN - SINGLES: M25 Yinchuan (China), hard",hard,ATP/Men,ITF,older
0v86PvC6,Binda A. (Ita),Chung Y. (Kor),2.13,1.61,2,0,"ITF MEN - SINGLES: M25 Yinchuan (China), hard",hard,ATP/Men,ITF,older
YsupISln,Komagata R. (Jpn),Dougaz A. (Tun),9.7,1.01,2,0,"ITF MEN - SINGLES: M25 Yinchuan (China), hard",hard,ATP/Men,ITF,older
IV4zbP3U,Sinclair C. (Nmi),Yang Z. (Chn),1.01,9.1,0,2,"ITF MEN - SINGLES: M25 Yinchuan (China), hard",hard,ATP/Men,ITF,older
rB145k5t,Beamish N. (Nzl),Nakajima K. (Jpn),1.46,2.47,2,0,"ITF MEN - SINGLES: M25 Yinchuan (China), hard",hard,ATP/Men,ITF,older
t8rhG6Jb,Han Seon Yong (Kor),Barsukov N. (Ger),3.15,1.3,1,2,"ITF MEN - SINGLES: M25 Yinchuan (China), hard",hard,ATP/Men,ITF,older
SQ9bR0sf,Han X. (Chn),Kachmazov A. (Wrl),9.6,1.01,0,2,"ITF MEN - SINGLES: M25 Yinchuan (China), hard",hard,ATP/Men,ITF,older
zwnQdiK0,Catanzarite A. (Usa),De Mattos Silva I. (Bra),1.01,17.0,2,0,"ITF WOMEN - SINGLES: W15 Belem (Brazil), hard",hard,WTA/Women,ITF,older
W03n9L9N,Sigrist I. (Bra),Estevez J. (Arg),9.0,1.01,0,2,"ITF WOMEN - SINGLES: W15 Belem (Brazil), hard",hard,WTA/Women,ITF,older
nyG6drQH,Melleiro C. (Bra),Konishi Silva J. (Bra),5.75,1.08,0,2,"ITF WOMEN - SINGLES: W15 Belem (Brazil), hard",hard,WTA/Women,ITF,older
r3kYfVlD,Sanchez A. S. (Mex),Bernardes B. (Bra),1.01,17.0,2,0,"ITF WOMEN - SINGLES: W15 Belem (Brazil), hard",hard,WTA/Women,ITF,older
YV0q2ndt,Goncalves A. C. (Bra),Azambuja W. A. (Bra),7.2,1.04,0,2,"ITF WOMEN - SINGLES: W15 Belem (Brazil), hard",hard,WTA/Women,ITF,older
6cEj0QQh,Regalado Macias F. (Mex),Guapindaia S. G. (Bra),1.47,2.44,0,2,"ITF WOMEN - SINGLES: W15 Belem (Brazil), hard",hard,WTA/Women,ITF,older
MFN7DmEF,Biro M. (Hun),Safta A. (Rou),1.45,2.5,2,0,"ITF WOMEN - SINGLES: W15 Constanta (Romania), clay",clay,WTA/Women,ITF,older
pGwzalaM,Djokic A. (Srb),Breaz A. (Rou),9.1,1.01,0,2,"ITF WOMEN - SINGLES: W15 Constanta (Romania), clay",clay,WTA/Women,ITF,older
0ligSkOp,Ebster A. L. (Aut),Herazo Gonzalez M. (Col),5.45,1.09,0,2,"ITF WOMEN - SINGLES: W15 Constanta (Romania), clay",clay,WTA/Women,ITF,older
tnq3pkpT,Jaeger E. (Ger),Dumitru K. E. G. (Rou),1.78,1.86,2,1,"ITF WOMEN - SINGLES: W15 Constanta (Romania), clay",clay,WTA/Women,ITF,older
fTLFBRrS,Cucu S. (Rou),Zhenikhova S. (Ger),5.55,1.09,0,2,"ITF WOMEN - SINGLES: W15 Constanta (Romania), clay",clay,WTA/Women,ITF,older
EVT5gSMq,Rosca M. M. (Rou),Todoni C. N. (Rou),9.0,1.01,0,2,"ITF WOMEN - SINGLES: W15 Constanta (Romania), clay",clay,WTA/Women,ITF,older
4xxK2Wac,Popescu A. (Rou),Kulbiej N. (Pol),3.17,1.29,2,1,"ITF WOMEN - SINGLES: W15 Constanta (Romania), clay",clay,WTA/Women,ITF,older
0AjApy03,Hou Y. (Chn),Xu J. (Chn),1.33,2.95,2,1,"ITF WOMEN - SINGLES: W15 Maanshan 5 (China), hard",hard,WTA/Women,ITF,older
8MQ0yhvm,Khomutsianskaya D. (Wrl),Shikhanova M. (Wrl),1.03,10.0,2,0,"ITF WOMEN - SINGLES: W15 Maanshan 5 (China), hard",hard,WTA/Women,ITF,older
zicwyOS6,Sagandykova A. (Kaz),Son H. Y. (Kor),1.37,2.78,2,0,"ITF WOMEN - SINGLES: W15 Maanshan 5 (China), hard",hard,WTA/Women,ITF,older
IXH5MODD,Yang A. (Chn),Suvirdjonkova D. (Srb),1.4,2.66,0,2,"ITF WOMEN - SINGLES: W15 Maanshan 5 (China), hard",hard,WTA/Women,ITF,older
pvAipS5K,Leykina P. (Wrl),Tang X. (Chn),1.21,3.81,0,2,"ITF WOMEN - SINGLES: W15 Maanshan 5 (China), hard",hard,WTA/Women,ITF,older
0Ur8ZV8a,Li X. (Chn),Choi O. (Kor),4.65,1.13,2,0,"ITF WOMEN - SINGLES: W15 Maanshan 5 (China), hard",hard,WTA/Women,ITF,older
j9Kz7gkl,Luo X. (Chn),Zhang J. (Chn),2.39,1.49,0,2,"ITF WOMEN - SINGLES: W15 Maanshan 5 (China), hard",hard,WTA/Women,ITF,older
nXHFJWYg,Ye S. (Usa),Kubareva A. (Wrl),7.4,1.04,0,2,"ITF WOMEN - SINGLES: W15 Maanshan 5 (China), hard",hard,WTA/Women,ITF,older
YNlIrFUF,Lu J. (Chn),Yi Q. (Chn),1.03,7.6,2,1,"ITF WOMEN - SINGLES: W15 Maanshan 5 (China), hard",hard,WTA/Women,ITF,older
YssGX9wC,Wang W. (Chn),Jiang Z. (Chn),4.65,1.13,0,2,"ITF WOMEN - SINGLES: W15 Maanshan 5 (China), hard",hard,WTA/Women,ITF,older
GM0Nv6Ts,Wang Y. (Chn),Zharkikh M. (Wrl),1.01,9.2,2,0,"ITF WOMEN - SINGLES: W15 Maanshan 5 (China), hard",hard,WTA/Women,ITF,older
rH0oZ1cJ,Zhu C. (Chn),Kakenova A. (Kaz),1.01,9.0,2,0,"ITF WOMEN - SINGLES: W15 Maanshan 5 (China), hard",hard,WTA/Women,ITF,older
pbSda1mS,Kroitor K. (Wrl),Oliver Sanchez M. (Esp),1.07,6.15,2,0,"ITF WOMEN - SINGLES: W15 Monastir 27 (Tunisia), hard",hard,WTA/Women,ITF,older
CCOeutdd,Masiianskaia M. (Wrl),Kurt I. (Tur),4.65,1.13,0,2,"ITF WOMEN - SINGLES: W15 Monastir 27 (Tunisia), hard",hard,WTA/Women,ITF,older
0AxAgWG6,Mi L. (Chn),Castillo Meza M. (Usa),1.22,3.69,2,0,"ITF WOMEN - SINGLES: W15 Monastir 27 (Tunisia), hard",hard,WTA/Women,ITF,older
EX8MFMX8,Daniels E. (Can),Luciano L. (Ita),2.1,1.63,2,0,"ITF WOMEN - SINGLES: W15 Monastir 27 (Tunisia), hard",hard,WTA/Women,ITF,older
tUDSguBk,Medvedeva M. (Wrl),Dotsenko E. (Wrl),9.6,1.01,0,2,"ITF WOMEN - SINGLES: W15 Monastir 27 (Tunisia), hard",hard,WTA/Women,ITF,older
xYOl1NIF,Ben Ezzedine M. (Tun),Cirotte A. (Fra),7.6,1.03,0,2,"ITF WOMEN - SINGLES: W15 Monastir 27 (Tunisia), hard",hard,WTA/Women,ITF,older
lfHzhJu2,Dapkute I. (Ltu),Schnyder S. (Sui),2.0,1.73,2,1,"ITF WOMEN - SINGLES: W15 Monastir 27 (Tunisia), hard",hard,WTA/Women,ITF,older
pKVgcEHs,Sasnouskaya T. (Wrl),Kharchenko A. (Wrl),1.05,6.85,2,0,"ITF WOMEN - SINGLES: W15 Monastir 27 (Tunisia), hard",hard,WTA/Women,ITF,older
hpZ1ehnf,Matsumoto Y. (Jpn),Hamrouni N. (Tun),1.05,6.9,2,0,"ITF WOMEN - SINGLES: W15 Monastir 27 (Tunisia), hard",hard,WTA/Women,ITF,older
6sbCoYPb,Ferro G. (Ita),Nosei A. (Ita),1.56,2.22,2,1,"ITF WOMEN - SINGLES: W35 Santa Margherita di Pula 8 (Italy), clay",clay,WTA/Women,ITF,older
E71KqCfB,Petkovic A. (Ger),Okutoyi A. (Ken),2.59,1.42,2,0,"ITF WOMEN - SINGLES: W35 Santa Margherita di Pula 8 (Italy), clay",clay,WTA/Women,ITF,older
Ua5XYftg,Bilardo F. (Ita),Colmegna M. (Ita),4.33,1.17,0,2,"ITF WOMEN - SINGLES: W35 Santa Margherita di Pula 8 (Italy), clay",clay,WTA/Women,ITF,older
rsrp0Xvh,Paganetti V. (Ita),Babel O. (Fra),2.1,1.63,2,1,"ITF WOMEN - SINGLES: W35 Santa Margherita di Pula 8 (Italy), clay",clay,WTA/Women,ITF,older
Wpm8fT8T,Valente D. (Ita),Sziedat F. (Ger),5.3,1.1,2,1,"ITF WOMEN - SINGLES: W35 Santa Margherita di Pula 8 (Italy), clay",clay,WTA/Women,ITF,older
I3AeTjAU,Yesypchuk D. (Ukr),Paterno G. (Ita),1.05,6.65,2,0,"ITF WOMEN - SINGLES: W35 Santa Margherita di Pula 8 (Italy), clay",clay,WTA/Women,ITF,older
2D3uXYA5,Cakarevic S. (Fra),Maines N. (Ita),1.25,3.45,2,0,"ITF WOMEN - SINGLES: W35 Santa Margherita di Pula 8 (Italy), clay",clay,WTA/Women,ITF,older
GfthbB94,Pistola I. (Ita),Lizarazo Y. (Col),1.37,2.66,2,0,"ITF WOMEN - SINGLES: W35 Santa Margherita di Pula 8 (Italy), clay",clay,WTA/Women,ITF,older
nLaSsjPN,Kovackova A. (Cze),Di Girolami T. (Bel),1.13,4.1,2,1,"ITF WOMEN - SINGLES: W35 Santa Margherita di Pula 8 (Italy), clay",clay,WTA/Women,ITF,older
SGYwk7Wj,Szabo B. (Rou),Longueville R. (Bel),1.42,2.5,1,2,"ITF WOMEN - SINGLES: W35 Santa Margherita di Pula 8 (Italy), clay",clay,WTA/Women,ITF,older
OKq0dkvH,Steur J. L. S. (Ger),Giambelli C. (Ita),1.01,9.4,2,0,"ITF WOMEN - SINGLES: W35 Santa Margherita di Pula 8 (Italy), clay",clay,WTA/Women,ITF,older
Aw7mVCuI,Mettraux M. (Sui),Dessolis B. (Ita),1.07,4.85,2,0,"ITF WOMEN - SINGLES: W35 Santa Margherita di Pula 8 (Italy), clay",clay,WTA/Women,ITF,older
I3jbxUno,Turini V. (Ita),Horvit M. (Usa),1.25,3.22,1,2,"ITF WOMEN - SINGLES: W35 Santa Margherita di Pula 8 (Italy), clay",clay,WTA/Women,ITF,older
YDLPCAOc,Gennaro C. (Ita),Martinez Cirez C. (Esp),2.66,1.37,2,0,"ITF WOMEN - SINGLES: W35 Santa Margherita di Pula 8 (Italy), clay",clay,WTA/Women,ITF,older
z1EN15Xg,Elkady J. (Egy),Smirnova K. (Wrl),6.65,1.05,0,2,"ITF WOMEN - SINGLES: W35 Sharm ElSheikh 2 (Egypt), hard",hard,WTA/Women,ITF,older
SzBF3R2s,Perelygina E. (Aut),Ezzat Y. (Egy),1.4,2.66,2,0,"ITF WOMEN - SINGLES: W35 Sharm ElSheikh 2 (Egypt), hard",hard,WTA/Women,ITF,older
pUzrkSml,Zelinskaya D. (Wrl),Adeshina E. (Gbr),1.95,1.71,0,2,"ITF WOMEN - SINGLES: W35 Sharm ElSheikh 2 (Egypt), hard",hard,WTA/Women,ITF,older
KjkDjK7e,Abouelsaad H. (Egy),Lim A. (Fra),3.53,1.24,2,1,"ITF WOMEN - SINGLES: W35 Sharm ElSheikh 2 (Egypt), hard",hard,WTA/Women,ITF,older
tbHVaq26,Rabl L. (Aut),Samir S. (Egy),4.08,1.19,0,2,"ITF WOMEN - SINGLES: W35 Sharm ElSheikh 2 (Egypt), hard",hard,WTA/Women,ITF,older
AFvzZSAd,Hansen S. O. (Den),Jamshidi E. (Den),1.4,2.66,1,2,"ITF WOMEN - SINGLES: W35 Sharm ElSheikh 2 (Egypt), hard",hard,WTA/Women,ITF,older
EBFwbNWI,Rothensteiner L. (Aut),Guth M. (Ger),7.4,1.04,1,2,"ITF WOMEN - SINGLES: W35 Sharm ElSheikh 2 (Egypt), hard",hard,WTA/Women,ITF,older
Cb7Klbx8,Zanolini C. (Ita),Hatouka Y. (Wrl),1.84,1.8,0,2,"ITF WOMEN - SINGLES: W35 Sharm ElSheikh 2 (Egypt), hard",hard,WTA/Women,ITF,older
tI7PLQOP,Wildgruber A. (Ger),Golovina M. (Wrl),6.75,1.05,0,2,"ITF WOMEN - SINGLES: W35 Sharm ElSheikh 2 (Egypt), hard",hard,WTA/Women,ITF,older
4bXcopmD,Ceuca A. A. (Ger),Hrabavets U. (Wrl),1.56,2.22,0,2,"ITF WOMEN - SINGLES: W35 Sharm ElSheikh 2 (Egypt), hard",hard,WTA/Women,ITF,older
C0beG4nm,Lizunova A. (Wrl),Dell'Edera F. (Ita),1.01,8.9,2,0,"ITF WOMEN - SINGLES: W35 Sharm ElSheikh 2 (Egypt), hard",hard,WTA/Women,ITF,older
6Lt4dAeE,Sedysheva A. (Wrl),Efremova A. (Wrl),2.1,1.63,2,0,"ITF WOMEN - SINGLES: W35 Sharm ElSheikh 2 (Egypt), hard",hard,WTA/Women,ITF,older
EopCflQQ,Milovanova V. (Wrl),Vaissaud D. (Fra),1.5,2.36,2,0,"ITF WOMEN - SINGLES: W35 Sharm ElSheikh 2 (Egypt), hard",hard,WTA/Women,ITF,older
W4Pq9muK,Snigireva A. (Wrl),Sacco F. (Ita),3.45,1.25,0,2,"ITF WOMEN - SINGLES: W35 Sharm ElSheikh 2 (Egypt), hard",hard,WTA/Women,ITF,older
2DZv3sMi,Rodriguez V. (Mex),Laskevich E. (Wrl),3.45,1.25,1,2,"ITF WOMEN - SINGLES: W50 Berkeley, CA (USA), hard",hard,WTA/Women,ITF,older
QVt0j4xn,Brengle M. (Usa),Lutkemeyer A. (Usa),1.37,2.77,2,0,"ITF WOMEN - SINGLES: W50 Berkeley, CA (USA), hard",hard,WTA/Women,ITF,older
69rGnMyB,Maklakova E. (Wrl),Chan J. (Usa),1.86,1.78,2,0,"ITF WOMEN - SINGLES: W50 Berkeley, CA (USA), hard",hard,WTA/Women,ITF,older
A38E4fcd,Koike E. (Jpn),Perez Alarcon L. (Per),1.5,2.36,0,2,"ITF WOMEN - SINGLES: W50 Berkeley, CA (USA), hard",hard,WTA/Women,ITF,older
xA00Sck3,Goto R. (Jpn),Svendsen J. C. (Den),2.07,1.65,2,0,"ITF WOMEN - SINGLES: W50 Berkeley, CA (USA), hard",hard,WTA/Women,ITF,older
hSNOe5z0,Pushkareva A. (Wrl),Preston J. (Usa),2.18,1.58,1,2,"ITF WOMEN - SINGLES: W50 Berkeley, CA (USA), hard",hard,WTA/Women,ITF,older
OhsaupjJ,Sholokhova M. (Wrl),Rogers A. S. (Usa),1.74,1.91,1,2,"ITF WOMEN - SINGLES: W50 Berkeley, CA (USA), hard",hard,WTA/Women,ITF,older
GnUp3mrQ,Ma C. (Usa),Urhobo A. (Usa),3.37,1.26,2,0,"ITF WOMEN - SINGLES: W50 Berkeley, CA (USA), hard",hard,WTA/Women,ITF,older
Y5PvhNZO,Malmkjaer E. K. (Den),Abbagnato A. (Ita),1.58,2.18,2,0,"ITF WOMEN - SINGLES: W50 Berkeley, CA (USA), hard",hard,WTA/Women,ITF,older
xjA66GSq,Bartashevich Y. (Fra),Cabezas Dominguez E. (Ven),2.39,1.49,2,1,"ITF WOMEN - SINGLES: W50 Berkeley, CA (USA), hard",hard,WTA/Women,ITF,older
UHI7QyKF,Okalova M. (Svk),Broadus S. (Usa),5.45,1.09,0,2,"ITF WOMEN - SINGLES: W50 Berkeley, CA (USA), hard",hard,WTA/Women,ITF,older
nVKGcR5m,McDonald E. (Gbr),Hui K. (Usa),1.4,2.66,2,0,"ITF WOMEN - SINGLES: W50 Berkeley, CA (USA), hard",hard,WTA/Women,ITF,older
GSwis6L6,Day K. (Usa),Bulatova A. (Wrl),1.01,9.35,2,0,"ITF WOMEN - SINGLES: W50 Berkeley, CA (USA), hard",hard,WTA/Women,ITF,older
67JzCx5M,Branstine C. (Can),Osuigwe W. (Usa),1.57,2.2,2,0,"ITF WOMEN - SINGLES: W50 Berkeley, CA (USA), hard",hard,WTA/Women,ITF,older
UZ3bMEac,Arakawa H. (Jpn),Abe H. (Jpn),6.3,1.06,0,2,"ITF WOMEN - SINGLES: W50 Nanao (Japan), grass",grass,WTA/Women,ITF,older
QeG1B2Ft,Han J. (Chn),Tamura K. (Jpn),1.25,3.45,0,2,"ITF WOMEN - SINGLES: W50 Nanao (Japan), grass",grass,WTA/Women,ITF,older
2m26KhU9,Lu J. (Chn),Cheuk S. Y. (Hkg),1.18,4.13,2,1,"ITF WOMEN - SINGLES: W50 Nanao (Japan), grass",grass,WTA/Women,ITF,older
EqXo0Ore,Yoshioka K. (Jpn),Sato H. (Jpn),2.24,1.55,1,2,"ITF WOMEN - SINGLES: W50 Nanao (Japan), grass",grass,WTA/Women,ITF,older
0Gaj4o8D,Hanatani N. (Jpn),Ishii S. (Jpn),6.7,1.05,0,2,"ITF WOMEN - SINGLES: W50 Nanao (Japan), grass",grass,WTA/Women,ITF,older
rc4dFBGE,Deng T. T. (Swe),Kitahara Y. (Jpn),1.47,2.44,2,0,"ITF WOMEN - SINGLES: W50 Nanao (Japan), grass",grass,WTA/Women,ITF,older
Kxbz8T8l,Sawashiro K. (Jpn),Yodpetch K. (Tha),1.47,2.44,2,0,"ITF WOMEN - SINGLES: W50 Nanao (Japan), grass",grass,WTA/Women,ITF,older
hjdr67w1,Shimizu E. (Jpn),Tsao C. Y. (Tpe),1.66,2.01,2,0,"ITF WOMEN - SINGLES: W50 Nanao (Japan), grass",grass,WTA/Women,ITF,older
8nUw2pEr,Ozeki M. (Jpn),Yang Y. (Chn),8.6,1.02,2,1,"ITF WOMEN - SINGLES: W50 Nanao (Japan), grass",grass,WTA/Women,ITF,older
jN74DkoR,Hayasaka K. (Jpn),Rajecki A. (Gbr),2.53,1.44,2,1,"ITF WOMEN - SINGLES: W50 Nanao (Japan), grass",grass,WTA/Women,ITF,older
E7wKNKOG,Chikaraishi Y. (Jpn),Itaya R. (Jpn),2.39,1.51,0,2,"ITF WOMEN - SINGLES: W50 Nanao (Japan), grass",grass,WTA/Women,ITF,older
p0uqPVMN,Maduzzi G. (Ita),Serban R. (Cyp),1.68,1.99,2,1,"ITF WOMEN - SINGLES: W50 Plovdiv (Bulgaria), clay",clay,WTA/Women,ITF,older
fT13ChwI,Maric D. (Srb),Simionescu D. (Rou),1.41,2.63,2,0,"ITF WOMEN - SINGLES: W50 Plovdiv (Bulgaria), clay",clay,WTA/Women,ITF,older
I5uLUZhn,Mazzola A. (Ita),Dencheva R. (Bul),6.25,1.07,2,1,"ITF WOMEN - SINGLES: W50 Plovdiv (Bulgaria), clay",clay,WTA/Women,ITF,older
QVrTSDNb,Zeltina B. (Lat),Korokozidi E. (Gre),1.78,1.86,2,1,"ITF WOMEN - SINGLES: W50 Plovdiv (Bulgaria), clay",clay,WTA/Women,ITF,older
bqsyRihB,Stamatova J. (Bul),Garnevska V. (Bul),1.86,1.78,1,2,"ITF WOMEN - SINGLES: W50 Plovdiv (Bulgaria), clay",clay,WTA/Women,ITF,older
lWbeEE85,Yaneva E. (Bul),Maquet M. (Bel),1.11,5.15,2,0,"ITF WOMEN - SINGLES: W50 Plovdiv (Bulgaria), clay",clay,WTA/Women,ITF,older
St0BAW7U,Ivanova I. (Bul),Encheva L. (Bul),3.53,1.24,0,2,"ITF WOMEN - SINGLES: W50 Plovdiv (Bulgaria), clay",clay,WTA/Women,ITF,older
GrWEJ9po,Amariei I. D. (Rou),Janicijevic S. (Fra),2.05,1.66,2,0,"ITF WOMEN - SINGLES: W50 Plovdiv (Bulgaria), clay",clay,WTA/Women,ITF,older
G2M8ui74,Stankovic A. (Srb),Rame A. (Fra),2.22,1.56,2,1,"ITF WOMEN - SINGLES: W50 Plovdiv (Bulgaria), clay",clay,WTA/Women,ITF,older
8xJ0sDxh,Bulgaru M. (Rou),Ebeling Koning L. (Ned),2.63,1.41,0,2,"ITF WOMEN - SINGLES: W50 Plovdiv (Bulgaria), clay",clay,WTA/Women,ITF,older
C0bq6SvC,Giaccio J. (Esp),Teixido Garcia A. (Esp),1.12,4.8,2,0,"ITF WOMEN - SINGLES: W50 Yecla (Spain), hard",hard,WTA/Women,ITF,older
MZHE7KbJ,Ivanov V. (Nzl),Lemaitre T. (Fra),1.92,1.73,0,2,"ITF WOMEN - SINGLES: W50 Yecla (Spain), hard",hard,WTA/Women,ITF,older
E9E69tU6,Rojas S. C. (Usa),Munk Mortensen R. (Den),2.2,1.57,2,1,"ITF WOMEN - SINGLES: W50 Yecla (Spain), hard",hard,WTA/Women,ITF,older
fuIjDOUs,Rouvroy M. (Fra),Hesse A. (Fra),1.79,1.85,2,0,"ITF WOMEN - SINGLES: W50 Yecla (Spain), hard",hard,WTA/Women,ITF,older
nurU9Aum,Adrover Gallego I. (Esp),Lazarenko K. (Ukr),5.3,1.1,1,2,"ITF WOMEN - SINGLES: W50 Yecla (Spain), hard",hard,WTA/Women,ITF,older
vm0y8lAa,Hietaranta L. (Fin),Tomase E. (Lat),2.01,1.66,0,2,"ITF WOMEN - SINGLES: W50 Yecla (Spain), hard",hard,WTA/Women,ITF,older
ShGbB2af,Gallardo Guevara C. (Esp),Jialin T. (Chn),1.49,2.39,2,0,"ITF WOMEN - SINGLES: W50 Yecla (Spain), hard",hard,WTA/Women,ITF,older
GdibFWHP,Pavlova K. (Wrl),Cortez Llorca L. (Esp),1.5,2.36,2,0,"ITF WOMEN - SINGLES: W50 Yecla (Spain), hard",hard,WTA/Women,ITF,older
SEyWB6PG,Griekspoor T. (Ned),Shapovalov D. (Can),2.22,1.68,0,2,"&#x20;ATP - SINGLES: Chengdu (China), hard",hard,ATP/Men,ATP/WTA,newer
WffayVfJ,Cina F. (Ita),Ugo Carabelli C. (Arg),1.59,2.4,2,0,"&#x20;ATP - SINGLES: Chengdu (China), hard",hard,ATP/Men,ATP/WTA,newer
pYG3Q5vA,Duckworth J. (Aus),Sonego L. (Ita),2.22,1.68,0,2,"&#x20;ATP - SINGLES: Chengdu (China), hard",hard,ATP/Men,ATP/WTA,newer
nqv7ckWF,Kecmanovic M. (Srb),Basilashvili N. (Geo),1.59,2.4,0,2,"&#x20;ATP - SINGLES: Chengdu (China), hard",hard,ATP/Men,ATP/WTA,newer
f1wODSf4,Shang J. (Chn),Mannarino A. (Fra),1.46,2.78,0,2,"&#x20;ATP - SINGLES: Chengdu (China), hard",hard,ATP/Men,ATP/WTA,newer
EVuaaB13,Kouame M. (Fra),Muller A. (Fra),1.91,1.91,0,2,"&#x20;ATP - SINGLES: Chengdu (China), hard",hard,ATP/Men,ATP/WTA,newer
nPmDy89d,Damm M. (Usa),Mochizuki S. (Jpn),1.46,2.77,2,0,"&#x20;ATP - SINGLES: Chengdu (China), hard",hard,ATP/Men,ATP/WTA,newer
Ecz6wUvp,Harris L. (Rsa),Kovacevic A. (Usa),1.5,2.63,2,0,"&#x20;ATP - SINGLES: Chengdu (China), hard",hard,ATP/Men,ATP/WTA,newer
pEQ94OHj,Shevchenko A. (Kaz),Hurkacz H. (Pol),4.54,1.21,0,2,"&#x20;ATP - SINGLES: Chengdu (China), hard",hard,ATP/Men,ATP/WTA,newer
jVJBOq9M,Cerundolo J. M. (Arg),Zhou Y. (Chn),1.46,2.78,2,0,"&#x20;ATP - SINGLES: Chengdu (China), hard",hard,ATP/Men,ATP/WTA,newer
S4OuHXDl,Shimabukuro S. (Jpn),Gaston H. (Fra),2.12,1.72,0,2,"ATP - SINGLES: Hangzhou (China), hard",hard,ATP/Men,ATP/WTA,newer
Ye8zmw2C,Sweeny D. (Aus),Daniel T. (Jpn),2.28,1.63,0,2,"ATP - SINGLES: Hangzhou (China), hard",hard,ATP/Men,ATP/WTA,newer
d2sG0CT7,Faria J. (Por),Atmane T. (Fra),2.1,1.73,2,1,"ATP - SINGLES: Hangzhou (China), hard",hard,ATP/Men,ATP/WTA,newer
rkp03bng,Marozsan F. (Hun),Bolt A. (Aus),1.29,3.74,2,0,"ATP - SINGLES: Hangzhou (China), hard",hard,ATP/Men,ATP/WTA,newer
QV4SlaXa,Hijikata R. (Aus),Svrcina D. (Cze),2.24,1.65,2,0,"ATP - SINGLES: Hangzhou (China), hard",hard,ATP/Men,ATP/WTA,newer
O8Z1OFLE,Bu Y. (Chn),Zheng M. (Usa),2.11,1.72,2,0,"ATP - SINGLES: Hangzhou (China), hard",hard,ATP/Men,ATP/WTA,newer
MoQeDkDD,Bellucci M. (Ita),Majchrzak K. (Pol),2.08,1.74,0,2,"ATP - SINGLES: Hangzhou (China), hard",hard,ATP/Men,ATP/WTA,newer
Olq82Ybe,Cui J. (Chn),Vallejo D. (Par),3.39,1.33,1,2,"ATP - SINGLES: Hangzhou (China), hard",hard,ATP/Men,ATP/WTA,newer
dYoh5KHt,Sun F. (Chn),Safiullin R. (Wrl),4.54,1.2,0,2,"ATP - SINGLES: Hangzhou (China), hard",hard,ATP/Men,ATP/WTA,newer
WYxAMgjR,Zhang Z. (Chn),Wong C. (Hkg),2.4,1.57,0,2,"ATP - SINGLES: Hangzhou (China), hard",hard,ATP/Men,ATP/WTA,newer
tfsrPinD,Svitolina E. (Ukr),Minnen G. (Bel),1.04,7.8,1,2,WTA - SINGLES: Billie Jean King Cup - World Group (World),unknown,WTA/Women,ATP/WTA,newer
CvLWro0L,Cocciaretto E. (Ita),Zhang S. (Chn),1.78,1.9,0,2,WTA - SINGLES: Billie Jean King Cup - World Group (World),unknown,WTA/Women,ATP/WTA,newer
rNB2wPNr,Paolini J. (Ita),Zheng Q. (Chn),3.15,1.31,2,0,WTA - SINGLES: Billie Jean King Cup - World Group (World),unknown,WTA/Women,ATP/WTA,newer
8lTPC1mm,Bondar A. (Hun),Charaeva A. (Arm),1.54,2.51,2,1,"WTA - SINGLES: Seoul (South Korea), hard",hard,WTA/Women,ATP/WTA,newer
vcsCPCdd,Ma Y. (Chn),Birrell K. (Aus),3.0,1.4,0,2,"WTA - SINGLES: Seoul (South Korea), hard",hard,WTA/Women,ATP/WTA,newer
bs89PvSh,Ku Y. (Kor),Ruse G. (Rou),4.67,1.2,1,2,"WTA - SINGLES: Seoul (South Korea), hard",hard,WTA/Women,ATP/WTA,newer
vFjZ0lyg,Ostapenko J. (Lat),Preston T. (Aus),1.36,3.2,0,2,"WTA - SINGLES: Seoul (South Korea), hard",hard,WTA/Women,ATP/WTA,newer
xOsIy20k,Gibson T. (Aus),Morvayova V. (Svk),1.09,8.01,2,0,"WTA - SINGLES: Singapore (Singapore), hard (indoor)",indoor hard,WTA/Women,ATP/WTA,newer
0zvyTDYp,Wang Xin. (Chn),Garland J. (Tpe),1.29,3.74,2,0,"WTA - SINGLES: Singapore (Singapore), hard (indoor)",indoor hard,WTA/Women,ATP/WTA,newer
8C99pTjC,Prozorova T. (Wrl),Eala A. (Phl),4.88,1.19,2,1,"WTA - SINGLES: Singapore (Singapore), hard (indoor)",indoor hard,WTA/Women,ATP/WTA,newer
YwNFGDQO,Sakkari M. (Gre),Hibino N. (Jpn),1.19,4.89,2,0,"WTA - SINGLES: Singapore (Singapore), hard (indoor)",indoor hard,WTA/Women,ATP/WTA,newer
n5DUInpI,Comesana F. (Arg),Aguilar Cardozo J. (Uru),1.32,3.11,1,2,"CHALLENGER MEN - SINGLES: Buenos Aires 3 (Argentina), clay",clay,ATP/Men,Challenger,newer
MVNecps1,Roncadelli F. (Uru),Boscardin Dias P. (Bra),1.8,1.88,1,2,"CHALLENGER MEN - SINGLES: Buenos Aires 3 (Argentina), clay",clay,ATP/Men,Challenger,newer
OvzSV2bm,Coria F. (Arg),Ribeiro E. (Bra),2.11,1.65,0,2,"CHALLENGER MEN - SINGLES: Buenos Aires 3 (Argentina), clay",clay,ATP/Men,Challenger,newer
AZUTfAXF,Ficovich J. P. (Arg),Barrena A. (Arg),2.39,1.51,0,2,"CHALLENGER MEN - SINGLES: Buenos Aires 3 (Argentina), clay",clay,ATP/Men,Challenger,newer
dbkfZ7Ub,Prado Angelo J. C. (Bol),Aboian V. (Arg),1.4,2.73,2,0,"CHALLENGER MEN - SINGLES: Buenos Aires 3 (Argentina), clay",clay,ATP/Men,Challenger,newer
YJfalB9E,Almazan Valiente I. (Esp),Mrva M. (Cze),2.42,1.5,2,1,"CHALLENGER MEN - SINGLES: Plovdiv 4 (Bulgaria), clay",clay,ATP/Men,Challenger,newer
nX1DSUsm,Ivanov I. (Bul),Andreev A. (Bul),2.05,1.67,0,2,"CHALLENGER MEN - SINGLES: Plovdiv 4 (Bulgaria), clay",clay,ATP/Men,Challenger,newer
QNOeAmSI,Forejtek J. (Cze),Chazal M. (Fra),1.58,2.25,2,1,"CHALLENGER MEN - SINGLES: Plovdiv 4 (Bulgaria), clay",clay,ATP/Men,Challenger,newer
ptoxVbxK,Gill F. (Gbr),Radulov I. (Bul),1.36,2.89,2,0,"CHALLENGER MEN - SINGLES: Plovdiv 4 (Bulgaria), clay",clay,ATP/Men,Challenger,newer
MuPYnVVg,Smith K. (Usa),Dietrich D. (Sui),2.42,1.57,0,2,"CHALLENGER MEN - SINGLES: San Diego 2 (USA), hard",hard,ATP/Men,Challenger,newer
4IyrSKcC,Boyer T. (Usa),Gorzny S. (Usa),1.65,2.11,2,0,"CHALLENGER MEN - SINGLES: San Diego 2 (USA), hard",hard,ATP/Men,Challenger,newer
MXtSLbgT,Legout T. (Fra),Smith C. (Usa),2.22,1.59,2,0,"CHALLENGER MEN - SINGLES: San Diego 2 (USA), hard",hard,ATP/Men,Challenger,newer
ILB9xfbc,Blanch Dar. (Usa),Andrade A. (Ecu),1.4,2.73,1,2,"CHALLENGER MEN - SINGLES: San Diego 2 (USA), hard",hard,ATP/Men,Challenger,newer
CSMkwD9r,Harris B. (Gbr),Cassone M. (Usa),1.79,1.89,0,2,"CHALLENGER MEN - SINGLES: St. Tropez (France), hard",hard,ATP/Men,Challenger,newer
OESPahLk,Martineau M. (Fra),Masur D. (Ger),1.87,1.81,1,2,"CHALLENGER MEN - SINGLES: St. Tropez (France), hard",hard,ATP/Men,Challenger,newer
WGkpYOlT,Butvilas E. (Ltu),Mayot H. (Fra),1.7,2.01,0,2,"CHALLENGER MEN - SINGLES: St. Tropez (France), hard",hard,ATP/Men,Challenger,newer
t8dkk3pe,Guerrieri A. (Ita),De Jong J. (Ned),2.77,1.39,1,2,"CHALLENGER MEN - SINGLES: St. Tropez (France), hard",hard,ATP/Men,Challenger,newer
ngmUgBz9,Kostovic T. (Srb),Bertea E. R. (Rou),1.17,5.02,2,0,"CHALLENGER WOMEN - SINGLES: Ankara (Turkey), hard",hard,WTA/Women,Challenger,newer
QexIYIlf,Monnet C. (Fra),Gasanova A. (Wrl),2.82,1.43,0,2,"CHALLENGER WOMEN - SINGLES: Ankara (Turkey), hard",hard,WTA/Women,Challenger,newer
Aap8fKXI,Tian F. (Chn),Micic E. (Aus),1.57,2.42,2,0,"CHALLENGER WOMEN - SINGLES: Ankara (Turkey), hard",hard,WTA/Women,Challenger,newer
YkkpSUBm,Dilek D. (Tur),Buyukakcay C. (Tur),1.62,2.31,2,1,"CHALLENGER WOMEN - SINGLES: Ankara (Turkey), hard",hard,WTA/Women,Challenger,newer
KIwn7zTF,Podrez V. (Ukr),Pohankova M. (Svk),3.04,1.38,0,2,"CHALLENGER WOMEN - SINGLES: Porto (Portugal), hard",hard,WTA/Women,Challenger,newer
OjnxzoKG,Bains N. (Gbr),Brantmeier R. (Usa),3.8,1.27,0,2,"CHALLENGER WOMEN - SINGLES: Porto (Portugal), hard",hard,WTA/Women,Challenger,newer
6a9koLyg,Voloshchuk A. (Por),Tan H. (Fra),2.68,1.48,2,1,"CHALLENGER WOMEN - SINGLES: Porto (Portugal), hard",hard,WTA/Women,Challenger,newer
Q3lUbcI5,Steiner V. (Ger),Swan K. (Gbr),4.57,1.2,0,2,"CHALLENGER WOMEN - SINGLES: Porto (Portugal), hard",hard,WTA/Women,Challenger,newer
zq3p2ILa,Tubello A. (Fra),Grabher J. (Aut),2.25,1.65,1,2,"CHALLENGER WOMEN - SINGLES: Tolentino (Italy), clay",clay,WTA/Women,Challenger,newer
hjjM0Jmg,Gorgodze E. (Geo),Palicova B. (Cze),2.54,1.52,2,0,"CHALLENGER WOMEN - SINGLES: Tolentino (Italy), clay",clay,WTA/Women,Challenger,newer
fa0rW7r2,De Stefano S. (Ita),Selekhmeteva O. (Esp),1.78,2.04,1,2,"CHALLENGER WOMEN - SINGLES: Tolentino (Italy), clay",clay,WTA/Women,Challenger,newer
tjqspj9L,Brown O. (Gbr),Yilmaz K. (Tur),1.71,1.95,2,0,"ITF MEN - SINGLES: M15 Baku (Azerbaijan), hard",hard,ATP/Men,ITF,newer
p0mzUwJN,Dolzhenkov D. (Wrl),Vishal Balsekar A. (Ind),4.23,1.17,2,0,"ITF MEN - SINGLES: M15 Baku (Azerbaijan), hard",hard,ATP/Men,ITF,newer
lGS7rwYG,Gretskiy I. (Wrl),Majdandzic M. (Ger),3.61,1.23,0,2,"ITF MEN - SINGLES: M15 Baku (Azerbaijan), hard",hard,ATP/Men,ITF,newer
Y5kuQUHk,Morag S. (Isr),Hurrion M. (Gbr),12.0,1.02,0,2,"ITF MEN - SINGLES: M15 Baku (Azerbaijan), hard",hard,ATP/Men,ITF,newer
A5ZCvUWr,Nordquist A. (Swe),Connel J. (Gbr),2.12,1.62,2,0,"ITF MEN - SINGLES: M15 Baku (Azerbaijan), hard",hard,ATP/Men,ITF,newer
tWY5OHto,Singh D. (Ind),Walters M. (Gbr),1.49,2.39,2,0,"ITF MEN - SINGLES: M15 Baku (Azerbaijan), hard",hard,ATP/Men,ITF,newer
tWhmO8n2,Delicata L. (Mlt),Kirci K. (Tur),2.15,1.6,0,2,"ITF MEN - SINGLES: M15 Baku (Azerbaijan), hard",hard,ATP/Men,ITF,newer
j7P7paEj,Chavez T. (Esp),Bassem Sobhy M. (Egy),2.39,1.49,2,0,"ITF MEN - SINGLES: M15 Columbia, SC (USA), hard",hard,ATP/Men,ITF,newer
6JJEePMi,Pieczkowski O. (Pol),Daryabeigi S. (Usa),1.43,2.56,0,2,"ITF MEN - SINGLES: M15 Columbia, SC (USA), hard",hard,ATP/Men,ITF,newer
EsbsJJKF,Zanellato N. (Bra),Augusto dos Santos R. (Bra),1.18,4.12,2,0,"ITF MEN - SINGLES: M15 Curitiba (Brazil), clay",clay,ATP/Men,ITF,newer
8vKoFAJs,Leite W. (Bra),Remondy Pagotto V. H. (Bra),2.13,1.61,2,0,"ITF MEN - SINGLES: M15 Curitiba (Brazil), clay",clay,ATP/Men,ITF,newer
bBcRRm3m,Osorio J. S. (Col),Echazu M. (Per),1.39,2.7,2,0,"ITF MEN - SINGLES: M15 Curitiba (Brazil), clay",clay,ATP/Men,ITF,newer
pUKE0B4l,Roberts J. (Bhs),Pereira J. (Bra),2.29,1.53,1,2,"ITF MEN - SINGLES: M15 Curitiba (Brazil), clay",clay,ATP/Men,ITF,newer
G4NgDllf,Tosetto R. (Bra),Loureiro J. V. C. (Bra),1.99,1.68,1,2,"ITF MEN - SINGLES: M15 Curitiba (Brazil), clay",clay,ATP/Men,ITF,newer
hfOMbkZ0,Alves M. (Bra),Chabalgoity P. H. (Bra),1.01,9.6,2,0,"ITF MEN - SINGLES: M15 Curitiba (Brazil), clay",clay,ATP/Men,ITF,newer
lIL1BSI6,Branchetti G. (Arg),Schiessl J. E. (Bra),3.69,1.22,0,2,"ITF MEN - SINGLES: M15 Curitiba (Brazil), clay",clay,ATP/Men,ITF,newer
xdTFKWeK,Goncalves V. (Bra),Sakamoto P. (Bra),2.9,1.34,0,2,"ITF MEN - SINGLES: M15 Curitiba (Brazil), clay",clay,ATP/Men,ITF,newer
CAgPEMV9,Covato M. (Ita),Seifert S. (Ger),6.35,1.06,0,2,"ITF MEN - SINGLES: M15 Forbach (France), hard",hard,ATP/Men,ITF,newer
MNy5RaFF,Van Sambeek F. (Ned),Thomas F. (Sui),1.75,1.9,1,2,"ITF MEN - SINGLES: M15 Forbach (France), hard",hard,ATP/Men,ITF,newer
UmuDPwpS,Hoffmann M. (Ger),De Jonge D. (Ned),6.15,1.07,0,2,"ITF MEN - SINGLES: M15 Forbach (France), hard",hard,ATP/Men,ITF,newer
G6r37vOq,Trufelli T. (Fra),Van Herck L. (Lux),1.76,1.88,2,1,"ITF MEN - SINGLES: M15 Forbach (France), hard",hard,ATP/Men,ITF,newer
bovjIex2,Zeuch T. (Ger),Boutleux N. (Fra),1.22,3.69,0,2,"ITF MEN - SINGLES: M15 Forbach (France), hard",hard,ATP/Men,ITF,newer
EcYdTLp3,Schell N. (Ger),Herrmann T. (Fra),1.62,2.12,0,2,"ITF MEN - SINGLES: M15 Forbach (France), hard",hard,ATP/Men,ITF,newer
MHKUU2dl,Lumsden E. (Gbr),Malige M. (Fra),2.49,1.45,2,1,"ITF MEN - SINGLES: M15 Monastir 32 (Tunisia), hard",hard,ATP/Men,ITF,newer
EPxxTtR0,Makk P. (Hun),Branger L. (Fra),1.13,4.7,1,2,"ITF MEN - SINGLES: M15 Monastir 32 (Tunisia), hard",hard,ATP/Men,ITF,newer
zacsduem,Vincent Ruggeri S. (Ita),van Wyk K. (Rsa),1.17,4.32,2,0,"ITF MEN - SINGLES: M15 Monastir 32 (Tunisia), hard",hard,ATP/Men,ITF,newer
4dGHuKA6,Domingos D. (Ang),Hernandez C. (Esp),3.53,1.24,2,0,"ITF MEN - SINGLES: M15 Monastir 32 (Tunisia), hard",hard,ATP/Men,ITF,newer
nwypRKeD,Makhlouf N. (Alg),Martin T. (Gbr),3.0,1.32,0,2,"ITF MEN - SINGLES: M15 Monastir 32 (Tunisia), hard",hard,ATP/Men,ITF,newer
4G6B11XP,Ogunsakin O. (Nga),Donnet E. (Fra),3.69,1.22,0,2,"ITF MEN - SINGLES: M15 Monastir 32 (Tunisia), hard",hard,ATP/Men,ITF,newer
td0kfJPa,Weekes J. (Can),Colombo A. (Ita),3.91,1.2,0,2,"ITF MEN - SINGLES: M15 Monastir 32 (Tunisia), hard",hard,ATP/Men,ITF,newer
x8egFqTj,Khoeblal E. (Ned),Ferrari F. (Ita),1.51,2.39,0,2,"ITF MEN - SINGLES: M15 Telavi (Georgia), clay",clay,ATP/Men,ITF,newer
fRzRTrrp,Klok D. (Wrl),Paardekooper S. (Ned),2.75,1.41,0,2,"ITF MEN - SINGLES: M15 Telavi (Georgia), clay",clay,ATP/Men,ITF,newer
f15aQ9yh,Tiukaev R. (Wrl),Mecarelli M. (Ita),2.5,1.51,1,2,"ITF MEN - SINGLES: M15 Telavi (Georgia), clay",clay,ATP/Men,ITF,newer
4EmuwmLc,Cherie Ligniere E. (Ita),Dimic M. (Slo),1.23,3.96,2,1,"ITF MEN - SINGLES: M15 Telavi (Georgia), clay",clay,ATP/Men,ITF,newer
2ivZRMCd,Grippo V. (Arg),Fumagalli F. (Ita),3.96,1.23,0,2,"ITF MEN - SINGLES: M15 Telavi (Georgia), clay",clay,ATP/Men,ITF,newer
SE37Om64,Gschwendtner J. (Gbr),Monzon I. (Arg),2.36,1.55,0,2,"ITF MEN - SINGLES: M15 Telavi (Georgia), clay",clay,ATP/Men,ITF,newer
zu7FMRzH,Madaras N. (Swe),Sabbatini M. (Ita),1.02,12.0,2,1,"ITF MEN - SINGLES: M15 Telavi (Georgia), clay",clay,ATP/Men,ITF,newer
YgPv1g8t,Banerjee S. (Usa),Poulsen Brostrom O. (Den),1.17,4.27,2,1,"ITF MEN - SINGLES: M25 Falun (Sweden), hard",hard,ATP/Men,ITF,newer
j3RMdThR,Vasa E. (Fin),Marek W. (Pol),1.39,2.7,2,0,"ITF MEN - SINGLES: M25 Falun (Sweden), hard",hard,ATP/Men,ITF,newer
OrxxooC5,Friberg K. (Swe),Bernet H. (Sui),3.37,1.26,0,2,"ITF MEN - SINGLES: M25 Falun (Sweden), hard",hard,ATP/Men,ITF,newer
4KrVy4uS,Dominko S. (Slo),Bekeni M. (Svk),1.05,6.95,2,0,"ITF MEN - SINGLES: M25 Pardubice (Czech Republic), clay",clay,ATP/Men,ITF,newer
SYgKZIog,Carbajal A. G. (Esp),Campana Lee G. (Kor),3.93,1.2,1,2,"ITF MEN - SINGLES: M25 Sabadell 2 (Spain), clay",clay,ATP/Men,ITF,newer
xK3EXjlQ,Marmousez L. (Fra),Pujol Navarro B. (Esp),1.04,7.5,2,1,"ITF MEN - SINGLES: M25 Sabadell 2 (Spain), clay",clay,ATP/Men,ITF,newer
dnwiqTon,Talan Lopatic L. (Slo),Vives Marcos P. (Esp),5.0,1.11,2,0,"ITF MEN - SINGLES: M25 Sabadell 2 (Spain), clay",clay,ATP/Men,ITF,newer
dQwJbAuC,Giustino L. (Ita),Ponce de Leon Gomila M. (Esp),1.15,4.45,2,0,"ITF MEN - SINGLES: M25 Sabadell 2 (Spain), clay",clay,ATP/Men,ITF,newer
YoaDjHcJ,Rodenas P. (Esp),Xilas I. (Gre),1.55,2.24,1,2,"ITF MEN - SINGLES: M25 Sabadell 2 (Spain), clay",clay,ATP/Men,ITF,newer
2P5jt2Pp,Jong S. (Ned),Cekirge K. (Tur),1.06,6.3,2,0,"ITF MEN - SINGLES: M25 Sabadell 2 (Spain), clay",clay,ATP/Men,ITF,newer
Es6aOnBC,Parisca I. (Ven),Marti Pujolras A. (Esp),2.36,1.5,2,1,"ITF MEN - SINGLES: M25 Sabadell 2 (Spain), clay",clay,ATP/Men,ITF,newer
v1k5Q0I8,Gakhov I. (Wrl),Gutierrez O. J. (Esp),1.27,3.31,2,0,"ITF MEN - SINGLES: M25 Sabadell 2 (Spain), clay",clay,ATP/Men,ITF,newer
WvdlN9ke,Vanshelboim E. (Ukr),Ferrari G. (Ita),1.75,1.9,2,0,"ITF MEN - SINGLES: M25 Santa Margherita di Pula 8 (Italy), clay",clay,ATP/Men,ITF,newer
hr2LR4aU,Curras Abasolo T. (Esp),Henning P. (Rsa),8.1,1.02,0,2,"ITF MEN - SINGLES: M25 Setubal (Portugal), hard",hard,ATP/Men,ITF,newer
nTsDBYUa,Perego G. (Ita),Morais D. (Por),2.09,1.64,0,2,"ITF MEN - SINGLES: M25 Setubal (Portugal), hard",hard,ATP/Men,ITF,newer
EaFTDRSP,Tabacco G. (Ita),Murgett F. (Gbr),1.44,2.53,1,2,"ITF MEN - SINGLES: M25 Setubal (Portugal), hard",hard,ATP/Men,ITF,newer
tpjN0GwH,Stice T. (Usa),Maxted L. (Gbr),5.3,1.1,0,2,"ITF MEN - SINGLES: M25 Setubal (Portugal), hard",hard,ATP/Men,ITF,newer
EHvcY7Sa,Agwi M. (Irl),Rocha F. (Por),1.51,2.34,2,0,"ITF MEN - SINGLES: M25 Setubal (Portugal), hard",hard,ATP/Men,ITF,newer
tpSMvP7M,Montes-De La Torre I. (Esp),Tabacco F. (Ita),1.24,3.53,2,0,"ITF MEN - SINGLES: M25 Setubal (Portugal), hard",hard,ATP/Men,ITF,newer
S0Yk5A35,Bertrand R. (Fra),Domingues J. (Por),1.37,2.78,2,0,"ITF MEN - SINGLES: M25 Setubal (Portugal), hard",hard,ATP/Men,ITF,newer
trsRtP1K,Deckers A. (Ned),Fellows J. (Pur),1.17,4.27,2,0,"ITF MEN - SINGLES: M25 Setubal (Portugal), hard",hard,ATP/Men,ITF,newer
CI5W9pcl,Fellin P. O. (Ita),Ibrahim K. (Egy),1.21,3.81,2,1,"ITF MEN - SINGLES: M25 Sharm ElSheikh 4 (Egypt), hard",hard,ATP/Men,ITF,newer
zkxgt4EN,Hamza Reguig S. (Alg),Faucon R. (Bel),2.89,1.34,1,2,"ITF MEN - SINGLES: M25 Sharm ElSheikh 4 (Egypt), hard",hard,ATP/Men,ITF,newer
8MlTZnZ0,Castagnola L. (Ita),Zakaria F. (Egy),2.36,1.5,0,2,"ITF MEN - SINGLES: M25 Sharm ElSheikh 4 (Egypt), hard",hard,ATP/Men,ITF,newer
AwspQXqg,Dzhavakian Y. (Ukr),Duhan C. (Ind),2.29,1.53,1,2,"ITF MEN - SINGLES: M25 Sharm ElSheikh 4 (Egypt), hard",hard,ATP/Men,ITF,newer
U5WwALge,Strombachs R. (Lat),Krajci M. (Svk),1.37,2.78,2,0,"ITF MEN - SINGLES: M25 Sharm ElSheikh 4 (Egypt), hard",hard,ATP/Men,ITF,newer
hhVSValB,Djuric B. (Srb),Safonov A. (Wrl),1.05,7.0,2,0,"ITF MEN - SINGLES: M25 Sharm ElSheikh 4 (Egypt), hard",hard,ATP/Men,ITF,newer
MumrRnR9,Singh K. (Ind),Waldner N. (Aut),1.17,4.23,2,0,"ITF MEN - SINGLES: M25 Sharm ElSheikh 4 (Egypt), hard",hard,ATP/Men,ITF,newer
pjhLg4Er,Beamish N. (Nzl),Sasikumar M. (Ind),6.9,1.05,0,2,"ITF MEN - SINGLES: M25 Yinchuan (China), hard",hard,ATP/Men,ITF,newer
8AtDRWCa,Kachmazov A. (Wrl),Ferguson C. (Aus),1.17,4.27,2,0,"ITF MEN - SINGLES: M25 Yinchuan (China), hard",hard,ATP/Men,ITF,newer
KxG8kIro,Pankin S. (Wrl),Tang S. (Chn),1.06,6.25,0,2,"ITF MEN - SINGLES: M25 Yinchuan (China), hard",hard,ATP/Men,ITF,newer
0pw5Thrm,Yang Z. (Chn),Oh Chan-Yeong (Kor),5.15,1.11,0,2,"ITF MEN - SINGLES: M25 Yinchuan (China), hard",hard,ATP/Men,ITF,newer
xte8BjnL,Peliwo F. (Pol),Aguiard E. (Aus),3.61,1.23,2,0,"ITF MEN - SINGLES: M25 Yinchuan (China), hard",hard,ATP/Men,ITF,newer
tAkuQk1E,Chen K. S. (Tpe),Liu S. (Chn),1.05,6.85,2,0,"ITF MEN - SINGLES: M25 Yinchuan (China), hard",hard,ATP/Men,ITF,newer
vipVB3zR,Binda A. (Ita),Barsukov N. (Ger),1.51,2.31,2,0,"ITF MEN - SINGLES: M25 Yinchuan (China), hard",hard,ATP/Men,ITF,newer
z9GOtl0D,Flores J. (Cos),Komagata R. (Jpn),1.34,2.9,2,0,"ITF MEN - SINGLES: M25 Yinchuan (China), hard",hard,ATP/Men,ITF,newer
Y1oJxQY2,Dias S. (Bra),Lopez P. (Usa),3.46,1.24,0,2,"ITF WOMEN - SINGLES: W15 Belem (Brazil), hard",hard,WTA/Women,ITF,newer
lGdMzqnI,Dourado Zimermman J. (Bra),Gomes Ferreira G. (Bra),1.29,3.17,2,1,"ITF WOMEN - SINGLES: W15 Belem (Brazil), hard",hard,WTA/Women,ITF,newer
dt0UYMGU,Azambuja W. A. (Bra),Estevez J. (Arg),7.3,1.04,0,2,"ITF WOMEN - SINGLES: W15 Belem (Brazil), hard",hard,WTA/Women,ITF,newer
d23RWZpp,Garcia Vidal L. (Bra),Reichel A. (Bra),1.18,4.08,2,0,"ITF WOMEN - SINGLES: W15 Belem (Brazil), hard",hard,WTA/Women,ITF,newer
zBsatmIt,Sanchez A. S. (Mex),Catanzarite A. (Usa),1.1,5.2,2,0,"ITF WOMEN - SINGLES: W15 Belem (Brazil), hard",hard,WTA/Women,ITF,newer
ryo7vRng,Guapindaia S. G. (Bra),Konishi Silva J. (Bra),6.4,1.06,0,2,"ITF WOMEN - SINGLES: W15 Belem (Brazil), hard",hard,WTA/Women,ITF,newer
IB4ejtlo,Burcescu M. I. (Rou),Zhenikhova S. (Ger),1.4,2.66,2,0,"ITF WOMEN - SINGLES: W15 Constanta (Romania), clay",clay,WTA/Women,ITF,newer
OSccA1uH,Schaefer A. J. (Ger),Barbulescu B. (Rou),1.19,3.99,2,0,"ITF WOMEN - SINGLES: W15 Constanta (Romania), clay",clay,WTA/Women,ITF,newer
pIdsEqth,Biro M. (Hun),Herazo Gonzalez M. (Col),1.25,3.43,1,2,"ITF WOMEN - SINGLES: W15 Constanta (Romania), clay",clay,WTA/Women,ITF,newer
YeK16hvq,Buculei I. M. (Rou),Sevcikova L. (Cze),1.66,2.03,1,2,"ITF WOMEN - SINGLES: W15 Constanta (Romania), clay",clay,WTA/Women,ITF,newer
Wh158uAT,Popa G. S. (Rou),Marcu T. (Rou),1.05,6.7,2,0,"ITF WOMEN - SINGLES: W15 Constanta (Romania), clay",clay,WTA/Women,ITF,newer
69I94W8e,Bojica S. (Rou),Breaz A. (Rou),2.09,1.64,0,2,"ITF WOMEN - SINGLES: W15 Constanta (Romania), clay",clay,WTA/Women,ITF,newer
2yhy3JXj,Jaeger E. (Ger),Todoni C. N. (Rou),7.3,1.04,0,2,"ITF WOMEN - SINGLES: W15 Constanta (Romania), clay",clay,WTA/Women,ITF,newer
4rPI1Bt1,Chen M. (Chn),Zhang R. (Chn),4.28,1.17,1,2,"ITF WOMEN - SINGLES: W15 Maanshan 5 (China), hard",hard,WTA/Women,ITF,newer
nNK5CSfJ,Lu J. (Chn),Kubareva A. (Wrl),3.93,1.2,0,2,"ITF WOMEN - SINGLES: W15 Maanshan 5 (China), hard",hard,WTA/Women,ITF,newer
hMWWAFJE,Ye S. (Chn),Hou Y. (Chn),1.18,4.13,2,0,"ITF WOMEN - SINGLES: W15 Maanshan 5 (China), hard",hard,WTA/Women,ITF,newer
jaNQakBD,Sagandykova A. (Kaz),Sun Y. (Chn),1.85,1.79,1,2,"ITF WOMEN - SINGLES: W15 Maanshan 5 (China), hard",hard,WTA/Women,ITF,newer
M14jGAef,Tang X. (Chn),Wang Y. (Chn),5.0,1.11,0,2,"ITF WOMEN - SINGLES: W15 Maanshan 5 (China), hard",hard,WTA/Women,ITF,newer
2eUCHw4s,Boullay O. (Fra),Kurt I. (Tur),1.47,2.44,0,2,"ITF WOMEN - SINGLES: W15 Monastir 27 (Tunisia), hard",hard,WTA/Women,ITF,newer
Egb980RQ,Maloney E. (Gbr),Mdlulwa W. (Rsa),1.19,4.03,2,1,"ITF WOMEN - SINGLES: W15 Monastir 27 (Tunisia), hard",hard,WTA/Women,ITF,newer
WCwsNatK,Ruchkina K. (Wrl),Sasnouskaya T. (Wrl),2.63,1.41,2,1,"ITF WOMEN - SINGLES: W15 Monastir 27 (Tunisia), hard",hard,WTA/Women,ITF,newer
h2hm1IJ0,Daniels E. (Can),Bertacchi A. (Ita),2.34,1.51,2,1,"ITF WOMEN - SINGLES: W15 Monastir 27 (Tunisia), hard",hard,WTA/Women,ITF,newer
zslzCZXI,Dapkute I. (Ltu),Dotsenko E. (Wrl),3.45,1.25,0,2,"ITF WOMEN - SINGLES: W15 Monastir 27 (Tunisia), hard",hard,WTA/Women,ITF,newer
EZLH2Aw8,Matsumoto Y. (Jpn),Cirotte A. (Fra),3.45,1.25,1,2,"ITF WOMEN - SINGLES: W15 Monastir 27 (Tunisia), hard",hard,WTA/Women,ITF,newer
hd7n62dD,Kovackova A. (Cze),Pistola I. (Ita),1.11,4.33,2,0,"ITF WOMEN - SINGLES: W35 Santa Margherita di Pula 8 (Italy), clay",clay,WTA/Women,ITF,newer
6H2iQ8t0,Valente D. (Ita),Petkovic A. (Ger),4.15,1.12,2,0,"ITF WOMEN - SINGLES: W35 Santa Margherita di Pula 8 (Italy), clay",clay,WTA/Women,ITF,newer
WGT2DgNM,Paganetti V. (Ita),Longueville R. (Bel),1.14,3.94,2,0,"ITF WOMEN - SINGLES: W35 Santa Margherita di Pula 8 (Italy), clay",clay,WTA/Women,ITF,newer
W6pNwQAF,Steur J. L. S. (Ger),Mettraux M. (Sui),1.01,8.0,0,2,"ITF WOMEN - SINGLES: W35 Santa Margherita di Pula 8 (Italy), clay",clay,WTA/Women,ITF,newer
ADBS9mdJ,Yesypchuk D. (Ukr),Oktiabreva A. (Cze),7.7,1.01,0,2,"ITF WOMEN - SINGLES: W35 Santa Margherita di Pula 8 (Italy), clay",clay,WTA/Women,ITF,newer
r3F0F6ZQ,Lukas T. (Cro),Cakarevic S. (Fra),1.36,2.7,2,0,"ITF WOMEN - SINGLES: W35 Santa Margherita di Pula 8 (Italy), clay",clay,WTA/Women,ITF,newer
tf3s1nM8,Pawlikowska Z. (Pol),Smirnova K. (Wrl),1.09,5.4,2,1,"ITF WOMEN - SINGLES: W35 Sharm ElSheikh 2 (Egypt), hard",hard,WTA/Women,ITF,newer
MLdl554j,Perelygina E. (Aut),Hrabavets U. (Wrl),1.07,6.2,0,2,"ITF WOMEN - SINGLES: W35 Sharm ElSheikh 2 (Egypt), hard",hard,WTA/Women,ITF,newer
2yvorQqB,Hatouka Y. (Wrl),Efremova K. (Fra),3.61,1.23,2,0,"ITF WOMEN - SINGLES: W35 Sharm ElSheikh 2 (Egypt), hard",hard,WTA/Women,ITF,newer
Uii2cn4C,Jamshidi E. (Den),Adeshina E. (Gbr),8.9,1.01,0,2,"ITF WOMEN - SINGLES: W35 Sharm ElSheikh 2 (Egypt), hard",hard,WTA/Women,ITF,newer
z5EHhxEE,Milovanova V. (Wrl),Sacco F. (Ita),1.85,1.79,2,0,"ITF WOMEN - SINGLES: W35 Sharm ElSheikh 2 (Egypt), hard",hard,WTA/Women,ITF,newer
YVCFRDID,Lizunova A. (Wrl),Samir S. (Egy),1.65,2.03,0,2,"ITF WOMEN - SINGLES: W35 Sharm ElSheikh 2 (Egypt), hard",hard,WTA/Women,ITF,newer
nRhDOvmL,Abouelsaad H. (Egy),Golovina M. (Wrl),7.2,1.04,1,2,"ITF WOMEN - SINGLES: W35 Sharm ElSheikh 2 (Egypt), hard",hard,WTA/Women,ITF,newer
QuMWgq5C,Shcherbinina A. (Wrl),Strakhova V. (Ukr),1.16,4.36,2,0,"ITF WOMEN - SINGLES: W50 Berkeley, CA (USA), hard",hard,WTA/Women,ITF,newer
r5fkkXs3,Preston J. (Usa),Ma C. (Usa),1.7,1.96,2,0,"ITF WOMEN - SINGLES: W50 Berkeley, CA (USA), hard",hard,WTA/Women,ITF,newer
29RLdW23,Brengle M. (Usa),Maklakova E. (Wrl),1.18,4.13,2,0,"ITF WOMEN - SINGLES: W50 Berkeley, CA (USA), hard",hard,WTA/Women,ITF,newer
6s6BGiKt,Perez Alarcon L. (Per),Goto R. (Jpn),1.7,1.96,2,0,"ITF WOMEN - SINGLES: W50 Berkeley, CA (USA), hard",hard,WTA/Women,ITF,newer
pjzcYePQ,Chang H. (Usa),Shcherbinina A. (Wrl),1.97,1.69,2,1,"ITF WOMEN - SINGLES: W50 Berkeley, CA (USA), hard",hard,WTA/Women,ITF,newer
I3EyWVOG,McDonald E. (Gbr),Broadus S. (Usa),2.39,1.49,2,0,"ITF WOMEN - SINGLES: W50 Berkeley, CA (USA), hard",hard,WTA/Women,ITF,newer
vk79EOAt,Malmkjaer E. K. (Den),Branstine C. (Can),6.35,1.06,2,1,"ITF WOMEN - SINGLES: W50 Berkeley, CA (USA), hard",hard,WTA/Women,ITF,newer
OKkuQIEG,Bartashevich Y. (Fra),Rogers A. S. (Usa),2.74,1.38,0,2,"ITF WOMEN - SINGLES: W50 Berkeley, CA (USA), hard",hard,WTA/Women,ITF,newer
p6tfDDlS,Day K. (Usa),Laskevich E. (Wrl),1.11,5.1,2,0,"ITF WOMEN - SINGLES: W50 Berkeley, CA (USA), hard",hard,WTA/Women,ITF,newer
YJhLGfsp,Itaya R. (Jpn),Hayasaka K. (Jpn),5.4,1.09,2,0,"ITF WOMEN - SINGLES: W50 Nanao (Japan), grass",grass,WTA/Women,ITF,newer
0zGpbzDc,Lu J. (Chn),Deng T. T. (Swe),1.33,2.95,0,2,"ITF WOMEN - SINGLES: W50 Nanao (Japan), grass",grass,WTA/Women,ITF,newer
lELMHtRp,Sawashiro K. (Jpn),Abe H. (Jpn),3.69,1.22,0,2,"ITF WOMEN - SINGLES: W50 Nanao (Japan), grass",grass,WTA/Women,ITF,newer
OU4lCQKt,Uemura M. (Jpn),Sato H. (Jpn),2.5,1.45,0,2,"ITF WOMEN - SINGLES: W50 Nanao (Japan), grass",grass,WTA/Women,ITF,newer
M1l3Cok5,Shimizu E. (Jpn),Onozawa N. (Jpn),1.07,6.2,2,0,"ITF WOMEN - SINGLES: W50 Nanao (Japan), grass",grass,WTA/Women,ITF,newer
GxDHr7LO,Hosogi S. (Jpn),Matsuda R. (Jpn),1.96,1.7,2,1,"ITF WOMEN - SINGLES: W50 Nanao (Japan), grass",grass,WTA/Women,ITF,newer
bRLp3Mff,Kawaguchi N. (Jpn),Ishii S. (Jpn),1.62,2.12,1,2,"ITF WOMEN - SINGLES: W50 Nanao (Japan), grass",grass,WTA/Women,ITF,newer
tQkT9nUa,Tamura K. (Jpn),Ozeki M. (Jpn),2.07,1.65,0,2,"ITF WOMEN - SINGLES: W50 Nanao (Japan), grass",grass,WTA/Women,ITF,newer
MLEY0Ox8,Hennemann C. W. (Swe),Maduzzi G. (Ita),1.33,2.95,2,0,"ITF WOMEN - SINGLES: W50 Plovdiv (Bulgaria), clay",clay,WTA/Women,ITF,newer
KGSR6btH,Maric D. (Srb),Mazzola A. (Ita),1.66,2.01,0,2,"ITF WOMEN - SINGLES: W50 Plovdiv (Bulgaria), clay",clay,WTA/Women,ITF,newer
xESdy3Ps,Mintegi Del Olmo A. (Esp),Zeltina B. (Lat),1.14,4.45,2,0,"ITF WOMEN - SINGLES: W50 Plovdiv (Bulgaria), clay",clay,WTA/Women,ITF,newer
Q597TZm1,Garnevska V. (Bul),Stankovic A. (Srb),5.8,1.08,0,2,"ITF WOMEN - SINGLES: W50 Plovdiv (Bulgaria), clay",clay,WTA/Women,ITF,newer
lrHjhLVo,Sakellaridi S. (Gre),Encheva L. (Bul),3.87,1.2,0,2,"ITF WOMEN - SINGLES: W50 Plovdiv (Bulgaria), clay",clay,WTA/Women,ITF,newer
6BoXKsu1,Yaneva E. (Bul),Mair L. (Ita),1.01,9.6,2,0,"ITF WOMEN - SINGLES: W50 Plovdiv (Bulgaria), clay",clay,WTA/Women,ITF,newer
2JdQDNY2,Ebeling Koning L. (Ned),Niemeier J. (Ger),1.62,2.12,2,0,"ITF WOMEN - SINGLES: W50 Plovdiv (Bulgaria), clay",clay,WTA/Women,ITF,newer
pW3v8OR0,Oz I. (Tur),Amariei I. D. (Rou),1.2,3.95,0,2,"ITF WOMEN - SINGLES: W50 Plovdiv (Bulgaria), clay",clay,WTA/Women,ITF,newer
rcbtAuYR,Appleton E. (Gbr),Lazarenko K. (Ukr),1.15,4.4,1,2,"ITF WOMEN - SINGLES: W50 Yecla (Spain), hard",hard,WTA/Women,ITF,newer
trmXfsz0,Cherubini D. (Ita),Garcia-Perez G. (Esp),1.71,1.95,1,2,"ITF WOMEN - SINGLES: W50 Yecla (Spain), hard",hard,WTA/Women,ITF,newer
xxHy1n4s,Tona M. (Ita),Berecoechea N. (Fra),2.63,1.41,0,2,"ITF WOMEN - SINGLES: W50 Yecla (Spain), hard",hard,WTA/Women,ITF,newer
2DwxSgFt,Lemaitre T. (Fra),Boskovic L. (Cro),2.66,1.4,2,0,"ITF WOMEN - SINGLES: W50 Yecla (Spain), hard",hard,WTA/Women,ITF,newer
EFFHcOeB,Pavlova K. (Wrl),Tomase E. (Lat),1.55,2.24,2,0,"ITF WOMEN - SINGLES: W50 Yecla (Spain), hard",hard,WTA/Women,ITF,newer
xCT0ReLh,Rouvroy M. (Fra),Gallardo Guevara C. (Esp),1.48,2.42,1,2,"ITF WOMEN - SINGLES: W50 Yecla (Spain), hard",hard,WTA/Women,ITF,newer
xIfAeQYO,Rojas S. C. (Usa),Fita Boluda A. (Esp),3.71,1.22,1,2,"ITF WOMEN - SINGLES: W50 Yecla (Spain), hard",hard,WTA/Women,ITF,newer
4rcgSPnR,Esquiva Banuls C. (Esp),Giaccio J. (Esp),1.33,2.95,2,0,"ITF WOMEN - SINGLES: W50 Yecla (Spain), hard",hard,WTA/Women,ITF,newer
pAxPA6XH,Quevedo K. (Esp),Podoroska N. (Arg),1.74,2.12,2,1,"WTA - SINGLES: Sao Paulo (Brazil), hard",hard,WTA/Women,ATP/WTA,expanded_20260925
ILuYNkiU,Yao X. (Chn),Joint M. (Aus),5.05,1.17,1,2,"WTA - SINGLES: Seoul (South Korea), hard",hard,WTA/Women,ATP/WTA,expanded_20260925
MRoTkGbE,Tararudee L. (Tha),Uchijima M. (Jpn),1.44,2.79,2,1,"WTA - SINGLES: Seoul (South Korea), hard",hard,WTA/Women,ATP/WTA,expanded_20260925
WKcdt3RH,Volynets K. (Usa),Kalieva E. (Usa),1.31,3.45,2,0,"WTA - SINGLES: Seoul (South Korea), hard",hard,WTA/Women,ATP/WTA,expanded_20260925
6H80X7rm,Korneeva A. (Wrl),Sawangkaew M. (Tha),1.45,2.75,2,0,"WTA - SINGLES: Seoul (South Korea), hard",hard,WTA/Women,ATP/WTA,expanded_20260925
SOlLdOBb,Rakhimova K. (Uzb),Kudermetova P. (Uzb),1.4,3.0,2,1,"WTA - SINGLES: Seoul (South Korea), hard",hard,WTA/Women,ATP/WTA,expanded_20260925
rHhYo7ct,Yuan Y. (Chn),Back D. (Kor),1.23,4.34,1,2,"WTA - SINGLES: Seoul (South Korea), hard",hard,WTA/Women,ATP/WTA,expanded_20260925
xrvIRXi5,Astakhova D. (Wrl),Linette M. (Pol),2.78,1.46,2,1,"WTA - SINGLES: Seoul (South Korea), hard",hard,WTA/Women,ATP/WTA,expanded_20260925
0S795rbM,Kasatkina D. (Aus),Sasnovich A. (Wrl),1.61,2.34,0,2,"WTA - SINGLES: Singapore (Singapore), hard (indoor)",indoor,WTA/Women,ATP/WTA,expanded_20260925
tIiFSbK8,Mladenovic K. (Fra),Hibino N. (Jpn),4.39,1.22,1,2,"WTA - SINGLES: Singapore (Singapore), hard (indoor)",indoor,WTA/Women,ATP/WTA,expanded_20260925
SE9174T9,Gibson T. (Aus),Ferro F. (Fra),1.59,2.4,2,0,"WTA - SINGLES: Singapore (Singapore), hard (indoor)",indoor,WTA/Women,ATP/WTA,expanded_20260925
vy2mb0jd,Sramkova R. (Svk),Chwalinska M. (Pol),2.78,1.46,0,2,"WTA - SINGLES: Singapore (Singapore), hard (indoor)",indoor,WTA/Women,ATP/WTA,expanded_20260925
zaZmPPDG,Okamura K. (Jpn),Fernandez L. (Can),15.5,1.02,0,2,"WTA - SINGLES: Singapore (Singapore), hard (indoor)",indoor,WTA/Women,ATP/WTA,expanded_20260925
6odL6Hck,Hunter S. (Aus),Garland J. (Tpe),2.12,1.74,1,2,"WTA - SINGLES: Singapore (Singapore), hard (indoor)",indoor,WTA/Women,ATP/WTA,expanded_20260925
2cBTGEY2,Villanueva G. (Arg),Justo G. I. (Arg),2.13,1.64,1,2,"CHALLENGER MEN - SINGLES: Buenos Aires 3 (Argentina), clay",clay,ATP/Men,Challenger,expanded_20260925
4CMtJqrS,Aguilar Cardozo J. (Uru),Del Pino M. (Arg),1.02,9.8,2,0,"CHALLENGER MEN - SINGLES: Buenos Aires 3 (Argentina) - Qualification, clay",clay,ATP/Men,Challenger,expanded_20260925
IyYvaOjd,Monferrer E. (Arg),Malla B. (Chi),6.05,1.08,0,2,"CHALLENGER MEN - SINGLES: Buenos Aires 3 (Argentina) - Qualification, clay",clay,ATP/Men,Challenger,expanded_20260925
2PNR4gNH,Aguilar Cardozo F. (Uru),Dickerson R. (Usa),1.64,2.13,2,0,"CHALLENGER MEN - SINGLES: Buenos Aires 3 (Argentina) - Qualification, clay",clay,ATP/Men,Challenger,expanded_20260925
Euq166bM,Rodriguez Taverna S. (Arg),Bruna N. (Chi),1.16,4.54,2,1,"CHALLENGER MEN - SINGLES: Buenos Aires 3 (Argentina) - Qualification, clay",clay,ATP/Men,Challenger,expanded_20260925
2VKGzxNi,Fernandez B. (Bra),Farjat T. (Arg),1.3,3.21,0,2,"CHALLENGER MEN - SINGLES: Buenos Aires 3 (Argentina) - Qualification, clay",clay,ATP/Men,Challenger,expanded_20260925
SlEtnupB,Aboian V. (Arg),Descotte M. F. (Arg),1.08,6.2,2,1,"CHALLENGER MEN - SINGLES: Buenos Aires 3 (Argentina) - Qualification, clay",clay,ATP/Men,Challenger,expanded_20260925
8teKHFpf,Aguilar Cardozo J. (Uru),Aguilar Cardozo F. (Uru),1.08,5.5,2,0,"CHALLENGER MEN - SINGLES: Buenos Aires 3 (Argentina) - Qualification, clay",clay,ATP/Men,Challenger,expanded_20260925
8W3d0c8j,Rodriguez Taverna S. (Arg),Tenti F. (Arg),1.21,3.96,2,0,"CHALLENGER MEN - SINGLES: Buenos Aires 3 (Argentina) - Qualification, clay",clay,ATP/Men,Challenger,expanded_20260925
UTrGFOR6,Dedura D. (Ger),Roca Batalla O. (Esp),1.44,2.59,0,2,"CHALLENGER MEN - SINGLES: Plovdiv 4 (Bulgaria), clay",clay,ATP/Men,Challenger,expanded_20260925
I7jUOS4K,Galan D. E. (Col),Hemery C. (Fra),1.6,2.2,1,2,"CHALLENGER MEN - SINGLES: Plovdiv 4 (Bulgaria), clay",clay,ATP/Men,Challenger,expanded_20260925
2edND2dJ,Alcala Gurri M. (Esp),Coulibaly E. (Ivo),1.13,4.9,2,0,"CHALLENGER MEN - SINGLES: Plovdiv 4 (Bulgaria), clay",clay,ATP/Men,Challenger,expanded_20260925
dGp8Hpcf,Hassan B. (Leb),Martin Tiffon P. (Esp),2.3,1.55,1,2,"CHALLENGER MEN - SINGLES: Plovdiv 4 (Bulgaria), clay",clay,ATP/Men,Challenger,expanded_20260925
Q3GyXSTp,Almazan Valiente I. (Esp),Lazarov G. (Bul),1.54,2.32,2,0,"CHALLENGER MEN - SINGLES: Plovdiv 4 (Bulgaria) - Qualification, clay",clay,ATP/Men,Challenger,expanded_20260925
6g82HsVj,Misolic F. (Aut),Gima S. (Rou),1.13,4.9,1,2,"CHALLENGER MEN - SINGLES: Plovdiv 4 (Bulgaria) - Qualification, clay",clay,ATP/Men,Challenger,expanded_20260925
Ys5OJC7l,Wiedenmann L. (Ger),Milev Y. (Bul),2.3,1.55,0,2,"CHALLENGER MEN - SINGLES: Plovdiv 4 (Bulgaria) - Qualification, clay",clay,ATP/Men,Challenger,expanded_20260925
f1sLHxZ2,Tsitsipas Pa. (Gre),Mashtakov N. (Ukr),5.4,1.11,0,2,"CHALLENGER MEN - SINGLES: Plovdiv 4 (Bulgaria) - Qualification, clay",clay,ATP/Men,Challenger,expanded_20260925
08T8kpGM,Obradovic D. (Srb),Andreev A. (Bul),2.62,1.43,0,2,"CHALLENGER MEN - SINGLES: Plovdiv 4 (Bulgaria) - Qualification, clay",clay,ATP/Men,Challenger,expanded_20260925
tUBxiNXp,Dinev D. (Bul),Dietrich D. (Sui),9.3,1.02,0,2,"CHALLENGER MEN - SINGLES: San Diego 2 (USA), hard",hard,ATP/Men,Challenger,expanded_20260925
S6PJoSe5,Shick B. (Usa),Maloney P. (Usa),1.33,3.05,0,2,"CHALLENGER MEN - SINGLES: San Diego 2 (USA), hard",hard,ATP/Men,Challenger,expanded_20260925
YNbOEQPi,Smith K. (Usa),Winter E. (Aus),1.56,2.27,2,1,"CHALLENGER MEN - SINGLES: San Diego 2 (USA), hard",hard,ATP/Men,Challenger,expanded_20260925
G4wkoHqB,Ostapenkov D. (Wrl),Vandecasteele Q. (Usa),3.27,1.29,2,1,"CHALLENGER MEN - SINGLES: San Diego 2 (USA) - Qualification, hard",hard,ATP/Men,Challenger,expanded_20260925
nqCVp8kS,Lofman A. (Fin),Zhu E. (Usa),6.45,1.07,0,2,"CHALLENGER MEN - SINGLES: San Diego 2 (USA) - Qualification, hard",hard,ATP/Men,Challenger,expanded_20260925
dxle1TZ8,Johnson A. (Usa),Gorzny S. (Usa),2.73,1.4,0,2,"CHALLENGER MEN - SINGLES: San Diego 2 (USA) - Qualification, hard",hard,ATP/Men,Challenger,expanded_20260925
4r19wQs2,Legout T. (Fra),King D. (Bar),1.07,6.6,2,0,"CHALLENGER MEN - SINGLES: San Diego 2 (USA) - Qualification, hard",hard,ATP/Men,Challenger,expanded_20260925
65AFljj3,Mayo A. (Usa),Lee J. (Usa),1.41,2.69,2,0,"CHALLENGER MEN - SINGLES: San Diego 2 (USA) - Qualification, hard",hard,ATP/Men,Challenger,expanded_20260925
vyWCslUb,Ayeni A. (Usa),Zhu E. (Usa),2.03,1.68,0,2,"CHALLENGER MEN - SINGLES: San Diego 2 (USA) - Qualification, hard",hard,ATP/Men,Challenger,expanded_20260925
MqVY7jsB,Baris O. (Usa),Rybakov A. (Usa),1.54,2.32,2,1,"CHALLENGER MEN - SINGLES: San Diego 2 (USA) - Qualification, hard",hard,ATP/Men,Challenger,expanded_20260925
SKAwtygf,Vrba J. (Cze),Johnson S. (Usa),4.65,1.15,0,2,"CHALLENGER MEN - SINGLES: San Diego 2 (USA) - Qualification, hard",hard,ATP/Men,Challenger,expanded_20260925
UmJbYqio,Mayo A. (Usa),Gorzny S. (Usa),1.84,1.84,0,2,"CHALLENGER MEN - SINGLES: San Diego 2 (USA) - Qualification, hard",hard,ATP/Men,Challenger,expanded_20260925
n1ZKuSbB,Legout T. (Fra),Ostapenkov D. (Wrl),1.18,4.29,2,0,"CHALLENGER MEN - SINGLES: San Diego 2 (USA) - Qualification, hard",hard,ATP/Men,Challenger,expanded_20260925
4Qk1giSH,Fenty A. (Usa),Arutiunian E. (Wrl),1.89,1.79,0,2,"CHALLENGER MEN - SINGLES: San Diego 2 (USA) - Qualification, hard",hard,ATP/Men,Challenger,expanded_20260925
hKF2Re06,Guerrieri A. (Ita),Maestrelli F. (Ita),1.57,2.25,2,1,"CHALLENGER MEN - SINGLES: St. Tropez (France), hard",hard,ATP/Men,Challenger,expanded_20260925
K6HfTHVg,Goffin D. (Bel),Lajal M. (Est),3.73,1.23,0,2,"CHALLENGER MEN - SINGLES: St. Tropez (France), hard",hard,ATP/Men,Challenger,expanded_20260925
CfF6icSQ,Domenc M. (Fra),Jade D. (Fra),2.89,1.36,1,2,"CHALLENGER MEN - SINGLES: St. Tropez (France) - Qualification, hard",hard,ATP/Men,Challenger,expanded_20260925
2adfa0re,Janvier M. (Fra),Masur D. (Ger),2.39,1.51,0,2,"CHALLENGER MEN - SINGLES: St. Tropez (France) - Qualification, hard",hard,ATP/Men,Challenger,expanded_20260925
QwHbgJcE,Martineau M. (Fra),Boulais J. (Can),1.5,2.42,2,0,"CHALLENGER MEN - SINGLES: St. Tropez (France) - Qualification, hard",hard,ATP/Men,Challenger,expanded_20260925
Wp3Kvcxo,Grenier H. (Fra),Ursu V. (Ukr),1.22,3.84,2,0,"CHALLENGER MEN - SINGLES: St. Tropez (France) - Qualification, hard",hard,ATP/Men,Challenger,expanded_20260925
fs5q3I2C,Echargui M. (Tun),Poling K. (Usa),1.31,3.15,2,0,"CHALLENGER MEN - SINGLES: St. Tropez (France) - Qualification, hard",hard,ATP/Men,Challenger,expanded_20260925
hzK28Dvh,Cassone M. (Usa),Zahraj P. (Ger),1.23,3.74,2,0,"CHALLENGER MEN - SINGLES: St. Tropez (France) - Qualification, hard",hard,ATP/Men,Challenger,expanded_20260925
p2dPUeaU,Blanch Dar. (Usa),Mmoh M. (Usa),1.83,1.85,2,1,"CHALLENGER MEN - SINGLES: Tiburon (USA), hard",hard,ATP/Men,Challenger,expanded_20260925
6DbdwPiA,Hruncakova V. (Svk),Iatcenko P. (Wrl),2.24,1.59,1,2,"CHALLENGER WOMEN - SINGLES: Ankara (Turkey), hard",hard,WTA/Women,Challenger,expanded_20260925
GQtxj2yG,Falei A. (Wrl),Tian F. (Chn),1.5,2.42,0,2,"CHALLENGER WOMEN - SINGLES: Ankara (Turkey), hard",hard,WTA/Women,Challenger,expanded_20260925
rPhGFLHU,Gjorcheska L. (Mkd),Zaytseva K. (Wrl),2.47,1.48,1,2,"CHALLENGER WOMEN - SINGLES: Ankara (Turkey), hard",hard,WTA/Women,Challenger,expanded_20260925
YPVFrKTk,Mert A. (Tur),Shinikova I. (Bul),2.23,1.58,2,1,"CHALLENGER WOMEN - SINGLES: Ankara (Turkey), hard",hard,WTA/Women,Challenger,expanded_20260925
2TBCbB7j,Naito Y. (Jpn),Aksu A. (Tur),2.31,1.62,0,2,"CHALLENGER WOMEN - SINGLES: Ankara (Turkey), hard",hard,WTA/Women,Challenger,expanded_20260925
nTN3kAdt,Vogt M. (Ger),Yashina E. (Wrl),1.25,3.74,2,0,"CHALLENGER WOMEN - SINGLES: Ankara (Turkey) - Qualification, hard",hard,WTA/Women,Challenger,expanded_20260925
KtMBmlRh,Egorova D. (Wrl),Ercan M. (Aus),1.13,4.9,2,0,"CHALLENGER WOMEN - SINGLES: Ankara (Turkey) - Qualification, hard",hard,WTA/Women,Challenger,expanded_20260925
GOindzWo,Zaytseva K. (Wrl),Yoruk I. (Tur),1.01,9.35,1,2,"CHALLENGER WOMEN - SINGLES: Ankara (Turkey) - Qualification, hard",hard,WTA/Women,Challenger,expanded_20260925
thGZZqFq,Falkowska W. (Pol),Smith A. (Usa),1.45,2.64,2,0,"CHALLENGER WOMEN - SINGLES: Ankara (Turkey) - Qualification, hard",hard,WTA/Women,Challenger,expanded_20260925
GtZ6Qxsf,Koevermans A. (Ned),Akli A. (Usa),1.52,2.54,0,2,"CHALLENGER WOMEN - SINGLES: Porto (Portugal), hard",hard,WTA/Women,Challenger,expanded_20260925
KWjYTBmn,Cabrera L. (Aus),Kraus S. (Aut),4.1,1.2,0,2,"CHALLENGER WOMEN - SINGLES: Porto (Portugal), hard",hard,WTA/Women,Challenger,expanded_20260925
fizNMftJ,Rinaldo Persson K. (Swe),Tomai C. (Por),1.01,10.5,2,0,"CHALLENGER WOMEN - SINGLES: Porto (Portugal), hard",hard,WTA/Women,Challenger,expanded_20260925
I9sSIouo,Bandecchi S. (Sui),Dodin O. (Fra),1.32,3.09,1,2,"CHALLENGER WOMEN - SINGLES: Porto (Portugal), hard",hard,WTA/Women,Challenger,expanded_20260925
EiV0i6oA,Johnson S. (Gbr),Brantmeier R. (Usa),2.45,1.49,0,2,"CHALLENGER WOMEN - SINGLES: Porto (Portugal) - Qualification, hard",hard,WTA/Women,Challenger,expanded_20260925
COUp0zUs,Collins K. (Usa),Steiner V. (Ger),1.28,3.35,1,2,"CHALLENGER WOMEN - SINGLES: Porto (Portugal) - Qualification, hard",hard,WTA/Women,Challenger,expanded_20260925
rgOOe6K5,Voloshchuk A. (Por),Arseneault A. (Can),1.56,2.27,2,0,"CHALLENGER WOMEN - SINGLES: Porto (Portugal) - Qualification, hard",hard,WTA/Women,Challenger,expanded_20260925
OtXxm6CE,Yamalapalli S. (Ind),Bains N. (Gbr),2.15,1.63,0,2,"CHALLENGER WOMEN - SINGLES: Porto (Portugal) - Qualification, hard",hard,WTA/Women,Challenger,expanded_20260925
ve6vgvvC,Maristany G. (Esp),Papamichail D. (Gre),1.14,4.75,2,0,"CHALLENGER WOMEN - SINGLES: Tolentino (Italy), clay",clay,WTA/Women,Challenger,expanded_20260925
C84niI8O,Ristic M. (Srb),Rus A. (Ned),1.6,2.2,2,1,"CHALLENGER WOMEN - SINGLES: Tolentino (Italy), clay",clay,WTA/Women,Challenger,expanded_20260925
hxqiKGxB,Hercog P. (Slo),Romero Gormaz L. (Esp),2.42,1.57,1,2,"CHALLENGER WOMEN - SINGLES: Tolentino (Italy), clay",clay,WTA/Women,Challenger,expanded_20260925
QksaIf7N,Urgesi F. (Ita),Selekhmeteva O. (Esp),2.54,1.52,1,2,"CHALLENGER WOMEN - SINGLES: Tolentino (Italy), clay",clay,WTA/Women,Challenger,expanded_20260925
URqK5HNH,Samson L. (Cze),Basiletti N. (Ita),1.4,2.97,0,2,"CHALLENGER WOMEN - SINGLES: Tolentino (Italy), clay",clay,WTA/Women,Challenger,expanded_20260925
WjKvpOwp,Zaar L. (Swe),Chiesa E. (Ita),1.15,4.94,2,1,"CHALLENGER WOMEN - SINGLES: Tolentino (Italy) - Qualification, clay",clay,WTA/Women,Challenger,expanded_20260925
KlYhbEbf,Spiteri D. (Ita),Primorac I. (Cro),1.95,1.8,2,0,"CHALLENGER WOMEN - SINGLES: Tolentino (Italy) - Qualification, clay",clay,WTA/Women,Challenger,expanded_20260925
t0SWyt4D,Pieri J. (Ita),Kucmova A. (Cze),2.01,1.75,2,0,"CHALLENGER WOMEN - SINGLES: Tolentino (Italy) - Qualification, clay",clay,WTA/Women,Challenger,expanded_20260925
nH1y5vYa,Laboutkova A. (Cze),Tsygourova K. (Sui),1.68,2.11,0,2,"CHALLENGER WOMEN - SINGLES: Tolentino (Italy) - Qualification, clay",clay,WTA/Women,Challenger,expanded_20260925
KhnCCPz2,Frydrych V. (Gbr),Bernet H. (Sui),9.5,1.01,0,2,"ITF MEN - SINGLES: M25 Falun (Sweden), hard (indoor)",indoor,ATP/Men,ITF,expanded_20260925
zqJOYFi4,Vasa I. (Fin),Nanobashvili Saba G. (Swe),1.13,4.65,2,0,"ITF MEN - SINGLES: M25 Falun (Sweden), hard (indoor)",indoor,ATP/Men,ITF,expanded_20260925
jeTyTpLr,Ryden V. (Swe),Sigsgaard C. (Den),4.8,1.12,1,2,"ITF MEN - SINGLES: M25 Falun (Sweden), hard (indoor)",indoor,ATP/Men,ITF,expanded_20260925
OMtqROke,Rejchtman Vinciguerra W. (Swe),Simonsson J. (Swe),1.36,2.82,2,1,"ITF MEN - SINGLES: M25 Falun (Sweden), hard (indoor)",indoor,ATP/Men,ITF,expanded_20260925
x8Dt4qVF,Vanshelboim E. (Ukr),Bracci V. (Ita),1.01,9.4,2,0,"ITF MEN - SINGLES: M25 Santa Margherita di Pula 8 (Italy), clay",clay,ATP/Men,ITF,expanded_20260925
WAAY5503,de Marchi A. (Ita),Cocola S. (Ita),1.27,3.31,2,1,"ITF MEN - SINGLES: M25 Santa Margherita di Pula 8 (Italy), clay",clay,ATP/Men,ITF,expanded_20260925
44Inr28d,Baragiola Mordini T. C. (Ita),Carboni L. (Ita),3.99,1.19,0,2,"ITF MEN - SINGLES: M25 Santa Margherita di Pula 8 (Italy), clay",clay,ATP/Men,ITF,expanded_20260925
ALBl2NaS,McCormick T. (Usa),Johns G. (Usa),2.95,1.33,0,2,"ITF MEN - SINGLES: M25 Santa Margherita di Pula 8 (Italy), clay",clay,ATP/Men,ITF,expanded_20260925
bXhRwVq3,Van De Zandschulp B. (Ned),Rodriguez J. A. (Col),1.01,9.7,2,1,,unknown,ATP/Men,Other,expanded_20260925
Eq3vYaDs,Moller E. (Den),Dimitrov G. (Bul),4.02,1.25,1,2,,unknown,ATP/Men,Other,expanded_20260925
WpiZy9EF,Griekspoor T. (Ned),Mejia N. (Col),1.13,6.17,2,0,,unknown,ATP/Men,Other,expanded_20260925
lny5kvZ1,Virtanen O. (Fin),Catarina L. (Mon),1.02,16.0,2,0,,unknown,ATP/Men,Other,expanded_20260925
xxw7wjQ0,Ruud C. (Nor),Te R. (Chn),1.01,9.7,2,0,,unknown,ATP/Men,Other,expanded_20260925
t8dJSYBr,Van Herck L. (Lux),Marozsan F. (Hun),17.0,1.01,0,2,,unknown,ATP/Men,Other,expanded_20260925
GhTjDsR8,Vasa E. (Fin),Vacherot V. (Mon),10.3,1.03,0,2,,unknown,ATP/Men,Other,expanded_20260925
nc1nWwrf,Rune H. (Den),Radulov I. (Bul),1.19,4.92,2,0,,unknown,ATP/Men,Other,expanded_20260925
n5aRQCte,Knaff A. (Lux),Piros Z. (Hun),10.3,1.05,0,2,,unknown,ATP/Men,Other,expanded_20260925
p2tFyUfD,Budkov Kjaer N. (Nor),Cui J. (Chn),1.03,12.4,2,1,,unknown,ATP/Men,Other,expanded_20260925
zyNEawFa,Fonseca J. (Bra),Stricker D. (Sui),1.26,3.91,2,1,,unknown,ATP/Men,Other,expanded_20260925
r1QMcHqC,Heide G. (Bra),Wawrinka S. (Sui),2.51,1.54,2,1,,unknown,ATP/Men,Other,expanded_20260925
bJN6ssAD,Buse I. (Per),Escurra Isnardi H. J. (Par),1.02,15.5,2,1,,unknown,ATP/Men,Other,expanded_20260925
A5yvAgQb,Trismuwantara G. (Ina),Cretu C. (Rou),7.19,1.1,0,2,ATP - SINGLES: Davis Cup - World Group II (World),unknown,ATP/Men,ATP/WTA,expanded_20260925
0vvacGtg,Shevchenko A. (Kaz),Jones M. (Tha),1.12,6.48,2,1,ATP - SINGLES: Davis Cup - World Group II (World),unknown,ATP/Men,ATP/WTA,expanded_20260925
rJZo8XfB,Da Costa R. (Ina),Papoe R. M. (Rou),12.9,1.03,1,2,ATP - SINGLES: Davis Cup - World Group II (World),unknown,ATP/Men,ATP/WTA,expanded_20260925
p6Y0MNFL,Dougaz A. (Tun),Shoaib M. (Pak),1.15,5.72,2,0,ATP - SINGLES: Davis Cup - World Group II (World),unknown,ATP/Men,ATP/WTA,expanded_20260925
nex7efB5,Skatov T. (Kaz),Samrej K. (Tha),1.41,2.61,2,0,ATP - SINGLES: Davis Cup - World Group II (World),unknown,ATP/Men,ATP/WTA,expanded_20260925
Kr5mjaZP,Artnak B. (Slo),Vales A. (Isr),1.23,4.26,2,0,ATP - SINGLES: Davis Cup - World Group II (World),unknown,ATP/Men,ATP/WTA,expanded_20260925
OESvFu8e,Echargui M. (Tun),Murtaza M. (Pak),1.01,16.5,2,0,ATP - SINGLES: Davis Cup - World Group II (World),unknown,ATP/Men,ATP/WTA,expanded_20260925
jReJpwcm,Planinsek F. J. (Slo),Kimhi O. (Isr),1.31,3.54,2,0,ATP - SINGLES: Davis Cup - World Group II (World),unknown,ATP/Men,ATP/WTA,expanded_20260925
MFPuaUCk,Cid Subervi R. (Dom),Elsayed A. (Egy),1.35,3.25,2,0,ATP - SINGLES: Davis Cup - World Group II (World),unknown,ATP/Men,ATP/WTA,expanded_20260925
UuTmc8s2,Hardt N. (Dom),Mabrouk K. (Egy),1.02,15.0,2,0,ATP - SINGLES: Davis Cup - World Group II (World),unknown,ATP/Men,ATP/WTA,expanded_20260925
r1lhZMBG,Aguilar Cardozo J. (Uru),Molder M. (Est),1.07,8.6,2,0,ATP - SINGLES: Davis Cup - World Group II (World),unknown,ATP/Men,ATP/WTA,expanded_20260925
I3EMAWFG,Kwon S. (Kor),Suresh D. (Ind),1.58,2.23,2,1,ATP - SINGLES: Davis Cup - World Group (World) - Qualification,unknown,ATP/Men,ATP/WTA,expanded_20260925
QTHU8ApT,Chung H. (Kor),Nagal S. (Ind),2.62,1.43,2,1,ATP - SINGLES: Davis Cup - World Group (World) - Qualification,unknown,ATP/Men,ATP/WTA,expanded_20260925
EmT9CXT6,Rodionov J. (Aut),Onclin G. (Bel),1.34,2.99,2,0,ATP - SINGLES: Davis Cup - World Group (World) - Qualification,unknown,ATP/Men,ATP/WTA,expanded_20260925
tEDgPVU9,Mensik J. (Cze),Tien L. (Usa),1.63,2.15,0,2,ATP - SINGLES: Davis Cup - World Group (World) - Qualification,unknown,ATP/Men,ATP/WTA,expanded_20260925
MDWHABbJ,Neumayer L. (Aut),Bergs Z. (Bel),2.69,1.41,1,2,ATP - SINGLES: Davis Cup - World Group (World) - Qualification,unknown,ATP/Men,ATP/WTA,expanded_20260925
lvH1N9aM,Lehecka J. (Cze),Shelton B. (Usa),2.29,1.55,2,0,ATP - SINGLES: Davis Cup - World Group (World) - Qualification,unknown,ATP/Men,ATP/WTA,expanded_20260925
lIsv2CoK,Draxl L. (Can),Rinderknech A. (Fra),3.73,1.23,2,0,ATP - SINGLES: Davis Cup - World Group (World) - Qualification,unknown,ATP/Men,ATP/WTA,expanded_20260925
63Jb1PxR,Kostyuk M. (Ukr),Samsonova L. (Wrl),1.27,3.96,1,2,"WTA - SINGLES: Guadalajara (Mexico), hard",hard,WTA/Women,ATP/WTA,expanded_20260925
4l0iHy0B,Stearns P. (Usa),Stephens S. (Usa),1.56,2.49,2,0,"WTA - SINGLES: Guadalajara (Mexico), hard",hard,WTA/Women,ATP/WTA,expanded_20260925
KMon5xbT,Kostovic T. (Srb),Quevedo K. (Esp),2.22,1.68,0,2,"WTA - SINGLES: Sao Paulo (Brazil), hard",hard,WTA/Women,ATP/WTA,expanded_20260925
jgKbq3u1,Blinkova A. (Fra),Charaeva A. (Arm),1.54,2.53,2,0,"WTA - SINGLES: Sao Paulo (Brazil), hard",hard,WTA/Women,ATP/WTA,expanded_20260925
MFqhEZEG,Stoiana M. (Usa),Badosa P. (Esp),3.16,1.37,0,2,"WTA - SINGLES: Sao Paulo (Brazil), hard",hard,WTA/Women,ATP/WTA,expanded_20260925
2elc69hC,Podoroska N. (Arg),Lamens S. (Ned),1.82,1.97,2,1,"WTA - SINGLES: Sao Paulo (Brazil), hard",hard,WTA/Women,ATP/WTA,expanded_20260925
jwMJ9E6d,Barrena A. (Arg),Martin Manzano J. C. (Ita),1.49,2.45,2,0,"CHALLENGER MEN - SINGLES: Biella (Italy), clay",clay,ATP/Men,Challenger,expanded_20260925
SWzsbgWA,Brunold M. (Sui),Caniato C. A. (Ita),1.35,2.94,1,2,"CHALLENGER MEN - SINGLES: Biella (Italy), clay",clay,ATP/Men,Challenger,expanded_20260925
QyUoenME,Clarke J. (Gbr),Gill F. (Gbr),2.03,1.68,2,1,"CHALLENGER MEN - SINGLES: Biella (Italy), clay",clay,ATP/Men,Challenger,expanded_20260925
YmzkWWeM,Moro Canas A. (Esp),Roca Batalla O. (Esp),1.65,2.11,2,0,"CHALLENGER MEN - SINGLES: Biella (Italy), clay",clay,ATP/Men,Challenger,expanded_20260925
drccYcBO,Ymer E. (Swe),Sharipov M. (Wrl),2.73,1.4,0,2,"CHALLENGER MEN - SINGLES: Guangzhou 2 (China), hard",hard,ATP/Men,Challenger,expanded_20260925
ttfuTtO0,Leong M. W. K. (Mys),Bar Biryukov P. (Wrl),1.68,2.03,1,2,"CHALLENGER MEN - SINGLES: Guangzhou 2 (China), hard",hard,ATP/Men,Challenger,expanded_20260925
fLuFgYuI,Tomic B. (Aus),Binda A. (Ita),1.14,4.8,2,0,"CHALLENGER MEN - SINGLES: Guangzhou 2 (China), hard",hard,ATP/Men,Challenger,expanded_20260925
rHE8wePF,Kotov P. (Wrl),Noguchi R. (Jpn),1.39,2.77,2,0,"CHALLENGER MEN - SINGLES: Guangzhou 2 (China), hard",hard,ATP/Men,Challenger,expanded_20260925
IREw6xr1,Dellavedova M. (Aus),Heck H. (Usa),1.34,3.05,0,2,"CHALLENGER MEN - SINGLES: Phan Thiet 4 (Vietnam), hard",hard,ATP/Men,Challenger,expanded_20260925
vyj2eCSQ,Hewitt C. (Aus),Simakin I. (Wrl),3.35,1.28,0,2,"CHALLENGER MEN - SINGLES: Phan Thiet 4 (Vietnam), hard",hard,ATP/Men,Challenger,expanded_20260925
I3tdyWJc,Kouame M. (Fra),Bax F. (Fra),1.2,4.05,2,0,"CHALLENGER MEN - SINGLES: Phan Thiet 4 (Vietnam), hard",hard,ATP/Men,Challenger,expanded_20260925
0ODkJPBs,Pacheco Mendez R. (Mex),Sekulic P. (Aus),1.28,3.35,2,0,"CHALLENGER MEN - SINGLES: Phan Thiet 4 (Vietnam), hard",hard,ATP/Men,Challenger,expanded_20260925
hGNEZHm1,Gojo B. (Cro),Martineau M. (Fra),1.27,3.41,2,0,"CHALLENGER MEN - SINGLES: Rennes (France), hard (indoor)",indoor,ATP/Men,Challenger,expanded_20260925
Ofdg0UMF,Mayot H. (Fra),Chidekh C. (Fra),2.3,1.55,2,0,"CHALLENGER MEN - SINGLES: Rennes (France), hard (indoor)",indoor,ATP/Men,Challenger,expanded_20260925
Iex7uDjt,Bobichon M. (Fra),Schoolkate T. (Aus),3.94,1.21,0,2,"CHALLENGER MEN - SINGLES: Rennes (France), hard (indoor)",indoor,ATP/Men,Challenger,expanded_20260925
z9n54mNO,Gojo B. (Cro),Droguet T. (Fra),2.1,1.66,1,2,"CHALLENGER MEN - SINGLES: Rennes (France), hard (indoor)",indoor,ATP/Men,Challenger,expanded_20260925
Qyx9P7M8,Maestrelli F. (Ita),Gueymard Wayenburg S. (Fra),2.62,1.43,0,2,"CHALLENGER MEN - SINGLES: Rennes (France), hard (indoor)",indoor,ATP/Men,Challenger,expanded_20260925
zDMJMNYg,Dedura D. (Ger),Monteiro T. (Bra),1.74,1.95,0,2,"CHALLENGER MEN - SINGLES: Szczecin (Poland), clay",clay,ATP/Men,Challenger,expanded_20260925
zy5RzzmL,Cecchinato M. (Ita),Trungelliti M. (Arg),2.22,1.59,0,2,"CHALLENGER MEN - SINGLES: Szczecin (Poland), clay",clay,ATP/Men,Challenger,expanded_20260925
YRWGAWck,Gentzsch T. (Ger),Mikrut L. (Cro),1.76,1.93,1,2,"CHALLENGER MEN - SINGLES: Szczecin (Poland), clay",clay,ATP/Men,Challenger,expanded_20260925
x0uHUfac,Sanchez Izquierdo N. (Esp),Kolar Z. (Cze),1.59,2.22,2,0,"CHALLENGER MEN - SINGLES: Szczecin (Poland), clay",clay,ATP/Men,Challenger,expanded_20260925
Ymr7y0nJ,Zheng M. (Usa),Svajda T. (Usa),1.27,3.41,2,0,"CHALLENGER MEN - SINGLES: Tiburon (USA), hard",hard,ATP/Men,Challenger,expanded_20260925
t8bW2znK,Blanch Dar. (Usa),Nakashima B. (Usa),1.47,2.5,2,0,"CHALLENGER MEN - SINGLES: Tiburon (USA), hard",hard,ATP/Men,Challenger,expanded_20260925
KYZpHQ6U,Zheng M. (Usa),Krueger M. (Usa),1.08,6.2,2,0,"CHALLENGER MEN - SINGLES: Tiburon (USA), hard",hard,ATP/Men,Challenger,expanded_20260925
dz78lntf,Shelbayh A. (Jor),Mmoh M. (Usa),2.22,1.59,0,2,"CHALLENGER MEN - SINGLES: Tiburon (USA), hard",hard,ATP/Men,Challenger,expanded_20260925
UVNQ293l,Pohankova M. (Svk),Collins K. (Usa),1.25,3.57,2,0,"CHALLENGER WOMEN - SINGLES: Caldas da Rainha (Portugal), hard",hard,WTA/Women,Challenger,expanded_20260925
QwNkaPmT,Rapolu M. (Usa),Knutson G. (Cze),2.31,1.62,1,2,"CHALLENGER WOMEN - SINGLES: Caldas da Rainha (Portugal), hard",hard,WTA/Women,Challenger,expanded_20260925
IN2NzFVN,Vandromme J. (Bel),Jorge F. (Por),1.32,3.09,2,1,"CHALLENGER WOMEN - SINGLES: Caldas da Rainha (Portugal), hard",hard,WTA/Women,Challenger,expanded_20260925
M1liUJqI,Bandecchi S. (Sui),Pigato L. (Ita),1.48,2.68,1,2,"CHALLENGER WOMEN - SINGLES: Caldas da Rainha (Portugal), hard",hard,WTA/Women,Challenger,expanded_20260925
bBDrYxs0,Barthel M. (Ger),Ristic M. (Srb),2.04,1.78,2,0,"CHALLENGER WOMEN - SINGLES: Ljubljana (Slovenia), clay",clay,WTA/Women,Challenger,expanded_20260925
lSjz1JcK,Basiletti N. (Ita),Gorgodze E. (Geo),1.7,2.15,2,0,"CHALLENGER WOMEN - SINGLES: Ljubljana (Slovenia), clay",clay,WTA/Women,Challenger,expanded_20260925
nwVV1E04,Sobolieva A. (Ukr),Samson L. (Cze),2.01,1.81,0,2,"CHALLENGER WOMEN - SINGLES: Ljubljana (Slovenia), clay",clay,WTA/Women,Challenger,expanded_20260925
4lQwLoWN,De Stefano S. (Ita),Tubello A. (Fra),1.83,1.98,2,1,"CHALLENGER WOMEN - SINGLES: Ljubljana (Slovenia), clay",clay,WTA/Women,Challenger,expanded_20260925
AL1BKSLq,Burel C. (Fra),Maristany G. (Esp),1.53,2.47,2,0,"CHALLENGER WOMEN - SINGLES: Valencia (Spain), clay",clay,WTA/Women,Challenger,expanded_20260925
WMtrxtCa,Kabbaj Y. (Mar),Papamichail D. (Gre),1.74,2.07,2,0,"CHALLENGER WOMEN - SINGLES: Valencia (Spain), clay",clay,WTA/Women,Challenger,expanded_20260925
SMm4aDQE,Burillo Escorihuela I. (Esp),Herrero Linana A. (Esp),2.03,1.77,0,2,"CHALLENGER WOMEN - SINGLES: Valencia (Spain), clay",clay,WTA/Women,Challenger,expanded_20260925
KdSboIJG,Lazaro Garcia A. (Esp),Steur J. L. S. (Ger),1.58,2.34,1,2,"CHALLENGER WOMEN - SINGLES: Valencia (Spain), clay",clay,WTA/Women,Challenger,expanded_20260925
4boSzNCm,Saraiva Dos Santos P. A. (Bra),Ortenblad Nogueira H. (Bra),1.02,13.0,2,0,"ITF MEN - SINGLES: M15 Belem (Brazil), hard",hard,ATP/Men,ITF,expanded_20260925
COlzZ0s0,Zanellato N. (Bra),Goncalves V. (Bra),1.88,1.76,2,1,"ITF MEN - SINGLES: M15 Belem (Brazil), hard",hard,ATP/Men,ITF,expanded_20260925
AaMGmbs9,Osorio J. S. (Col),Sakamoto P. (Bra),2.63,1.41,2,1,"ITF MEN - SINGLES: M15 Belem (Brazil), hard",hard,ATP/Men,ITF,expanded_20260925
IPPOoxCL,Bini V. (Bra),de Carvalho Damazio L. E. (Bra),2.29,1.53,0,2,"ITF MEN - SINGLES: M15 Belem (Brazil), hard",hard,ATP/Men,ITF,expanded_20260925
IqCsiXm1,Saraiva Dos Santos P. A. (Bra),Schenekenberg G. (Bra),1.07,6.0,2,0,"ITF MEN - SINGLES: M15 Belem (Brazil), hard",hard,ATP/Men,ITF,expanded_20260925
pWDZhgJl,Zanellato N. (Bra),Sverzut Corsini L. (Bra),1.13,4.65,2,0,"ITF MEN - SINGLES: M15 Belem (Brazil), hard",hard,ATP/Men,ITF,expanded_20260925
UDGk9Thm,Bertimon C. (Fra),Gretskiy I. (Wrl),1.44,2.53,2,0,"ITF MEN - SINGLES: M15 Hurghada 9 (Egypt), hard",hard,ATP/Men,ITF,expanded_20260925
2REc77Na,Brancatelli G. T. (Usa),Ivanov S. (Wrl),1.64,2.09,0,2,"ITF MEN - SINGLES: M15 Hurghada 9 (Egypt), hard",hard,ATP/Men,ITF,expanded_20260925
lrD55ohC,Duhan C. (Ind),Hurrion M. (Gbr),4.8,1.12,0,2,"ITF MEN - SINGLES: M15 Hurghada 9 (Egypt), hard",hard,ATP/Men,ITF,expanded_20260925
8vjqvu65,Cordoba C. (Esp),Rojas C. (Esp),1.03,7.6,2,0,"ITF MEN - SINGLES: M15 Melilla (Spain), clay",clay,ATP/Men,ITF,expanded_20260925
G4gixJzI,Sheyngezikht L. (Bul),Marino P. (Ita),2.36,1.5,0,2,"ITF MEN - SINGLES: M15 Melilla (Spain), clay",clay,ATP/Men,ITF,expanded_20260925
2NvAnn4N,Figl M. (Ita),Rapagnetta D. (Ita),4.18,1.17,0,2,"ITF MEN - SINGLES: M15 Melilla (Spain), clay",clay,ATP/Men,ITF,expanded_20260925
MqwfjU4b,Turriziani Alvarez A. (Esp),Fabre A. (Fra),1.56,2.22,2,1,"ITF MEN - SINGLES: M15 Melilla (Spain), clay",clay,ATP/Men,ITF,expanded_20260925
CU7AsECc,Lumsden E. (Gbr),Kirkin E. (Tur),2.89,1.34,2,0,"ITF MEN - SINGLES: M15 Monastir 31 (Tunisia), hard",hard,ATP/Men,ITF,expanded_20260925
KfBIuhsA,Vincent Ruggeri S. (Ita),Bilardo J. (Ita),1.36,2.82,0,2,"ITF MEN - SINGLES: M15 Monastir 31 (Tunisia), hard",hard,ATP/Men,ITF,expanded_20260925
fsuwmwxo,Willwerth B. (Usa),Salvestre D. (Fra),1.59,2.17,2,0,"ITF MEN - SINGLES: M15 Monastir 31 (Tunisia), hard",hard,ATP/Men,ITF,expanded_20260925
dvPbgjNp,Bessonov D. (Wrl),Monzon I. (Arg),3.53,1.24,2,1,"ITF MEN - SINGLES: M15 Tsaghkadzor 4 (Armenia), clay",clay,ATP/Men,ITF,expanded_20260925
QeYSbCaN,Laborde A. (Sui),Pleshivtsev E. (Wrl),2.56,1.43,2,0,"ITF MEN - SINGLES: M15 Tsaghkadzor 4 (Armenia), clay",clay,ATP/Men,ITF,expanded_20260925
pIWC2f0b,Lagarrigue F. (Fra),Van Der Meerschen M. (Bel),3.87,1.2,2,0,"ITF MEN - SINGLES: M15 Tsaghkadzor 4 (Armenia), clay",clay,ATP/Men,ITF,expanded_20260925
xSe20bAN,Barsukov N. (Ger),Ehrenschneider N. (Ger),2.36,1.5,2,1,"ITF MEN - SINGLES: M25 Guiyang (China), hard",hard,ATP/Men,ITF,expanded_20260925
QuA4bobJ,Tang S. (Chn),Ferguson C. (Aus),4.85,1.12,0,2,"ITF MEN - SINGLES: M25 Guiyang (China), hard",hard,ATP/Men,ITF,expanded_20260925
U5SsNuam,Kachmazov A. (Wrl),Catry R. (Fra),1.31,3.07,2,0,"ITF MEN - SINGLES: M25 Guiyang (China), hard",hard,ATP/Men,ITF,expanded_20260925
rXMmrWpI,Reco A. (Fra),Donnet E. (Fra),1.56,2.22,2,1,"ITF MEN - SINGLES: M25 Nevers (France), hard (indoor)",indoor,ATP/Men,ITF,expanded_20260925
Ao3QmzHt,Rossi L. (Ita),McHugh A. (Gbr),1.96,1.7,0,2,"ITF MEN - SINGLES: M25 Nevers (France), hard (indoor)",indoor,ATP/Men,ITF,expanded_20260925
jDAh5p2K,Faurel T. (Fra),Petrovic A. (Nor),1.19,4.07,1,2,"ITF MEN - SINGLES: M25 Nevers (France), hard (indoor)",indoor,ATP/Men,ITF,expanded_20260925
2qdIyAY7,Banerjee S. (Usa),Massard L. (Fra),1.25,3.45,2,0,"ITF MEN - SINGLES: M25 Nevers (France), hard (indoor)",indoor,ATP/Men,ITF,expanded_20260925
6iuFWsDG,de Marchi A. (Ita),Chepelev A. (Wrl),2.59,1.42,1,2,"ITF MEN - SINGLES: M25 Santa Margherita di Pula 7 (Italy), clay",clay,ATP/Men,ITF,expanded_20260925
6mioper9,Rehberg M. H. (Ger),Vanshelboim E. (Ukr),1.14,4.6,2,0,"ITF MEN - SINGLES: M25 Santa Margherita di Pula 7 (Italy), clay",clay,ATP/Men,ITF,expanded_20260925
nFr70tg2,Schoen P. (Sui),Bertrand R. (Fra),1.46,2.47,2,1,"ITF MEN - SINGLES: M25 Sintra 2 (Portugal), hard",hard,ATP/Men,ITF,expanded_20260925
tUDs9Sce,Maxted L. (Gbr),Tabacco F. (Ita),1.56,2.22,0,2,"ITF MEN - SINGLES: M25 Sintra 2 (Portugal), hard",hard,ATP/Men,ITF,expanded_20260925
z9UoosS9,Deckers A. (Ned),Cacao T. (Por),1.62,2.12,1,2,"ITF MEN - SINGLES: M25 Sintra 2 (Portugal), hard",hard,ATP/Men,ITF,expanded_20260925
dt4FFpY9,Obradovic D. (Srb),Lazarov G. (Bul),1.77,1.87,1,2,"ITF MEN - SINGLES: M25 Zlatibor (Serbia), clay",clay,ATP/Men,ITF,expanded_20260925
tzV1Egaf,Petrovic D. (Bih),Prihodko O. (Mkd),7.7,1.03,0,2,"ITF MEN - SINGLES: M25 Zlatibor (Serbia), clay",clay,ATP/Men,ITF,expanded_20260925
SSQncxIr,Tabata R. (Jpn),Andreev A. (Bul),4.18,1.17,1,2,"ITF MEN - SINGLES: M25 Zlatibor (Serbia), clay",clay,ATP/Men,ITF,expanded_20260925
bRy7Y3r4,Juhas K. (Srb),Madaras N. (Swe),2.59,1.42,2,1,"ITF MEN - SINGLES: M25 Zlatibor (Serbia), clay",clay,ATP/Men,ITF,expanded_20260925
jBVMK7CD,Gima S. (Rou),Klok D. (Wrl),1.27,3.31,2,1,"ITF MEN - SINGLES: M25 Zlatibor (Serbia), clay",clay,ATP/Men,ITF,expanded_20260925
tKr4kjKl,Topo M. (Ger),Belozertsev N. (Uzb),1.25,3.45,2,1,"ITF MEN - SINGLES: M25 Zlatibor (Serbia), clay",clay,ATP/Men,ITF,expanded_20260925
O6AfJ4pp,Aubriot A. (Fra),Hipfl N. (Aut),2.82,1.36,2,0,"ITF MEN - SINGLES: M25 Zlatibor (Serbia), clay",clay,ATP/Men,ITF,expanded_20260925
bchF2wgA,Gima S. (Rou),Juhas K. (Srb),2.77,1.37,0,2,"ITF MEN - SINGLES: M25 Zlatibor (Serbia), clay",clay,ATP/Men,ITF,expanded_20260925
YDafEoGk,Andreev A. (Bul),Prihodko O. (Mkd),2.01,1.75,0,2,"ITF MEN - SINGLES: M25 Zlatibor (Serbia), clay",clay,ATP/Men,ITF,expanded_20260925
tj5w4xRG,Lazarov G. (Bul),Aubriot A. (Fra),1.38,2.74,0,2,"ITF MEN - SINGLES: M25 Zlatibor (Serbia), clay",clay,ATP/Men,ITF,expanded_20260925
CCIpsTbT,Topo M. (Ger),Popovic S. (Srb),1.23,3.58,2,0,"ITF MEN - SINGLES: M25 Zlatibor (Serbia), clay",clay,ATP/Men,ITF,expanded_20260925
Em9vwkSs,Dekkers F. (Ned),Luciano L. (Ita),3.11,1.3,0,2,"ITF WOMEN - SINGLES: W15 Monastir 26 (Tunisia), hard",hard,WTA/Women,ITF,expanded_20260925
ShO1XpdJ,Katsumi N. (Jpn),Dmitrichenko Y. (Kaz),3.45,1.25,0,2,"ITF WOMEN - SINGLES: W15 Monastir 26 (Tunisia), hard",hard,WTA/Women,ITF,expanded_20260925
r5I8rB4K,Mariani Mat. (Ita),Medvedeva M. (Wrl),1.05,6.65,2,0,"ITF WOMEN - SINGLES: W15 Monastir 26 (Tunisia), hard",hard,WTA/Women,ITF,expanded_20260925
fRAfZ6R6,Mi L. (Chn),Dapkute I. (Ltu),1.19,3.98,2,0,"ITF WOMEN - SINGLES: W15 Monastir 26 (Tunisia), hard",hard,WTA/Women,ITF,expanded_20260925
8EnsAigm,Dourado Zimermman J. (Bra),Estevez J. (Arg),7.2,1.04,0,2,"ITF WOMEN - SINGLES: W15 Sao Luis (Brazil), clay",clay,WTA/Women,ITF,expanded_20260925
4b79ehvf,Konishi Silva J. (Bra),Melleiro C. (Bra),1.05,6.8,2,0,"ITF WOMEN - SINGLES: W15 Sao Luis (Brazil), clay",clay,WTA/Women,ITF,expanded_20260925
xC5HgW86,Garcia Vidal L. (Bra),Catanzarite A. (Usa),5.1,1.11,0,2,"ITF WOMEN - SINGLES: W15 Sao Luis (Brazil), clay",clay,WTA/Women,ITF,expanded_20260925
A9k9J2mR,Appleton E. (Gbr),Kuzmova K. (Svk),1.92,1.73,0,2,"ITF WOMEN - SINGLES: W35 Hurghada 2 (Egypt), hard",hard,WTA/Women,ITF,expanded_20260925
0xFJMW94,Milovanovic E. (Srb),Tupitsyna E. (Wrl),2.27,1.54,0,2,"ITF WOMEN - SINGLES: W35 Hurghada 2 (Egypt), hard",hard,WTA/Women,ITF,expanded_20260925
YFjXU2gl,Pawlikowska Z. (Pol),Ceuca A. A. (Ger),1.17,4.32,2,0,"ITF WOMEN - SINGLES: W35 Hurghada 2 (Egypt), hard",hard,WTA/Women,ITF,expanded_20260925
4WfpAbcn,Perelygina E. (Aut),Petretic L. (Fra),1.41,2.63,2,0,"ITF WOMEN - SINGLES: W35 Hurghada 2 (Egypt), hard",hard,WTA/Women,ITF,expanded_20260925
8jtYkjjl,Matsuda R. (Jpn),Kawaguchi N. (Jpn),1.83,1.81,2,0,"ITF WOMEN - SINGLES: W35 Kyoto (Japan), hard (indoor)",indoor,WTA/Women,ITF,expanded_20260925
SImA8tpf,Abe H. (Jpn),Ishii S. (Jpn),1.43,2.56,2,1,"ITF WOMEN - SINGLES: W35 Kyoto (Japan), hard (indoor)",indoor,WTA/Women,ITF,expanded_20260925
Ee1i3o8E,Shimizu E. (Jpn),Lu J. (Chn),2.22,1.56,0,2,"ITF WOMEN - SINGLES: W35 Kyoto (Japan), hard (indoor)",indoor,WTA/Women,ITF,expanded_20260925
QTq4Z9lA,Yoshimoto N. (Jpn),Shibahara E. (Jpn),2.78,1.37,0,2,"ITF WOMEN - SINGLES: W35 Kyoto (Japan), hard (indoor)",indoor,WTA/Women,ITF,expanded_20260925
UXQnIPEr,Pistola I. (Ita),Babel O. (Fra),2.63,1.41,2,1,"ITF WOMEN - SINGLES: W35 Santa Margherita di Pula 7 (Italy), clay",clay,WTA/Women,ITF,expanded_20260925
Chxem8sC,Gennaro C. (Ita),Sziedat F. (Ger),1.69,1.97,1,2,"ITF WOMEN - SINGLES: W35 Santa Margherita di Pula 7 (Italy), clay",clay,WTA/Women,ITF,expanded_20260925
jsrX0CgL,Oktiabreva A. (Cze),Paoletti M. (Ita),1.26,3.37,2,0,"ITF WOMEN - SINGLES: W35 Santa Margherita di Pula 7 (Italy), clay",clay,WTA/Women,ITF,expanded_20260925
Y9oi7xhR,Turini V. (Ita),Lombardini M. (Ita),1.77,1.87,0,2,"ITF WOMEN - SINGLES: W35 Santa Margherita di Pula 7 (Italy), clay",clay,WTA/Women,ITF,expanded_20260925
AVOWv01T,Huang Yujia (Chn),Khomutsianskaya D. (Wrl),2.09,1.64,2,0,"ITF WOMEN - SINGLES: W35 Shenyang (China), hard (indoor)",indoor,WTA/Women,ITF,expanded_20260925
6ZZQaE66,Yang Y. (Chn),Wei S. (Chn),2.2,1.57,0,2,"ITF WOMEN - SINGLES: W35 Shenyang (China), hard (indoor)",indoor,WTA/Women,ITF,expanded_20260925
xYO3GA5L,Ebeling Koning L. (Ned),Hennemann C. W. (Swe),1.57,2.2,2,0,"ITF WOMEN - SINGLES: W50 Pazardzhik (Bulgaria), clay",clay,WTA/Women,ITF,expanded_20260925
lfHk76S7,Yaneva E. (Bul),Oz I. (Tur),1.53,2.29,2,1,"ITF WOMEN - SINGLES: W50 Pazardzhik (Bulgaria), clay",clay,WTA/Women,ITF,expanded_20260925
j3FVKVeE,Leonard M. (Fra),Kubka M. (Pol),2.86,1.35,2,0,"ITF WOMEN - SINGLES: W75 Le Neubourg (France), hard",hard,WTA/Women,ITF,expanded_20260925
AySRO0Zr,Lollia M. (Fra),Matoula M. (Gre),2.53,1.44,0,2,"ITF WOMEN - SINGLES: W75 Le Neubourg (France), hard",hard,WTA/Women,ITF,expanded_20260925
Ioan7ZPN,Crawley F. (Usa),Avdeeva J. (Wrl),1.66,2.01,2,0,"ITF WOMEN - SINGLES: W75 Le Neubourg (France), hard",hard,WTA/Women,ITF,expanded_20260925
OQK7JWN7,Siskova A. (Cze),Martynov D. (Fra),1.08,5.75,2,0,"ITF WOMEN - SINGLES: W75 Le Neubourg (France), hard",hard,WTA/Women,ITF,expanded_20260925
rwpeR5Os,Podrez V. (Ukr),Matoula M. (Gre),1.23,3.61,2,0,"ITF WOMEN - SINGLES: W75 Le Neubourg (France), hard",hard,WTA/Women,ITF,expanded_20260925
8W5nfKgJ,Buse I. (Per),Vallejo D. (Par),1.35,3.25,1,2,,unknown,ATP/Men,Other,expanded_20260925
YBMc1y1n,Varillas J. P. (Per),Escurra Isnardi H. J. (Par),1.06,9.5,2,0,,unknown,ATP/Men,Other,expanded_20260925
Cp4PM27d,Shepp A. (Nzl),Shimabukuro S. (Jpn),3.62,1.3,0,2,,unknown,ATP/Men,Other,expanded_20260925
8814Zui2,De Minaur A. (Aus),Majchrzak K. (Pol),1.23,4.26,2,0,,unknown,ATP/Men,Other,expanded_20260925
2q6W9osf,Tseng C. H. (Tpe),Wallin O. (Swe),1.4,3.01,2,0,,unknown,ATP/Men,Other,expanded_20260925
thjZ1xXI,Molcan A. (Svk),Tsitsipas S. (Gre),3.13,1.37,1,2,,unknown,ATP/Men,Other,expanded_20260925
YahKPuPP,Gombos N. (Svk),Sakellaridis S. (Gre),1.56,2.46,2,0,,unknown,ATP/Men,Other,expanded_20260925
S6VPapUp,Cerundolo F. (Arg),Alkaya M. (Tur),1.09,7.75,2,0,,unknown,ATP/Men,Other,expanded_20260925
ni2JK2eC,Efstathiou M. (Cyp),Kravchenko G. (Ukr),2.51,1.54,0,2,ATP - SINGLES: Davis Cup - World Group II (World),unknown,ATP/Men,ATP/WTA,expanded_20260925
OE4oiLI0,Zverev A. (Ger),Prizmic D. (Cro),1.07,6.55,2,0,ATP - SINGLES: Davis Cup - World Group (World) - Qualification,unknown,ATP/Men,ATP/WTA,expanded_20260925
jTbYg7wR,Stearns P. (Usa),Jovic I. (Usa),3.74,1.29,0,2,"WTA - SINGLES: Guadalajara (Mexico), hard",hard,WTA/Women,ATP/WTA,expanded_20260925
p2z97uQG,Lee E. (Kor),Ma Y. (Chn),2.73,1.4,0,2,"WTA - SINGLES: Seoul (South Korea) - Qualification, hard",hard,WTA/Women,ATP/WTA,expanded_20260925
0tNGFNam,Shubladze A. (Wrl),Astakhova D. (Wrl),1.19,4.15,0,2,"WTA - SINGLES: Seoul (South Korea) - Qualification, hard",hard,WTA/Women,ATP/WTA,expanded_20260925
xb4aTKcc,Kuramochi M. (Jpn),Yao X. (Chn),2.39,1.51,0,2,"WTA - SINGLES: Seoul (South Korea) - Qualification, hard",hard,WTA/Women,ATP/WTA,expanded_20260925
GIfSAwz2,Ibragimova A. (Wrl),Saito S. (Jpn),1.32,3.09,2,0,"WTA - SINGLES: Seoul (South Korea) - Qualification, hard",hard,WTA/Women,ATP/WTA,expanded_20260925
IZnq1Opf,Friedsam A-L. (Ger),Kulikova A. (Fin),1.68,2.03,2,0,"WTA - SINGLES: Singapore (Singapore) - Qualification, hard (indoor)",indoor,WTA/Women,ATP/WTA,expanded_20260925
0xmTf2tB,Hibino N. (Jpn),Ito A. (Jpn),2.01,1.7,2,1,"WTA - SINGLES: Singapore (Singapore) - Qualification, hard (indoor)",indoor,WTA/Women,ATP/WTA,expanded_20260925
pxDY5dPh,Garland J. (Tpe),Morvayova V. (Svk),1.24,4.06,2,0,"WTA - SINGLES: Singapore (Singapore) - Qualification, hard (indoor)",indoor,WTA/Women,ATP/WTA,expanded_20260925
KtS78vNN,Yamaguchi M. (Jpn),Okamura K. (Jpn),1.52,2.54,0,2,"WTA - SINGLES: Singapore (Singapore) - Qualification, hard (indoor)",indoor,WTA/Women,ATP/WTA,expanded_20260925
Eu1lV9Q0,Caniato C. A. (Ita),Moro Canas A. (Esp),1.93,1.76,2,0,"CHALLENGER MEN - SINGLES: Biella (Italy), clay",clay,ATP/Men,Challenger,expanded_20260925
Y1soAlac,Descotte M. F. (Arg),De La Fuente S. (Arg),7.1,1.06,2,0,"CHALLENGER MEN - SINGLES: Buenos Aires 3 (Argentina) - Qualification, clay",clay,ATP/Men,Challenger,expanded_20260925
WbOYK5DF,Fernandez B. (Bra),Pagani D. (Arg),1.36,2.89,2,0,"CHALLENGER MEN - SINGLES: Buenos Aires 3 (Argentina) - Qualification, clay",clay,ATP/Men,Challenger,expanded_20260925
pOZW0pMq,Garcia Longo N. (Arg),Farjat T. (Arg),2.62,1.43,0,2,"CHALLENGER MEN - SINGLES: Buenos Aires 3 (Argentina) - Qualification, clay",clay,ATP/Men,Challenger,expanded_20260925
6Fug8ST9,Aboian V. (Arg),Cundom J. (Arg),1.1,5.6,2,1,"CHALLENGER MEN - SINGLES: Buenos Aires 3 (Argentina) - Qualification, clay",clay,ATP/Men,Challenger,expanded_20260925
zeDCDN5k,Ross J. (Usa),Martinez T. (Arg),8.8,1.03,0,2,"CHALLENGER MEN - SINGLES: Buenos Aires 3 (Argentina) - Qualification, clay",clay,ATP/Men,Challenger,expanded_20260925
S2VJB1z2,Cigarran T. (Arg),Pesino S. (Arg),1.12,5.15,2,0,"CHALLENGER MEN - SINGLES: Buenos Aires 3 (Argentina) - Qualification, clay",clay,ATP/Men,Challenger,expanded_20260925
AVKe7Dng,Kotov P. (Wrl),Sharipov M. (Wrl),1.87,1.81,0,2,"CHALLENGER MEN - SINGLES: Guangzhou 2 (China), hard",hard,ATP/Men,Challenger,expanded_20260925
GKiFAxpA,Tolev A. (Bul),Gima S. (Rou),7.2,1.05,0,2,"CHALLENGER MEN - SINGLES: Plovdiv 4 (Bulgaria) - Qualification, clay",clay,ATP/Men,Challenger,expanded_20260925
tn9txIwo,Almazan Valiente I. (Esp),Popovic S. (Srb),1.25,3.57,2,0,"CHALLENGER MEN - SINGLES: Plovdiv 4 (Bulgaria) - Qualification, clay",clay,ATP/Men,Challenger,expanded_20260925
Kdfzba04,Tabata R. (Jpn),Gulin S. (Wrl),4.39,1.17,0,2,"CHALLENGER MEN - SINGLES: Plovdiv 4 (Bulgaria) - Qualification, clay",clay,ATP/Men,Challenger,expanded_20260925
OpeN8GEM,Lazarov G. (Bul),Oetzbach A. (Ger),1.97,1.73,2,0,"CHALLENGER MEN - SINGLES: Plovdiv 4 (Bulgaria) - Qualification, clay",clay,ATP/Men,Challenger,expanded_20260925
r7g7CbFc,Lagutin P. (Wrl),Pieleanu R. T. (Rou),1.03,8.9,2,0,"CHALLENGER MEN - SINGLES: Plovdiv 4 (Bulgaria) - Qualification, clay",clay,ATP/Men,Challenger,expanded_20260925
fTog3fxp,Misolic F. (Aut),Lopez Morillo I. (Esp),1.16,4.54,2,0,"CHALLENGER MEN - SINGLES: Plovdiv 4 (Bulgaria) - Qualification, clay",clay,ATP/Men,Challenger,expanded_20260925
WInMleNj,Milev Y. (Bul),Kivattsev K. (Wrl),1.46,2.52,2,1,"CHALLENGER MEN - SINGLES: Plovdiv 4 (Bulgaria) - Qualification, clay",clay,ATP/Men,Challenger,expanded_20260925
Stp11Y6d,Obradovic D. (Srb),Andreescu S. A. (Rou),1.71,1.99,2,0,"CHALLENGER MEN - SINGLES: Plovdiv 4 (Bulgaria) - Qualification, clay",clay,ATP/Men,Challenger,expanded_20260925
YudSaLVi,Weis A. (Ita),Mashtakov N. (Ukr),1.78,1.9,0,2,"CHALLENGER MEN - SINGLES: Plovdiv 4 (Bulgaria) - Qualification, clay",clay,ATP/Men,Challenger,expanded_20260925
YwXnPya3,Pereira T. (Por),Tsitsipas Pa. (Gre),1.04,8.2,1,2,"CHALLENGER MEN - SINGLES: Plovdiv 4 (Bulgaria) - Qualification, clay",clay,ATP/Men,Challenger,expanded_20260925
tS2tXVel,Mayot H. (Fra),Gueymard Wayenburg S. (Fra),1.59,2.22,1,2,"CHALLENGER MEN - SINGLES: Rennes (France), hard (indoor)",indoor,ATP/Men,Challenger,expanded_20260925
vaITQnbd,Arutiunian E. (Wrl),Staeheli L. (Sui),1.54,2.32,2,0,"CHALLENGER MEN - SINGLES: San Diego 2 (USA) - Qualification, hard",hard,ATP/Men,Challenger,expanded_20260925
8vzsmwFb,Fenty A. (Usa),Bigun K. (Usa),1.6,2.2,2,0,"CHALLENGER MEN - SINGLES: San Diego 2 (USA) - Qualification, hard",hard,ATP/Men,Challenger,expanded_20260925
42i3a74L,Sell K. (Bra),Rybakov A. (Usa),2.66,1.42,0,2,"CHALLENGER MEN - SINGLES: San Diego 2 (USA) - Qualification, hard",hard,ATP/Men,Challenger,expanded_20260925
EVDNnUKF,Baris O. (Usa),Mitsui S. (Jpn),1.57,2.25,2,0,"CHALLENGER MEN - SINGLES: San Diego 2 (USA) - Qualification, hard",hard,ATP/Men,Challenger,expanded_20260925
dIc1unDk,Kobierski J. (Aut),Johnson S. (Usa),10.7,1.01,0,2,"CHALLENGER MEN - SINGLES: San Diego 2 (USA) - Qualification, hard",hard,ATP/Men,Challenger,expanded_20260925
6oKLS8Tq,Ayeni A. (Usa),Tu L. (Aus),2.2,1.6,2,0,"CHALLENGER MEN - SINGLES: San Diego 2 (USA) - Qualification, hard",hard,ATP/Men,Challenger,expanded_20260925
4ImVbf3l,Ribecai M. (Ita),Domenc M. (Fra),1.14,4.8,0,2,"CHALLENGER MEN - SINGLES: St. Tropez (France) - Qualification, hard",hard,ATP/Men,Challenger,expanded_20260925
hOkjnHJr,Jade D. (Fra),Peniston R. (Gbr),2.18,1.61,2,1,"CHALLENGER MEN - SINGLES: St. Tropez (France) - Qualification, hard",hard,ATP/Men,Challenger,expanded_20260925
xWowcYX0,Kaouk M. (Fra),Boulais J. (Can),3.09,1.32,1,2,"CHALLENGER MEN - SINGLES: St. Tropez (France) - Qualification, hard",hard,ATP/Men,Challenger,expanded_20260925
MeZI9BH6,Martineau M. (Fra),Bouchelaghem C. (Fra),1.68,2.06,2,0,"CHALLENGER MEN - SINGLES: St. Tropez (France) - Qualification, hard",hard,ATP/Men,Challenger,expanded_20260925
8Ed6rZI7,Grenier H. (Fra),Langmo C. (Usa),1.34,2.97,2,0,"CHALLENGER MEN - SINGLES: St. Tropez (France) - Qualification, hard",hard,ATP/Men,Challenger,expanded_20260925
0lgbpele,Squire H. (Ger),Janvier M. (Fra),1.44,2.59,1,2,"CHALLENGER MEN - SINGLES: St. Tropez (France) - Qualification, hard",hard,ATP/Men,Challenger,expanded_20260925
pdkoeC2D,Rossi L. (Ita),Masur D. (Ger),2.99,1.34,1,2,"CHALLENGER MEN - SINGLES: St. Tropez (France) - Qualification, hard",hard,ATP/Men,Challenger,expanded_20260925
YZda4GuR,Echargui M. (Tun),Potenza L. (Ita),1.45,2.56,2,1,"CHALLENGER MEN - SINGLES: St. Tropez (France) - Qualification, hard",hard,ATP/Men,Challenger,expanded_20260925
AZtXIFfK,Ghazouani Durand Y. (Fra),Poling K. (Usa),1.56,2.27,0,2,"CHALLENGER MEN - SINGLES: St. Tropez (France) - Qualification, hard",hard,ATP/Men,Challenger,expanded_20260925
08qh6xBE,Zahraj P. (Ger),Erhard M. (Fra),2.99,1.34,2,1,"CHALLENGER MEN - SINGLES: St. Tropez (France) - Qualification, hard",hard,ATP/Men,Challenger,expanded_20260925
65S2DgIs,Cassone M. (Usa),Car H. (Fra),1.25,3.57,2,0,"CHALLENGER MEN - SINGLES: St. Tropez (France) - Qualification, hard",hard,ATP/Men,Challenger,expanded_20260925
EVVABXnf,Boitan G. A. (Rou),Ursu V. (Ukr),1.34,2.99,1,2,"CHALLENGER MEN - SINGLES: St. Tropez (France) - Qualification, hard",hard,ATP/Men,Challenger,expanded_20260925
veteS1BC,Sanchez Izquierdo N. (Esp),Monteiro T. (Bra),1.8,1.88,2,1,"CHALLENGER MEN - SINGLES: Szczecin (Poland), clay",clay,ATP/Men,Challenger,expanded_20260925
zaN6EvKH,Zheng M. (Usa),Blanch Dar. (Usa),1.3,3.25,0,2,"CHALLENGER MEN - SINGLES: Tiburon (USA), hard",hard,ATP/Men,Challenger,expanded_20260925
dS6Oy8Hr,Mmoh M. (Usa),Wolf J.J. (Usa),2.15,1.63,2,0,"CHALLENGER MEN - SINGLES: Tiburon (USA), hard",hard,ATP/Men,Challenger,expanded_20260925
zgSoVydc,Aksu S. (Tur),Yashina E. (Wrl),4.38,1.22,0,2,"CHALLENGER WOMEN - SINGLES: Ankara (Turkey) - Qualification, hard",hard,WTA/Women,Challenger,expanded_20260925
CGlUCftT,Ulueren S. (Tur),Yoruk I. (Tur),15.1,1.02,0,2,"CHALLENGER WOMEN - SINGLES: Ankara (Turkey) - Qualification, hard",hard,WTA/Women,Challenger,expanded_20260925
rau07Y3j,Vogt M. (Ger),Easwaramurthi A. (Ind),1.01,9.7,2,0,"CHALLENGER WOMEN - SINGLES: Ankara (Turkey) - Qualification, hard",hard,WTA/Women,Challenger,expanded_20260925
Kz1SUS1E,Knutson G. (Cze),Pigato L. (Ita),1.63,2.22,0,2,"CHALLENGER WOMEN - SINGLES: Caldas da Rainha (Portugal), hard",hard,WTA/Women,Challenger,expanded_20260925
EuPli1de,Barthel M. (Ger),De Stefano S. (Ita),1.62,2.31,1,2,"CHALLENGER WOMEN - SINGLES: Ljubljana (Slovenia), clay",clay,WTA/Women,Challenger,expanded_20260925
Krk9J13L,Gomes C. (Por),Arseneault A. (Can),9.35,1.01,0,2,"CHALLENGER WOMEN - SINGLES: Porto (Portugal) - Qualification, hard",hard,WTA/Women,Challenger,expanded_20260925
tbJzIlSG,Gimbrere J. (Ned),Brantmeier R. (Usa),9.0,1.05,0,2,"CHALLENGER WOMEN - SINGLES: Porto (Portugal) - Qualification, hard",hard,WTA/Women,Challenger,expanded_20260925
CIo1LNY8,Collins K. (Usa),Hinojosa Gomez J. (Mex),1.05,9.0,2,0,"CHALLENGER WOMEN - SINGLES: Porto (Portugal) - Qualification, hard",hard,WTA/Women,Challenger,expanded_20260925
UyseAcQ7,Johnson S. (Gbr),Sebestova I. (Cze),1.04,9.68,2,0,"CHALLENGER WOMEN - SINGLES: Porto (Portugal) - Qualification, hard",hard,WTA/Women,Challenger,expanded_20260925
OvvmCJee,Yamalapalli S. (Ind),Martinez Vaquero M. (Esp),1.75,2.01,2,0,"CHALLENGER WOMEN - SINGLES: Porto (Portugal) - Qualification, hard",hard,WTA/Women,Challenger,expanded_20260925
ttx0dGat,Pieri J. (Ita),Morderger Y. (Ger),1.08,6.88,2,0,"CHALLENGER WOMEN - SINGLES: Tolentino (Italy) - Qualification, clay",clay,WTA/Women,Challenger,expanded_20260925
Wpye5BrB,Snells J. (Usa),Primorac I. (Cro),7.84,1.06,1,2,"CHALLENGER WOMEN - SINGLES: Tolentino (Italy) - Qualification, clay",clay,WTA/Women,Challenger,expanded_20260925
MiaVljbU,Zaar L. (Swe),Ovarelli A. (Ita),1.01,10.7,2,0,"CHALLENGER WOMEN - SINGLES: Tolentino (Italy) - Qualification, clay",clay,WTA/Women,Challenger,expanded_20260925
OKXn7XDb,Morderger T. (Ger),Tsygourova K. (Sui),9.4,1.02,0,2,"CHALLENGER WOMEN - SINGLES: Tolentino (Italy) - Qualification, clay",clay,WTA/Women,Challenger,expanded_20260925
x4Zv9gqn,Senica A. (Slo),Chiesa E. (Ita),1.76,1.93,1,2,"CHALLENGER WOMEN - SINGLES: Tolentino (Italy) - Qualification, clay",clay,WTA/Women,Challenger,expanded_20260925
Ymf7ffUh,Spiteri D. (Ita),Boehner L. (Ger),1.03,8.6,2,0,"CHALLENGER WOMEN - SINGLES: Tolentino (Italy) - Qualification, clay",clay,WTA/Women,Challenger,expanded_20260925
EReNjCTH,Dalle Molle S. (Ita),Kucmova A. (Cze),10.5,1.01,0,2,"CHALLENGER WOMEN - SINGLES: Tolentino (Italy) - Qualification, clay",clay,WTA/Women,Challenger,expanded_20260925
61hFhYb5,Laboutkova A. (Cze),Toma M. (Rou),1.1,6.4,2,0,"CHALLENGER WOMEN - SINGLES: Tolentino (Italy) - Qualification, clay",clay,WTA/Women,Challenger,expanded_20260925
vJphBOhB,Herrero Linana A. (Esp),Burel C. (Fra),2.93,1.4,1,2,"CHALLENGER WOMEN - SINGLES: Valencia (Spain), clay",clay,WTA/Women,Challenger,expanded_20260925
I7d1z0Vh,Saraiva Dos Santos P. A. (Bra),Zanellato N. (Bra),1.27,3.31,2,0,"ITF MEN - SINGLES: M15 Belem (Brazil), hard",hard,ATP/Men,ITF,expanded_20260925
0IxWo6KF,Jubb P. (Gbr),Bertimon C. (Fra),1.08,5.75,2,0,"ITF MEN - SINGLES: M15 Hurghada 9 (Egypt), hard",hard,ATP/Men,ITF,expanded_20260925
8rtvppkS,Marino P. (Ita),Rapagnetta D. (Ita),3.61,1.23,0,2,"ITF MEN - SINGLES: M15 Melilla (Spain), clay",clay,ATP/Men,ITF,expanded_20260925
d6X0GA3t,Willwerth B. (Usa),Rahmani K. (Irn),1.93,1.72,2,0,"ITF MEN - SINGLES: M15 Monastir 31 (Tunisia), hard",hard,ATP/Men,ITF,expanded_20260925
Yepdv6aN,Popko D. (Kaz),Bessonov D. (Wrl),1.08,5.75,2,0,"ITF MEN - SINGLES: M15 Tsaghkadzor 4 (Armenia), clay",clay,ATP/Men,ITF,expanded_20260925
nap4lo1l,Chung Y. (Kor),Kachmazov A. (Wrl),2.36,1.5,0,2,"ITF MEN - SINGLES: M25 Guiyang (China), hard",hard,ATP/Men,ITF,expanded_20260925
Ol9QVeZ1,Banerjee S. (Usa),McHugh A. (Gbr),1.39,2.7,0,2,"ITF MEN - SINGLES: M25 Nevers (France), hard (indoor)",indoor,ATP/Men,ITF,expanded_20260925
jkGBbq4L,Tabacco F. (Ita),Schoen P. (Sui),3.0,1.32,0,2,"ITF MEN - SINGLES: M25 Sintra 2 (Portugal), hard",hard,ATP/Men,ITF,expanded_20260925
6Dn3XuDj,Topo M. (Ger),Juhas K. (Srb),1.33,2.95,2,0,"ITF MEN - SINGLES: M25 Zlatibor (Serbia), clay",clay,ATP/Men,ITF,expanded_20260925
EmDVuzb2,Mariani Mat. (Ita),Dmitrichenko Y. (Kaz),2.9,1.34,0,2,"ITF WOMEN - SINGLES: W15 Monastir 26 (Tunisia), hard",hard,WTA/Women,ITF,expanded_20260925
f9XQ7knJ,Britez Risso L. F. (Par),Catanzarite A. (Usa),1.15,4.4,2,0,"ITF WOMEN - SINGLES: W15 Sao Luis (Brazil), clay",clay,WTA/Women,ITF,expanded_20260925
0x1JFeUj,Perelygina E. (Aut),Tupitsyna E. (Wrl),2.42,1.48,2,0,"ITF WOMEN - SINGLES: W35 Hurghada 2 (Egypt), hard",hard,WTA/Women,ITF,expanded_20260925
A9qy3pGs,Abe H. (Jpn),Lu J. (Chn),2.09,1.64,2,1,"ITF WOMEN - SINGLES: W35 Kyoto (Japan), hard (indoor)",indoor,WTA/Women,ITF,expanded_20260925
AiCD5H5j,Oktiabreva A. (Cze),Lombardini M. (Ita),1.12,4.85,2,1,"ITF WOMEN - SINGLES: W35 Santa Margherita di Pula 7 (Italy), clay",clay,WTA/Women,ITF,expanded_20260925
nX5Jp30D,Sidorova K. (Wrl),Wei S. (Chn),1.92,1.73,2,0,"ITF WOMEN - SINGLES: W35 Shenyang (China), hard (indoor)",indoor,WTA/Women,ITF,expanded_20260925
CCCAxhYQ,Siskova A. (Cze),Crawley F. (Usa),1.92,1.73,2,1,"ITF WOMEN - SINGLES: W75 Le Neubourg (France), hard",hard,WTA/Women,ITF,expanded_20260925
IgDjJI7N,Bar Biryukov P. (Wrl),Ilagan A. (Usa),3.04,1.38,2,0,"n, hard",hard,ATP/Men,Other,expanded_20260925
tCKB6uOH,Muller A. (Fra),Pavlovic L. (Fra),1.65,2.25,2,1,"n, hard",hard,ATP/Men,Other,expanded_20260925
4lbTOMwn,Ymer E. (Swe),Galarneau A. (Can),2.42,1.57,0,2,"n, hard",hard,ATP/Men,Other,expanded_20260925
SlEeANOh,Harris L. (Rsa),Miyoshi K. (Jpn),1.27,3.8,2,0,"n, hard",hard,ATP/Men,Other,expanded_20260925
zFH381g5,Mochizuki S. (Jpn),Xiao L. (Chn),1.07,6.45,2,1,"n, hard",hard,ATP/Men,Other,expanded_20260925
CE1yN08b,Castelnuovo L. (Sui),Kotov P. (Wrl),3.26,1.34,1,2,"n, hard",hard,ATP/Men,Other,expanded_20260925
pSaqLvwB,Uchida K. (Jpn),Cina F. (Ita),8.93,1.06,0,2,"n, hard",hard,ATP/Men,Other,expanded_20260925
EPIJ4JhU,Basilashvili N. (Geo),Lu H. (Chn),1.13,4.9,2,0,"n, hard",hard,ATP/Men,Other,expanded_20260925
6gKL7O3m,Bolt A. (Aus),Jasika O. (Aus),1.65,2.25,2,0,"ATP - SINGLES: Hangzhou (China) - Qualification, hard",hard,ATP/Men,ATP/WTA,expanded_20260925
xKwdi3J6,Daniel T. (Jpn),Delaney Ja. (Aus),1.24,4.06,2,0,"ATP - SINGLES: Hangzhou (China) - Qualification, hard",hard,ATP/Men,ATP/WTA,expanded_20260925
ANEhMNIt,Kang K. (Chn),Santillan A. (Jpn),15.1,1.02,0,2,"ATP - SINGLES: Hangzhou (China) - Qualification, hard",hard,ATP/Men,ATP/WTA,expanded_20260925
ANYkDptQ,Tomic B. (Aus),Te R. (Chn),1.14,5.73,2,1,"ATP - SINGLES: Hangzhou (China) - Qualification, hard",hard,ATP/Men,ATP/WTA,expanded_20260925
pps4kslJ,Svrcina D. (Cze),Sekulic P. (Aus),1.27,3.8,2,0,"ATP - SINGLES: Hangzhou (China) - Qualification, hard",hard,ATP/Men,ATP/WTA,expanded_20260925
MqRy4t3C,Weber A. (Fra),Matsuoka H. (Jpn),2.68,1.48,0,2,"ATP - SINGLES: Hangzhou (China) - Qualification, hard",hard,ATP/Men,ATP/WTA,expanded_20260925
fcPq2KXO,Imamura M. (Jpn),Noguchi R. (Jpn),2.73,1.4,0,2,"ATP - SINGLES: Hangzhou (China) - Qualification, hard",hard,ATP/Men,ATP/WTA,expanded_20260925
EJNT52Ya,Sun F. (Chn),Dellavedova M. (Aus),1.52,2.54,2,1,"ATP - SINGLES: Hangzhou (China) - Qualification, hard",hard,ATP/Men,ATP/WTA,expanded_20260925
lYkZIhMc,Noskova L. (Cze),Boulter K. (Gbr),1.1,5.75,2,0,WTA - SINGLES: Billie Jean King Cup - World Group (World),unknown,WTA/Women,ATP/WTA,expanded_20260925
4Ye4vsdU,Lys E. (Ger),Ruse G. (Rou),2.63,1.5,0,2,"WTA - SINGLES: Seoul (South Korea), hard",hard,WTA/Women,ATP/WTA,expanded_20260925
OfflrPd5,Preston T. (Aus),Sakatsume H. (Jpn),2.02,1.78,2,1,"WTA - SINGLES: Seoul (South Korea), hard",hard,WTA/Women,ATP/WTA,expanded_20260925
KboDbpsn,Park S. (Kor),Montgomery R. (Usa),7.1,1.09,2,0,"WTA - SINGLES: Seoul (South Korea), hard",hard,WTA/Women,ATP/WTA,expanded_20260925
neAGTPsC,Bondar A. (Hun),Zarazua R. (Mex),1.46,2.77,2,1,"WTA - SINGLES: Seoul (South Korea), hard",hard,WTA/Women,ATP/WTA,expanded_20260925
8pLsrgxn,Jones E. (Aus),Ma Y. (Chn),1.49,2.62,1,2,"WTA - SINGLES: Seoul (South Korea), hard",hard,WTA/Women,ATP/WTA,expanded_20260925
p8sQPBMH,Ibragimova A. (Wrl),Ku Y. (Kor),1.72,2.12,0,2,"WTA - SINGLES: Seoul (South Korea), hard",hard,WTA/Women,ATP/WTA,expanded_20260925
GUjtpoSh,Zidansek T. (Slo),Birrell K. (Aus),2.63,1.5,0,2,"WTA - SINGLES: Seoul (South Korea), hard",hard,WTA/Women,ATP/WTA,expanded_20260925
EsC8VoDa,Ostapenko J. (Lat),Zakharova A. (Wrl),1.63,2.32,2,0,"WTA - SINGLES: Seoul (South Korea), hard",hard,WTA/Women,ATP/WTA,expanded_20260925
fLDOR3CO,Charaeva A. (Arm),Kenin S. (Usa),2.12,1.72,2,1,"WTA - SINGLES: Seoul (South Korea), hard",hard,WTA/Women,ATP/WTA,expanded_20260925
buTyiqqT,Wolff V. (Usa),Oliynykova O. (Ukr),3.74,1.29,0,2,"WTA - SINGLES: Singapore (Singapore), hard (indoor)",indoor,WTA/Women,ATP/WTA,expanded_20260925
GYlAtIU7,Parks A. (Usa),Yamaguchi M. (Jpn),1.22,4.39,2,0,"WTA - SINGLES: Singapore (Singapore), hard (indoor)",indoor,WTA/Women,ATP/WTA,expanded_20260925
MH6g9Qbc,Prozorova T. (Wrl),Costoulas S. (Bel),1.63,2.32,2,1,"WTA - SINGLES: Singapore (Singapore), hard (indoor)",indoor,WTA/Women,ATP/WTA,expanded_20260925
fBE7oN6j,Vekic D. (Cro),Wang Xin. (Chn),2.02,1.82,0,2,"WTA - SINGLES: Singapore (Singapore), hard (indoor)",indoor,WTA/Women,ATP/WTA,expanded_20260925
EBaT4eS1,Krejcikova B. (Cze),Friedsam A-L. (Ger),1.11,6.7,2,1,"WTA - SINGLES: Singapore (Singapore), hard (indoor)",indoor,WTA/Women,ATP/WTA,expanded_20260925
WAbu0MLq,Sakkari M. (Gre),Fruhvirtova L. (Cze),1.23,4.34,2,0,"WTA - SINGLES: Singapore (Singapore), hard (indoor)",indoor,WTA/Women,ATP/WTA,expanded_20260925
pKNJdgyQ,Farjat T. (Arg),Varillas J. P. (Per),9.8,1.02,1,2,"CHALLENGER MEN - SINGLES: Buenos Aires 3 (Argentina), clay",clay,ATP/Men,Challenger,expanded_20260925
URs6GpNM,Pucinelli de Almeida M. (Bra),Dellien H. (Bol),2.42,1.5,1,2,"CHALLENGER MEN - SINGLES: Buenos Aires 3 (Argentina), clay",clay,ATP/Men,Challenger,expanded_20260925
tj9kiXbm,Zarate C. M. (Arg),Aguilar Cardozo J. (Uru),3.94,1.21,0,2,"CHALLENGER MEN - SINGLES: Buenos Aires 3 (Argentina), clay",clay,ATP/Men,Challenger,expanded_20260925
fDy9dpml,Mena F. (Arg),Olivo R. (Arg),1.14,4.8,2,0,"CHALLENGER MEN - SINGLES: Buenos Aires 3 (Argentina), clay",clay,ATP/Men,Challenger,expanded_20260925
tKzXp6w3,Fernandez B. (Bra),Roncadelli F. (Uru),3.57,1.25,0,2,"CHALLENGER MEN - SINGLES: Buenos Aires 3 (Argentina), clay",clay,ATP/Men,Challenger,expanded_20260925
IDVXYkqJ,Martinez T. (Arg),Kicker N. (Arg),5.25,1.12,1,2,"CHALLENGER MEN - SINGLES: Buenos Aires 3 (Argentina), clay",clay,ATP/Men,Challenger,expanded_20260925
AmSPzCE6,Rodriguez Taverna S. (Arg),Boscardin Dias P. (Bra),2.34,1.53,0,2,"CHALLENGER MEN - SINGLES: Buenos Aires 3 (Argentina), clay",clay,ATP/Men,Challenger,expanded_20260925
xzUHxYqf,Prado Angelo J. C. (Bol),Rodriguez L. J. (Arg),1.28,3.35,2,0,"CHALLENGER MEN - SINGLES: Buenos Aires 3 (Argentina), clay",clay,ATP/Men,Challenger,expanded_20260925
SQZGfOH0,Dellien Velasco M. A. (Bol),Casanova H. (Arg),2.47,1.48,2,0,"CHALLENGER MEN - SINGLES: Buenos Aires 3 (Argentina), clay",clay,ATP/Men,Challenger,expanded_20260925
pSBAvfFs,Olivieri G. A. (Arg),Aboian V. (Arg),1.51,2.39,1,2,"CHALLENGER MEN - SINGLES: Buenos Aires 3 (Argentina), clay",clay,ATP/Men,Challenger,expanded_20260925
ziwPh2nD,Comesana F. (Arg),Estevez J. (Arg),1.12,5.15,2,1,"CHALLENGER MEN - SINGLES: Buenos Aires 3 (Argentina), clay",clay,ATP/Men,Challenger,expanded_20260925
46RjKSNc,Ribeiro E. (Bra),Martinez P. (Esp),4.9,1.13,2,0,"CHALLENGER MEN - SINGLES: Buenos Aires 3 (Argentina), clay",clay,ATP/Men,Challenger,expanded_20260925
8zxp92Fd,Ratti L. (Arg),Coria F. (Arg),1.66,2.1,1,2,"CHALLENGER MEN - SINGLES: Buenos Aires 3 (Argentina), clay",clay,ATP/Men,Challenger,expanded_20260925
ljs0J6Ss,Taberner C. (Esp),Nesterov P. (Bul),1.51,2.39,2,1,"CHALLENGER MEN - SINGLES: Plovdiv 4 (Bulgaria), clay",clay,ATP/Men,Challenger,expanded_20260925
KG0z3or1,Wiskandt M. (Ger),Chepelev A. (Wrl),1.94,1.75,2,0,"CHALLENGER MEN - SINGLES: Plovdiv 4 (Bulgaria), clay",clay,ATP/Men,Challenger,expanded_20260925
YD1BUlr4,Almazan Valiente I. (Esp),Blancaneaux G. (Fra),1.6,2.18,2,0,"CHALLENGER MEN - SINGLES: Plovdiv 4 (Bulgaria), clay",clay,ATP/Men,Challenger,expanded_20260925
QD3r1PCD,Geerts M. (Bel),Sanchez Jover C. (Esp),2.81,1.38,0,2,"CHALLENGER MEN - SINGLES: Plovdiv 4 (Bulgaria), clay",clay,ATP/Men,Challenger,expanded_20260925
ADoqqlcc,Compagnucci T. (Ita),Milev Y. (Bul),1.67,2.05,2,1,"CHALLENGER MEN - SINGLES: Plovdiv 4 (Bulgaria), clay",clay,ATP/Men,Challenger,expanded_20260925
r7gcLp5j,Mashtakov N. (Ukr),Mrva M. (Cze),2.99,1.34,1,2,"CHALLENGER MEN - SINGLES: Plovdiv 4 (Bulgaria), clay",clay,ATP/Men,Challenger,expanded_20260925
U1l9y6lQ,Chazal M. (Fra),Schwaerzler J. J. (Aut),2.89,1.36,2,1,"CHALLENGER MEN - SINGLES: Plovdiv 4 (Bulgaria), clay",clay,ATP/Men,Challenger,expanded_20260925
YcwmUNt0,Jianu F. C. (Rou),Ivanov I. (Bul),1.62,2.16,0,2,"CHALLENGER MEN - SINGLES: Plovdiv 4 (Bulgaria), clay",clay,ATP/Men,Challenger,expanded_20260925
rRqisSR9,Gima S. (Rou),Forejtek J. (Cze),3.65,1.24,1,2,"CHALLENGER MEN - SINGLES: Plovdiv 4 (Bulgaria), clay",clay,ATP/Men,Challenger,expanded_20260925
vB4JSSCG,Andreev A. (Bul),Prihodko O. (Mkd),1.95,1.74,2,0,"CHALLENGER MEN - SINGLES: Plovdiv 4 (Bulgaria), clay",clay,ATP/Men,Challenger,expanded_20260925
QXZvWqCm,Gill F. (Gbr),Vasilev A. (Bul),1.25,3.57,2,0,"CHALLENGER MEN - SINGLES: Plovdiv 4 (Bulgaria), clay",clay,ATP/Men,Challenger,expanded_20260925
CO2RQ6sT,Radulov I. (Bul),Lagutin P. (Wrl),2.84,1.37,2,0,"CHALLENGER MEN - SINGLES: Plovdiv 4 (Bulgaria), clay",clay,ATP/Men,Challenger,expanded_20260925
K0AkdJtp,Baris O. (Usa),Marcondes I. (Bra),1.51,2.39,0,2,"CHALLENGER MEN - SINGLES: San Diego 2 (USA), hard",hard,ATP/Men,Challenger,expanded_20260925
zXSRq6QH,Kozlov S. (Usa),Smith C. (Usa),2.66,1.42,0,2,"CHALLENGER MEN - SINGLES: San Diego 2 (USA), hard",hard,ATP/Men,Challenger,expanded_20260925
lEmIERdB,Zhu E. (Usa),Searle H. (Gbr),2.66,1.42,1,2,"CHALLENGER MEN - SINGLES: San Diego 2 (USA), hard",hard,ATP/Men,Challenger,expanded_20260925
CEL6dqAN,Zink T. (Usa),Gomez F. A. (Arg),2.14,1.64,0,2,"CHALLENGER MEN - SINGLES: San Diego 2 (USA), hard",hard,ATP/Men,Challenger,expanded_20260925
QH3iGvYF,Arutiunian E. (Wrl),Svajda T. (Usa),3.27,1.29,0,2,"CHALLENGER MEN - SINGLES: San Diego 2 (USA), hard",hard,ATP/Men,Challenger,expanded_20260925
OAGr2mtn,Kennedy J. (Usa),Draxl L. (Can),3.09,1.32,0,2,"CHALLENGER MEN - SINGLES: San Diego 2 (USA), hard",hard,ATP/Men,Challenger,expanded_20260925
SQDcfcBd,Krueger M. (Usa),Gorzny S. (Usa),2.62,1.43,1,2,"CHALLENGER MEN - SINGLES: San Diego 2 (USA), hard",hard,ATP/Men,Challenger,expanded_20260925
h45qI033,Boyer T. (Usa),Johnson S. (Usa),1.92,1.77,2,0,"CHALLENGER MEN - SINGLES: San Diego 2 (USA), hard",hard,ATP/Men,Challenger,expanded_20260925
8AnFmnH8,Jorda Sanchis D. (Esp),Wendelken H. (Gbr),2.89,1.36,2,0,"CHALLENGER MEN - SINGLES: St. Tropez (France), hard",hard,ATP/Men,Challenger,expanded_20260925
CWE8yXEU,Ursu V. (Ukr),Gojo B. (Cro),5.6,1.1,0,2,"CHALLENGER MEN - SINGLES: St. Tropez (France), hard",hard,ATP/Men,Challenger,expanded_20260925
bRaosyog,Grenier H. (Fra),Faurel T. (Fra),1.48,2.47,0,2,"CHALLENGER MEN - SINGLES: St. Tropez (France), hard",hard,ATP/Men,Challenger,expanded_20260925
E9EnVw1s,Prizmic D. (Cro),Rincon D. (Esp),1.22,3.84,2,0,"CHALLENGER MEN - SINGLES: St. Tropez (France), hard",hard,ATP/Men,Challenger,expanded_20260925
z9hQgEUb,Glinka D. (Est),Jade D. (Fra),1.27,3.41,2,0,"CHALLENGER MEN - SINGLES: St. Tropez (France), hard",hard,ATP/Men,Challenger,expanded_20260925
SrkIez0n,Droguet T. (Fra),Poling K. (Usa),1.06,7.0,2,1,"CHALLENGER MEN - SINGLES: St. Tropez (France), hard",hard,ATP/Men,Challenger,expanded_20260925
WvbguFF5,Echargui M. (Tun),Masur D. (Ger),1.7,2.01,1,2,"CHALLENGER MEN - SINGLES: St. Tropez (France), hard",hard,ATP/Men,Challenger,expanded_20260925
I3brvZqC,Bertola R. (Sui),De Jong J. (Ned),2.89,1.36,0,2,"CHALLENGER MEN - SINGLES: St. Tropez (France), hard",hard,ATP/Men,Challenger,expanded_20260925
ObYS5Vo2,Mayot H. (Fra),Boulais J. (Can),1.2,4.05,2,1,"CHALLENGER MEN - SINGLES: St. Tropez (France), hard",hard,ATP/Men,Challenger,expanded_20260925
OMdSsHpm,Budkov Kjaer N. (Nor),Harris B. (Gbr),1.53,2.34,1,2,"CHALLENGER MEN - SINGLES: St. Tropez (France), hard",hard,ATP/Men,Challenger,expanded_20260925
j1dwqcGt,Martineau M. (Fra),Schoolkate T. (Aus),2.81,1.38,2,1,"CHALLENGER MEN - SINGLES: St. Tropez (France), hard",hard,ATP/Men,Challenger,expanded_20260925
SjBdmwNP,Dimitrov G. (Bul),Butvilas E. (Ltu),1.41,2.69,0,2,"CHALLENGER MEN - SINGLES: St. Tropez (France), hard",hard,ATP/Men,Challenger,expanded_20260925
I3x1J3I5,Falkowska W. (Pol),Yoruk I. (Tur),1.13,6.02,2,0,"CHALLENGER WOMEN - SINGLES: Ankara (Turkey), hard",hard,WTA/Women,Challenger,expanded_20260925
ABf8HsmI,Pridankina E. (Wrl),Egorova D. (Wrl),1.43,2.82,2,1,"CHALLENGER WOMEN - SINGLES: Ankara (Turkey), hard",hard,WTA/Women,Challenger,expanded_20260925
CA14y3MM,Tikhonova A. (Wrl),Gasanova A. (Wrl),3.41,1.27,0,2,"CHALLENGER WOMEN - SINGLES: Ankara (Turkey), hard",hard,WTA/Women,Challenger,expanded_20260925
bmeluoNc,Kubka M. (Pol),Cengiz B. (Tur),1.57,2.42,0,2,"CHALLENGER WOMEN - SINGLES: Ankara (Turkey), hard",hard,WTA/Women,Challenger,expanded_20260925
6wUNtbb2,Micic E. (Aus),Riera J. (Arg),3.65,1.24,2,0,"CHALLENGER WOMEN - SINGLES: Ankara (Turkey), hard",hard,WTA/Women,Challenger,expanded_20260925
2suplt6S,Crawley F. (Usa),Monnet C. (Fra),1.5,2.42,0,2,"CHALLENGER WOMEN - SINGLES: Ankara (Turkey), hard",hard,WTA/Women,Challenger,expanded_20260925
UFJJttE8,Kostovic T. (Srb),Ansari C. (Usa),1.24,4.06,2,0,"CHALLENGER WOMEN - SINGLES: Ankara (Turkey), hard",hard,WTA/Women,Challenger,expanded_20260925
AwZhLPmg,Vogt M. (Ger),Bertea E. R. (Rou),2.02,1.69,1,2,"CHALLENGER WOMEN - SINGLES: Ankara (Turkey), hard",hard,WTA/Women,Challenger,expanded_20260925
rDrUiO63,Kuzmova K. (Svk),Buyukakcay C. (Tur),1.38,3.04,1,2,"CHALLENGER WOMEN - SINGLES: Ankara (Turkey), hard",hard,WTA/Women,Challenger,expanded_20260925
2FjxVvw1,Voloshchuk A. (Por),Franco Dias T. (Por),1.01,10.7,2,0,"CHALLENGER WOMEN - SINGLES: Porto (Portugal), hard",hard,WTA/Women,Challenger,expanded_20260925
AyjTx7WG,Hodzic M. (Ger),Malygina E. (Est),1.83,1.98,1,2,"CHALLENGER WOMEN - SINGLES: Porto (Portugal), hard",hard,WTA/Women,Challenger,expanded_20260925
jgbjvqGE,Yamalapalli S. (Ind),Swan K. (Gbr),4.06,1.24,0,2,"CHALLENGER WOMEN - SINGLES: Porto (Portugal), hard",hard,WTA/Women,Challenger,expanded_20260925
SziVjMaK,Timofeeva M. (Uzb),Johnson S. (Gbr),1.3,3.54,2,0,"CHALLENGER WOMEN - SINGLES: Porto (Portugal), hard",hard,WTA/Women,Challenger,expanded_20260925
A3UDtkXi,Jorge M. (Por),Cervino Ruiz C. (Esp),1.12,5.38,2,0,"CHALLENGER WOMEN - SINGLES: Porto (Portugal), hard",hard,WTA/Women,Challenger,expanded_20260925
MwxFOGB6,Sebov K. (Can),Knutson G. (Cze),3.04,1.38,0,2,"CHALLENGER WOMEN - SINGLES: Porto (Portugal), hard",hard,WTA/Women,Challenger,expanded_20260925
SdftSkIb,Tan H. (Fra),Lee C. Y. (Usa),2.68,1.48,2,0,"CHALLENGER WOMEN - SINGLES: Porto (Portugal), hard",hard,WTA/Women,Challenger,expanded_20260925
nRjdO7HN,Jorge F. (Por),Pohankova M. (Svk),3.26,1.34,0,2,"CHALLENGER WOMEN - SINGLES: Porto (Portugal), hard",hard,WTA/Women,Challenger,expanded_20260925
O6dbxNpR,Steiner V. (Ger),Werner C. (Ger),2.42,1.57,2,0,"CHALLENGER WOMEN - SINGLES: Porto (Portugal), hard",hard,WTA/Women,Challenger,expanded_20260925
zTlpTI7D,Andreeva E. (Wrl),Brantmeier R. (Usa),2.42,1.57,0,2,"CHALLENGER WOMEN - SINGLES: Porto (Portugal), hard",hard,WTA/Women,Challenger,expanded_20260925
KxC7g5zG,Tubello A. (Fra),Spiteri D. (Ita),1.19,4.24,2,0,"CHALLENGER WOMEN - SINGLES: Tolentino (Italy), clay",clay,WTA/Women,Challenger,expanded_20260925
ChI5Zqqp,Zaar L. (Swe),Masarova R. (Sui),3.26,1.34,1,2,"CHALLENGER WOMEN - SINGLES: Tolentino (Italy), clay",clay,WTA/Women,Challenger,expanded_20260925
t6eYihaB,Serban I. M. (Ita),Laboutkova A. (Cze),2.04,1.78,2,0,"CHALLENGER WOMEN - SINGLES: Tolentino (Italy), clay",clay,WTA/Women,Challenger,expanded_20260925
llr49aOh,Brancaccio N. (Ita),Carle M. L. (Arg),1.65,2.25,2,1,"CHALLENGER WOMEN - SINGLES: Tolentino (Italy), clay",clay,WTA/Women,Challenger,expanded_20260925
KILDXNDd,Erjavec V. (Slo),Tsygourova K. (Sui),1.24,4.06,2,1,"CHALLENGER WOMEN - SINGLES: Tolentino (Italy), clay",clay,WTA/Women,Challenger,expanded_20260925
MZ1R3ehU,Palicova B. (Cze),Herrero Linana A. (Esp),1.78,2.04,2,1,"CHALLENGER WOMEN - SINGLES: Tolentino (Italy), clay",clay,WTA/Women,Challenger,expanded_20260925
tOvdBLgt,Zantedeschi A. (Ita),Lombardini M. (Ita),1.45,2.56,1,2,"CHALLENGER WOMEN - SINGLES: Tolentino (Italy), clay",clay,WTA/Women,Challenger,expanded_20260925
M1tC7wg5,Gorgodze E. (Geo),Pigossi L. (Bra),1.7,2.15,2,1,"CHALLENGER WOMEN - SINGLES: Tolentino (Italy), clay",clay,WTA/Women,Challenger,expanded_20260925
pCuqMx8b,Struplova J. (Cze),De Stefano S. (Ita),3.05,1.33,0,2,"CHALLENGER WOMEN - SINGLES: Tolentino (Italy), clay",clay,WTA/Women,Challenger,expanded_20260925
nPDaeR53,Pieri J. (Ita),De Angelis G. (Ita),1.04,10.9,2,0,"CHALLENGER WOMEN - SINGLES: Tolentino (Italy), clay",clay,WTA/Women,Challenger,expanded_20260925
xnxyObwn,Ruggeri J. (Ita),Grabher J. (Aut),2.73,1.4,1,2,"CHALLENGER WOMEN - SINGLES: Tolentino (Italy), clay",clay,WTA/Women,Challenger,expanded_20260925
tAX6jwne,Hasson J. (Isr),Hurrion M. (Gbr),5.05,1.11,0,2,"ITF MEN - SINGLES: M15 Baku (Azerbaijan), hard",hard,ATP/Men,ITF,expanded_20260925
lfR8AbwR,Neimanis R. (Lat),Delicata L. (Mlt),1.81,1.83,0,2,"ITF MEN - SINGLES: M15 Baku (Azerbaijan), hard",hard,ATP/Men,ITF,expanded_20260925
hWTTcLgL,Filar K. (Pol),Bacaloni A. (Ita),1.28,3.23,2,1,"ITF MEN - SINGLES: M15 Baku (Azerbaijan), hard",hard,ATP/Men,ITF,expanded_20260925
bTCv5x1l,Gretskiy I. (Wrl),Drayton T. (Gbr),1.29,3.17,2,0,"ITF MEN - SINGLES: M15 Baku (Azerbaijan), hard",hard,ATP/Men,ITF,expanded_20260925
6D6tPchK,Morag S. (Isr),Ignatov I. (Uzb),1.54,2.27,2,0,"ITF MEN - SINGLES: M15 Baku (Azerbaijan), hard",hard,ATP/Men,ITF,expanded_20260925
lzyFlHG7,Yilmaz K. (Tur),Agafonov E. (Wrl),1.93,1.72,2,0,"ITF MEN - SINGLES: M15 Baku (Azerbaijan), hard",hard,ATP/Men,ITF,expanded_20260925
4QcV8dQk,Braga V. (Bra),Loureiro J. V. C. (Bra),8.1,1.03,0,2,"ITF MEN - SINGLES: M15 Curitiba (Brazil), clay",clay,ATP/Men,ITF,expanded_20260925
fcyBLZ9e,Land A. (Bra),Roberts J. (Bhs),9.6,1.01,1,2,"ITF MEN - SINGLES: M15 Curitiba (Brazil), clay",clay,ATP/Men,ITF,expanded_20260925
4Mq1YVG0,Osorio J. S. (Col),Ortenblad Nogueira H. (Bra),1.04,7.5,2,0,"ITF MEN - SINGLES: M15 Curitiba (Brazil), clay",clay,ATP/Men,ITF,expanded_20260925
xvdw7ze2,Santos Gava K. L. (Bra),Sakamoto P. (Bra),4.45,1.14,0,2,"ITF MEN - SINGLES: M15 Curitiba (Brazil), clay",clay,ATP/Men,ITF,expanded_20260925
jwr9W9oD,Schenekenberg G. (Bra),Echazu M. (Per),2.15,1.6,1,2,"ITF MEN - SINGLES: M15 Curitiba (Brazil), clay",clay,ATP/Men,ITF,expanded_20260925
MJVGrHJD,Hoffmann M. (Ger),Harnoth Manrubia L. (Ger),1.63,2.1,2,1,"ITF MEN - SINGLES: M15 Forbach (France), hard (indoor)",indoor,ATP/Men,ITF,expanded_20260925
40zNgsSE,Zeuch T. (Ger),Wagenaar L. (Ned),1.13,4.65,2,1,"ITF MEN - SINGLES: M15 Forbach (France), hard (indoor)",indoor,ATP/Men,ITF,expanded_20260925
plFr0fDE,Boutleux N. (Fra),Visser M. (Ned),2.95,1.33,2,0,"ITF MEN - SINGLES: M15 Forbach (France), hard (indoor)",indoor,ATP/Men,ITF,expanded_20260925
SUZAoebL,Herrmann T. (Fra),Freire Da Silva A. (Fra),2.9,1.34,2,0,"ITF MEN - SINGLES: M15 Forbach (France), hard (indoor)",indoor,ATP/Men,ITF,expanded_20260925
Gt50jTxK,Lenglet A. (Fra),Theate P. (Fra),2.0,1.67,1,2,"ITF MEN - SINGLES: M15 Forbach (France), hard (indoor)",indoor,ATP/Men,ITF,expanded_20260925
AcwViLdR,Covato M. (Ita),Barrere V. (Fra),2.22,1.56,2,1,"ITF MEN - SINGLES: M15 Forbach (France), hard (indoor)",indoor,ATP/Men,ITF,expanded_20260925
EgS8pwk1,Hueller-Varga A. (Fra),Trufelli T. (Fra),5.75,1.08,0,2,"ITF MEN - SINGLES: M15 Forbach (France), hard (indoor)",indoor,ATP/Men,ITF,expanded_20260925
6TO0naKl,Van Herck L. (Lux),Raynel A. (Fra),1.97,1.69,2,0,"ITF MEN - SINGLES: M15 Forbach (France), hard (indoor)",indoor,ATP/Men,ITF,expanded_20260925
Y5HEpUVH,Martin T. (Gbr),Carrascosa Diaz M. (Esp),1.37,2.78,2,1,"ITF MEN - SINGLES: M15 Monastir 32 (Tunisia), hard",hard,ATP/Men,ITF,expanded_20260925
GSVQZCHa,Schuetze C. (Ger),Hernandez C. (Esp),17.0,1.01,0,2,"ITF MEN - SINGLES: M15 Monastir 32 (Tunisia), hard",hard,ATP/Men,ITF,expanded_20260925
QuE6nj15,Weekes J. (Can),Chauhan H. (Ind),1.59,2.17,2,1,"ITF MEN - SINGLES: M15 Monastir 32 (Tunisia), hard",hard,ATP/Men,ITF,expanded_20260925
tz5dzc3k,Minasyan M. (Swe),Kumar M. (Swe),1.51,2.34,2,0,"ITF MEN - SINGLES: M25 Falun (Sweden), hard (indoor)",indoor,ATP/Men,ITF,expanded_20260925
AHgaClqe,Gahnstrom E. (Swe),Poulsen Brostrom O. (Den),4.85,1.12,0,2,"ITF MEN - SINGLES: M25 Falun (Sweden), hard (indoor)",indoor,ATP/Men,ITF,expanded_20260925
6maSckU1,Vasa E. (Fin),Kivanda S. E. (Gbr),1.08,5.8,2,0,"ITF MEN - SINGLES: M25 Falun (Sweden), hard (indoor)",indoor,ATP/Men,ITF,expanded_20260925
rVi7ASD7,Lane L. (Ger),Alopaeus F. (Fin),1.8,1.84,2,0,"ITF MEN - SINGLES: M25 Falun (Sweden), hard (indoor)",indoor,ATP/Men,ITF,expanded_20260925
OGPOLcld,Marek W. (Pol),Braynin A. (Ukr),1.66,2.05,2,1,"ITF MEN - SINGLES: M25 Falun (Sweden), hard (indoor)",indoor,ATP/Men,ITF,expanded_20260925
YgiELhM8,Van Orderlain D. (Usa),Koistila Larsson K. (Swe),1.99,1.68,1,2,"ITF MEN - SINGLES: M25 Falun (Sweden), hard (indoor)",indoor,ATP/Men,ITF,expanded_20260925
bmLIsuBF,Petrovic A. (Nor),Fomba L. (Fra),1.51,2.34,2,0,"ITF MEN - SINGLES: M25 Falun (Sweden), hard (indoor)",indoor,ATP/Men,ITF,expanded_20260925
jNHAq1t3,Friberg K. (Swe),Slavic N. (Swe),1.43,2.56,2,0,"ITF MEN - SINGLES: M25 Falun (Sweden), hard (indoor)",indoor,ATP/Men,ITF,expanded_20260925
67kMJWjL,Renard L. (Swe),Kobelt A. (Usa),2.63,1.41,2,0,"ITF MEN - SINGLES: M25 Falun (Sweden), hard (indoor)",indoor,ATP/Men,ITF,expanded_20260925
2ijiEAEr,Karma N. (Sui),Karlsson Wistrand J. (Swe),1.27,3.31,1,2,"ITF MEN - SINGLES: M25 Falun (Sweden), hard (indoor)",indoor,ATP/Men,ITF,expanded_20260925
UNo9lQZj,Cerny M. (Cze),Planinsek F. J. (Slo),1.9,1.75,2,1,"ITF MEN - SINGLES: M25 Pardubice (Czech Republic), clay",clay,ATP/Men,ITF,expanded_20260925
tprWe8sH,Gundacker J. (Aut),Duda A. (Cze),1.14,4.5,2,0,"ITF MEN - SINGLES: M25 Pardubice (Czech Republic), clay",clay,ATP/Men,ITF,expanded_20260925
vyS8hfhM,Vrtilka J. (Cze),Chayka A. (Wrl),1.99,1.68,2,1,"ITF MEN - SINGLES: M25 Pardubice (Czech Republic), clay",clay,ATP/Men,ITF,expanded_20260925
bcQhdxgc,Cizek J. (Cze),Dujka D. (Cze),1.14,4.55,2,0,"ITF MEN - SINGLES: M25 Pardubice (Czech Republic), clay",clay,ATP/Men,ITF,expanded_20260925
nyAMcbmo,Talan Lopatic L. (Slo),Perez Socas R. (Esp),1.55,2.36,2,0,"ITF MEN - SINGLES: M25 Sabadell 2 (Spain), clay",clay,ATP/Men,ITF,expanded_20260925
4UJS8Oen,Gutierrez O. J. (Esp),Munk Mesa B. (Esp),1.72,1.93,2,1,"ITF MEN - SINGLES: M25 Sabadell 2 (Spain), clay",clay,ATP/Men,ITF,expanded_20260925
fL3OHJvH,Von der Schulenburg J. (Sui),Campana Lee G. (Kor),2.74,1.38,1,2,"ITF MEN - SINGLES: M25 Sabadell 2 (Spain), clay",clay,ATP/Men,ITF,expanded_20260925
j5Oj3KPN,Hipfl N. (Aut),Marti Pujolras A. (Esp),2.9,1.34,0,2,"ITF MEN - SINGLES: M25 Sabadell 2 (Spain), clay",clay,ATP/Men,ITF,expanded_20260925
8WPtbw7m,Alfano F. (Ita),De Giorgio P. (Ita),2.7,1.39,0,2,"ITF MEN - SINGLES: M25 Santa Margherita di Pula 8 (Italy), clay",clay,ATP/Men,ITF,expanded_20260925
pfnPudiJ,Michalski D. (Pol),Beraldo L. (Ita),1.01,9.1,2,0,"ITF MEN - SINGLES: M25 Santa Margherita di Pula 8 (Italy), clay",clay,ATP/Men,ITF,expanded_20260925
CUcV8H9E,Rapagnetta D. (Ita),Catini N. (Ita),1.14,4.55,2,1,"ITF MEN - SINGLES: M25 Santa Margherita di Pula 8 (Italy), clay",clay,ATP/Men,ITF,expanded_20260925
lARdfe6C,Mura M. (Ita),Crisostomo G. (Ita),1.91,1.74,0,2,"ITF MEN - SINGLES: M25 Santa Margherita di Pula 8 (Italy), clay",clay,ATP/Men,ITF,expanded_20260925
YalUymjo,Primucci L. (Ita),Marino P. (Ita),2.82,1.36,0,2,"ITF MEN - SINGLES: M25 Santa Margherita di Pula 8 (Italy), clay",clay,ATP/Men,ITF,expanded_20260925
prdw7evR,Angelini L. (Ita),Comino L. (Ita),1.42,2.59,2,0,"ITF MEN - SINGLES: M25 Santa Margherita di Pula 8 (Italy), clay",clay,ATP/Men,ITF,expanded_20260925
xlZA3aqQ,Sciahbasi M. (Ita),Trivunac N. (Ita),1.02,11.0,2,1,"ITF MEN - SINGLES: M25 Santa Margherita di Pula 8 (Italy), clay",clay,ATP/Men,ITF,expanded_20260925
pO5qoEH7,Misasi G. (Ita),Ferrari G. (Ita),3.31,1.27,1,2,"ITF MEN - SINGLES: M25 Santa Margherita di Pula 8 (Italy), clay",clay,ATP/Men,ITF,expanded_20260925
GdTldHy0,Dessi M. (Ita),Lokoli L. (Fra),11.0,1.02,0,2,"ITF MEN - SINGLES: M25 Santa Margherita di Pula 8 (Italy), clay",clay,ATP/Men,ITF,expanded_20260925
YJvOcUC4,Crivellaro G. (Ita),Minighini D. (Ita),1.17,4.23,2,0,"ITF MEN - SINGLES: M25 Santa Margherita di Pula 8 (Italy), clay",clay,ATP/Men,ITF,expanded_20260925
xb2ymzme,Pennaforti G. (Ita),Ionel N. D. (Rou),1.66,2.01,2,0,"ITF MEN - SINGLES: M25 Santa Margherita di Pula 8 (Italy), clay",clay,ATP/Men,ITF,expanded_20260925
06tGajrh,Bellifemine A. (Ita),Seghetti S. (Ita),2.1,1.63,1,2,"ITF MEN - SINGLES: M25 Santa Margherita di Pula 8 (Italy), clay",clay,ATP/Men,ITF,expanded_20260925
lnaqbByi,Deckers A. (Ned),Barroso Campos A. (Esp),1.43,2.56,2,1,"ITF MEN - SINGLES: M25 Setubal (Portugal), hard",hard,ATP/Men,ITF,expanded_20260925
ngTHfxVb,Domingues J. (Por),Izquierdo Luque R. (Esp),1.66,2.01,2,1,"ITF MEN - SINGLES: M25 Setubal (Portugal), hard",hard,ATP/Men,ITF,expanded_20260925
j98k9yph,Gonzalez Fernandez M. (Esp),Perego G. (Ita),1.29,3.17,0,2,"ITF MEN - SINGLES: M25 Setubal (Portugal), hard",hard,ATP/Men,ITF,expanded_20260925
K6RPhGaB,Bertrand R. (Fra),Cacao T. (Por),1.53,2.29,2,0,"ITF MEN - SINGLES: M25 Setubal (Portugal), hard",hard,ATP/Men,ITF,expanded_20260925
bFgGirw9,Sasikumar M. (Ind),Catry R. (Fra),2.05,1.66,2,0,"ITF MEN - SINGLES: M25 Yinchuan (China), hard",hard,ATP/Men,ITF,expanded_20260925
foaqwqOF,Pankin S. (Wrl),Zeng Y. (Chn),1.44,2.53,2,0,"ITF MEN - SINGLES: M25 Yinchuan (China), hard",hard,ATP/Men,ITF,expanded_20260925
be3MV0Gk,Peliwo F. (Pol),Chen X. D. (Chn),1.14,4.5,2,0,"ITF MEN - SINGLES: M25 Yinchuan (China), hard",hard,ATP/Men,ITF,expanded_20260925
0rrfp0Vr,Hsieh C. (Tpe),Flores J. (Cos),3.53,1.24,0,2,"ITF MEN - SINGLES: M25 Yinchuan (China), hard",hard,ATP/Men,ITF,expanded_20260925
QceRGhCD,Albieri S. O. (Bra),Moraes M. (Bra),1.04,7.5,2,0,"ITF WOMEN - SINGLES: W15 Belem (Brazil), hard",hard,WTA/Women,ITF,expanded_20260925
zo8uQdkR,Dias S. (Bra),Nahmias Melo Rodrigues B. (Bra),1.84,1.8,2,0,"ITF WOMEN - SINGLES: W15 Belem (Brazil), hard",hard,WTA/Women,ITF,expanded_20260925
S0Ew6ybe,Sartori A. J. (Bra),Lopez P. (Usa),5.5,1.13,0,2,"ITF WOMEN - SINGLES: W15 Belem (Brazil), hard",hard,WTA/Women,ITF,expanded_20260925
0ECo4FS7,Garcia Vidal L. (Bra),Citolino M. M. (Bra),1.01,9.2,2,0,"ITF WOMEN - SINGLES: W15 Belem (Brazil), hard",hard,WTA/Women,ITF,expanded_20260925
Wd7hFuy9,Gomes Ferreira G. (Bra),Roberta Bouth Pinheiro B. (Bra),1.18,4.13,2,0,"ITF WOMEN - SINGLES: W15 Belem (Brazil), hard",hard,WTA/Women,ITF,expanded_20260925
WGgBKzDl,Moron F. B. (Arg),Reichel A. (Bra),4.03,1.19,0,2,"ITF WOMEN - SINGLES: W15 Belem (Brazil), hard",hard,WTA/Women,ITF,expanded_20260925
IRbaZvCd,Prisacariu A. (Rou),Pushkar S. (Sui),1.03,7.6,2,0,"ITF WOMEN - SINGLES: W15 Constanta (Romania), clay",clay,WTA/Women,ITF,expanded_20260925
IokgeMYF,Schaefer A. J. (Ger),Varsa A. I. (Rou),1.04,7.2,2,0,"ITF WOMEN - SINGLES: W15 Constanta (Romania), clay",clay,WTA/Women,ITF,expanded_20260925
Ecl6p5Kc,Sevcikova L. (Cze),Hrda L. (Ger),1.05,6.9,2,0,"ITF WOMEN - SINGLES: W15 Constanta (Romania), clay",clay,WTA/Women,ITF,expanded_20260925
ALoocr43,Marcu T. (Rou),Traysta A. (Wrl),1.08,5.9,2,0,"ITF WOMEN - SINGLES: W15 Constanta (Romania), clay",clay,WTA/Women,ITF,expanded_20260925
tzZ4CFRQ,Chen M. (Chn),An L. (Chn),1.36,2.82,2,0,"ITF WOMEN - SINGLES: W15 Maanshan 5 (China), hard",hard,WTA/Women,ITF,expanded_20260925
WnMj3BlD,Choi S. Y. (Kor),Zhang R. (Chn),3.69,1.22,0,2,"ITF WOMEN - SINGLES: W15 Maanshan 5 (China), hard",hard,WTA/Women,ITF,expanded_20260925
2NOVFlYI,Sun Y. (Chn),Arystanbekova A. (Kaz),3.0,1.32,2,1,"ITF WOMEN - SINGLES: W15 Maanshan 5 (China), hard",hard,WTA/Women,ITF,expanded_20260925
EJJ7Lh4s,Ye S. (Chn),Wu R. X. (Chn),1.33,2.95,2,0,"ITF WOMEN - SINGLES: W15 Maanshan 5 (China), hard",hard,WTA/Women,ITF,expanded_20260925
0jfIzm3n,Blazkova K. (Cze),Bertacchi A. (Ita),3.31,1.27,0,2,"ITF WOMEN - SINGLES: W15 Monastir 27 (Tunisia), hard",hard,WTA/Women,ITF,expanded_20260925
ARfBPMfo,Maloney E. (Gbr),Kumru A. (Tur),1.22,3.69,2,1,"ITF WOMEN - SINGLES: W15 Monastir 27 (Tunisia), hard",hard,WTA/Women,ITF,expanded_20260925
IBzBTjDG,Mdlulwa W. (Rsa),Katsumi N. (Jpn),2.01,1.66,2,0,"ITF WOMEN - SINGLES: W15 Monastir 27 (Tunisia), hard",hard,WTA/Women,ITF,expanded_20260925
Y3hQYQXb,Kujovic K. (Bel),Dekkers F. (Ned),1.26,3.37,1,2,"ITF WOMEN - SINGLES: W15 Monastir 27 (Tunisia), hard",hard,WTA/Women,ITF,expanded_20260925
Awwm1Lj4,Chang H. (Usa),Evans K. (Usa),1.2,3.84,2,1,"ITF WOMEN - SINGLES: W50 Berkeley, CA (USA), hard",hard,WTA/Women,ITF,expanded_20260925
ltd8bjjg,Hosogi S. (Jpn),Yoshimoto N. (Jpn),1.61,2.13,2,1,"ITF WOMEN - SINGLES: W50 Nanao (Japan), grass",grass,WTA/Women,ITF,expanded_20260925
GhRoex1b,Kawaguchi N. (Jpn),Nishimura K. (Jpn),1.39,2.7,2,0,"ITF WOMEN - SINGLES: W50 Nanao (Japan), grass",grass,WTA/Women,ITF,expanded_20260925
xp1WhnKU,Uemura M. (Jpn),Muramatsu C. (Jpn),1.48,2.42,2,1,"ITF WOMEN - SINGLES: W50 Nanao (Japan), grass",grass,WTA/Women,ITF,expanded_20260925
QoJXoYNp,Onozawa N. (Jpn),Noguchi S. (Jpn),9.0,1.04,2,0,"ITF WOMEN - SINGLES: W50 Nanao (Japan), grass",grass,WTA/Women,ITF,expanded_20260925
8SNwcbWo,Yamazaki I. (Jpn),Matsuda R. (Jpn),2.27,1.54,0,2,"ITF WOMEN - SINGLES: W50 Nanao (Japan), grass",grass,WTA/Women,ITF,expanded_20260925
zVFrrjS9,Hennemann C. W. (Swe),Glushkova D. (Bul),1.23,3.61,2,0,"ITF WOMEN - SINGLES: W50 Plovdiv (Bulgaria), clay",clay,WTA/Women,ITF,expanded_20260925
buFFdks3,Oz I. (Tur),Lew Yan Foon A. (Fra),1.26,3.37,2,0,"ITF WOMEN - SINGLES: W50 Plovdiv (Bulgaria), clay",clay,WTA/Women,ITF,expanded_20260925
lChe9SQ8,Mintegi Del Olmo A. (Esp),Wuerth T. (Cro),1.28,3.23,2,0,"ITF WOMEN - SINGLES: W50 Plovdiv (Bulgaria), clay",clay,WTA/Women,ITF,expanded_20260925
reJjtUdM,Niemeier J. (Ger),Karatancheva L. (Bul),1.7,1.96,2,0,"ITF WOMEN - SINGLES: W50 Plovdiv (Bulgaria), clay",clay,WTA/Women,ITF,expanded_20260925
WhDNfTBF,Taraba Wallberg N. (Swe),Sakellaridi S. (Gre),1.38,2.74,1,2,"ITF WOMEN - SINGLES: W50 Plovdiv (Bulgaria), clay",clay,WTA/Women,ITF,expanded_20260925
tbuvnnWr,Berecoechea N. (Fra),Matoula M. (Gre),2.27,1.54,2,1,"ITF WOMEN - SINGLES: W50 Yecla (Spain), hard",hard,WTA/Women,ITF,expanded_20260925
6PWtlZ1T,Brace C. (Can),Appleton E. (Gbr),1.4,2.66,1,2,"ITF WOMEN - SINGLES: W50 Yecla (Spain), hard",hard,WTA/Women,ITF,expanded_20260925
ncsm4ohR,Nilsson L. (Swe),Boskovic L. (Cro),1.96,1.7,1,2,"ITF WOMEN - SINGLES: W50 Yecla (Spain), hard",hard,WTA/Women,ITF,expanded_20260925
zuNCrDPj,Garcia-Perez G. (Esp),Ryser V. (Sui),3.53,1.24,2,1,"ITF WOMEN - SINGLES: W50 Yecla (Spain), hard",hard,WTA/Women,ITF,expanded_20260925
IuYIbPFl,Tona M. (Ita),Lahey A. (Usa),3.17,1.29,2,0,"ITF WOMEN - SINGLES: W50 Yecla (Spain), hard",hard,WTA/Women,ITF,expanded_20260925
EBwnpQ0e,Van den Broek I. L. (Ned),Cherubini D. (Ita),1.48,2.42,1,2,"ITF WOMEN - SINGLES: W50 Yecla (Spain), hard",hard,WTA/Women,ITF,expanded_20260925
SY9b6GHc,Milovanovic E. (Srb),Fita Boluda A. (Esp),2.34,1.51,1,2,"ITF WOMEN - SINGLES: W50 Yecla (Spain), hard",hard,WTA/Women,ITF,expanded_20260925
zaD64fnA,Vedder E. (Ned),Esquiva Banuls C. (Esp),1.43,2.56,1,2,"ITF WOMEN - SINGLES: W50 Yecla (Spain), hard",hard,WTA/Women,ITF,expanded_20260925
ninj3F0B,Czech Republic W,Great Britain W,1.07,6.55,2,0,TEAMS - WOMEN: Billie Jean King Cup - World Group (World),unknown,WTA/Women,Other,expanded_20260925
MXGwW6pA,Shepp A. (Nzl),Sakamoto R. (Jpn),5.42,1.13,0,2,,unknown,ATP/Men,Other,expanded_20260925
Sh4Wc2ff,Varillas J. P. (Per),Vallejo D. (Par),2.66,1.49,2,1,,unknown,ATP/Men,Other,expanded_20260925
foFoUpFM,Watt J. (Nzl),Shimabukuro S. (Jpn),4.44,1.22,1,2,,unknown,ATP/Men,Other,expanded_20260925
Y9P6gQdD,Hsu Y. H. (Tpe),Wallin O. (Swe),1.81,2.02,1,2,,unknown,ATP/Men,Other,expanded_20260925
C4fJrpUF,De Minaur A. (Aus),Kasnikowski M. (Pol),1.03,12.6,2,0,,unknown,ATP/Men,Other,expanded_20260925
4CCQtObS,Duckworth J. (Aus),Majchrzak K. (Pol),2.21,1.68,1,2,,unknown,ATP/Men,Other,expanded_20260925
86QOD1Ua,Tseng C. H. (Tpe),Friberg K. (Swe),1.11,6.88,2,0,,unknown,ATP/Men,Other,expanded_20260925
hloB7t3s,Molcan A. (Svk),Sakellaridis S. (Gre),1.48,2.69,2,0,,unknown,ATP/Men,Other,expanded_20260925
WdgmO9W7,Kecmanovic M. (Srb),Butvilas E. (Ltu),1.36,3.19,2,1,,unknown,ATP/Men,Other,expanded_20260925
0ElJ5KXg,Gombos N. (Svk),Tsitsipas S. (Gre),6.83,1.11,0,2,,unknown,ATP/Men,Other,expanded_20260925
KOEgUHC6,Rune H. (Den),Dimitrov G. (Bul),1.89,1.93,2,1,,unknown,ATP/Men,Other,expanded_20260925
hxgWhDuf,Virtanen O. (Fin),Vacherot V. (Mon),2.4,1.59,1,2,,unknown,ATP/Men,Other,expanded_20260925
b3oZoDOE,Medjedovic H. (Srb),Gaubas V. (Ltu),1.45,2.8,2,0,,unknown,ATP/Men,Other,expanded_20260925
OAtn7SyB,Cerundolo F. (Arg),Erel Y. (Tur),1.17,5.25,2,0,,unknown,ATP/Men,Other,expanded_20260925
SlI1SesJ,Moller E. (Den),Radulov I. (Bul),1.43,2.89,2,0,,unknown,ATP/Men,Other,expanded_20260925
Wzpf566N,Tirante T. A. (Arg),Alkaya M. (Tur),1.16,5.39,2,0,,unknown,ATP/Men,Other,expanded_20260925
8A2r4zZI,Dellien H. (Bol),Choi W. F. (Hkg),1.02,15.0,2,0,ATP - SINGLES: Davis Cup - World Group II (World),unknown,ATP/Men,ATP/WTA,expanded_20260925
04kURwRP,Prado Angelo J. C. (Bol),Wong T. F. (Hkg),1.01,17.5,2,0,ATP - SINGLES: Davis Cup - World Group II (World),unknown,ATP/Men,ATP/WTA,expanded_20260925
ATaYT6YP,Photiades P. (Cyp),Kravchenko G. (Ukr),17.5,1.01,0,2,ATP - SINGLES: Davis Cup - World Group II (World),unknown,ATP/Men,ATP/WTA,expanded_20260925
SYwNiCAU,Shevchenko A. (Kaz),Samrej K. (Tha),1.33,3.39,1,2,ATP - SINGLES: Davis Cup - World Group II (World),unknown,ATP/Men,ATP/WTA,expanded_20260925
6D03Opdm,Efstathiou M. (Cyp),Krutykh O. (Ukr),2.56,1.52,1,2,ATP - SINGLES: Davis Cup - World Group II (World),unknown,ATP/Men,ATP/WTA,expanded_20260925
IcJWBFen,Skatov T. (Kaz),Jones M. (Tha),1.4,3.02,2,1,ATP - SINGLES: Davis Cup - World Group II (World),unknown,ATP/Men,ATP/WTA,expanded_20260925
ITLxQcXi,Henning P. (Rsa),Nedic A. (Bih),1.31,3.54,0,2,ATP - SINGLES: Davis Cup - World Group II (World),unknown,ATP/Men,ATP/WTA,expanded_20260925
KYwRJ5LG,Phillips D. (Ber),Magadan A. (Mex),4.47,1.21,0,2,ATP - SINGLES: Davis Cup - World Group II (World),unknown,ATP/Men,ATP/WTA,expanded_20260925
jsKpOy24,Montsi K. (Rsa),Dzumhur D. (Bih),3.01,1.4,0,2,ATP - SINGLES: Davis Cup - World Group II (World),unknown,ATP/Men,ATP/WTA,expanded_20260925
SbsZHqjT,Mallory R. (Ber),Hernandez A. (Mex),12.6,1.03,0,2,ATP - SINGLES: Davis Cup - World Group II (World),unknown,ATP/Men,ATP/WTA,expanded_20260925
U33R0oGU,Duran D. (Sal),Borges N. (Por),17.5,1.01,0,2,ATP - SINGLES: Davis Cup - World Group II (World),unknown,ATP/Men,ATP/WTA,expanded_20260925
KSryLl1n,Cruz C. (Sal),Faria J. (Por),17.5,1.01,0,2,ATP - SINGLES: Davis Cup - World Group II (World),unknown,ATP/Men,ATP/WTA,expanded_20260925
plT9dj9s,Auger-Aliassime F. (Can),Halys Q. (Fra),1.23,3.73,2,1,ATP - SINGLES: Davis Cup - World Group (World) - Qualification,unknown,ATP/Men,ATP/WTA,expanded_20260925
tfNa3l8j,Kwon S. (Kor),Nagal S. (Ind),1.27,3.41,2,0,ATP - SINGLES: Davis Cup - World Group (World) - Qualification,unknown,ATP/Men,ATP/WTA,expanded_20260925
ngZQ1yXo,Rodionov J. (Aut),Bergs Z. (Bel),2.42,1.5,2,0,ATP - SINGLES: Davis Cup - World Group (World) - Qualification,unknown,ATP/Men,ATP/WTA,expanded_20260925
ryHm2Q94,Samuel T. (Gbr),Andrade A. (Ecu),1.17,4.39,2,1,ATP - SINGLES: Davis Cup - World Group (World) - Qualification,unknown,ATP/Men,ATP/WTA,expanded_20260925
vurGhDx8,Zverev A. (Ger),Dodig M. (Cro),1.01,10.5,2,0,ATP - SINGLES: Davis Cup - World Group (World) - Qualification,unknown,ATP/Men,ATP/WTA,expanded_20260925
j16wgsll,Altmaier D. (Ger),Prizmic D. (Cro),2.3,1.55,0,2,ATP - SINGLES: Davis Cup - World Group (World) - Qualification,unknown,ATP/Men,ATP/WTA,expanded_20260925
UiFe04vH,Fery A. (Gbr),Guillen Meza A. (Ecu),1.03,8.8,2,0,ATP - SINGLES: Davis Cup - World Group (World) - Qualification,unknown,ATP/Men,ATP/WTA,expanded_20260925
pA2XHmNq,Mensik J. (Cze),Shelton B. (Usa),2.18,1.58,2,1,ATP - SINGLES: Davis Cup - World Group (World) - Qualification,unknown,ATP/Men,ATP/WTA,expanded_20260925
61GNvyTs,Tabilo A. (Chi),Merida Aguilar D. (Esp),1.73,1.97,1,2,ATP - SINGLES: Davis Cup - World Group (World) - Qualification,unknown,ATP/Men,ATP/WTA,expanded_20260925
WQ0uGRid,Lehecka J. (Cze),Tien L. (Usa),1.88,1.8,2,0,ATP - SINGLES: Davis Cup - World Group (World) - Qualification,unknown,ATP/Men,ATP/WTA,expanded_20260925
hIEVxFcf,Garin C. (Chi),Jodar R. (Esp),3.65,1.24,0,2,ATP - SINGLES: Davis Cup - World Group (World) - Qualification,unknown,ATP/Men,ATP/WTA,expanded_20260925
bBZPh886,Auger-Aliassime F. (Can),Rinderknech A. (Fra),1.32,3.09,2,1,ATP - SINGLES: Davis Cup - World Group (World) - Qualification,unknown,ATP/Men,ATP/WTA,expanded_20260925
Cjk2cE9s,Bucsa C. (Esp),Jovic I. (Usa),4.34,1.23,0,2,"WTA - SINGLES: Guadalajara (Mexico), hard",hard,WTA/Women,ATP/WTA,expanded_20260925
YZlZdNyK,Samsonova L. (Wrl),Stearns P. (Usa),1.59,2.4,0,2,"WTA - SINGLES: Guadalajara (Mexico), hard",hard,WTA/Women,ATP/WTA,expanded_20260925
6sWzZjqB,Quevedo K. (Esp),Blinkova A. (Fra),2.4,1.59,2,1,"WTA - SINGLES: Sao Paulo (Brazil), hard",hard,WTA/Women,ATP/WTA,expanded_20260925
hWHpqjP8,Podoroska N. (Arg),Badosa P. (Esp),4.8,1.18,2,0,"WTA - SINGLES: Sao Paulo (Brazil), hard",hard,WTA/Women,ATP/WTA,expanded_20260925
jBkZJtIN,Kaji H. (Jpn),Astakhova D. (Wrl),2.32,1.54,1,2,"WTA - SINGLES: Seoul (South Korea) - Qualification, hard",hard,WTA/Women,ATP/WTA,expanded_20260925
E1rjxOXi,Shubladze A. (Wrl),Jang G. (Kor),1.02,13.7,2,0,"WTA - SINGLES: Seoul (South Korea) - Qualification, hard",hard,WTA/Women,ATP/WTA,expanded_20260925
nFtbz224,Hontama M. (Jpn),Lee E. (Kor),1.27,3.8,1,2,"WTA - SINGLES: Seoul (South Korea) - Qualification, hard",hard,WTA/Women,ATP/WTA,expanded_20260925
fup6YuXG,Zhao C. (Can),Ma Y. (Chn),2.99,1.34,0,2,"WTA - SINGLES: Seoul (South Korea) - Qualification, hard",hard,WTA/Women,ATP/WTA,expanded_20260925
WO9oEBo2,Yao X. (Chn),Hon P. (Aus),2.31,1.62,2,1,"WTA - SINGLES: Seoul (South Korea) - Qualification, hard",hard,WTA/Women,ATP/WTA,expanded_20260925
bV1XyFw9,Ibragimova A. (Wrl),Saigo R. (Jpn),1.26,3.49,2,0,"WTA - SINGLES: Seoul (South Korea) - Qualification, hard",hard,WTA/Women,ATP/WTA,expanded_20260925
bBBwGXGk,Liang E. S. (Tpe),Saito S. (Jpn),1.36,2.89,0,2,"WTA - SINGLES: Seoul (South Korea) - Qualification, hard",hard,WTA/Women,ATP/WTA,expanded_20260925
l2uDlhNE,Wang J. (Chn),Kulikova A. (Fin),2.32,1.54,0,2,"WTA - SINGLES: Singapore (Singapore) - Qualification, hard (indoor)",indoor,WTA/Women,ATP/WTA,expanded_20260925
6e5uzg8L,Ito A. (Jpn),Lansere S. (Wrl),1.4,2.73,2,0,"WTA - SINGLES: Singapore (Singapore) - Qualification, hard (indoor)",indoor,WTA/Women,ATP/WTA,expanded_20260925
dSrLnWiR,Garland J. (Tpe),Perez E. (Aus),1.03,13.0,2,0,"WTA - SINGLES: Singapore (Singapore) - Qualification, hard (indoor)",indoor,WTA/Women,ATP/WTA,expanded_20260925
p6nbulp1,Radisic N. (Slo),Morvayova V. (Svk),3.95,1.21,0,2,"WTA - SINGLES: Singapore (Singapore) - Qualification, hard (indoor)",indoor,WTA/Women,ATP/WTA,expanded_20260925
2RjBUWVr,Desvignes E. M. (Sgp),Okamura K. (Jpn),3.54,1.3,0,2,"WTA - SINGLES: Singapore (Singapore) - Qualification, hard (indoor)",indoor,WTA/Women,ATP/WTA,expanded_20260925
lrkJSA0e,Yamaguchi M. (Jpn),Eikeri U. (Nor),1.14,4.85,2,0,"WTA - SINGLES: Singapore (Singapore) - Qualification, hard (indoor)",indoor,WTA/Women,ATP/WTA,expanded_20260925
I3SJTdpd,Caniato C. A. (Ita),Barrena A. (Arg),1.71,1.99,2,0,"CHALLENGER MEN - SINGLES: Biella (Italy), clay",clay,ATP/Men,Challenger,expanded_20260925
MNsXhxH0,Moro Canas A. (Esp),Clarke J. (Gbr),1.67,2.08,2,1,"CHALLENGER MEN - SINGLES: Biella (Italy), clay",clay,ATP/Men,Challenger,expanded_20260925
QLZsCmb3,Sharipov M. (Wrl),Bar Biryukov P. (Wrl),1.23,3.74,2,0,"CHALLENGER MEN - SINGLES: Guangzhou 2 (China), hard",hard,ATP/Men,Challenger,expanded_20260925
ANIu4nuh,Kotov P. (Wrl),Tomic B. (Aus),1.67,2.05,2,0,"CHALLENGER MEN - SINGLES: Guangzhou 2 (China), hard",hard,ATP/Men,Challenger,expanded_20260925
p0un2tfE,Schoolkate T. (Aus),Mayot H. (Fra),1.93,1.76,0,2,"CHALLENGER MEN - SINGLES: Rennes (France), hard (indoor)",indoor,ATP/Men,Challenger,expanded_20260925
YDgl0TsA,Gueymard Wayenburg S. (Fra),Droguet T. (Fra),2.85,1.37,2,1,"CHALLENGER MEN - SINGLES: Rennes (France), hard (indoor)",indoor,ATP/Men,Challenger,expanded_20260925
vRUZW0QF,Monteiro T. (Bra),Trungelliti M. (Arg),2.22,1.59,2,1,"CHALLENGER MEN - SINGLES: Szczecin (Poland), clay",clay,ATP/Men,Challenger,expanded_20260925
pIM6Wr5M,Sanchez Izquierdo N. (Esp),Mikrut L. (Cro),1.97,1.71,2,0,"CHALLENGER MEN - SINGLES: Szczecin (Poland), clay",clay,ATP/Men,Challenger,expanded_20260925
M1fOuiAj,Wolf J.J. (Usa),Gorzny S. (Usa),1.38,2.81,2,1,"CHALLENGER MEN - SINGLES: Tiburon (USA), hard",hard,ATP/Men,Challenger,expanded_20260925
rNJDPIIk,Pohankova M. (Svk),Knutson G. (Cze),1.64,2.26,1,2,"CHALLENGER WOMEN - SINGLES: Caldas da Rainha (Portugal), hard",hard,WTA/Women,Challenger,expanded_20260925
QkXCneeK,Pigato L. (Ita),Vandromme J. (Bel),3.21,1.3,2,0,"CHALLENGER WOMEN - SINGLES: Caldas da Rainha (Portugal), hard",hard,WTA/Women,Challenger,expanded_20260925
YowjARSF,De Stefano S. (Ita),Samson L. (Cze),2.42,1.57,2,1,"CHALLENGER WOMEN - SINGLES: Ljubljana (Slovenia), clay",clay,WTA/Women,Challenger,expanded_20260925
2om3fiPG,Barthel M. (Ger),Basiletti N. (Ita),1.61,2.18,2,0,"CHALLENGER WOMEN - SINGLES: Ljubljana (Slovenia), clay",clay,WTA/Women,Challenger,expanded_20260925
8WZt8Nve,Burel C. (Fra),Steur J. L. S. (Ger),1.48,2.68,2,0,"CHALLENGER WOMEN - SINGLES: Valencia (Spain), clay",clay,WTA/Women,Challenger,expanded_20260925
4tpWAAxn,Herrero Linana A. (Esp),Kabbaj Y. (Mar),1.52,2.54,2,0,"CHALLENGER WOMEN - SINGLES: Valencia (Spain), clay",clay,WTA/Women,Challenger,expanded_20260925
ShQbLnX1,Saraiva Dos Santos P. A. (Bra),de Carvalho Damazio L. E. (Bra),1.12,4.85,2,1,"ITF MEN - SINGLES: M15 Belem (Brazil), hard",hard,ATP/Men,ITF,expanded_20260925
x68vYPG7,Zanellato N. (Bra),Osorio J. S. (Col),1.92,1.73,2,1,"ITF MEN - SINGLES: M15 Belem (Brazil), hard",hard,ATP/Men,ITF,expanded_20260925
YsVROi3D,Bertimon C. (Fra),Hurrion M. (Gbr),5.6,1.09,2,0,"ITF MEN - SINGLES: M15 Hurghada 9 (Egypt), hard",hard,ATP/Men,ITF,expanded_20260925
h4TBSZ3l,Jubb P. (Gbr),Ivanov S. (Wrl),1.01,9.1,2,0,"ITF MEN - SINGLES: M15 Hurghada 9 (Egypt), hard",hard,ATP/Men,ITF,expanded_20260925
6i1EhTMH,Cordoba C. (Esp),Rapagnetta D. (Ita),2.27,1.54,0,2,"ITF MEN - SINGLES: M15 Melilla (Spain), clay",clay,ATP/Men,ITF,expanded_20260925
Yw36fkh5,Marino P. (Ita),Turriziani Alvarez A. (Esp),1.82,1.82,2,0,"ITF MEN - SINGLES: M15 Melilla (Spain), clay",clay,ATP/Men,ITF,expanded_20260925
thb1heum,Rahmani K. (Irn),Lumsden E. (Gbr),1.29,3.17,2,1,"ITF MEN - SINGLES: M15 Monastir 31 (Tunisia), hard",hard,ATP/Men,ITF,expanded_20260925
MVaHlDvC,Willwerth B. (Usa),Bilardo J. (Ita),1.27,3.31,2,0,"ITF MEN - SINGLES: M15 Monastir 31 (Tunisia), hard",hard,ATP/Men,ITF,expanded_20260925
hjSshno4,Laborde A. (Sui),Popko D. (Kaz),4.7,1.13,0,2,"ITF MEN - SINGLES: M15 Tsaghkadzor 4 (Armenia), clay",clay,ATP/Men,ITF,expanded_20260925
0GVkjQFG,Bessonov D. (Wrl),Lagarrigue F. (Fra),2.36,1.5,2,0,"ITF MEN - SINGLES: M15 Tsaghkadzor 4 (Armenia), clay",clay,ATP/Men,ITF,expanded_20260925
vXPHDLzJ,Barsukov N. (Ger),Kachmazov A. (Wrl),3.45,1.25,0,2,"ITF MEN - SINGLES: M25 Guiyang (China), hard",hard,ATP/Men,ITF,expanded_20260925
xWwDkuUg,Chung Y. (Kor),Ferguson C. (Aus),1.41,2.63,2,0,"ITF MEN - SINGLES: M25 Guiyang (China), hard",hard,ATP/Men,ITF,expanded_20260925
G8TNe9Us,McHugh A. (Gbr),Reco A. (Fra),1.41,2.63,2,0,"ITF MEN - SINGLES: M25 Nevers (France), hard (indoor)",indoor,ATP/Men,ITF,expanded_20260925
lEBpP0cd,Petrovic A. (Nor),Banerjee S. (Usa),4.33,1.17,1,2,"ITF MEN - SINGLES: M25 Nevers (France), hard (indoor)",indoor,ATP/Men,ITF,expanded_20260925
65zJgVoS,Rehberg M. H. (Ger),Chepelev A. (Wrl),1.13,4.65,2,0,"ITF MEN - SINGLES: M25 Santa Margherita di Pula 7 (Italy), clay",clay,ATP/Men,ITF,expanded_20260925
I5gfqSbt,Tabacco G. (Ita),Tabacco F. (Ita),1.99,1.68,0,2,"ITF MEN - SINGLES: M25 Sintra 2 (Portugal), hard",hard,ATP/Men,ITF,expanded_20260925
E7iWeYu2,Schoen P. (Sui),Cacao T. (Por),1.31,3.07,2,0,"ITF MEN - SINGLES: M25 Sintra 2 (Portugal), hard",hard,ATP/Men,ITF,expanded_20260925
vDPIoV5s,Juhas K. (Srb),Prihodko O. (Mkd),3.0,1.32,2,0,"ITF MEN - SINGLES: M25 Zlatibor (Serbia), clay",clay,ATP/Men,ITF,expanded_20260925
UmouiGoD,Topo M. (Ger),Aubriot A. (Fra),1.13,4.6,2,0,"ITF MEN - SINGLES: M25 Zlatibor (Serbia), clay",clay,ATP/Men,ITF,expanded_20260925
lAir4K9e,Luciano L. (Ita),Dmitrichenko Y. (Kaz),3.69,1.22,0,2,"ITF WOMEN - SINGLES: W15 Monastir 26 (Tunisia), hard",hard,WTA/Women,ITF,expanded_20260925
rDlz6tuq,Mi L. (Chn),Mariani Mat. (Ita),1.24,3.53,0,2,"ITF WOMEN - SINGLES: W15 Monastir 26 (Tunisia), hard",hard,WTA/Women,ITF,expanded_20260925
xArShozp,Estevez J. (Arg),Catanzarite A. (Usa),1.79,1.85,0,2,"ITF WOMEN - SINGLES: W15 Sao Luis (Brazil), clay",clay,WTA/Women,ITF,expanded_20260925
tvcdb7CM,Konishi Silva J. (Bra),Britez Risso L. F. (Par),11.0,1.03,0,2,"ITF WOMEN - SINGLES: W15 Sao Luis (Brazil), clay",clay,WTA/Women,ITF,expanded_20260925
E7DVXSFc,Perelygina E. (Aut),Pawlikowska Z. (Pol),2.05,1.67,2,1,"ITF WOMEN - SINGLES: W35 Hurghada 2 (Egypt), hard",hard,WTA/Women,ITF,expanded_20260925
SfoYcMYQ,Tupitsyna E. (Wrl),Kuzmova K. (Svk),2.07,1.65,2,1,"ITF WOMEN - SINGLES: W35 Hurghada 2 (Egypt), hard",hard,WTA/Women,ITF,expanded_20260925
ETW9xYY7,Matsuda R. (Jpn),Abe H. (Jpn),2.01,1.66,1,2,"ITF WOMEN - SINGLES: W35 Kyoto (Japan), hard (indoor)",indoor,WTA/Women,ITF,expanded_20260925
40AkkBID,Lu J. (Chn),Shibahara E. (Jpn),1.97,1.69,2,0,"ITF WOMEN - SINGLES: W35 Kyoto (Japan), hard (indoor)",indoor,WTA/Women,ITF,expanded_20260925
8GTEbj8K,Pistola I. (Ita),Lombardini M. (Ita),2.7,1.39,0,2,"ITF WOMEN - SINGLES: W35 Santa Margherita di Pula 7 (Italy), clay",clay,WTA/Women,ITF,expanded_20260925
CxSAoUAk,Sziedat F. (Ger),Oktiabreva A. (Cze),8.0,1.06,0,2,"ITF WOMEN - SINGLES: W35 Santa Margherita di Pula 7 (Italy), clay",clay,WTA/Women,ITF,expanded_20260925
fPTU24M0,Sidorova K. (Wrl),Huang Yujia (Chn),1.67,2.01,2,0,"ITF WOMEN - SINGLES: W35 Shenyang (China), hard (indoor)",indoor,WTA/Women,ITF,expanded_20260925
EmN3bFeR,Zhang R. (Chn),Wei S. (Chn),3.17,1.29,0,2,"ITF WOMEN - SINGLES: W35 Shenyang (China), hard (indoor)",indoor,WTA/Women,ITF,expanded_20260925
GQ2QzFoA,Yaneva E. (Bul),Ebeling Koning L. (Ned),1.53,2.29,2,1,"ITF WOMEN - SINGLES: W50 Pazardzhik (Bulgaria), clay",clay,WTA/Women,ITF,expanded_20260925
Ei3Wn4k3,Podrez V. (Ukr),Siskova A. (Cze),1.77,1.87,1,2,"ITF WOMEN - SINGLES: W75 Le Neubourg (France), hard",hard,WTA/Women,ITF,expanded_20260925
