"fixture_id","date","kickoff","status","league_id","league","country","season","round","home","away","home_id","away_id","ft_home","ft_away","ht_home","ht_away","et_home","et_away","pen_home","pen_away","goals_home","goals_away"
"1638260","2026-09-24","9/24/2026 12:00:00 AM","FT","930","Copa Uruguay","Uruguay","2026","Group Stage - 3","Cerro","Deportivo Maldonado","2362","2370","1","2","0","0",,,,,"1","2"
"1638261","2026-09-24","9/24/2026 12:00:00 AM","FT","930","Copa Uruguay","Uruguay","2026","Group Stage - 3","Wanderers","Cerrito","2360","2367","1","3","1","1",,,,,"1","3"
"1639932","2026-09-24","9/24/2026 12:00:00 AM","FT","536","CONCACAF Nations League","World","2025","League C - 2","Aruba","Antigua and Barbuda","8167","5526","1","0","0","0",,,,,"1","0"
"1610838","2026-09-24","9/24/2026 12:15:00 AM","FT","1037","Paraibano 2","Brazil","2026","Regular Season - 4","Auto Esporte","Cruzeiro PB","18306","24599","0","0","0","0",,,,,"0","0"
"1638384","2026-09-24","9/24/2026 12:30:00 AM","FT","267","Copa Chile","Chile","2026","Round of 16","Deportes Iquique","Antofagasta","2319","2327","1","1","1","0",,,,,"1","1"
"1638385","2026-09-24","9/24/2026 12:30:00 AM","FT","267","Copa Chile","Chile","2026","Round of 16","Union La Calera","U. Catolica","2326","2994","1","1","0","0",,,,,"1","1"
"1606316","2026-09-24","9/24/2026 1:00:00 AM","FT","1030","Goiano - 2","Brazil","2026","Regular Season - 14","Goianésia","Rio Verde","7873","24771","1","1","1","0",,,,,"1","1"
"1641153","2026-09-24","9/24/2026 1:00:00 AM","FT","712","Liga Femenina","Colombia","2026","Final","Santa Fe W","Deportivo Cali W","15730","15723","2","3","2","3",,,,,"2","3"
"1549793","2026-09-24","9/24/2026 1:30:00 AM","FT","239","Primera A","Colombia","2026","Clausura - 12","America de Cali","Águilas Doradas","1138","1144","1","0","1","0",,,,,"1","0"
"1600591","2026-09-24","9/24/2026 2:00:00 AM","FT","370","Primera Division","El-Salvador","2026","Apertura - 9","Firpo","Cacahuatique","4303","24530","0","0","0","0",,,,,"0","0"
"1600593","2026-09-24","9/24/2026 2:00:00 AM","FT","370","Primera Division","El-Salvador","2026","Apertura - 9","Alianza","Fuerte San Francisco","4299","22157","2","2","1","0",,,,,"2","2"
"1490209","2026-09-24","9/24/2026 2:30:00 AM","FT","253","Major League Soccer","USA","2026","Regular Season - 7","Seattle Sounders","Real Salt Lake","1595","1606","2","0","0","0",,,,,"2","0"
"1517352","2026-09-24","9/24/2026 3:00:00 AM","FT","479","Canadian Premier League","Canada","2026","Group Stage","Vancouver FC","York United","20881","2623","3","3","1","2",,,,,"3","3"
"1559612","2026-09-24","9/24/2026 3:00:00 AM","FT","339","Liga Nacional","Guatemala","2026","Regular Season - 4","Xelajú","Antigua GFC","3667","3656","4","0","2","0",,,,,"4","0"
"1640501","2026-09-24","9/24/2026 5:00:00 AM","FT","10","Friendlies","World","2026","Friendly International","Solomon Islands","Vanuatu","5165","5170","3","3","1","1",,,,,"3","3"
"1640502","2026-09-24","9/24/2026 8:00:00 AM","FT","10","Friendlies","World","2026","Friendly International","Papua New Guinea","New Caledonia","8175","5163","1","2","1","1",,,,,"1","2"
"1638590","2026-09-24","9/24/2026 9:30:00 AM","CANC","10","Friendlies","World","2026","Friendly International","Turkmenistan","New Zealand","1539","4673",,,,,,,,,,
"1642876","2026-09-24","9/24/2026 9:30:00 AM","FT","667","Friendlies Clubs","World","2026","Club Friendly","Austria Lustenau","Schwarz-Weiß Bregenz","1399","8259","3","1","0","0",,,,,"3","1"
"1636773","2026-09-24","9/24/2026 10:00:00 AM","FT","1031","Premier League","Bhutan","2026","Regular Season","Ugyen Academy","Drukpa","19007","27725","2","4","1","1",,,,,"2","4"
"1641700","2026-09-24","9/24/2026 10:00:00 AM","FT","1247","FIFA Asean Cup","World","2026","Division 2 - 1","Laos","Brunei","1558","5538","3","1","2","1",,,,,"3","1"
"1642877","2026-09-24","9/24/2026 10:00:00 AM","FT","667","Friendlies Clubs","World","2026","Club Friendly","Stade Lausanne-Ouchy","FC Sion","4269","630","4","2","1","0",,,,,"4","2"
"1642878","2026-09-24","9/24/2026 10:00:00 AM","FT","667","Friendlies Clubs","World","2026","Club Friendly","Grasshoppers","FC Aarau","1013","2177","4","1","2","1",,,,,"4","1"
"1640056","2026-09-24","9/24/2026 10:30:00 AM","FT","10","Friendlies","World","2026","Friendly International","Palestine","New Zealand","1562","4673","2","2","2","2",,,,,"2","2"
"1641612","2026-09-24","9/24/2026 10:30:00 AM","FT","1159","CECAFA U20 Championship","World","2026","3rd place","Uganda U20","Burundi U20","11050","11022","2","0","1","0",,,,,"2","0"
"1641660","2026-09-24","9/24/2026 10:30:00 AM","FT","1201","IFA Shield","India","2026","Group Stage","Calcutta Customs","East Bengal II","21599","21137","1","3","1","1",,,,,"1","3"
"1628995","2026-09-24","9/24/2026 11:05:00 AM","FT","10","Friendlies","World","2026","Friendly International","Japan","Uruguay","12","7","3","1","1","1",,,,,"3","1"
"1628994","2026-09-24","9/24/2026 12:00:00 PM","FT","10","Friendlies","World","2026","Friendly International","South Korea","Ecuador","17","2382","3","0","0","0",,,,,"3","0"
"1632348","2026-09-24","9/24/2026 12:00:00 PM","FT","10","Friendlies","World","2026","Friendly International","Netherlands U19","Belgium U19","10340","10327","1","1","0","1",,,,,"1","1"
"1642879","2026-09-24","9/24/2026 12:00:00 PM","FT","667","Friendlies Clubs","World","2026","Club Friendly","Waldhof Mannheim","SV Elversberg","4268","1660","2","1","0","0",,,,,"2","1"
"1640057","2026-09-24","9/24/2026 12:35:00 PM","FT","10","Friendlies","World","2026","Friendly International","China","Maldives","1566","1549","3","0","0","0",,,,,"3","0"
"1621894","2026-09-24","9/24/2026 12:45:00 PM","FT","496","Liga Alef","Israel","2026","North - 4","Maccabi K. Ata Bialik","Hapoel Ihud Bnei Jatt","20291","6155","5","3","3","0",,,,,"5","3"
"1641701","2026-09-24","9/24/2026 1:00:00 PM","FT","1247","FIFA Asean Cup","World","2026","Division 2 - 1","Myanmar","Timor-Leste","1556","5537","2","0","1","0",,,,,"2","0"
"1642880","2026-09-24","9/24/2026 1:00:00 PM","FT","667","Friendlies Clubs","World","2026","Club Friendly","FC Liefering","WSG Wattens","1400","1398","0","1","0","0",,,,,"0","1"
"1641613","2026-09-24","9/24/2026 1:30:00 PM","PEN","1159","CECAFA U20 Championship","World","2026","Final","Tanzania U20","Sudan U20","11047","11046","0","0","0","0","1","1",,,"1","1"
"1545827","2026-09-24","9/24/2026 2:00:00 PM","FT","36","Africa Cup of Nations - Qualification","World","2027","Group Stage - 1","Namibia","Congo","1493","1517","1","0","0","0",,,,,"1","0"
"1642881","2026-09-24","9/24/2026 2:00:00 PM","FT","667","Friendlies Clubs","World","2026","Club Friendly","TSV Hartberg","SV Kapfenberg","1072","1401","5","0","2","0",,,,,"5","0"
"1553611","2026-09-24","9/24/2026 2:30:00 PM","FT","372","Second League","Macedonia","2026","Regular Season - 2","Detonit Plachkovica","Ohrid","19754","6290","0","2","0","0",,,,,"0","2"
"1553617","2026-09-24","9/24/2026 2:30:00 PM","FT","372","Second League","Macedonia","2026","Regular Season - 2","Teteks","FK Rabotnicki","4347","663","0","1","0","1",,,,,"0","1"
"1565731","2026-09-24","9/24/2026 2:30:00 PM","FT","646","3. liga - Center","Slovakia","2026","Central - 8","Podkonice","Ružomberok II","15025","10541","4","4","1","3",,,,,"4","4"
"1594841","2026-09-24","9/24/2026 2:30:00 PM","FT","887","Second League","Egypt","2026","Regular Season - 6","AL Nasr SC","El Seka El Hadid","2617","18031","3","1","2","1",,,,,"3","1"
"1594842","2026-09-24","9/24/2026 2:30:00 PM","FT","887","Second League","Egypt","2026","Regular Season - 6","Kahraba Ismailia","Pharco","20458","15736","3","1","1","1",,,,,"3","1"
"1594843","2026-09-24","9/24/2026 2:30:00 PM","FT","887","Second League","Egypt","2026","Regular Season - 6","Maleyet Kafr El Zayiat","El Mansura","25467","16432","2","0","1","0",,,,,"2","0"
"1594844","2026-09-24","9/24/2026 2:30:00 PM","FT","887","Second League","Egypt","2026","Regular Season - 6","Masar","Proxy","25468","20461","1","0","1","0",,,,,"1","0"
"1594845","2026-09-24","9/24/2026 2:30:00 PM","FT","887","Second League","Egypt","2026","Regular Season - 6","Team","El Dakhleya","25472","1032","1","2","0","0",,,,,"1","2"
"1621340","2026-09-24","9/24/2026 2:30:00 PM","FT","496","Liga Alef","Israel","2026","North - 4","Maccabi Nujeidat Ahmed","Hapoel Ironi Arraba","6198","22334","4","1","2","1",,,,,"4","1"
"1631989","2026-09-24","9/24/2026 2:30:00 PM","FT","756","Cup","Macedonia","2026","Round of 32","Mogila","Aresimi","28309","19753","0","12","0","4",,,,,"0","12"
"1641753","2026-09-24","9/24/2026 2:30:00 PM","FT","538","Africa Cup of Nations U20","World","2026","Qualification - 1","Algeria U20","Tunisia U20","11017","11049","1","1","1","1",,,,,"1","1"
"1629897","2026-09-24","9/24/2026 3:00:00 PM","FT","657","Cup","Estonia","2026","Round of 16","Elva","Tallinna Kalev","3516","3529","3","2","1","0",,,,,"3","2"
"1638591","2026-09-24","9/24/2026 3:00:00 PM","FT","10","Friendlies","World","2026","Friendly International","Uzbekistan","Iran","1568","22","3","1","1","0",,,,,"3","1"
"1640503","2026-09-24","9/24/2026 3:00:00 PM","FT","10","Friendlies","World","2026","Friendly International","Romania U19","Hungary U19","10378","10365","1","2","1","1",,,,,"1","2"
"1636193","2026-09-24","9/24/2026 3:30:00 PM","FT","1197","FA Cup","Oman","2026","Group Stage - 4","Oman Club","Sur","5334","5337","1","2","1","0",,,,,"1","2"
"1636194","2026-09-24","9/24/2026 3:40:00 PM","FT","1197","FA Cup","Oman","2026","Group Stage - 4","Sohar","Al Seeb","5336","7504","1","3","1","1",,,,,"1","3"
"1595241","2026-09-24","9/24/2026 4:00:00 PM","FT","946","Second NL","Croatia","2026","Regular Season - 6","Koprivnica","Uskok Klis","5710","8589","0","2","0","0",,,,,"0","2"
"1628519","2026-09-24","9/24/2026 4:00:00 PM","FT","399","NPFL","Nigeria","2027","Regular Season - 5","Rivers United","Kun Khalifat FC","5192","26401","5","0","1","0",,,,,"5","0"
"1636664","2026-09-24","9/24/2026 4:00:00 PM","PST","200","Botola Pro","Morocco","2026","Regular Season - 1","FAR Rabat","Raja Casablanca","969","976",,,,,,,,,,
"1642882","2026-09-24","9/24/2026 4:00:00 PM","FT","667","Friendlies Clubs","World","2026","Club Friendly","Al Qadsia","Al Fahaheel","3537","3533","1","2",,,,,,,"1","2"
"1637930","2026-09-24","9/24/2026 4:55:00 PM","FT","25","Gulf Cup of Nations","World","2026","Group Stage - 1","United Arab Emirates","Yemen","1563","1550","4","0","3","0",,,,,"4","0"
"1545601","2026-09-24","9/24/2026 5:00:00 PM","FT","5","UEFA Nations League","World","2026","League D - 1","Andorra","Malta","1110","1112","1","2","1","1",,,,,"1","2"
"1545817","2026-09-24","9/24/2026 5:00:00 PM","FT","36","Africa Cup of Nations - Qualification","World","2027","Group Stage - 1","Congo DR","Equatorial Guinea","1508","1521","2","0","1","0",,,,,"2","0"
"1545822","2026-09-24","9/24/2026 5:00:00 PM","FT","36","Africa Cup of Nations - Qualification","World","2027","Group Stage - 1","Libya","Botswana","1526","1520","2","2","0","2",,,,,"2","2"
"1545825","2026-09-24","9/24/2026 5:00:00 PM","FT","36","Africa Cup of Nations - Qualification","World","2027","Group Stage - 1","Mauritania","Central African Republic","1491","1527","3","1","1","0",,,,,"3","1"
"1555155","2026-09-24","9/24/2026 5:00:00 PM","FT","382","Liga Leumit","Israel","2026","Regular Season - 7","Hapoel Acre","Hapoel Afula","4482","4483","0","3","0","1",,,,,"0","3"
"1555158","2026-09-24","9/24/2026 5:00:00 PM","FT","382","Liga Leumit","Israel","2026","Regular Season - 7","Hapoel Rishon LeZion","Maccabi Ahi Nazareth","4491","4494","1","0","0","0",,,,,"1","0"
"1555159","2026-09-24","9/24/2026 5:00:00 PM","FT","382","Liga Leumit","Israel","2026","Regular Season - 7","Ironi Modi'in","Ashdod","6179","4507","1","3","0","1",,,,,"1","3"
"1555162","2026-09-24","9/24/2026 5:00:00 PM","FT","382","Liga Leumit","Israel","2026","Regular Season - 7","Maccabi Herzliya","Kiryat Yam SC","4503","20105","1","3","1","1",,,,,"1","3"
"1621618","2026-09-24","9/24/2026 5:00:00 PM","FT","496","Liga Alef","Israel","2026","South - 4","FC Jerusalem","Maccabi Yavne","17996","6200","1","1","1","0",,,,,"1","1"
"1621338","2026-09-24","9/24/2026 5:30:00 PM","FT","496","Liga Alef","Israel","2026","North - 4","Hapoel Migdal HaEmek","Hapoel Nazareth Illit","6164","4487","2","3","1","2",,,,,"2","3"
"1642883","2026-09-24","9/24/2026 5:30:00 PM","FT","667","Friendlies Clubs","World","2026","Club Friendly","Sportfreunde Siegen","Borussia Mönchengladbach","13935","163","0","3","0","1",,,,,"0","3"
"1621617","2026-09-24","9/24/2026 5:45:00 PM","FT","496","Liga Alef","Israel","2026","South - 4","Holon Yermiyahu","Kfar Saba 1928","6171","24788","1","0","0","0",,,,,"1","0"
"1641754","2026-09-24","9/24/2026 6:00:00 PM","FT","538","Africa Cup of Nations U20","World","2026","Qualification - 1","Libya U20","Egypt U20","11036","11027","0","2","0","1",,,,,"0","2"
"1642884","2026-09-24","9/24/2026 6:00:00 PM","FT","667","Friendlies Clubs","World","2026","Club Friendly","Rot-weiss Oberhausen","FC Schalke 04","1658","174","2","5","2","1",,,,,"2","5"
"1619344","2026-09-24","9/24/2026 6:15:00 PM","FT","1227","Premier League Women","Saudi-Arabia","2027","Regular Season - 3","Neom SC W","Al Ahli SC W","27718","27712","1","1","1","0",,,,,"1","1"
"1621614","2026-09-24","9/24/2026 6:15:00 PM","FT","496","Liga Alef","Israel","2026","South - 4","Hapoel Hadera","Maccabi Ashdod","4500","6184","1","1","1","0",,,,,"1","1"
"1350151","2026-09-24","9/24/2026 7:00:00 PM","FT","850","UEFA U21 Championship - Qualification","World","2027","Group Stage - 18","Belgium U21","Belarus U21","8183","8182","1","0","0","0",,,,,"1","0"
"1612038","2026-09-24","9/24/2026 7:00:00 PM","FT","906","Reserve League","Argentina","2026","Clausura - 10","Argentinos Juniors Res.","Platense Res.","18677","18693","2","0","1","0",,,,,"2","0"
"1612043","2026-09-24","9/24/2026 7:00:00 PM","FT","906","Reserve League","Argentina","2026","Clausura - 10","Deportivo Riestra Res.","Barracas Central Res.","22937","18680","3","0","1","0",,,,,"3","0"
"1612046","2026-09-24","9/24/2026 7:00:00 PM","FT","906","Reserve League","Argentina","2026","Clausura - 10","Instituto Res.","Estudiantes Rio Cuarto 2","20818","27271","0","2","0","1",,,,,"0","2"
"1612048","2026-09-24","9/24/2026 7:00:00 PM","FT","906","Reserve League","Argentina","2026","Clausura - 10","Newell's Old Boys Res.","Rosario Central Res.","18691","18696","3","0","3","0",,,,,"3","0"
"1637931","2026-09-24","9/24/2026 7:00:00 PM","FT","25","Gulf Cup of Nations","World","2026","Group Stage - 1","Qatar","Bahrain","1569","1547","2","0","0","0",,,,,"2","0"
"1640206","2026-09-24","9/24/2026 7:00:00 PM","FT","1086","Paulista - U20","Brazil","2026","Round of 32","Portuguesa U20","Ponte Preta U20","13045","13044","0","0","0","0",,,,,"0","0"
"1511407","2026-09-24","9/24/2026 7:15:00 PM","FT","596","Division 2 - Västra Götaland","Sweden","2026","Västra Götaland - 23","Kongahälla","Lindome","22935","6686","3","2","0","0",,,,,"3","2"
"1350154","2026-09-24","9/24/2026 7:30:00 PM","FT","850","UEFA U21 Championship - Qualification","World","2027","Group Stage - 18","San Marino U21","Kosovo U21","8220","8203","0","3","0","1",,,,,"0","3"
"1638264","2026-09-24","9/24/2026 7:30:00 PM","FT","930","Copa Uruguay","Uruguay","2026","Group Stage - 3","Danubio","Penarol","2352","2348","1","1","0","0",,,,,"1","1"
"1638265","2026-09-24","9/24/2026 7:30:00 PM","FT","930","Copa Uruguay","Uruguay","2026","Group Stage - 3","Atletico Torque","Atenas","2365","2364","3","3","1","1",,,,,"3","3"
"1528862","2026-09-24","9/24/2026 7:45:00 PM","FT","5","UEFA Nations League","World","2026","League A - 1","Netherlands","Germany","1118","25","1","1","0","1",,,,,"1","1"
"1528863","2026-09-24","9/24/2026 7:45:00 PM","FT","5","UEFA Nations League","World","2026","League A - 1","Serbia","Greece","14","1117","1","2","1","0",,,,,"1","2"
"1528864","2026-09-24","9/24/2026 7:45:00 PM","FT","5","UEFA Nations League","World","2026","League A - 1","Portugal","Wales","27","767","1","0","1","0",,,,,"1","0"
"1528865","2026-09-24","9/24/2026 7:45:00 PM","FT","5","UEFA Nations League","World","2026","League A - 1","Norway","Denmark","1090","21","3","2","2","1",,,,,"3","2"
"1528878","2026-09-24","9/24/2026 7:45:00 PM","FT","5","UEFA Nations League","World","2026","League B - 1","Austria","Israel","775","1116","3","1","1","0",,,,,"3","1"
"1528879","2026-09-24","9/24/2026 7:45:00 PM","FT","5","UEFA Nations League","World","2026","League B - 1","Kosovo","Rep. Of Ireland","1111","776","1","0","0","0",,,,,"1","0"
"1528880","2026-09-24","9/24/2026 7:45:00 PM","FT","5","UEFA Nations League","World","2026","League D - 1","Liechtenstein","Lithuania","1107","1097","0","2","0","0",,,,,"0","2"
"1574743","2026-09-24","9/24/2026 7:45:00 PM","FT","63","Ligue 3","France","2026","Regular Season - 8","Caen","Rouen","88","3221","3","2","3","1",,,,,"3","2"
"1545816","2026-09-24","9/24/2026 8:00:00 PM","FT","36","Africa Cup of Nations - Qualification","World","2027","Group Stage - 1","Cameroon","Comoros","1530","1524","3","1","1","0",,,,,"3","1"
"1545820","2026-09-24","9/24/2026 8:00:00 PM","FT","36","Africa Cup of Nations - Qualification","World","2027","Group Stage - 1","Ivory Coast","Ghana","1501","1504","2","0","1","0",,,,,"2","0"
"1545832","2026-09-24","9/24/2026 8:00:00 PM","FT","36","Africa Cup of Nations - Qualification","World","2027","Group Stage - 1","Sierra Leone","Zimbabwe","1499","1522","2","3","2","0",,,,,"2","3"
"1545837","2026-09-24","9/24/2026 8:00:00 PM","FT","36","Africa Cup of Nations - Qualification","World","2027","Group Stage - 1","Tunisia","Uganda","28","1519","1","1","1","0",,,,,"1","1"
"1601389","2026-09-24","9/24/2026 8:00:00 PM","FT","163","Liga de Ascenso","Costa-Rica","2026","Regular Season - 1","Cariari Pococi","Pitbulls Santa Barbara FC","2052","26343","2","1","1","0",,,,,"2","1"
"1632432","2026-09-24","9/24/2026 8:00:00 PM","FT","243","Liga Pro Serie B","Ecuador","2026","Promotion Group - 5","Atletico FC","Deportivo Cuenca Juniors","27548","26031","2","0","2","0",,,,,"2","0"
"1639169","2026-09-24","9/24/2026 8:00:00 PM","FT","501","Copa Paraguay","Paraguay","2026","Round of 16","Atlético Tembetary","Sportivo Iteno","10474","2136","2","0","1","0",,,,,"2","0"
"1639933","2026-09-24","9/24/2026 8:00:00 PM","FT","536","CONCACAF Nations League","World","2025","League B - 1","Puerto Rico","Guyana","5539","5162","0","1","0","0",,,,,"0","1"
"1636662","2026-09-24","9/24/2026 9:00:00 PM","FT","200","Botola Pro","Morocco","2026","Regular Season - 1","Amal Tiznit","Ittihad Tanger","18753","974","1","3","1","1",,,,,"1","3"
"1632433","2026-09-24","9/24/2026 9:30:00 PM","FT","243","Liga Pro Serie B","Ecuador","2026","Promotion Group - 5","Ind. Juniors","Cuniburo","2238","21103","2","3","1","1",,,,,"2","3"
"1638386","2026-09-24","9/24/2026 10:00:00 PM","FT","267","Copa Chile","Chile","2026","Round of 16","O'Higgins","Deportes Santa Cruz","2320","2346","2","1","1","0",,,,,"2","1"
"1636700","2026-09-24","9/24/2026 10:30:00 PM","FT","243","Liga Pro Serie B","Ecuador","2026","Relegation Group - 5","LDU Portoviejo","22 de Julio","1988","25736","2","2","1","0",,,,,"2","2"
"1639170","2026-09-24","9/24/2026 10:30:00 PM","FT","501","Copa Paraguay","Paraguay","2026","Round of 16","Deportivo Recoleta","Guairena FC","10476","2138","3","1","0","1",,,,,"3","1"
"1612045","2026-09-24","9/24/2026 11:00:00 PM","FT","906","Reserve League","Argentina","2026","Clausura - 10","Independiente Riva. Res.","Gimnasia Mendoza 2","22938","27272","0","1","0","0",,,,,"0","1"
"1612049","2026-09-24","9/24/2026 11:00:00 PM","FT","906","Reserve League","Argentina","2026","Clausura - 10","Racing Club Res.","Independiente Res.","18694","18689","1","2","1","0",,,,,"1","2"
"1610839","2026-09-24","9/24/2026 11:30:00 PM","FT","1037","Paraibano 2","Brazil","2026","Regular Season - 4","Picuiense","Guarabira","22364","22363","0","2",,,,,,,"0","2"
"1610840","2026-09-24","9/24/2026 11:30:00 PM","FT","1037","Paraibano 2","Brazil","2026","Regular Season - 4","Santa Rita","Serrano PB","10150","7836","2","0","1","0",,,,,"2","0"
"1628953","2026-09-25","9/25/2026 1:00:00 AM","FT","917","Copa Ecuador","Ecuador","2025","Quarter-finals","Gualaceo SC","Independiente del Valle","1986","1153","0","2","0","1",,,,,"0","2"
"1639934","2026-09-25","9/25/2026 1:00:00 AM","FT","536","CONCACAF Nations League","World","2025","League A - 1","Dominican Republic","Nicaragua","5532","5164","3","2","2","1",,,,,"3","2"
"1639935","2026-09-25","9/25/2026 1:10:00 AM","FT","536","CONCACAF Nations League","World","2025","League B - 1","Cayman Islands","Dominica","8169","5531","0","0","0","0",,,,,"0","0"
"1639936","2026-09-25","9/25/2026 1:20:00 AM","FT","536","CONCACAF Nations League","World","2025","League A - 1","Haiti","Trinidad and Tobago","2386","5168","3","2","1","1",,,,,"3","2"
"1549794","2026-09-25","9/25/2026 1:30:00 AM","FT","239","Primera A","Colombia","2026","Clausura - 12","Atletico Nacional","Millonarios","1137","1125","1","1","1","1",,,,,"1","1"
"1581432","2026-09-25","9/25/2026 2:00:00 AM","FT","263","Liga de Expansión MX","Mexico","2026","Apertura - 10","Alebrijes de Oaxaca","CA La Paz","2300","19024","1","3","0","1",,,,,"1","3"
"1581479","2026-09-25","9/25/2026 2:00:00 AM","FT","263","Liga de Expansión MX","Mexico","2026","Apertura - 10","Mineros de Zacatecas","Piratas","2299","27935","3","0","2","0",,,,,"3","0"
"1559653","2026-09-25","9/25/2026 3:00:00 AM","FT","339","Liga Nacional","Guatemala","2026","Regular Season - 11","Municipal","Suchitepéquez","3665","3653","3","0","2","0",,,,,"3","0"
"1639937","2026-09-25","9/25/2026 3:00:00 AM","FT","536","CONCACAF Nations League","World","2025","League A - 1","Costa Rica","Curaçao","29","5530","3","4","3","0",,,,,"3","4"
"1641614","2026-09-25","9/25/2026 6:00:00 AM","FT","803","Asian Games","World","2026","Quarter-finals","Uzbekistan U23","Saudi Arabia U23","10963","10955","3","0","1","0",,,,,"3","0"
"1641131","2026-09-25","9/25/2026 7:00:00 AM","AET","1245","Asian Games Women","World","2026","Quarter-finals","China W","Vietnam W","1723","17895","0","0","0","0","1","0",,,"1","0"
"1641132","2026-09-25","9/25/2026 7:00:00 AM","FT","1245","Asian Games Women","World","2026","Quarter-finals","Korea DPR W","Chinese Taipei W","21343","17886","5","1","3","0",,,,,"5","1"
"1640058","2026-09-25","9/25/2026 9:00:00 AM","FT","10","Friendlies","World","2026","Friendly International","Finland U17","France U17","17952","12507","1","0","1","0",,,,,"1","0"
"1565110","2026-09-25","9/25/2026 10:00:00 AM","FT","668","1. Liga U19","Czech-Republic","2026","Regular Season - 8","Sparta Praha U19","Mladá Boleslav U19","7995","14834","2","0","1","0",,,,,"2","0"
"1640059","2026-09-25","9/25/2026 10:00:00 AM","FT","10","Friendlies","World","2026","Friendly International","Poland U17","Czechia U17","17970","17947","4","1","1","1",,,,,"4","1"
"1640222","2026-09-25","9/25/2026 10:00:00 AM","FT","811","Federation Cup","Bangladesh","2026","Group Stage","Abahani","Chattogram","5009","28428","1","1","0","0",,,,,"1","1"
"1641702","2026-09-25","9/25/2026 10:00:00 AM","FT","1247","FIFA Asean Cup","World","2026","Division 1 - 1","Bangladesh","Malaysia","1560","1538","0","3","0","2",,,,,"0","3"
"1642885","2026-09-25","9/25/2026 10:00:00 AM","FT","667","Friendlies Clubs","World","2026","Club Friendly","Oakleigh Cannons","Melbourne City","3808","945","0","2","0","1",,,,,"0","2"
"1632080","2026-09-25","9/25/2026 10:30:00 AM","FT","890","U20 Elite League","World","2026","Group Stage","Italy U20","England U20","10289","10309","1","3","0","1",,,,,"1","3"
"1634027","2026-09-25","9/25/2026 10:30:00 AM","FT","653","Second League - Group 4","Russia","2026","Group 4 - 5","Dinamo Barnaul","Pobeda Nizhniy Novgorod","6794","27651","2","2","0","1",,,,,"2","2"
"1640060","2026-09-25","9/25/2026 10:30:00 AM","FT","10","Friendlies","World","2026","Friendly International","Poland U19","Switzerland U19","10376","10350","0","1","0","0",,,,,"0","1"
"1583655","2026-09-25","9/25/2026 11:00:00 AM","FT","10","Friendlies","World","2026","Friendly International","Australia","Brazil","20","6","1","1","0","0",,,,,"1","1"
"1593021","2026-09-25","9/25/2026 11:00:00 AM","FT","336","Druha Liga","Ukraine","2026","Regular Season - 8","Karbon Cherkasy","SC Poltava 2","26451","28008","1","0","1","0",,,,,"1","0"
"1634969","2026-09-25","9/25/2026 11:00:00 AM","FT","637","V.League 2","Vietnam","2027","Regular Season - 2","Ho Chi Minh","Văn Hiến","3672","26603","0","1","0","1",,,,,"0","1"
"1641718","2026-09-25","9/25/2026 11:00:00 AM","FT","771","COSAFA U20 Championship","World","2026","Semi-finals","South Africa U20","Zambia U20","10303","10316","4","2","0","1",,,,,"4","2"
"1641133","2026-09-25","9/25/2026 11:30:00 AM","FT","1245","Asian Games Women","World","2026","Quarter-finals","Japan W","Philippines W","1720","17892","4","0","4","0",,,,,"4","0"
"1641134","2026-09-25","9/25/2026 11:30:00 AM","FT","1245","Asian Games Women","World","2026","Quarter-finals","South Korea W","Uzbekistan W","1728","16945","6","3","4","1",,,,,"6","3"
"1641615","2026-09-25","9/25/2026 11:30:00 AM","FT","803","Asian Games","World","2026","Quarter-finals","Korea Republic U23","Vietnam U23","10177","10964","4","0","1","0",,,,,"4","0"
"1642886","2026-09-25","9/25/2026 11:30:00 AM","FT","667","Friendlies Clubs","World","2026","Club Friendly","FC Zurich","Neuchatel Xamax FC","783","1015","3","1","2","1",,,,,"3","1"
"1528647","2026-09-25","9/25/2026 12:00:00 PM","FT","170","League One","China","2026","Regular Season - 14","Wuxi Wugou","Guangxi Hengchen","17269","23268","0","1","0","0",,,,,"0","1"
"1568187","2026-09-25","9/25/2026 12:00:00 PM","FT","783","III Liga - Group 4","Poland","2026","Group IV - 10","Wisła Kraków II","Czarni Połaniec","24324","17403","1","1","0","0",,,,,"1","1"
"1593023","2026-09-25","9/25/2026 1:00:00 PM","FT","336","Druha Liga","Ukraine","2026","Regular Season - 8","Nyva Ternopil II","Podillya Khmelnytskyi","24587","6495","1","2","0","0",,,,,"1","2"
"1619148","2026-09-25","9/25/2026 1:00:00 PM","FT","703","Professional Development League","England","2026","Regular Season","Barnsley U21","Sheffield United U21","20091","20086","0","2","0","1",,,,,"0","2"
"1636774","2026-09-25","9/25/2026 1:00:00 PM","FT","1031","Premier League","Bhutan","2026","Regular Season","Thimphu","Tensung","5591","5590","4","1","1","0",,,,,"4","1"
"1637641","2026-09-25","9/25/2026 1:00:00 PM","FT","275","Liga 2","Indonesia","2026","Regular Season - 3","Persiba Balikpapan","Dejan","2457","24994","0","1","0","1",,,,,"0","1"
"1545831","2026-09-25","9/25/2026 2:00:00 PM","FT","36","Africa Cup of Nations - Qualification","World","2027","Group Stage - 1","Mozambique","Senegal","1512","13","1","1","1","1",,,,,"1","1"
"1545834","2026-09-25","9/25/2026 2:00:00 PM","FT","36","Africa Cup of Nations - Qualification","World","2027","Group Stage - 1","Sudan","Ethiopia","1510","1506","1","0","0","0",,,,,"1","0"
"1545835","2026-09-25","9/25/2026 2:00:00 PM","FT","36","Africa Cup of Nations - Qualification","World","2027","Group Stage - 1","Tanzania","Guinea-Bissau","1489","1513","0","2","0","1",,,,,"0","2"
"1565912","2026-09-25","9/25/2026 2:00:00 PM","FT","645","3. liga - East","Slovakia","2026","East - 8","Slávia TU Košice","Spartak Medzev","14074","15055","6","2","3","0",,,,,"6","2"
"1590175","2026-09-25","9/25/2026 2:00:00 PM","FT","211","First NL","Croatia","2026","Regular Season - 7","Dinamo Zagreb U21","Mladost Ždralovi","22416","8593","1","0","0","0",,,,,"1","0"
"1598638","2026-09-25","9/25/2026 2:00:00 PM","FT","701","Liga Revelação U23","Portugal","2026","Regular Season - 1","Marítimo U23","Benfica U23","15466","15460","1","3","1","1",,,,,"1","3"
"1640824","2026-09-25","9/25/2026 2:00:00 PM","FT","10","Friendlies","World","2026","Friendly International","Austria U18","Japan U18","21460","22431","2","1","1","0",,,,,"2","1"
"1641703","2026-09-25","9/25/2026 2:00:00 PM","FT","1247","FIFA Asean Cup","World","2026","Division 1 - 1","Indonesia","Singapore","1571","1546","2","0","1","0",,,,,"2","0"
"1641720","2026-09-25","9/25/2026 2:00:00 PM","FT","951","South American Youth Games","World","2026","3rd place","Chile U19","Peru U19","20533","20536","1","2","0","1",,,,,"1","2"
"1636195","2026-09-25","9/25/2026 2:20:00 PM","FT","1197","FA Cup","Oman","2026","Group Stage - 4","Smail","Dhofar","15962","5330","5","5","2","2",,,,,"5","5"
"1636196","2026-09-25","9/25/2026 2:20:00 PM","FT","1197","FA Cup","Oman","2026","Group Stage - 4","Fanja","Al Nasr","7506","2878","3","1","1","1",,,,,"3","1"
"1534451","2026-09-25","9/25/2026 2:30:00 PM","FT","117","1. Division","Belarus","2026","Regular Season - 26","Slonim","BATE II","3392","23272","2","1","1","1",,,,,"2","1"
"1534452","2026-09-25","9/25/2026 2:30:00 PM","FT","117","1. Division","Belarus","2026","Regular Season - 26","Lida","Smorgon","3387","3393","2","1","0","0",,,,,"2","1"
"1577943","2026-09-25","9/25/2026 2:30:00 PM","FT","349","3. liga - MSFL","Czech-Republic","2026","MSFL - 9","Karviná II","Líšeň II","15134","21650","2","2","0","0",,,,,"2","2"
"1577948","2026-09-25","9/25/2026 2:30:00 PM","FT","349","3. liga - MSFL","Czech-Republic","2026","MSFL - 9","Slovácko II","Zbrojovka Brno II","8623","8633","0","1","0","1",,,,,"0","1"
"1577950","2026-09-25","9/25/2026 2:30:00 PM","FT","349","3. liga - MSFL","Czech-Republic","2026","MSFL - 9","Zlín II","Vítkovice","8625","3732","0","3","0","2",,,,,"0","3"
"1594846","2026-09-25","9/25/2026 2:30:00 PM","FT","887","Second League","Egypt","2026","Regular Season - 6","El Entag EL Harby","Tanta SC","1034","1045","0","0","0","0",,,,,"0","0"
"1594847","2026-09-25","9/25/2026 2:30:00 PM","FT","887","Second League","Egypt","2026","Regular Season - 6","Haras El Hodood","Dayrout","1576","18022","0","0","0","0",,,,,"0","0"
"1594848","2026-09-25","9/25/2026 2:30:00 PM","FT","887","Second League","Egypt","2026","Regular Season - 6","Tersana","Baladiyyat Al Mehalla","15739","18036","1","1","0","0",,,,,"1","1"
"1594849","2026-09-25","9/25/2026 2:30:00 PM","FT","887","Second League","Egypt","2026","Regular Season - 6","Itesalat","La Viena FC","18032","16436","1","0","1","0",,,,,"1","0"
"1595143","2026-09-25","9/25/2026 2:30:00 PM","FT","887","Second League","Egypt","2026","Regular Season - 6","Mega Sport","Ismaily SC","28011","1030","2","3","1","1",,,,,"2","3"
"1350156","2026-09-25","9/25/2026 2:45:00 PM","FT","850","UEFA U21 Championship - Qualification","World","2027","Group Stage - 18","Azerbaijan U21","Czech Republic U21","8181","8188","1","1","1","1",,,,,"1","1"
"1558944","2026-09-25","9/25/2026 3:00:00 PM","FT","374","2. SNL","Slovenia","2026","Regular Season - 8","Dekani","Ilirija","4370","4381","1","0","1","0",,,,,"1","0"
"1569111","2026-09-25","9/25/2026 3:00:00 PM","FT","780","III Liga - Group 1","Poland","2026","Group I - 10","Wisła Płock II","Jagiellonia II","23046","16236","2","1","0","0",,,,,"2","1"
"1569112","2026-09-25","9/25/2026 3:00:00 PM","FT","780","III Liga - Group 1","Poland","2026","Group I - 10","Swit","Łomża","12869","21656","4","0","2","0",,,,,"4","0"
"1569115","2026-09-25","9/25/2026 3:00:00 PM","FT","780","III Liga - Group 1","Poland","2026","Group I - 10","Ząbkovia Ząbki","Mławianka Mława","26179","19618","3","4","0","3",,,,,"3","4"
"1595238","2026-09-25","9/25/2026 3:00:00 PM","FT","946","Second NL","Croatia","2026","Regular Season - 6","Hrvatski Dragovoljac","Križevci","1472","5711","0","1","0","0",,,,,"0","1"
"1595244","2026-09-25","9/25/2026 3:00:00 PM","FT","946","Second NL","Croatia","2026","Regular Season - 6","Uljanik","Slavonija Požega","8582","6250","3","3","2","1",,,,,"3","3"
"1632984","2026-09-25","9/25/2026 3:00:00 PM","FT","785","Liga III - Serie 2","Romania","2026","Group 2 - 6","ACS Mediaş 2022","Tricolorul Breaza","22208","22203","2","1","1","1",,,,,"2","1"
"1632985","2026-09-25","9/25/2026 3:00:00 PM","FT","785","Liga III - Serie 2","Romania","2026","Group 2 - 6","ARO Muscelul Câmpulung","Carpati Covasna","22202","28323","1","1","0","1",,,,,"1","1"
"1633116","2026-09-25","9/25/2026 3:00:00 PM","FT","786","Liga III - Serie 3","Romania","2026","Group 3 - 6","Blejoi","Berca","7461","28040","6","1","4","0",,,,,"6","1"
"1633118","2026-09-25","9/25/2026 3:00:00 PM","FT","786","Liga III - Serie 3","Romania","2026","Group 3 - 6","Flacăra Moreni","Tunari","6862","6908","6","0","5","0",,,,,"6","0"
"1633120","2026-09-25","9/25/2026 3:00:00 PM","FT","786","Liga III - Serie 3","Romania","2026","Group 3 - 6","Viitorul Corbeanca","Păuleşti","28324","6894","1","1","1","0",,,,,"1","1"
"1633380","2026-09-25","9/25/2026 3:00:00 PM","FT","788","Liga III - Serie 5","Romania","2026","Group 5 - 6","Alexandria","Axi Adunații-Copăceni","6842","24361","2","0","1","0",,,,,"2","0"
"1633384","2026-09-25","9/25/2026 3:00:00 PM","FT","788","Liga III - Serie 5","Romania","2026","Group 5 - 6","Oxigen Bucuresti","Voluntari II","28327","16289","1","2","0","1",,,,,"1","2"
"1633513","2026-09-25","9/25/2026 3:00:00 PM","FT","789","Liga III - Serie 6","Romania","2026","Group 6 - 6","Filiaşi","Păușești","6861","26201","1","1","0","1",,,,,"1","1"
"1633648","2026-09-25","9/25/2026 3:00:00 PM","FT","790","Liga III - Serie 7","Romania","2026","Group 7 - 6","Timişul Şag","Universitatea Alba Iulia","24842","14596","1","0","0","0",,,,,"1","0"
"1633777","2026-09-25","9/25/2026 3:00:00 PM","FT","791","Liga III - Serie 8","Romania","2026","Group 8 - 6","Sănătatea Cluj","Sânmartin","6906","7490","1","1","0","0",,,,,"1","1"
"1637600","2026-09-25","9/25/2026 3:00:00 PM","FT","10","Friendlies","World","2026","Friendly International","India","Panama","1537","11","1","1","1","0",,,,,"1","1"
"1640825","2026-09-25","9/25/2026 3:00:00 PM","FT","10","Friendlies","World","2026","Friendly International","Serbia U18","Russia U18","22437","25280","3","2","1","1",,,,,"3","2"
"1642887","2026-09-25","9/25/2026 3:00:00 PM","FT","667","Friendlies Clubs","World","2026","Club Friendly","Gornji Rahić","FK Sarajevo","21738","679","0","3","0","2",,,,,"0","3"
"1579122","2026-09-25","9/25/2026 3:15:00 PM","FT","353","4. liga - Divizie D","Czech-Republic","2026","Group D - 9","Tatran Bohunice","Sparta Brno","19436","20825","1","2","0","0",,,,,"1","2"
"1561141","2026-09-25","9/25/2026 3:30:00 PM","FT","506","2. liga","Slovakia","2026","Regular Season - 10","Pohronie","Inter Bratislava","4134","10547","0","3","0","3",,,,,"0","3"
"1562408","2026-09-25","9/25/2026 3:30:00 PM","FT","351","4. liga - Divizie B","Czech-Republic","2026","Group B - 8","Slavoj Vyšehrad","Sokol Hostouň","4258","7350","1","2","1","1",,,,,"1","2"
"1640045","2026-09-25","9/25/2026 3:30:00 PM","FT","667","Friendlies Clubs","World","2026","Club Friendlies","VfB Stuttgart","1. FC Heidenheim","172","180","3","0","1","0",,,,,"3","0"
"1636197","2026-09-25","9/25/2026 3:35:00 PM","FT","1197","FA Cup","Oman","2026","Group Stage - 4","Ibri","Al-Nahda","15960","5327","0","0","0","0",,,,,"0","0"
"1636198","2026-09-25","9/25/2026 3:35:00 PM","FT","1197","FA Cup","Oman","2026","Group Stage - 4","Saham","Al Musannah","5335","11384","1","1","1","0",,,,,"1","1"
"1350159","2026-09-25","9/25/2026 4:00:00 PM","FT","850","UEFA U21 Championship - Qualification","World","2027","Group Stage - 19","Iceland U21","France U21","8199","8194","1","1","0","1",,,,,"1","1"
"1545828","2026-09-25","9/25/2026 4:00:00 PM","FT","36","Africa Cup of Nations - Qualification","World","2027","Group Stage - 1","Niger","Lesotho","1505","1518","2","1","2","0",,,,,"2","1"
"1566103","2026-09-25","9/25/2026 4:00:00 PM","FT","644","3. liga - West","Slovakia","2026","West - 8","Komárno II","Baník Prievidza","26245","14943","1","4","0","3",,,,,"1","4"
"1630804","2026-09-25","9/25/2026 4:00:00 PM","FT","1196","Division One League","Ghana","2026","Regular Season - 2","Attram de Visser","Accra Lions","22761","17992","1","1","1","1",,,,,"1","1"
"1630815","2026-09-25","9/25/2026 4:00:00 PM","FT","1196","Division One League","Ghana","2026","Regular Season - 2","Northern City","Berekum City","22775","22764","1","1","0","1",,,,,"1","1"
"1619345","2026-09-25","9/25/2026 4:25:00 PM","FT","1227","Premier League Women","Saudi-Arabia","2027","Regular Season - 3","Al Nassr W","Al-Ula W","24884","27716","3","1","2","1",,,,,"3","1"
"1350152","2026-09-25","9/25/2026 4:30:00 PM","FT","850","UEFA U21 Championship - Qualification","World","2027","Group Stage - 18","Finland U21","Spain U21","8193","8224","2","1","1","0",,,,,"2","1"
"1350155","2026-09-25","9/25/2026 4:30:00 PM","FT","850","UEFA U21 Championship - Qualification","World","2027","Group Stage - 18","Bulgaria U21","Portugal U21","8185","8216","2","1","0","0",,,,,"2","1"
"1504312","2026-09-25","9/25/2026 4:30:00 PM","FT","1087","Ykkösliiga","Finland","2026","Group Stage","Kooteepee","MP","2076","9175","1","1","0","1",,,,,"1","1"
"1632083","2026-09-25","9/25/2026 4:30:00 PM","FT","890","U20 Elite League","World","2026","Group Stage","Germany U20","France U20","10310","10287","1","0","0","0",,,,,"1","0"
"1640090","2026-09-25","9/25/2026 4:30:00 PM","FT","1229","Liga Women","Peru","2026","Clausura - 11","Killas W","Flamengo FBC W","27777","27776","1","0","1","0",,,,,"1","0"
"1349979","2026-09-25","9/25/2026 5:00:00 PM","FT","850","UEFA U21 Championship - Qualification","World","2027","Group Stage - 18","Estonia U21","Faroe Islands U21","8191","8192","1","2","0","0",,,,,"1","2"
"1350153","2026-09-25","9/25/2026 5:00:00 PM","FT","850","UEFA U21 Championship - Qualification","World","2027","Group Stage - 18","Cyprus U21","Romania U21","8187","8218","0","3","0","2",,,,,"0","3"
"1350161","2026-09-25","9/25/2026 5:00:00 PM","FT","850","UEFA U21 Championship - Qualification","World","2027","Group Stage - 19","Slovakia U21","Republic of Ireland U21","8223","8217","0","2","0","1",,,,,"0","2"
"1495396","2026-09-25","9/25/2026 5:00:00 PM","FT","725","Toppserien","Norway","2026","Regular Season - 17","Bodø / Glimt W","Røa W","22858","18379","2","1","0","1",,,,,"2","1"
"1496701","2026-09-25","9/25/2026 5:00:00 PM","FT","775","3. Division - Girone 2","Norway","2026","Regular Season - 21","Aalesund II","Rosenborg II","16222","10113","1","7","1","2",,,,,"1","7"
"1504313","2026-09-25","9/25/2026 5:00:00 PM","FT","1087","Ykkösliiga","Finland","2026","Group Stage","KäPa","Haka","9187","2080","3","2","0","2",,,,,"3","2"
"1528881","2026-09-25","9/25/2026 5:00:00 PM","FT","5","UEFA Nations League","World","2026","League B - 1","Georgia","Northern Ireland","1104","771","0","1","0","0",,,,,"0","1"
"1545602","2026-09-25","9/25/2026 5:00:00 PM","FT","5","UEFA Nations League","World","2026","League C - 1","Armenia","Latvia","1094","1092","2","0","1","0",,,,,"2","0"
"1545819","2026-09-25","9/25/2026 5:00:00 PM","FT","36","Africa Cup of Nations - Qualification","World","2027","Group Stage - 1","Gambia","Somalia","1492","8050","2","1","1","0",,,,,"2","1"
"1545823","2026-09-25","9/25/2026 5:00:00 PM","FT","36","Africa Cup of Nations - Qualification","World","2027","Group Stage - 1","Malawi","South Sudan","1495","1496","2","1","1","0",,,,,"2","1"
"1545829","2026-09-25","9/25/2026 5:00:00 PM","FT","36","Africa Cup of Nations - Qualification","World","2027","Group Stage - 1","Nigeria","Madagascar","19","1490","2","1","1","1",,,,,"2","1"
"1545830","2026-09-25","9/25/2026 5:00:00 PM","FT","36","Africa Cup of Nations - Qualification","World","2027","Group Stage - 1","Rwanda","Liberia","1514","1525","3","1","3","1",,,,,"3","1"
"1545836","2026-09-25","9/25/2026 5:00:00 PM","FT","36","Africa Cup of Nations - Qualification","World","2027","Group Stage - 1","Togo","Burundi","1534","1528","1","0","1","0",,,,,"1","0"
"1562648","2026-09-25","9/25/2026 5:00:00 PM","FT","348","3. liga - CFL A","Czech-Republic","2026","Group A - 8","Písek","Příbram II","7334","8617","1","1","0","1",,,,,"1","1"
"1579246","2026-09-25","9/25/2026 5:00:00 PM","FT","354","4. liga - Divizie E","Czech-Republic","2026","Group E - 9","Baťov","Nové Sady","19420","7322","3","5","2","3",,,,,"3","5"
"1633381","2026-09-25","9/25/2026 5:00:00 PM","FT","788","Liga III - Serie 5","Romania","2026","Group 5 - 6","LPS HD Clinceni","Dinamo Bucureşti II","23382","16286","5","1","1","0",,,,,"5","1"
"1638167","2026-09-25","9/25/2026 5:00:00 PM","FT","245","Ykkönen","Finland","2026","Group Stage","Tampere United","JJK","9190","1171","4","0","2","0",,,,,"4","0"
"1641719","2026-09-25","9/25/2026 5:00:00 PM","FT","771","COSAFA U20 Championship","World","2026","Semi-finals","Namibia U20","Mozambique U20","11041","11040","0","3","0","1",,,,,"0","3"
"1350162","2026-09-25","9/25/2026 5:30:00 PM","FT","850","UEFA U21 Championship - Qualification","World","2027","Group Stage - 19","Netherlands U21","Norway U21","8211","8214","0","0","0","0",,,,,"0","0"
"1562402","2026-09-25","9/25/2026 5:30:00 PM","FT","351","4. liga - Divizie B","Czech-Republic","2026","Group B - 8","Chomutov","Karlovy Vary","7282","7306","1","0","1","0",,,,,"1","0"
"1567076","2026-09-25","9/25/2026 5:30:00 PM","FT","939","Oberliga - Bayern Süd","Germany","2026","Bayern Süd - 12","Hankofen-Hailing","Sportfreunde Schwaig","12780","20870","1","3","0","1",,,,,"1","3"
"1577008","2026-09-25","9/25/2026 5:30:00 PM","FT","754","Oberliga - Nordost-Nord","Germany","2026","NOFV-Nord - 6","Anker Wismar","Hansa Rostock II","13946","16119","1","4","0","0",,,,,"1","4"
"1577247","2026-09-25","9/25/2026 5:30:00 PM","FT","755","Oberliga - Nordost-Süd","Germany","2026","NOFV- Sud - 6","Union Sandersdorf","VfL Halle","12885","14812","1","4","1","1",,,,,"1","4"
"1586231","2026-09-25","9/25/2026 5:30:00 PM","FT","83","Regionalliga - Bayern","Germany","2026","Bayern - 11","Bayern München II","Schwaben Augsburg","4674","12849","4","3","1","1",,,,,"4","3"
"1497070","2026-09-25","9/25/2026 6:00:00 PM","FT","777","3. Division - Girone 4","Norway","2026","Regular Season - 21","Varhaug","Staal Jørpeland","23424","12860","4","2","0","1",,,,,"4","2"
"1501489","2026-09-25","9/25/2026 6:00:00 PM","FT","736","Elitettan","Sweden","2026","Regular Season - 20","Örebro SK W","Linköping W","16028","11080","2","0","2","0",,,,,"2","0"
"1504557","2026-09-25","9/25/2026 6:00:00 PM","FT","564","Ettan - Södra","Sweden","2026","Södra - 24","Lund","Kristianstad","6687","11675","0","1","0","0",,,,,"0","1"
"1505278","2026-09-25","9/25/2026 6:00:00 PM","FT","563","Ettan - Norra","Sweden","2026","Norra - 24","Hammarby Talang","Stocksund","16596","6700","2","1","1","0",,,,,"2","1"
"1511023","2026-09-25","9/25/2026 6:00:00 PM","FT","597","Division 2 - Södra Götaland","Sweden","2026","Södra Götaland - 23","Räppe","Växjö Norra","12617","25573","1","1","1","0",,,,,"1","1"
"1511410","2026-09-25","9/25/2026 6:00:00 PM","FT","596","Division 2 - Västra Götaland","Sweden","2026","Västra Götaland - 23","Landvetter IS","Torslanda","18424","12620","3","1","1","0",,,,,"3","1"
"1566098","2026-09-25","9/25/2026 6:00:00 PM","FT","644","3. liga - West","Slovakia","2026","West - 8","Spartak Myjava","Gabčíkovo","12859","21926","2","0","1","0",,,,,"2","0"
"1566791","2026-09-25","9/25/2026 6:00:00 PM","FT","938","Oberliga - Bayern Nord","Germany","2026","Bayern Nord - 12","Viktoria Aschaffenburg","Bayern Hof","9336","12737","2","2","1","0",,,,,"2","2"
"1566792","2026-09-25","9/25/2026 6:00:00 PM","FT","938","Oberliga - Bayern Nord","Germany","2026","Bayern Nord - 12","Gebenbach","Fortuna Regensburg","19228","19226","1","1","1","1",,,,,"1","1"
"1566793","2026-09-25","9/25/2026 6:00:00 PM","FT","938","Oberliga - Bayern Nord","Germany","2026","Bayern Nord - 12","Neudrossenfeld","DJK Bamberg","21526","17027","2","2","0","1",,,,,"2","2"
"1566795","2026-09-25","9/25/2026 6:00:00 PM","FT","938","Oberliga - Bayern Nord","Germany","2026","Bayern Nord - 12","Ingolstadt II","Ammerthal","12792","14619","0","2","0","0",,,,,"0","2"
"1567075","2026-09-25","9/25/2026 6:00:00 PM","FT","939","Oberliga - Bayern Süd","Germany","2026","Bayern Süd - 12","Erlbach","Pipinsried","19220","12832","1","1","1","0",,,,,"1","1"
"1567077","2026-09-25","9/25/2026 6:00:00 PM","FT","939","Oberliga - Bayern Süd","Germany","2026","Bayern Süd - 12","1860 Rosenheim","Kottern","9322","12807","1","3","0","1",,,,,"1","3"
"1568188","2026-09-25","9/25/2026 6:00:00 PM","FT","783","III Liga - Group 4","Poland","2026","Group IV - 10","Wiślanie Jaśkowice","Wisłoka Dębica","19728","16274","1","2","0","1",,,,,"1","2"
"1571138","2026-09-25","9/25/2026 6:00:00 PM","FT","436","Primera División RFEF - Group 2","Spain","2026","Group 2 - 5","Atlético Madrid II","Villarreal II","9570","9595","1","3","0","1",,,,,"1","3"
"1574106","2026-09-25","9/25/2026 6:00:00 PM","FT","221","Regionalliga - Ost","Austria","2026","Ost - 9","Mannsdorf-Großenzersdorf","Oberwart","4952","11200","0","1","0","0",,,,,"0","1"
"1574107","2026-09-25","9/25/2026 6:00:00 PM","FT","221","Regionalliga - Ost","Austria","2026","Ost - 9","Parndorf","Favoritner AC","4955","8367","1","0","1","0",,,,,"1","0"
"1575800","2026-09-25","9/25/2026 6:00:00 PM","FT","122","2. Division","Denmark","2026","Regular Season - 9","HIK","Roskilde","6021","2067","1","1","0","0",,,,,"1","1"
"1577241","2026-09-25","9/25/2026 6:00:00 PM","FT","755","Oberliga - Nordost-Süd","Germany","2026","NOFV- Sud - 6","Auerbach","Eilenburg","9350","12756","3","2","2","1",,,,,"3","2"
"1577786","2026-09-25","9/25/2026 6:00:00 PM","FT","862","3. Division","Denmark","2026","Regular Season - 9","FC Helsingor","Holbæk B&I","2062","6027","5","1","4","0",,,,,"5","1"
"1582438","2026-09-25","9/25/2026 6:00:00 PM","FT","753","Oberliga - Baden-Württemberg","Germany","2026","Baden-Württemberg - 9","CFR Pforzheim","Karlsruhe II","1659","26166","2","3","1","2",,,,,"2","3"
"1584010","2026-09-25","9/25/2026 6:00:00 PM","FT","80","3. Liga","Germany","2026","Regular Season - 7","Havelse","Fortuna Köln","9342","1326","1","3","0","1",,,,,"1","3"
"1586233","2026-09-25","9/25/2026 6:00:00 PM","FT","83","Regionalliga - Bayern","Germany","2026","Bayern - 11","Eltersdorf","Bayreuth","12762","9325","2","4","1","1",,,,,"2","4"
"1586234","2026-09-25","9/25/2026 6:00:00 PM","FT","83","Regionalliga - Bayern","Germany","2026","Bayern - 11","Greuther Fürth II","Nürnberg II","9328","9332","2","1","1","1",,,,,"2","1"
"1586236","2026-09-25","9/25/2026 6:00:00 PM","FT","83","Regionalliga - Bayern","Germany","2026","Bayern - 11","Memmingen","Buchbach","9331","9326","0","1","0","0",,,,,"0","1"
"1586879","2026-09-25","9/25/2026 6:00:00 PM","FT","85","Regionalliga - Nordost","Germany","2026","Nordost - 11","BFC Dynamo","Greifswalder FC","1636","16118","1","0","0","0",,,,,"1","0"
"1586884","2026-09-25","9/25/2026 6:00:00 PM","FT","85","Regionalliga - Nordost","Germany","2026","Nordost - 11","Magdeburg II","Altglienicke","21525","9349","0","1","0","0",,,,,"0","1"
"1586886","2026-09-25","9/25/2026 6:00:00 PM","FT","85","Regionalliga - Nordost","Germany","2026","Nordost - 11","Tasmania Berlin","FC Carl Zeiss Jena","12874","1325","1","5","1","2",,,,,"1","5"
"1587173","2026-09-25","9/25/2026 6:00:00 PM","FT","86","Regionalliga - SudWest","Germany","2026","Sudwest - 9","FC Astoria Walldorf","SV Sandhausen","1626","189","1","2","0","2",,,,,"1","2"
"1604252","2026-09-25","9/25/2026 6:00:00 PM","FT","749","Oberliga - Bremen","Germany","2026","Bremen - 8","OSC Bremerhaven","Woltmershausen","16094","19756","4","1","2","0",,,,,"4","1"
"1607961","2026-09-25","9/25/2026 6:00:00 PM","FT","1238","Regionalliga - South","Austria","2026","South - 8","Allerheiligen","Deutschlandsberger SC","4934","4972","2","3","0","2",,,,,"2","3"
"1607963","2026-09-25","9/25/2026 6:00:00 PM","FT","1238","Regionalliga - South","Austria","2026","South - 8","Weiz","SV Lafnitz","4996","1402","3","3","1","3",,,,,"3","3"
"1607965","2026-09-25","9/25/2026 6:00:00 PM","FT","1238","Regionalliga - South","Austria","2026","South - 9","Wolfsberg","Bleiburg","4967","8273","1","0","1","0",,,,,"1","0"
"1607966","2026-09-25","9/25/2026 6:00:00 PM","FT","1238","Regionalliga - South","Austria","2026","South - 9","Velden","Völkermarkt","21390","4987","0","0","0","0",,,,,"0","0"
"1608076","2026-09-25","9/25/2026 6:00:00 PM","FT","1239","Regionalliga - North","Austria","2026","North - 10","Bad Schallerbach","Kuchl","8294","14714","5","1","1","1",,,,,"5","1"
"1608077","2026-09-25","9/25/2026 6:00:00 PM","FT","1239","Regionalliga - North","Austria","2026","North - 10","Wals-Grünau","Wohnbau Dietach","8261","19193","3","0","1","0",,,,,"3","0"
"1633512","2026-09-25","9/25/2026 6:00:00 PM","FT","789","Liga III - Serie 6","Romania","2026","Group 6 - 6","CSM Targu Jiu","Academica Balș","26679","26204","1","0","0","0",,,,,"1","0"
"1640061","2026-09-25","9/25/2026 6:00:00 PM","FT","10","Friendlies","World","2026","Friendly International","France U21","Ukraine U18","8194","22343","1","0",,,,,,,"1","0"
"1510683","2026-09-25","9/25/2026 6:15:00 PM","FT","592","Division 2 - Norra Götaland","Sweden","2026","Norra Götaland - 23","Vänersborgs IF","Ahlafors","6713","12570","1","2","1","0",,,,,"1","2"
"1619346","2026-09-25","9/25/2026 6:15:00 PM","FT","1227","Premier League Women","Saudi-Arabia","2027","Regular Season - 3","Al Ittihad W","Al Qadisiya W","27714","27715","1","2","1","1",,,,,"1","2"
"1350158","2026-09-25","9/25/2026 6:30:00 PM","FT","850","UEFA U21 Championship - Qualification","World","2027","Group Stage - 19","Switzerland U21","Luxembourg U21","8226","8207","5","0","3","0",,,,,"5","0"
"1511408","2026-09-25","9/25/2026 6:30:00 PM","FT","596","Division 2 - Västra Götaland","Sweden","2026","Västra Götaland - 23","Dalstorps","Böljan","12613","25575","1","1","1","0",,,,,"1","1"
"1574108","2026-09-25","9/25/2026 6:30:00 PM","FT","221","Regionalliga - Ost","Austria","2026","Ost - 9","SV Horn","Traiskirchen","1397","4961","3","4","0","2",,,,,"3","4"
"1574109","2026-09-25","9/25/2026 6:30:00 PM","FT","221","Regionalliga - Ost","Austria","2026","Ost - 9","Krems / Rehberg","Mattersburg SV 2020","25119","27886","3","0","3","0",,,,,"3","0"
"1577001","2026-09-25","9/25/2026 6:30:00 PM","FT","754","Oberliga - Nordost-Nord","Germany","2026","NOFV-Nord - 6","Hertha Zehlendorf","Reinickendorfer Fuchse","12786","17141","2","1","1","0",,,,,"2","1"
"1577007","2026-09-25","9/25/2026 6:30:00 PM","FT","754","Oberliga - Nordost-Nord","Germany","2026","NOFV-Nord - 6","Tennis Borussia","Lichtenberg","12876","9354","0","1","0","0",,,,,"0","1"
"1580233","2026-09-25","9/25/2026 6:30:00 PM","FT","744","Oberliga - Schleswig-Holstein","Germany","2026","Schleswig-Holstein - 10","Hohenwestedt","Rapid Lubeck","21943","28084","1","3","1","2",,,,,"1","3"
"1581133","2026-09-25","9/25/2026 6:30:00 PM","FT","750","Oberliga - Hessen","Germany","2026","Hessen - 11","Unter-Flockenbach","Eintracht Stadtallendorf","14808","12761","2","7","1","3",,,,,"2","7"
"1586577","2026-09-25","9/25/2026 6:30:00 PM","FT","84","Regionalliga - Nord","Germany","2026","North - 11","Schöningen","SV Drochtersen/Assel","19475","1623","3","3","0","2",,,,,"3","3"
"1586579","2026-09-25","9/25/2026 6:30:00 PM","FT","84","Regionalliga - Nord","Germany","2026","North - 11","VfB Lübeck","Todesfelde","1625","12880","3","2","0","1",,,,,"3","2"
"1587483","2026-09-25","9/25/2026 6:30:00 PM","FT","87","Regionalliga - West","Germany","2026","West - 10","FC Gutersloh","Paderborn II","14485","12827","1","3","0","1",,,,,"1","3"
"1598922","2026-09-25","9/25/2026 6:30:00 PM","FT","752","Oberliga - Rheinland-Pfalz / Saar","Germany","2026","Rheinland-Pfalz/Saar - 10","FV Engers 07","Auersmacher","12767","14468","3","2","2","2",,,,,"3","2"
"1604253","2026-09-25","9/25/2026 6:30:00 PM","FT","749","Oberliga - Bremen","Germany","2026","Bremen - 8","Werder Bremen III","Leher TS","16097","1644","1","1","0","1",,,,,"1","1"
"1604860","2026-09-25","9/25/2026 6:30:00 PM","FT","599","1. Liga Classic - Group 1","Switzerland","2026","Group 1 - 8","Lausanne Sport II","Echallens","12693","6623","3","1","2","0",,,,,"3","1"
"1608078","2026-09-25","9/25/2026 6:30:00 PM","FT","1239","Regionalliga - North","Austria","2026","North - 10","UFC Hallein","Pinzgau Saalfelden","19315","4980","0","0","0","0",,,,,"0","0"
"1600243","2026-09-25","9/25/2026 6:45:00 PM","FT","625","Carioca - 2","Brazil","2026","Regular Season - 4","Carapebus","São Cristóvão RJ","17737","23664","0","1","0","1",,,,,"0","1"
"1557295","2026-09-25","9/25/2026 7:00:00 PM","FT","146","Super League Women","Belgium","2026","Regular Season - 4","Genk W","Gent W","1786","1789","2","0","0","0",,,,,"2","0"
"1575030","2026-09-25","9/25/2026 7:00:00 PM","FT","1114","Carioca U20","Brazil","2026","Regular Season - 8","Maricá U20","Volta Redonda U20","25595","13074","1","0","0","0",,,,,"1","0"
"1582335","2026-09-25","9/25/2026 7:00:00 PM","FT","1142","Mineiro - 3","Brazil","2026","Regular Season - 2","Inter de Minas","Nacional AC MG","24920","13083","0","1","0","1",,,,,"0","1"
"1592523","2026-09-25","9/25/2026 7:00:00 PM","FT","751","Oberliga - Niederrhein","Germany","2026","Niederrhein - 7","Holzheimer SG","Schonnebeck","14706","12848","0","3","0","1",,,,,"0","3"
"1592860","2026-09-25","9/25/2026 7:00:00 PM","FT","1200","Liga MX U21","Mexico","2026","Regular Season - 10","Atlante U21","Monterrey U21","28004","26836","5","4","4","1",,,,,"5","4"
"1610318","2026-09-25","9/25/2026 7:00:00 PM","FT","746","Oberliga - Mittelrhein","Germany","2026","Mittelrhein - 5","Wegberg-Beeck","Düren Merzenich","14148","12754","2","1","1","1",,,,,"2","1"
"1610324","2026-09-25","9/25/2026 7:00:00 PM","FT","746","Oberliga - Mittelrhein","Germany","2026","Mittelrhein - 5","VfL Vichttal","Neunkirchen-Seelscheid","14813","28348","3","0","2","0",,,,,"3","0"
"1612041","2026-09-25","9/25/2026 7:00:00 PM","FT","906","Reserve League","Argentina","2026","Clausura - 10","Colón Res.","Unión Santa Fe Res.","18683","18701","2","1","1","1",,,,,"2","1"
"1612052","2026-09-25","9/25/2026 7:00:00 PM","FT","906","Reserve League","Argentina","2026","Clausura - 10","San Martín San Juan Res.","Godoy Cruz Res.","25592","18687","0","1","0","1",,,,,"0","1"
"1617017","2026-09-25","9/25/2026 7:00:00 PM","FT","453","Tercera División RFEF - Group 15","Spain","2026","Group 15 - 4","Doneztebe FT","Huarte","28120","9851","3","3","2","2",,,,,"3","3"
"1631737","2026-09-25","9/25/2026 7:00:00 PM","PEN","722","Liga Premier Serie A","Mexico","2026","Apertura - 5","Real Refineros","Ciervos","28307","15925","3","3","1","2",,,,,"3","3"
"1637599","2026-09-25","9/25/2026 7:00:00 PM","FT","10","Friendlies","World","2026","Friendly International","England U19","Republic of Ireland U19","10332","10377","1","0",,,,,,,"1","0"
"1640207","2026-09-25","9/25/2026 7:00:00 PM","PEN","1086","Paulista - U20","Brazil","2026","Round of 32","Água Santa U20","Capivariano U20","13078","12993","0","1","0","0","0","0","2","4","0","1"
"1640208","2026-09-25","9/25/2026 7:00:00 PM","FT","1086","Paulista - U20","Brazil","2026","Round of 32","Corinthians U20","XV de Jaú U20","12998","13076","2","0","2","0",,,,,"2","0"
"1640209","2026-09-25","9/25/2026 7:00:00 PM","FT","1086","Paulista - U20","Brazil","2026","Round of 32","Desportivo Brasil U20","Oeste U20","13003","13034","1","1","0","0",,,,,"1","1"
"1640210","2026-09-25","9/25/2026 7:00:00 PM","FT","1086","Paulista - U20","Brazil","2026","Round of 32","Guarani U20","União Suzano U20","13012","20775","4","1","1","0",,,,,"4","1"
"1640211","2026-09-25","9/25/2026 7:00:00 PM","FT","1086","Paulista - U20","Brazil","2026","Round of 32","Santo André U20","Sertãozinho U20","13054","13057","3","0","1","0",,,,,"3","0"
"1640212","2026-09-25","9/25/2026 7:00:00 PM","FT","1086","Paulista - U20","Brazil","2026","Round of 32","Santos U20","Jabaquara U20","13055","23478","2","0","2","0",,,,,"2","0"
"1640213","2026-09-25","9/25/2026 7:00:00 PM","FT","1086","Paulista - U20","Brazil","2026","Round of 32","São Paulo U20","EC São Bernardo U20","12973","13005","2","0","0","0",,,,,"2","0"
"1640214","2026-09-25","9/25/2026 7:00:00 PM","PEN","1086","Paulista - U20","Brazil","2026","Round of 32","Sfera U20","XV de Piracicaba U20","22848","13077","1","0","0","0","0","0","4","3","1","0"
"1640264","2026-09-25","9/25/2026 7:00:00 PM","FT","282","Segunda División","Peru","2026","Relegation Group - 1","Deportivo Binacional","Academia Cantolao","2550","2543","2","2","1","0",,,,,"2","2"
"1641721","2026-09-25","9/25/2026 7:00:00 PM","PEN","951","South American Youth Games","World","2026","Final","Paraguay U19","Argentina U19","20535","20532","0","0","0","0",,,"5","4","0","0"
"1642888","2026-09-25","9/25/2026 7:00:00 PM","FT","667","Friendlies Clubs","World","2026","Club Friendly","Penafiel","Deportivo La Coruna","235","544","2","2","1","1",,,,,"2","2"
"1350160","2026-09-25","9/25/2026 7:30:00 PM","FT","850","UEFA U21 Championship - Qualification","World","2027","Group Stage - 19","England U21","Kazakhstan U21","8190","8202","4","2","2","2",,,,,"4","2"
"1569941","2026-09-25","9/25/2026 7:30:00 PM","FT","141","Segunda División","Spain","2026","Regular Season - 7","Girona","Albacete","547","722","2","0","2","0",,,,,"2","0"
"1580512","2026-09-25","9/25/2026 7:30:00 PM","FT","111","FAW Championship","Wales","2026","North - 9","Bangor City 1876 FC","Buckley Town","7581","5609","2","6","2","3",,,,,"2","6"
"1580751","2026-09-25","9/25/2026 7:30:00 PM","FT","111","FAW Championship","Wales","2026","South - 9","Afan Lido","Newport City","2200","20364","0","0","0","0",,,,,"0","0"
"1580752","2026-09-25","9/25/2026 7:30:00 PM","FT","111","FAW Championship","Wales","2026","South - 9","Baglan Dragons","Carmarthen Town","20358","359","1","2","0","1",,,,,"1","2"
"1619149","2026-09-25","9/25/2026 7:30:00 PM","FT","703","Professional Development League","England","2026","Regular Season","Colchester United U21","Sheffield Wednesday U21","20083","20096","2","1","1","1",,,,,"2","1"
"1642889","2026-09-25","9/25/2026 7:30:00 PM","FT","667","Friendlies Clubs","World","2026","Club Friendly","Chaves","Vitória SC","223","224","0","1","0","0",,,,,"0","1"
"1492668","2026-09-25","9/25/2026 7:45:00 PM","FT","357","Premier Division","Ireland","2026","Regular Season - 11","Galway United","Shelbourne","3851","3854","1","1","1","0",,,,,"1","1"
"1492980","2026-09-25","9/25/2026 7:45:00 PM","FT","358","First Division","Ireland","2026","Regular Season - 33","Cobh Ramblers","Athlone Town","3849","3846","3","3","1","1",,,,,"3","3"
"1492981","2026-09-25","9/25/2026 7:45:00 PM","FT","358","First Division","Ireland","2026","Regular Season - 33","Kerry","Wexford","11328","3855","1","0","0","0",,,,,"1","0"
"1492982","2026-09-25","9/25/2026 7:45:00 PM","FT","358","First Division","Ireland","2026","Regular Season - 33","Treaty United","Finn Harps","16498","3841","2","1","1","1",,,,,"2","1"
"1492983","2026-09-25","9/25/2026 7:45:00 PM","FT","358","First Division","Ireland","2026","Regular Season - 33","UCD","Bray Wanderers","3844","3847","1","3","0","1",,,,,"1","3"
"1528882","2026-09-25","9/25/2026 7:45:00 PM","FT","5","UEFA Nations League","World","2026","League A - 1","Türkiye","France","777","2","0","1","0","0",,,,,"0","1"
"1528883","2026-09-25","9/25/2026 7:45:00 PM","FT","5","UEFA Nations League","World","2026","League A - 1","Italy","Belgium","768","1","0","2","0","1",,,,,"0","2"
"1528884","2026-09-25","9/25/2026 7:45:00 PM","FT","5","UEFA Nations League","World","2026","League B - 1","Hungary","Ukraine","769","772","0","1","0","1",,,,,"0","1"
"1528885","2026-09-25","9/25/2026 7:45:00 PM","FT","5","UEFA Nations League","World","2026","League B - 1","Poland","Bosnia & Herzegovina","24","1113","0","0","0","0",,,,,"0","0"
"1528886","2026-09-25","9/25/2026 7:45:00 PM","FT","5","UEFA Nations League","World","2026","League B - 1","Sweden","Romania","5","774","2","1","2","1",,,,,"2","1"
"1528887","2026-09-25","9/25/2026 7:45:00 PM","FT","5","UEFA Nations League","World","2026","League C - 1","Montenegro","Cyprus","1109","1106","2","1","0","0",,,,,"2","1"
"1556861","2026-09-25","9/25/2026 7:45:00 PM","FT","180","Championship","Scotland","2026","Regular Season - 8","Arbroath","Queen's Park","4249","6778","2","1","2","0",,,,,"2","1"
"1556862","2026-09-25","9/25/2026 7:45:00 PM","FT","180","Championship","Scotland","2026","Regular Season - 8","Ayr Utd","Stenhousemuir","1387","6784","0","1","0","1",,,,,"0","1"
"1556864","2026-09-25","9/25/2026 7:45:00 PM","FT","180","Championship","Scotland","2026","Regular Season - 8","Inverness CT","Morton","903","1383","2","0","1","0",,,,,"2","0"
"1556865","2026-09-25","9/25/2026 7:45:00 PM","FT","180","Championship","Scotland","2026","Regular Season - 8","Raith Rovers","Livingston","1385","255","0","2","0","0",,,,,"0","2"
"1562075","2026-09-25","9/25/2026 7:45:00 PM","FT","408","Premiership","Northern-Ireland","2026","Regular Season - 9","Coleraine FC","Linfield","669","583","1","3","0","2",,,,,"1","3"
"1564873","2026-09-25","9/25/2026 7:45:00 PM","FT","407","Championship","Northern-Ireland","2026","Regular Season - 9","Glenavon FC","Loughgall","2275","5345","4","1","1","0",,,,,"4","1"
"1564875","2026-09-25","9/25/2026 7:45:00 PM","FT","407","Championship","Northern-Ireland","2026","Regular Season - 9","Newry City AFC","H&W Welders","5346","5343","3","2","1","0",,,,,"3","2"
"1564877","2026-09-25","9/25/2026 7:45:00 PM","FT","407","Championship","Northern-Ireland","2026","Regular Season - 9","Rathfriland","Warrenpoint Town","17241","5355","0","2","0","2",,,,,"0","2"
"1580518","2026-09-25","9/25/2026 7:45:00 PM","FT","111","FAW Championship","Wales","2026","North - 9","Ruthin Town","Penrhyncoch","5624","5620","2","0","1","0",,,,,"2","0"
"1580753","2026-09-25","9/25/2026 7:45:00 PM","FT","111","FAW Championship","Wales","2026","South - 9","Caerphilly Athletic","Pontypridd Town","11283","2192","1","2","1","2",,,,,"1","2"
"1593627","2026-09-25","9/25/2026 7:45:00 PM","FT","182","Challenge Cup","Scotland","2026","Group Stage - 5","Spartans","Dundee II","6781","16851","1","0","0","0",,,,,"1","0"
"1638755","2026-09-25","9/25/2026 7:45:00 PM","FT","1103","Premiership Women","Northern-Ireland","2026","Group Stage","Linfield W","Cliftonville W","10918","21486","1","1","0","1",,,,,"1","1"
"1639586","2026-09-25","9/25/2026 7:45:00 PM","FT","47","FA Trophy","England","2026","Final","Biggleswade","Three Bridges","7618","7676","1","3","0","1",,,,,"1","3"
"1545814","2026-09-25","9/25/2026 8:00:00 PM","FT","36","Africa Cup of Nations - Qualification","World","2027","Group Stage - 1","Algeria","Zambia","1532","1507","3","1","1","0",,,,,"3","1"
"1545815","2026-09-25","9/25/2026 8:00:00 PM","FT","36","Africa Cup of Nations - Qualification","World","2027","Group Stage - 1","Burkina Faso","Benin","1502","1516","1","1","1","0",,,,,"1","1"
"1545818","2026-09-25","9/25/2026 8:00:00 PM","FT","36","Africa Cup of Nations - Qualification","World","2027","Group Stage - 1","Egypt","Angola","32","1529","0","0","0","0",,,,,"0","0"
"1545824","2026-09-25","9/25/2026 8:00:00 PM","FT","36","Africa Cup of Nations - Qualification","World","2027","Group Stage - 1","Mali","Cape Verde Islands","1500","1533","3","1","2","1",,,,,"3","1"
"1545826","2026-09-25","9/25/2026 8:00:00 PM","FT","36","Africa Cup of Nations - Qualification","World","2027","Group Stage - 1","Morocco","Gabon","31","1503","2","0","1","0",,,,,"2","0"
"1546999","2026-09-25","9/25/2026 8:00:00 PM","FT","730","Football League - Highland League","Scotland","2026","Highland League - 12","Strathspey Thistle","Forres Mechanics","7451","7441","0","1","0","0",,,,,"0","1"
"1551809","2026-09-25","9/25/2026 8:00:00 PM","FT","89","Eerste Divisie","Netherlands","2026","Regular Season - 8","Dordrecht","Almere City FC","409","419","3","2","1","1",,,,,"3","2"
"1580754","2026-09-25","9/25/2026 8:00:00 PM","FT","111","FAW Championship","Wales","2026","South - 9","Aberystwyth Town","Swansea University","351","5626","0","0","0","0",,,,,"0","0"
"1616101","2026-09-25","9/25/2026 8:00:00 PM","FT","450","Tercera División RFEF - Group 12","Spain","2026","Group 12 - 4","Tenerife C","Anaza","26851","28113","3","2","0","1",,,,,"3","2"
"1619686","2026-09-25","9/25/2026 8:00:00 PM","FT","964","Copa de la División Profesional","Bolivia","2026","Group Stage - 5","San Antonio Bulo Bulo","Real Potosí","17760","3708","3","0","3","0",,,,,"3","0"
"1638753","2026-09-25","9/25/2026 8:00:00 PM","FT","1103","Premiership Women","Northern-Ireland","2026","Group Stage","Derry City W","Larne W","23632","23629","5","1","0","0",,,,,"5","1"
"1638756","2026-09-25","9/25/2026 8:00:00 PM","FT","1103","Premiership Women","Northern-Ireland","2026","Group Stage","Lisburn Ladies W","Crusaders Strikers W","23261","21488","2","3","1","1",,,,,"2","3"
"1639583","2026-09-25","9/25/2026 8:00:00 PM","FT","47","FA Trophy","England","2026","Final","Aveley","Ware","7207","7678","3","1","1","0",,,,,"3","1"
"1639938","2026-09-25","9/25/2026 8:00:00 PM","FT","536","CONCACAF Nations League","World","2025","League B - 2","Bermuda","Guadeloupe","5158","10983","1","2","1","0",,,,,"1","2"
"1640215","2026-09-25","9/25/2026 8:00:00 PM","FT","1086","Paulista - U20","Brazil","2026","Round of 32","Palmeiras U20","Ituano U20","12968","13016","2","1","1","1",,,,,"2","1"
"1640770","2026-09-25","9/25/2026 8:00:00 PM","FT","251","Division Intermedia","Paraguay","2026","Regular Season - 26","Independiente F.b.c.","Sportivo Carapeguá","1186","20786","0","1","0","0",,,,,"0","1"
"1571145","2026-09-25","9/25/2026 8:15:00 PM","FT","436","Primera División RFEF - Group 2","Spain","2026","Group 2 - 5","Ibiza","Zaragoza","9390","732","0","2","0","0",,,,,"0","2"
"1632018","2026-09-25","9/25/2026 8:30:00 PM","FT","252","Division Profesional - Clausura","Paraguay","2026","Clausura - 12","Sportivo Luqueno","Club Guarani","1183","1174","0","1","0","0",,,,,"0","1"
"1641722","2026-09-25","9/25/2026 8:30:00 PM","FT","300","Segunda División","Venezuela","2026","Regular Season - 31","Puerto Cabello II","Atletico el Vigia FC","25902","2832","1","1","1","1",,,,,"1","1"
"1616096","2026-09-25","9/25/2026 9:00:00 PM","FT","450","Tercera División RFEF - Group 12","Spain","2026","Group 12 - 4","Estrella","Las Palmas III","20275","9798","1","1","0","1",,,,,"1","1"
"1640267","2026-09-25","9/25/2026 9:00:00 PM","FT","282","Segunda División","Peru","2026","Promotion Group - 1","Deportiva Agropecuaria","Deportivo Llacuabamba","22469","10014","0","0","0","0",,,,,"0","0"
"1640268","2026-09-25","9/25/2026 9:15:00 PM","FT","282","Segunda División","Peru","2026","Promotion Group - 1","Comerciantes","Sport Huancayo 2","10494","27639","0","1","0","1",,,,,"0","1"
"1639939","2026-09-25","9/25/2026 10:00:00 PM","FT","536","CONCACAF Nations League","World","2025","League B - 3","Grenada","Cuba","5533","2388","0","3","0","1",,,,,"0","3"
"1619684","2026-09-25","9/25/2026 10:15:00 PM","FT","964","Copa de la División Profesional","Bolivia","2026","Group Stage - 5","ABB","Aurora","17743","3637","0","1","0","0",,,,,"0","1"
"1640771","2026-09-25","9/25/2026 10:30:00 PM","FT","251","Division Intermedia","Paraguay","2026","Regular Season - 26","General Caballero","3 de Noviembre","1181","21374","1","3","0","2",,,,,"1","3"
"1499657","2026-09-25","9/25/2026 11:00:00 PM","FT","131","Primera B Metropolitana","Argentina","2026","Regular Season - 37","Ituzaingó","Defensores Unidos","8386","1945","0","1","0","0",,,,,"0","1"
"1500133","2026-09-25","9/25/2026 11:00:00 PM","FT","132","Primera C","Argentina","2026","Regular Season - 30","Mercedes","Puerto Nuevo","18915","8397","1","0","0","0",,,,,"1","0"
"1612050","2026-09-25","9/25/2026 11:00:00 PM","FT","906","Reserve League","Argentina","2026","Clausura - 10","River Plate Res.","Boca Juniors Res.","18695","18681","2","2","1","1",,,,,"2","2"
"1631735","2026-09-25","9/25/2026 11:00:00 PM","FT","722","Liga Premier Serie A","Mexico","2026","Apertura - 5","Acatlan","FC Santiago","24949","22055","1","0","1","0",,,,,"1","0"
"1632015","2026-09-25","9/25/2026 11:00:00 PM","FT","252","Division Profesional - Clausura","Paraguay","2026","Clausura - 12","Nacional Asuncion","Sportivo Ameliano","1175","10487","1","1","1","0",,,,,"1","1"
"1508556","2026-09-25","9/25/2026 11:30:00 PM","FT","254","NWSL Women","USA","2026","Group Stage","Racing Louisville W","San Diego Wave W","16488","18451","0","2","0","1",,,,,"0","2"
"1520897","2026-09-25","9/25/2026 11:30:00 PM","FT","72","Serie B","Brazil","2026","Regular Season - 30","Novorizontino","São Bernardo","7834","7865","0","0","0","0",,,,,"0","0"
"1592861","2026-09-25","9/25/2026 11:45:00 PM","PEN","1200","Liga MX U21","Mexico","2026","Regular Season - 10","Club Tijuana U21","Atlas U21","26831","26828","2","2","1","0",,,"6","5","2","2"
"1493706","2026-09-26","9/26/2026 12:00:00 AM","FT","255","USL Championship","USA","2026","Group Stage","Hartford Athletic","Louisville City","3995","4000","2","2","1","0",,,,,"2","2"
"1499655","2026-09-26","9/26/2026 12:00:00 AM","FT","131","Primera B Metropolitana","Argentina","2026","Regular Season - 37","Excursionistas","Real Pilar","8385","2422","3","0","1","0",,,,,"3","0"
"1545519","2026-09-26","9/26/2026 12:00:00 AM","FT","241","Copa Colombia","Colombia","2026","Play-offs","Union Magdalena","Santa Fe","1465","1139","1","1","1","0",,,,,"1","1"
"1638388","2026-09-26","9/26/2026 12:00:00 AM","FT","267","Copa Chile","Chile","2026","Round of 16","Colo Colo","A. Italiano","2315","2329","1","0","1","0",,,,,"1","0"
"1549795","2026-09-26","9/26/2026 12:10:00 AM","FT","239","Primera A","Colombia","2026","Clausura - 12","Chico","Deportivo Pasto","1132","1126","3","0","0","0",,,,,"3","0"
"1493715","2026-09-26","9/26/2026 12:30:00 AM","FT","255","USL Championship","USA","2026","Group Stage","Sporting JAX","Loudoun United","25959","3999","1","4","1","1",,,,,"1","4"
"1520899","2026-09-26","9/26/2026 12:30:00 AM","FT","72","Serie B","Brazil","2026","Regular Season - 30","Vila Nova","Londrina","142","148","2","0","1","0",,,,,"2","0"
"1557209","2026-09-26","9/26/2026 12:30:00 AM","FT","1130","USL Super League","USA","2026","Group Stage","Lexington W","Dallas Trinity W","24664","24660","3","0","0","0",,,,,"3","0"
"1619685","2026-09-26","9/26/2026 12:30:00 AM","FT","964","Copa de la División Profesional","Bolivia","2026","Group Stage - 5","Nacional Potosí","Always Ready","3706","3700","9","0","3","0",,,,,"9","0"
"1508557","2026-09-26","9/26/2026 1:00:00 AM","FT","254","NWSL Women","USA","2026","Group Stage","NJ/NY Gotham FC W","Chicago Red Stars W","3003","2997","3","1","1","0",,,,,"3","1"
"1635974","2026-09-26","9/26/2026 1:00:00 AM","FT","1242","Primera Premier","Mexico","2026","Regular Season - 5","Chapulineros","Pioneros de Cancún","26525","15936","1","3","0","2",,,,,"1","3"
"1636699","2026-09-26","9/26/2026 1:00:00 AM","FT","243","Liga Pro Serie B","Ecuador","2026","Relegation Group - 5","El Nacional","Cumbayá","1150","16476","0","3","0","1",,,,,"0","3"
"1639940","2026-09-26","9/26/2026 1:00:00 AM","FT","536","CONCACAF Nations League","World","2025","League B - 2","Barbados","St. Lucia","5527","5540","2","0","1","0",,,,,"2","0"
"1639941","2026-09-26","9/26/2026 1:00:00 AM","FT","536","CONCACAF Nations League","World","2025","League B - 3","Bonaire","St. Kitts and Nevis","10982","5536","1","2","1","1",,,,,"1","2"
"1639942","2026-09-26","9/26/2026 1:00:00 AM","FT","536","CONCACAF Nations League","World","2025","League A - 2","Jamaica","Guatemala","2385","5161","3","2","1","1",,,,,"3","2"
"1508558","2026-09-26","9/26/2026 1:30:00 AM","FT","254","NWSL Women","USA","2026","Group Stage","Seattle Reign FC W","Boston Legacy W","3002","27377","2","0","1","0",,,,,"2","0"
"1493705","2026-09-26","9/26/2026 2:00:00 AM","FT","255","USL Championship","USA","2026","Group Stage","El Paso Locomotive","FC Tulsa","3993","4022","1","1","1","1",,,,,"1","1"
"1517353","2026-09-26","9/26/2026 2:00:00 AM","FT","479","Canadian Premier League","Canada","2026","Group Stage","Cavalry FC","Supra du Quebec","2619","27461","6","0","2","0",,,,,"6","0"
"1550975","2026-09-26","9/26/2026 2:00:00 AM","FT","262","Liga MX","Mexico","2026","Apertura - 10","Atlante FC","Monterrey","2312","2282","4","2","1","1",,,,,"4","2"
"1581433","2026-09-26","9/26/2026 2:00:00 AM","FT","263","Liga de Expansión MX","Mexico","2026","Apertura - 10","Correcaminos Uat","CDS Tampico Madero","2313","19905","1","0","0","0",,,,,"1","0"
"1603372","2026-09-26","9/26/2026 2:00:00 AM","FT","673","Liga MX Femenil","Mexico","2026","Regular Season - 9","Cruz Azul W","Guadalajara W","14875","14876","0","1","0","1",,,,,"0","1"
"1639943","2026-09-26","9/26/2026 2:00:00 AM","FT","536","CONCACAF Nations League","World","2025","League A - 2","Honduras","Suriname","4672","8171","2","3","2","2",,,,,"2","3"
"1640271","2026-09-26","9/26/2026 2:00:00 AM","FT","282","Segunda División","Peru","2026","Promotion Group - 1","Carlos A. Mannucci","U. San Martin","2551","2549","7","0","3","0",,,,,"7","0"
"1549800","2026-09-26","9/26/2026 2:15:00 AM","FT","239","Primera A","Colombia","2026","Clausura - 12","Once Caldas","Bucaramanga","1136","1131","1","3","0","2",,,,,"1","3"
"1583771","2026-09-26","9/26/2026 2:30:00 AM","FT","304","Liga Panameña de Fútbol","Panama","2026","Apertura - 10","CD Arabe Unido","Herrera","2882","15619","2","1","1","0",,,,,"2","1"
"1601449","2026-09-26","9/26/2026 3:00:00 AM","FT","163","Liga de Ascenso","Costa-Rica","2026","Regular Season - 9","AD Carmelita","Santa Ana","814","2057","1","0","1","0",,,,,"1","0"
"1639016","2026-09-26","9/26/2026 3:30:00 AM","FT","955","National League - National","New-Zealand","2026","Championship Group - 1","Wellington Phoenix II","Auckland United","2535","20649","1","1","1","1",,,,,"1","1"
"1550976","2026-09-26","9/26/2026 4:00:00 AM","FT","262","Liga MX","Mexico","2026","Apertura - 10","Club Tijuana","Atlas","2280","2283","2","3","2","1",,,,,"2","3"
"1639944","2026-09-26","9/26/2026 4:00:00 AM","FT","536","CONCACAF Nations League","World","2025","League A - 2","El Salvador","Martinique","5159","8117","3","1","3","0",,,,,"3","1"
"1639017","2026-09-26","9/26/2026 4:30:00 AM","FT","955","National League - National","New-Zealand","2026","Championship Group - 1","Ferrymead Bays","Eastern Suburbs","20662","13977","0","0","0","0",,,,,"0","0"
"1536708","2026-09-26","9/26/2026 5:00:00 AM","FT","650","Second League - Group 3","Russia","2026","Group 3 - 25","SKA Khabarovsk II","Orel","17721","23318","0","2","0","2",,,,,"0","2"
"1555714","2026-09-26","9/26/2026 5:00:00 AM","FT","100","J3 League","Japan","2026","Regular Season - 8","Kanazawa","Gainare Tottori","300","4319","4","1","1","0",,,,,"4","1"
"1641078","2026-09-26","9/26/2026 5:00:00 AM","FT","666","Friendlies Women","World","2026","Friendly International Women","New Caledonia W","Solomon Islands W","22603","19934","0","1","0","0",,,,,"0","1"
"1555718","2026-09-26","9/26/2026 6:00:00 AM","FT","100","J3 League","Japan","2026","Regular Season - 8","Renofa Yamaguchi","Sagamihara","309","4324","2","2","0","2",,,,,"2","2"
"1640435","2026-09-26","9/26/2026 6:00:00 AM","FT","764","Premier League","Mongolia","2027","Regular Season - 4","Erchim","Khovd","8027","18104","2","8","1","4",,,,,"2","8"
"1642848","2026-09-26","9/26/2026 6:00:00 AM","FT","667","Friendlies Clubs","World","2026","Club Friendly","Western Sydney Wanderers","Central Coast Mariners","939","941","5","1","3","0",,,,,"5","1"
"1555717","2026-09-26","9/26/2026 7:00:00 AM","FT","100","J3 League","Japan","2026","Regular Season - 8","Nara Club","Biwako Shiga","7135","7117","4","1","2","0",,,,,"4","1"
"1641726","2026-09-26","9/26/2026 7:00:00 AM","FT","803","Asian Games","World","2026","Quarter-finals","China PR U23","Thailand U23","10932","10960","3","0","1","0",,,,,"3","0"
"1641079","2026-09-26","9/26/2026 8:00:00 AM","FT","666","Friendlies Women","World","2026","Friendly International Women","Papua New Guinea W","Vanuatu W","19932","19937","2","0","0","0",,,,,"2","0"
"1555711","2026-09-26","9/26/2026 9:00:00 AM","FT","100","J3 League","Japan","2026","Regular Season - 8","Fukushima United","Parceiro Nagano","4318","4323","4","3","1","1",,,,,"4","3"
"1555712","2026-09-26","9/26/2026 9:00:00 AM","FT","100","J3 League","Japan","2026","Regular Season - 8","Kitakyushu","Kagoshima United","805","2236","1","1","0","0",,,,,"1","1"
"1555713","2026-09-26","9/26/2026 9:00:00 AM","FT","100","J3 League","Japan","2026","Regular Season - 8","Kamatamare Sanuki","FC Gifu","317","297","3","4","2","3",,,,,"3","4"
"1555715","2026-09-26","9/26/2026 9:00:00 AM","FT","100","J3 League","Japan","2026","Regular Season - 8","Kochi United","Osaka","7129","7138","0","4","0","1",,,,,"0","4"
"1555716","2026-09-26","9/26/2026 9:00:00 AM","FT","100","J3 League","Japan","2026","Regular Season - 8","Thespakusatsu Gunma","Roasso Kumamoto","756","314","0","1","0","0",,,,,"0","1"
"1555719","2026-09-26","9/26/2026 9:00:00 AM","FT","100","J3 League","Japan","2026","Regular Season - 8","FC Ryukyu","Ehime FC","2235","318","1","1","0","0",,,,,"1","1"
"1555720","2026-09-26","9/26/2026 9:00:00 AM","FT","100","J3 League","Japan","2026","Regular Season - 8","Tochigi SC","Matsumoto Yamaga","315","304","1","2","0","1",,,,,"1","2"
"1565106","2026-09-26","9/26/2026 9:00:00 AM","FT","668","1. Liga U19","Czech-Republic","2026","Regular Season - 8","Hradec Králové U19","Dukla Praha U19","14831","19200","1","1","1","0",,,,,"1","1"
"1599234","2026-09-26","9/26/2026 9:00:00 AM","FT","676","Central Youth League","Poland","2026","Regular Season - 8","Legia Warszawa U19","Arkonia U19","7987","26374","3","2","0","0",,,,,"3","2"
"1606666","2026-09-26","9/26/2026 9:00:00 AM","FT","99","J2 League","Japan","2026","Regular Season - 8","Oita Trinita","Fujieda MYFC","298","4317","1","1","0","1",,,,,"1","1"
"1606667","2026-09-26","9/26/2026 9:00:00 AM","FT","99","J2 League","Japan","2026","Regular Season - 8","Iwaki","Vegalta Sendai","7127","286","0","2","0","1",,,,,"0","2"
"1606668","2026-09-26","9/26/2026 9:00:00 AM","FT","99","J2 League","Japan","2026","Regular Season - 8","Montedio Yamagata","Sagan Tosu","312","295","2","0","2","0",,,,,"2","0"
"1606669","2026-09-26","9/26/2026 9:00:00 AM","FT","99","J2 League","Japan","2026","Regular Season - 8","Blaublitz Akita","Albirex Niigata","4315","311","2","2","1","1",,,,,"2","2"
"1606670","2026-09-26","9/26/2026 9:00:00 AM","FT","99","J2 League","Japan","2026","Regular Season - 8","Jubilo Iwata","Vanraure Hachinohe","280","4326","1","2","0","1",,,,,"1","2"
"1606671","2026-09-26","9/26/2026 9:00:00 AM","FT","99","J2 League","Japan","2026","Regular Season - 8","Omiya Ardija","Ventforet Kofu","313","308","5","1","2","0",,,,,"5","1"
"1606672","2026-09-26","9/26/2026 9:00:00 AM","FT","99","J2 League","Japan","2026","Regular Season - 8","Kataller Toyama","Yokohama FC","4322","307","3","3","1","3",,,,,"3","3"
"1606673","2026-09-26","9/26/2026 9:00:00 AM","FT","99","J2 League","Japan","2026","Regular Season - 8","Tokushima Vortis","Tochigi City","299","7145","3","0","1","0",,,,,"3","0"
"1606674","2026-09-26","9/26/2026 9:00:00 AM","FT","99","J2 League","Japan","2026","Regular Season - 8","Tegevajaro Miyazaki","Consadole Sapporo","10409","279","3","2","2","0",,,,,"3","2"
"1606675","2026-09-26","9/26/2026 9:00:00 AM","FT","99","J2 League","Japan","2026","Regular Season - 8","Imabari","Shonan Bellmare","10075","284","1","2","1","1",,,,,"1","2"
"1637961","2026-09-26","9/26/2026 9:00:00 AM","FT","1199","League Cup","Hong-Kong","2026","Round of 32","Eastern","Kitchee","4451","4453","3","1","3","1",,,,,"3","1"
"1640415","2026-09-26","9/26/2026 9:00:00 AM","FT","764","Premier League","Mongolia","2027","Regular Season - 4","Central Stallions","Ulaangom City","22067","26667","4","1","3","0",,,,,"4","1"
"1640834","2026-09-26","9/26/2026 9:00:00 AM","FT","734","Diski Challenge","South-Africa","2026","Regular Season - 1","Siwelele U23","Sekhukhune United U23","26576","17719","0","1","0","0",,,,,"0","1"
"1641016","2026-09-26","9/26/2026 9:00:00 AM","FT","734","Diski Challenge","South-Africa","2026","Regular Season - 1","Kruger United U23","Marumo Gallants U23","28443","17717","2","0","0","0",,,,,"2","0"
"1642849","2026-09-26","9/26/2026 9:00:00 AM","FT","667","Friendlies Clubs","World","2026","Club Friendly","CSA Steaua Bucureşti","Ştefăneşti","7466","21686","4","1","1","0",,,,,"4","1"
"1642850","2026-09-26","9/26/2026 9:00:00 AM","FT","667","Friendlies Clubs","World","2026","Club Friendly","Sepsi OSK Sfantu Gheorghe","Gloria Bistriţa","2585","22824","1","1","0","0",,,,,"1","1"
"1562282","2026-09-26","9/26/2026 9:15:00 AM","FT","350","4. liga - Divizie A","Czech-Republic","2026","Group A - 8","Křimice","Jiskra Domažlice II","26228","19639","1","0","1","0",,,,,"1","0"
"1562403","2026-09-26","9/26/2026 9:15:00 AM","FT","351","4. liga - Divizie B","Czech-Republic","2026","Group B - 8","Rapid Psáry","Tempo Praha","24200","21985","3","2","1","0",,,,,"3","2"
"1562404","2026-09-26","9/26/2026 9:15:00 AM","FT","351","4. liga - Divizie B","Czech-Republic","2026","Group B - 8","Baník Sokolov","Ostrov","3721","7328","1","2","0","1",,,,,"1","2"
"1562405","2026-09-26","9/26/2026 9:15:00 AM","FT","351","4. liga - Divizie B","Czech-Republic","2026","Group B - 8","Štětí","Slaný","7386","7342","3","0","1","0",,,,,"3","0"
"1562520","2026-09-26","9/26/2026 9:15:00 AM","FT","352","4. liga - Divizie C","Czech-Republic","2026","Group C - 8","Slavia Hradec Králové","Chlumec nad Cidlinou","21648","7281","0","2","0","0",,,,,"0","2"
"1562578","2026-09-26","9/26/2026 9:15:00 AM","FT","352","4. liga - Divizie C","Czech-Republic","2026","Group C - 8","Vykan","Ústí nad Orlicí","27889","7381","0","2","0","0",,,,,"0","2"
"1562643","2026-09-26","9/26/2026 9:15:00 AM","FT","348","3. liga - CFL A","Czech-Republic","2026","Group A - 8","Aritma Praha","Admira Praha","7269","7268","3","2","2","1",,,,,"3","2"
"1562644","2026-09-26","9/26/2026 9:15:00 AM","FT","348","3. liga - CFL A","Czech-Republic","2026","Group A - 8","Benešov","Slavia III","7273","26232","0","2","0","1",,,,,"0","2"
"1562647","2026-09-26","9/26/2026 9:15:00 AM","FT","348","3. liga - CFL A","Czech-Republic","2026","Group A - 8","Loko Vltavín","Králův Dvůr","7315","7312","2","3","1","1",,,,,"2","3"
"1562649","2026-09-26","9/26/2026 9:15:00 AM","FT","348","3. liga - CFL A","Czech-Republic","2026","Group A - 8","Povltava FA","Motorlet Praha","14005","7319","0","2","0","2",,,,,"0","2"
"1562763","2026-09-26","9/26/2026 9:15:00 AM","FT","685","3. liga - CFL B","Czech-Republic","2026","Group B - 8","Chrudim","Pardubice II","3722","14747","0","1","0","0",,,,,"0","1"
"1562764","2026-09-26","9/26/2026 9:15:00 AM","FT","685","3. liga - CFL B","Czech-Republic","2026","Group B - 8","Horní Ředice","Teplice II","24191","12877","4","1","2","1",,,,,"4","1"
"1562766","2026-09-26","9/26/2026 9:15:00 AM","FT","685","3. liga - CFL B","Czech-Republic","2026","Group B - 8","Slovan Liberec II","Benátky nad Jizerou","12855","7274","0","4","0","1",,,,,"0","4"
"1562767","2026-09-26","9/26/2026 9:15:00 AM","PST","685","3. liga - CFL B","Czech-Republic","2026","Group B - 8","Mladá Boleslav II","Varnsdorf","12816","3728",,,,,,,,,,
"1562406","2026-09-26","9/26/2026 9:30:00 AM","FT","351","4. liga - Divizie B","Czech-Republic","2026","Group B - 8","Ústí nad Labem II","Újezd Praha 4","24194","19439","1","1","1","0",,,,,"1","1"
"1562517","2026-09-26","9/26/2026 9:30:00 AM","FT","352","4. liga - Divizie C","Czech-Republic","2026","Group C - 8","Hlinsko","Vysoké Mýto","7295","7378","2","3","0","2",,,,,"2","3"
"1565107","2026-09-26","9/26/2026 9:30:00 AM","FT","668","1. Liga U19","Czech-Republic","2026","Regular Season - 8","Opava U19","Slovácko U19","14835","14838","3","3","1","1",,,,,"3","3"
"1579242","2026-09-26","9/26/2026 9:30:00 AM","FT","354","4. liga - Divizie E","Czech-Republic","2026","Group E - 9","Prostejov B","Slavičín","27928","7343","2","1","1","1",,,,,"2","1"
"1637642","2026-09-26","9/26/2026 9:30:00 AM","FT","275","Liga 2","Indonesia","2026","Regular Season - 3","PSGC Ciamis","Semen Padang","4234","2456","0","2","0","1",,,,,"0","2"
"1637643","2026-09-26","9/26/2026 9:30:00 AM","FT","275","Liga 2","Indonesia","2026","Regular Season - 3","Tornado Pekanbaru","Barito Putera","26648","2453","2","2","1","0",,,,,"2","2"
"1637646","2026-09-26","9/26/2026 9:30:00 AM","FT","275","Liga 2","Indonesia","2026","Regular Season - 3","Sumsel United","PSPS","26647","4236","1","2","1","0",,,,,"1","2"
"1566612","2026-09-26","9/26/2026 10:00:00 AM","FT","733","I Liga - Women","Slovakia","2026","Regular Season - 7","Ružomberok W","Tatran Prešov W","16873","21586","1","2","0","0",,,,,"1","2"
"1566664","2026-09-26","9/26/2026 10:00:00 AM","FT","733","I Liga - Women","Slovakia","2026","Regular Season - 7","Spartak Trnava W","Z. Moravce-Vrable W","15983","27892","3","5","1","4",,,,,"3","5"
"1568182","2026-09-26","9/26/2026 10:00:00 AM","FT","783","III Liga - Group 4","Poland","2026","Group IV - 10","Korona Kielce II","KS Wieczysta Krakow II","16267","27334","1","0","1","0",,,,,"1","0"
"1577487","2026-09-26","9/26/2026 10:00:00 AM","FT","236","First League","Russia","2026","Regular Season - 7","Chelyabinsk","Enisey","6790","1089","1","1","0","1",,,,,"1","1"
"1581913","2026-09-26","9/26/2026 10:00:00 AM","FT","334","Persha Liga","Ukraine","2026","Regular Season - 9","Inhulets","Prykarpattia","3625","3631","2","1","1","0",,,,,"2","1"
"1593904","2026-09-26","9/26/2026 10:00:00 AM","FT","633","NB III - Northeast","Hungary","2026","Northeast - 9","Diósgyőr II","DEAC","13154","5082","5","2","2","1",,,,,"5","2"
"1593906","2026-09-26","9/26/2026 10:00:00 AM","FT","633","NB III - Northeast","Hungary","2026","Northeast - 9","Tarpa","Nyiregyhaza II","15198","24538","2","0","0","0",,,,,"2","0"
"1594385","2026-09-26","9/26/2026 10:00:00 AM","FT","1023","NB III - Southeast","Hungary","2026","Southeast - 9","Gyulai Termál","Honvéd II","11729","11853","3","2","1","2",,,,,"3","2"
"1594386","2026-09-26","9/26/2026 10:00:00 AM","FT","1023","NB III - Southeast","Hungary","2026","Southeast - 9","Vasas II","Hódmezővásárhely","19462","5101","2","0","1","0",,,,,"2","0"
"1594387","2026-09-26","9/26/2026 10:00:00 AM","FT","1023","NB III - Southeast","Hungary","2026","Southeast - 9","Újpest II","Szolnoki MAV FC","11860","2416","2","1","0","0",,,,,"2","1"
"1595657","2026-09-26","9/26/2026 10:00:00 AM","FT","488","U19 Bundesliga","Germany","2026","Preliminary","Werder Bremen U19","Hansa Rostock U19","10277","15741","3","2","2","1",,,,,"3","2"
"1595688","2026-09-26","9/26/2026 10:00:00 AM","FT","488","U19 Bundesliga","Germany","2026","Preliminary","Erzgebirge Aue U19","Dynamo Dresden U19","24539","10251","1","3","1","1",,,,,"1","3"
"1599236","2026-09-26","9/26/2026 10:00:00 AM","FT","676","Central Youth League","Poland","2026","Regular Season - 8","Raków Częstochowa U19","Górnik Zabrze U19","20594","16391","2","3","1","1",,,,,"2","3"
"1627647","2026-09-26","9/26/2026 10:00:00 AM","FT","669","1. Liga Women","Czech-Republic","2026","Regular Season - 7","Horní Heršpice W","Sparta Praha W","14842","10925","0","2","0","0",,,,,"0","2"
"1627648","2026-09-26","9/26/2026 10:00:00 AM","FT","669","1. Liga Women","Czech-Republic","2026","Regular Season - 7","Baník Ostrava W","Slovan Liberec W","19197","14846","1","2","1","2",,,,,"1","2"
"1636844","2026-09-26","9/26/2026 10:00:00 AM","FT","704","Coppa Italia Primavera","Italy","2026","Round of 128","Udinese U19","Renate U19","15684","22405","0","2","0","0",,,,,"0","2"
"1640261","2026-09-26","9/26/2026 10:00:00 AM","FT","1201","IFA Shield","India","2026","Group Stage","Sreenidi Deccan","NorthEast United","18305","3479","0","3","0","2",,,,,"0","3"
"1641704","2026-09-26","9/26/2026 10:00:00 AM","FT","1247","FIFA Asean Cup","World","2026","Division 1 - 1","Pakistan","Thailand","5535","1564","0","4","0","2",,,,,"0","4"
"1642851","2026-09-26","9/26/2026 10:00:00 AM","FT","667","Friendlies Clubs","World","2026","Club Friendly","Farul Constanta","Popești-Leordeni","2596","6891","2","1","1","0",,,,,"2","1"
"1612478","2026-09-26","9/26/2026 10:30:00 AM","FT","640","Kansallinen Liiga","Finland","2026","Championship Playoffs - 7","IF Gnistan","Ilves W","27659","13991","0","3","0","3",,,,,"0","3"
"1593019","2026-09-26","9/26/2026 10:45:00 AM","FT","336","Druha Liga","Ukraine","2026","Regular Season - 8","Bratslav Vinnytsia","Skala 1911 Stryi","28006","21956","3","0","1","0",,,,,"3","0"
"1536704","2026-09-26","9/26/2026 11:00:00 AM","FT","650","Second League - Group 3","Russia","2026","Group 3 - 25","Shumbrat","Salyut-Belgorod","26148","6826","0","1","0","1",,,,,"0","1"
"1536706","2026-09-26","9/26/2026 11:00:00 AM","FT","650","Second League - Group 3","Russia","2026","Group 3 - 25","Avangard Kursk","Rotor-2","2009","12840","1","1","1","0",,,,,"1","1"
"1568499","2026-09-26","9/26/2026 11:00:00 AM","FT","782","III Liga - Group 3","Poland","2026","Group III - 10","Miedź Legnica II","Sparta Katowice","12815","22910","0","2","0","0",,,,,"0","2"
"1568807","2026-09-26","9/26/2026 11:00:00 AM","FT","781","III Liga - Group 2","Poland","2026","Group II - 10","Luzino","Noteć Czarnków","19693","21657","2","0","0","0",,,,,"2","0"
"1568808","2026-09-26","9/26/2026 11:00:00 AM","FT","781","III Liga - Group 2","Poland","2026","Group II - 10","Polonia Środa","Elana Toruń","6948","6938","2","2","0","1",,,,,"2","2"
"1570759","2026-09-26","9/26/2026 11:00:00 AM","FT","435","Primera División RFEF - Group 1","Spain","2026","Group 1 - 5","Extremadura 1924","Zamora","24612","9418","0","1","0","0",,,,,"0","1"
"1573593","2026-09-26","9/26/2026 11:00:00 AM","FT","142","Primera División Femenina","Spain","2026","Regular Season - 5","FC Levante Badalona W","Granada","19896","22018","0","1","0","0",,,,,"0","1"
"1573597","2026-09-26","9/26/2026 11:00:00 AM","FT","142","Primera División Femenina","Spain","2026","Regular Season - 5","Real Sociedad W","Real Madrid W","1912","15224","3","5","1","1",,,,,"3","5"
"1581718","2026-09-26","9/26/2026 11:00:00 AM","FT","1033","Ekstraliga Women","Poland","2026","Regular Season - 6","UKS Łódź W","Pogon Szczecin W","19053","22259","0","2","0","0",,,,,"0","2"
"1581919","2026-09-26","9/26/2026 11:00:00 AM","FT","334","Persha Liga","Ukraine","2026","Regular Season - 9","UCSA","Viktoriya Mykolaivka","21957","13223","0","0","0","0",,,,,"0","0"
"1583933","2026-09-26","9/26/2026 11:00:00 AM","FT","1026","Second League A - Division A Silver","Russia","2026","Division A Silver - 11","Torpedo Miass","Tyumen","16864","2000","2","0","0","0",,,,,"2","0"
"1599237","2026-09-26","9/26/2026 11:00:00 AM","FT","676","Central Youth League","Poland","2026","Regular Season - 8","Śląsk Wrocław U19","Stal Rzeszów U19","20596","24519","4","2","2","1",,,,,"4","2"
"1610747","2026-09-26","9/26/2026 11:00:00 AM","FT","948","1a Divisão - Women","Portugal","2026","Regular Season - 3","Valadares Gaia W","Rio Ave W","20513","26783","1","0","0","0",,,,,"1","0"
"1613656","2026-09-26","9/26/2026 11:00:00 AM","FT","442","Tercera División RFEF - Group 4","Spain","2026","Group 4 - 4","Aretxabaleta","Derio","24571","22135","1","2","1","0",,,,,"1","2"
"1614268","2026-09-26","9/26/2026 11:00:00 AM","FT","444","Tercera División RFEF - Group 6","Spain","2026","Group 6 - 4","Villarreal III","Levante II","9702","9591","0","2","0","0",,,,,"0","2"
"1616100","2026-09-26","9/26/2026 11:00:00 AM","FT","450","Tercera División RFEF - Group 12","Spain","2026","Group 12 - 4","Real Unión de Tenerife","Panadería Pulido","20375","9800","2","0","1","0",,,,,"2","0"
"1623497","2026-09-26","9/26/2026 11:00:00 AM","FT","728","Liga 1 Feminin","Romania","2026","Regular Season - 6","FC Rapid Bucuresti W","SSU Poli Timişoara W","28170","17659","1","9","0","4",,,,,"1","9"
"1632769","2026-09-26","9/26/2026 11:00:00 AM","FT","704","Coppa Italia Primavera","Italy","2026","Round of 128","Sudtirol U19","Ascoli U19","22406","15654","2","0","0","0",,,,,"2","0"
"1642852","2026-09-26","9/26/2026 11:00:00 AM","FT","667","Friendlies Clubs","World","2026","Club Friendly","Monza","Cremonese","1579","520","2","3","1","1",,,,,"2","3"
"1642853","2026-09-26","9/26/2026 11:00:00 AM","FT","667","Friendlies Clubs","World","2026","Club Friendly","Cherno More Varna","Dunav Ruse","851","683","1","0","1","0",,,,,"1","0"
"1617633","2026-09-26","9/26/2026 11:15:00 AM","FT","455","Tercera División RFEF - Group 17","Spain","2026","Group 17 - 4","Huesca II","Fraga","15327","8158","0","0","0","0",,,,,"0","0"
"1510862","2026-09-26","9/26/2026 11:30:00 AM","FT","593","Division 2 - Norra Svealand","Sweden","2026","Norra Svealand - 23","Helges","Gute","27386","6671","1","2","0","0",,,,,"1","2"
"1601250","2026-09-26","9/26/2026 11:30:00 AM","FT","139","Serie A Women","Italy","2026","Regular Season - 1","Juventus W","Napoli W","1886","14432","3","1","1","1",,,,,"3","1"
"1641727","2026-09-26","9/26/2026 11:30:00 AM","FT","803","Asian Games","World","2026","Quarter-finals","Japan U23","Korea DPR U23","10176","10939","1","0","1","0",,,,,"1","0"
"1565105","2026-09-26","9/26/2026 11:45:00 AM","FT","668","1. Liga U19","Czech-Republic","2026","Regular Season - 8","Pardubice U19","Karviná U19","14836","14832","6","2","3","0",,,,,"6","2"
"1495397","2026-09-26","9/26/2026 12:00:00 PM","FT","725","Toppserien","Norway","2026","Regular Season - 17","Haugesund W","LSK Kvinner W","25760","10894","2","1","0","0",,,,,"2","1"
"1495398","2026-09-26","9/26/2026 12:00:00 PM","FT","725","Toppserien","Norway","2026","Regular Season - 17","Lyn W","Hønefoss W","15955","18991","1","1","1","0",,,,,"1","1"
"1495399","2026-09-26","9/26/2026 12:00:00 PM","FT","725","Toppserien","Norway","2026","Regular Season - 17","Molde W","Vålerenga W","25761","15535","0","4","0","1",,,,,"0","4"
"1495568","2026-09-26","9/26/2026 12:00:00 PM","FT","549","Damallsvenskan","Sweden","2026","Regular Season - 20","Kristianstad W","Vittsjö W","11079","11083","1","3","0","1",,,,,"1","3"
"1496159","2026-09-26","9/26/2026 12:00:00 PM","FT","473","2. Division - Group 1","Norway","2026","Regular Season - 21","Sotra","Pors Grenland","7028","7020","3","2","2","1",,,,,"3","2"
"1496520","2026-09-26","9/26/2026 12:00:00 PM","FT","774","3. Division - Girone 1","Norway","2026","Regular Season - 21","Heming","Ullern","6995","7042","3","0","0","0",,,,,"3","0"
"1496521","2026-09-26","9/26/2026 12:00:00 PM","FT","774","3. Division - Girone 1","Norway","2026","Regular Season - 21","Konnerud","KFUM II","25912","21420","0","1","0","0",,,,,"0","1"
"1496523","2026-09-26","9/26/2026 12:00:00 PM","FT","774","3. Division - Girone 1","Norway","2026","Regular Season - 21","IF Ready","SF Grei","6999","16868","2","3","0","0",,,,,"2","3"
"1496706","2026-09-26","9/26/2026 12:00:00 PM","FT","775","3. Division - Girone 2","Norway","2026","Regular Season - 21","Ranheim II","Volda","16224","16226","1","3","0","3",,,,,"1","3"
"1497252","2026-09-26","9/26/2026 12:00:00 PM","FT","778","3. Division - Girone 5","Norway","2026","Regular Season - 21","Skedsmo","Ulfstind","19711","22867","7","0","1","0",,,,,"7","0"
"1501486","2026-09-26","9/26/2026 12:00:00 PM","FT","736","Elitettan","Sweden","2026","Regular Season - 20","Göteborg W","Elfsborg W","10893","21693","1","1","1","1",,,,,"1","1"
"1503714","2026-09-26","9/26/2026 12:00:00 PM","FT","736","Elitettan","Sweden","2026","Regular Season - 20","Enskede W","KIF Örebro W","16030","11078","1","2","0","0",,,,,"1","2"
"1504558","2026-09-26","9/26/2026 12:00:00 PM","FT","564","Ettan - Södra","Sweden","2026","Södra - 24","Rosengård","Hässleholms IF","6694","6676","2","1","0","0",,,,,"2","1"
"1504561","2026-09-26","9/26/2026 12:00:00 PM","FT","564","Ettan - Södra","Sweden","2026","Södra - 24","Trollhättan","Tvååker","6702","6703","4","2","2","1",,,,,"4","2"
"1510679","2026-09-26","9/26/2026 12:00:00 PM","FT","592","Division 2 - Norra Götaland","Sweden","2026","Norra Götaland - 23","Vänersborgs FK","Husqvarna","12577","6675","1","3","0","1",,,,,"1","3"
"1510861","2026-09-26","9/26/2026 12:00:00 PM","FT","593","Division 2 - Norra Svealand","Sweden","2026","Norra Svealand - 23","Viggbyholms IK","Korsnäs","20838","18427","2","4","2","2",,,,,"2","4"
"1511225","2026-09-26","9/26/2026 12:00:00 PM","FT","595","Division 2 - Södra Svealand","Sweden","2026","Södra Svealand - 23","Nyköping","Syrianska FC","6691","2167","1","0","1","0",,,,,"1","0"
"1511406","2026-09-26","9/26/2026 12:00:00 PM","FT","596","Division 2 - Västra Götaland","Sweden","2026","Västra Götaland - 23","Jonsered","Hestrafor","21359","25576","1","1","0","1",,,,,"1","1"
"1521698","2026-09-26","9/26/2026 12:00:00 PM","FT","1126","Esiliiga B","Estonia","2026","Regular Season - 30","Tulevik","Tartu Kalev","3531","16962","6","1","5","0",,,,,"6","1"
"1534453","2026-09-26","9/26/2026 12:00:00 PM","FT","117","1. Division","Belarus","2026","Regular Season - 26","Niva","Volna","16656","3395","4","0","1","0",,,,,"4","0"
"1536470","2026-09-26","9/26/2026 12:00:00 PM","FT","652","Second League - Group 2","Russia","2026","Group 2 - 25","Dinamo St. Petersburg","Baltika II","17725","25868","1","0","1","0",,,,,"1","0"
"1536707","2026-09-26","9/26/2026 12:00:00 PM","FT","650","Second League - Group 3","Russia","2026","Group 3 - 25","Zenit Penza","Saturn Ramenskoye","16866","6827","1","1","0","1",,,,,"1","1"
"1536710","2026-09-26","9/26/2026 12:00:00 PM","FT","650","Second League - Group 3","Russia","2026","Group 3 - 25","Volna Nizhegorodskaya","Ryazan","14124","6823","0","2","0","0",,,,,"0","2"
"1566355","2026-09-26","9/26/2026 12:00:00 PM","FT","745","Oberliga - Hamburg","Germany","2026","Hamburg - 9","Tus Dassendorf","HT16","1662","26173","3","3","3","0",,,,,"3","3"
"1569113","2026-09-26","9/26/2026 12:00:00 PM","FT","780","III Liga - Group 1","Poland","2026","Group I - 10","Troszyn","ŁKS Łódź II","26177","17397","1","1","1","1",,,,,"1","1"
"1577003","2026-09-26","9/26/2026 12:00:00 PM","FT","754","Oberliga - Nordost-Nord","Germany","2026","NOFV-Nord - 6","Eintracht Mahlsdorf","Mecklenburg Schwerin","12759","14726","3","1","2","0",,,,,"3","1"
"1577787","2026-09-26","9/26/2026 12:00:00 PM","FT","862","3. Division","Denmark","2026","Regular Season - 9","Ringsted","Næsby","11532","8635","1","2","1","1",,,,,"1","2"
"1581918","2026-09-26","9/26/2026 12:00:00 PM","FT","334","Persha Liga","Ukraine","2026","Regular Season - 9","Probiy Horodenka","Lokomotiv Kyiv","24568","21954","0","2","0","1",,,,,"0","2"
"1582129","2026-09-26","9/26/2026 12:00:00 PM","FT","638","Kvindeliga","Denmark","2026","Regular Season - 9","Brøndby W","ASA Aarhus W","10883","27630","3","0","3","0",,,,,"3","0"
"1582130","2026-09-26","9/26/2026 12:00:00 PM","FT","638","Kvindeliga","Denmark","2026","Regular Season - 9","Fortuna Hjørring W","Nordsjælland W","10890","13983","1","1","0","0",,,,,"1","1"
"1582131","2026-09-26","9/26/2026 12:00:00 PM","FT","638","Kvindeliga","Denmark","2026","Regular Season - 9","Køge W","KoldingQ W","13982","13981","4","1","1","0",,,,,"4","1"
"1591971","2026-09-26","9/26/2026 12:00:00 PM","FT","1041","Júniores U19","Portugal","2026","Regular Season - 1","Santa Clara U19","Alverca U19","26301","22506","1","1","0","1",,,,,"1","1"
"1595560","2026-09-26","9/26/2026 12:00:00 PM","FT","488","U19 Bundesliga","Germany","2026","Preliminary","RW Oberhausen U19","Osnabrück U19","10271","13955","0","4","0","1",,,,,"0","4"
"1595718","2026-09-26","9/26/2026 12:00:00 PM","FT","488","U19 Bundesliga","Germany","2026","Preliminary","Arminia Bielefeld U19","Havelse U19","10246","13953","4","0","3","0",,,,,"4","0"
"1601034","2026-09-26","9/26/2026 12:00:00 PM","FT","594","Division 2 - Norrland","Sweden","2026","Norrland - Promotion Round","IFK Östersund","Boden","6681","11665","2","0","0","0",,,,,"2","0"
"1601035","2026-09-26","9/26/2026 12:00:00 PM","FT","594","Division 2 - Norrland","Sweden","2026","Norrland - Relegation Round","IFK Umeå","Umea FF","12587","11662","1","3","1","2",,,,,"1","3"
"1601036","2026-09-26","9/26/2026 12:00:00 PM","FT","594","Division 2 - Norrland","Sweden","2026","Norrland - Promotion Round","Kubikenborg","IFK Luleå","24030","6679","0","1","0","1",,,,,"0","1"
"1604254","2026-09-26","9/26/2026 12:00:00 PM","FT","749","Oberliga - Bremen","Germany","2026","Bremen - 8","BTS Neustadt","Grohn","16090","28043","2","1","0","0",,,,,"2","1"
"1609389","2026-09-26","9/26/2026 12:00:00 PM","FT","699","Women's Championship","England","2026","Regular Season - 4","Burnley W","Bristol City W","15439","1846","0","0","0","0",,,,,"0","0"
"1612479","2026-09-26","9/26/2026 12:00:00 PM","FT","640","Kansallinen Liiga","Finland","2026","Championship Playoffs - 7","HPS W","Åland United W","16383","13995","1","0","0","0",,,,,"1","0"
"1612480","2026-09-26","9/26/2026 12:00:00 PM","FT","640","Kansallinen Liiga","Finland","2026","Championship Playoffs - 7","KuPS W","HJK W","13997","13990","0","1","0","1",,,,,"0","1"
"1616103","2026-09-26","9/26/2026 12:00:00 PM","FT","450","Tercera División RFEF - Group 12","Spain","2026","Group 12 - 4","Villa Santa Brígida","Villaverde Norte","9807","28114","2","0","1","0",,,,,"2","0"
"1616104","2026-09-26","9/26/2026 12:00:00 PM","FT","450","Tercera División RFEF - Group 12","Spain","2026","Group 12 - 4","Unión Sur Yaiza","UD San Fernando","17605","9804","2","0","0","0",,,,,"2","0"
"1635426","2026-09-26","9/26/2026 12:00:00 PM","FT","247","Kakkonen - Lohko A","Finland","2026","Group A","PuiU Helsinki","Union Plaani","18596","18667","3","3","1","0",,,,,"3","3"
"1637439","2026-09-26","9/26/2026 12:00:00 PM","FT","1244","B-Liga Women","Denmark","2026","Regular Season - 7","Sundby W","AaB W","19135","13980","2","1","2","0",,,,,"2","1"
"1640835","2026-09-26","9/26/2026 12:00:00 PM","FT","734","Diski Challenge","South-Africa","2026","Regular Season - 1","Durban City U23","Mamelodi Sundowns U23","15994","15993","2","4","0","2",,,,,"2","4"
"1642854","2026-09-26","9/26/2026 12:00:00 PM","FT","667","Friendlies Clubs","World","2026","Club Friendly","Panevėžys","BFA","3874","3857","2","0","1","0",,,,,"2","0"
"1593022","2026-09-26","9/26/2026 12:15:00 PM","FT","336","Druha Liga","Ukraine","2026","Regular Season - 8","Lozova","Penuel","26758","26189","1","0","1","0",,,,,"1","0"
"1528650","2026-09-26","9/26/2026 12:30:00 PM","FT","170","League One","China","2026","Regular Season - 14","Nantong Zhiyun","Changchun Yatai","2626","834","2","0","1","0",,,,,"2","0"
"1534547","2026-09-26","9/26/2026 12:30:00 PM","FT","117","1. Division","Belarus","2026","Regular Season - 26","Shakhter Soligorsk","Minsk II","392","11249","2","0","1","0",,,,,"2","0"
"1557296","2026-09-26","9/26/2026 12:30:00 PM","FT","146","Super League Women","Belgium","2026","Regular Season - 4","Anderlecht W","RAAL La Louviere W","1792","27853","2","0","0","0",,,,,"2","0"
"1563769","2026-09-26","9/26/2026 12:30:00 PM","PST","42","League Two","England","2026","Regular Season - 8","Crawley Town","Barnet","1362","1369",,,,,,,,,,
"1575801","2026-09-26","9/26/2026 12:30:00 PM","FT","122","2. Division","Denmark","2026","Regular Season - 9","VSK Århus","Skive","6064","2068","1","0","0","0",,,,,"1","0"
"1577491","2026-09-26","9/26/2026 12:30:00 PM","FT","236","First League","Russia","2026","Regular Season - 7","Spartak Kostroma","Ural","19449","1084","1","2","1","1",,,,,"1","2"
"1638168","2026-09-26","9/26/2026 12:30:00 PM","FT","245","Ykkönen","Finland","2026","Group Stage","OLS","PKKU","9195","9203","3","0","2","0",,,,,"3","0"
"1496158","2026-09-26","9/26/2026 1:00:00 PM","FT","473","2. Division - Group 1","Norway","2026","Regular Season - 21","Lysekloster","Sandviken","7007","14545","2","3","0","2",,,,,"2","3"
"1496340","2026-09-26","9/26/2026 1:00:00 PM","FT","474","2. Division - Group 2","Norway","2026","Regular Season - 21","Kjelsås","Follo","7001","6985","2","2","0","1",,,,,"2","2"
"1496519","2026-09-26","9/26/2026 1:00:00 PM","FT","774","3. Division - Girone 1","Norway","2026","Regular Season - 21","Asker","Nordstrand","6967","7015","1","0","0","0",,,,,"1","0"
"1496525","2026-09-26","9/26/2026 1:00:00 PM","FT","774","3. Division - Girone 1","Norway","2026","Regular Season - 21","Vålerenga II","Bærum","10114","6974","2","0","1","0",,,,,"2","0"
"1496702","2026-09-26","9/26/2026 1:00:00 PM","FT","775","3. Division - Girone 2","Norway","2026","Regular Season - 21","Byåsen","Orkla","6973","12824","3","0","3","0",,,,,"3","0"
"1496705","2026-09-26","9/26/2026 1:00:00 PM","FT","775","3. Division - Girone 2","Norway","2026","Regular Season - 21","NTNUI","Nardo","7013","7014","2","5","1","2",,,,,"2","5"
"1496884","2026-09-26","9/26/2026 1:00:00 PM","FT","776","3. Division - Girone 3","Norway","2026","Regular Season - 21","Askøy","Brann II","22870","16218","1","4","1","2",,,,,"1","4"
"1496887","2026-09-26","9/26/2026 1:00:00 PM","FT","776","3. Division - Girone 3","Norway","2026","Regular Season - 21","Fyllingsdalen","Stord","6990","16220","1","2","1","1",,,,,"1","2"
"1496888","2026-09-26","9/26/2026 1:00:00 PM","FT","776","3. Division - Girone 3","Norway","2026","Regular Season - 21","Varegg","Os","19719","12825","4","2","0","1",,,,,"4","2"
"1497065","2026-09-26","9/26/2026 1:00:00 PM","FT","777","3. Division - Girone 4","Norway","2026","Regular Season - 21","Åkra","Madla","7049","7009","0","6","0","2",,,,,"0","6"
"1497429","2026-09-26","9/26/2026 1:00:00 PM","FT","779","3. Division - Girone 6","Norway","2026","Regular Season - 21","Bjørkelangen","Drøbak / Frogn","22868","21349","0","6","0","2",,,,,"0","6"
"1497430","2026-09-26","9/26/2026 1:00:00 PM","FT","779","3. Division - Girone 6","Norway","2026","Regular Season - 21","Oppsal","Brumunddal","7018","6972","2","1","1","1",,,,,"2","1"
"1501487","2026-09-26","9/26/2026 1:00:00 PM","FT","736","Elitettan","Sweden","2026","Regular Season - 20","Häcken II W","Jitex W","20820","16005","2","2","1","0",,,,,"2","2"
"1501490","2026-09-26","9/26/2026 1:00:00 PM","FT","736","Elitettan","Sweden","2026","Regular Season - 20","Sandviken W","Umeå W","15957","11081","1","2","0","0",,,,,"1","2"
"1504314","2026-09-26","9/26/2026 1:00:00 PM","FT","1087","Ykkösliiga","Finland","2026","Group Stage","EIF","SJK Akatemia","2078","9198","1","1","1","0",,,,,"1","1"
"1510677","2026-09-26","9/26/2026 1:00:00 PM","FT","592","Division 2 - Norra Götaland","Sweden","2026","Norra Götaland - 23","Grebbestad","Skara","6670","25569","3","1","2","0",,,,,"3","1"
"1510678","2026-09-26","9/26/2026 1:00:00 PM","FT","592","Division 2 - Norra Götaland","Sweden","2026","Norra Götaland - 23","Kumla","Lidköping","12598","12573","1","0","0","0",,,,,"1","0"
"1510860","2026-09-26","9/26/2026 1:00:00 PM","FT","593","Division 2 - Norra Svealand","Sweden","2026","Norra Svealand - 23","Sunnersta","Lidingö","23659","6685","6","0","0","0",,,,,"6","0"
"1511019","2026-09-26","9/26/2026 1:00:00 PM","FT","597","Division 2 - Södra Götaland","Sweden","2026","Södra Götaland - 23","Karlshamn","Karlskrona","12615","6683","1","4","1","2",,,,,"1","4"
"1511020","2026-09-26","9/26/2026 1:00:00 PM","FT","597","Division 2 - Södra Götaland","Sweden","2026","Södra Götaland - 23","Nosaby","Staffanstorp United","12616","26891","3","0","1","0",,,,,"3","0"
"1511224","2026-09-26","9/26/2026 1:00:00 PM","FT","595","Division 2 - Södra Svealand","Sweden","2026","Södra Svealand - 23","Fittja","Nacka Iliria","26890","14510","1","2","0","0",,,,,"1","2"
"1511405","2026-09-26","9/26/2026 1:00:00 PM","FT","596","Division 2 - Västra Götaland","Sweden","2026","Västra Götaland - 23","Galtabacks","Astrio","27309","6657","3","6","2","2",,,,,"3","6"
"1534456","2026-09-26","9/26/2026 1:00:00 PM","FT","117","1. Division","Belarus","2026","Regular Season - 26","FC Energetik-Bgu Minsk","Orsha","2433","3390","5","1","1","0",,,,,"5","1"
"1535724","2026-09-26","9/26/2026 1:00:00 PM","FT","915","1. Division Women","Norway","2026","Regular Season - 19","Klepp W","Bryne W","15951","27218","2","6","2","2",,,,,"2","6"
"1536042","2026-09-26","9/26/2026 1:00:00 PM","FT","651","Second League - Group 1","Russia","2026","Group 1 - 25","Angust Nazran","Astrakhan","23314","21540","0","1","0","0",,,,,"0","1"
"1536043","2026-09-26","9/26/2026 1:00:00 PM","FT","651","Second League - Group 1","Russia","2026","Group 1 - 25","Pobeda","Spartak Nalchik","22171","2002","4","3","3","0",,,,,"4","3"
"1554174","2026-09-26","9/26/2026 1:00:00 PM","FT","287","Prva Liga","Serbia","2026","Regular Season - 11","Semendrija 1924","OFK Vršac","4254","12329","1","0","0","0",,,,,"1","0"
"1559434","2026-09-26","9/26/2026 1:00:00 PM","FT","886","UEFA U17 Championship - Qualification","World","2027","Group Stage - 1","Greece U17","Gibraltar U17","17956","17955","4","2","2","1",,,,,"4","2"
"1559435","2026-09-26","9/26/2026 1:00:00 PM","FT","886","UEFA U17 Championship - Qualification","World","2027","Group Stage - 1","Iceland U17","Bosnia-Herzegovina U17","17957","17943","3","1","1","1",,,,,"3","1"
"1566794","2026-09-26","9/26/2026 1:00:00 PM","FT","938","Oberliga - Bayern Nord","Germany","2026","Bayern Nord - 12","Eintracht Bamberg","Cham","12757","19761","0","2","0","0",,,,,"0","2"
"1566796","2026-09-26","9/26/2026 1:00:00 PM","FT","938","Oberliga - Bayern Nord","Germany","2026","Bayern Nord - 12","Stadeln","Großbardorf","26067","12774","1","0","1","0",,,,,"1","0"
"1567078","2026-09-26","9/26/2026 1:00:00 PM","FT","939","Oberliga - Bayern Süd","Germany","2026","Bayern Süd - 12","1880 Wasserburg","Schwabmünchen","12725","12850","2","0","1","0",,,,,"2","0"
"1567079","2026-09-26","9/26/2026 1:00:00 PM","FT","939","Oberliga - Bayern Süd","Germany","2026","Bayern Süd - 12","Deisenhofen","Schalding-Heining","12751","9334","0","2","0","2",,,,,"0","2"
"1567080","2026-09-26","9/26/2026 1:00:00 PM","FT","939","Oberliga - Bayern Süd","Germany","2026","Bayern Süd - 12","Ismaning","1860 München II","12796","12724","5","2","3","0",,,,,"5","2"
"1568503","2026-09-26","9/26/2026 1:00:00 PM","FT","782","III Liga - Group 3","Poland","2026","Group III - 10","Warta Gorzów","Ślęza Wrocław","16263","12901","1","1","1","0",,,,,"1","1"
"1569939","2026-09-26","9/26/2026 1:00:00 PM","FT","141","Segunda División","Spain","2026","Regular Season - 7","AD Ceuta FC","Real Sociedad II","10139","9585","3","1","0","0",,,,,"3","1"
"1575075","2026-09-26","9/26/2026 1:00:00 PM","FT","91","Eredivisie Women","Netherlands","2026","Regular Season - 6","PSV/Eindhoven W","De Graafschap W","1895","27907","4","0","1","0",,,,,"4","0"
"1575802","2026-09-26","9/26/2026 1:00:00 PM","FT","122","2. Division","Denmark","2026","Regular Season - 9","Brabrand","Nykobing FC","2071","2064","1","1","1","0",,,,,"1","1"
"1575803","2026-09-26","9/26/2026 1:00:00 PM","FT","122","2. Division","Denmark","2026","Regular Season - 9","FA 2000","Fremad Amager","8634","2065","1","2","0","0",,,,,"1","2"
"1577243","2026-09-26","9/26/2026 1:00:00 PM","FT","755","Oberliga - Nordost-Süd","Germany","2026","NOFV- Sud - 6","Einheit Wernigerode","SC Freital","17035","18170","3","3","1","1",,,,,"3","3"
"1577244","2026-09-26","9/26/2026 1:00:00 PM","FT","755","Oberliga - Nordost-Süd","Germany","2026","NOFV- Sud - 6","Empor Glauchau","Dresden II","22899","27909","0","0","0","0",,,,,"0","0"
"1577245","2026-09-26","9/26/2026 1:00:00 PM","FT","755","Oberliga - Nordost-Süd","Germany","2026","NOFV- Sud - 6","Krieschow","Budissa Bautzen","14713","12747","1","1","0","0",,,,,"1","1"
"1577246","2026-09-26","9/26/2026 1:00:00 PM","FT","755","Oberliga - Nordost-Süd","Germany","2026","NOFV- Sud - 6","ZFC Meuselwitz","Germania Halberstadt","9358","1643","1","1","1","1",,,,,"1","1"
"1577248","2026-09-26","9/26/2026 1:00:00 PM","FT","755","Oberliga - Nordost-Süd","Germany","2026","NOFV- Sud - 6","Weissenfels","Plauen","27910","12833","0","2","0","0",,,,,"0","2"
"1577788","2026-09-26","9/26/2026 1:00:00 PM","FT","862","3. Division","Denmark","2026","Regular Season - 9","Frem","Sundby","6018","11566","0","3","0","1",,,,,"0","3"
"1577789","2026-09-26","9/26/2026 1:00:00 PM","FT","862","3. Division","Denmark","2026","Regular Season - 9","Vanløse","Brønshøj","6065","6012","1","1","1","1",,,,,"1","1"
"1580235","2026-09-26","9/26/2026 1:00:00 PM","FT","744","Oberliga - Schleswig-Holstein","Germany","2026","Schleswig-Holstein - 10","Kilia Kiel","Phönix L. II","14500","26176","2","2","1","1",,,,,"2","2"
"1580236","2026-09-26","9/26/2026 1:00:00 PM","FT","744","Oberliga - Schleswig-Holstein","Germany","2026","Schleswig-Holstein - 10","Union Neumünster","Eckernförder SV","16076","16068","4","2","2","0",,,,,"4","2"
"1580237","2026-09-26","9/26/2026 1:00:00 PM","FT","744","Oberliga - Schleswig-Holstein","Germany","2026","Schleswig-Holstein - 10","Rotenhof","Lübeck II","24434","16072","3","1","2","0",,,,,"3","1"
"1581128","2026-09-26","9/26/2026 1:00:00 PM","FT","750","Oberliga - Hessen","Germany","2026","Hessen - 11","FC Gießen","Eddersheim","9362","12755","1","3","0","1",,,,,"1","3"
"1581130","2026-09-26","9/26/2026 1:00:00 PM","FT","750","Oberliga - Hessen","Germany","2026","Hessen - 11","Friedberg","TuBa Pohlheim","14489","19284","2","0","2","0",,,,,"2","0"
"1583932","2026-09-26","9/26/2026 1:00:00 PM","FT","1026","Second League A - Division A Silver","Russia","2026","Division A Silver - 11","Dinamo Stavropol","Amkar","6796","1076","0","1","0","0",,,,,"0","1"
"1586230","2026-09-26","9/26/2026 1:00:00 PM","FT","83","Regionalliga - Bayern","Germany","2026","Bayern - 11","Augsburg II","Aubstadt","9324","9323","3","0","1","0",,,,,"3","0"
"1586235","2026-09-26","9/26/2026 1:00:00 PM","FT","83","Regionalliga - Bayern","Germany","2026","Bayern - 11","Landsberg","Ansbach","14717","14621","1","2","1","1",,,,,"1","2"
"1586237","2026-09-26","9/26/2026 1:00:00 PM","FT","83","Regionalliga - Bayern","Germany","2026","Bayern - 11","SpVgg Unterhaching","Eichstätt","1314","4262","1","1","0","0",,,,,"1","1"
"1586238","2026-09-26","9/26/2026 1:00:00 PM","FT","83","Regionalliga - Bayern","Germany","2026","Bayern - 11","Vilzing","Illertissen","12893","9330","3","3","2","0",,,,,"3","3"
"1586573","2026-09-26","9/26/2026 1:00:00 PM","FT","84","Regionalliga - Nord","Germany","2026","North - 11","Eimsbütteler TV","HSC Hannover","13947","9339","2","1","1","0",,,,,"2","1"
"1586574","2026-09-26","9/26/2026 1:00:00 PM","FT","84","Regionalliga - Nord","Germany","2026","North - 11","Hamburger SV II","Atlas Delmenhorst","9340","4260","0","3","0","0",,,,,"0","3"
"1586578","2026-09-26","9/26/2026 1:00:00 PM","FT","84","Regionalliga - Nord","Germany","2026","North - 11","St. Pauli II","Kickers Emden","9346","12804","0","2","0","1",,,,,"0","2"
"1586880","2026-09-26","9/26/2026 1:00:00 PM","FT","85","Regionalliga - Nordost","Germany","2026","Nordost - 11","Hallescher FC","BFC Preussen","1316","1618","3","2","1","2",,,,,"3","2"
"1586882","2026-09-26","9/26/2026 1:00:00 PM","FT","85","Regionalliga - Nordost","Germany","2026","Nordost - 11","Lokomotive Leipzig","FC Rot-Weiß Erfurt","9355","1329","3","4","1","0",,,,,"3","4"
"1587165","2026-09-26","9/26/2026 1:00:00 PM","FT","86","Regionalliga - SudWest","Germany","2026","Sudwest - 9","SGV Freiberg","Stuttgarter Kickers","12846","12868","2","2","1","1",,,,,"2","2"
"1587168","2026-09-26","9/26/2026 1:00:00 PM","FT","86","Regionalliga - SudWest","Germany","2026","Sudwest - 9","Hessen Kassel","FSV Mainz 05 II","12788","1331","1","2","0","2",,,,,"1","2"
"1587169","2026-09-26","9/26/2026 1:00:00 PM","FT","86","Regionalliga - SudWest","Germany","2026","Sudwest - 9","Kickers Offenbach","VfR Aalen","1628","1327","1","3","0","2",,,,,"1","3"
"1587170","2026-09-26","9/26/2026 1:00:00 PM","FT","86","Regionalliga - SudWest","Germany","2026","Sudwest - 9","TSV Steinbach","FC 08 Homburg","1656","1634","1","0","1","0",,,,,"1","0"
"1587171","2026-09-26","9/26/2026 1:00:00 PM","FT","86","Regionalliga - SudWest","Germany","2026","Sudwest - 9","SSV Ulm 1846","Eintracht Trier","1652","1627","0","1","0","0",,,,,"0","1"
"1587172","2026-09-26","9/26/2026 1:00:00 PM","FT","86","Regionalliga - SudWest","Germany","2026","Sudwest - 9","VfR Mannheim","Barockstadt Fulda-Lehn.","12889","12735","5","1","3","0",,,,,"5","1"
"1587480","2026-09-26","9/26/2026 1:00:00 PM","FT","87","Regionalliga - West","Germany","2026","West - 10","Bergisch Gladbach","Westfalia Rhynern","9366","14826","4","2","1","1",,,,,"4","2"
"1587481","2026-09-26","9/26/2026 1:00:00 PM","FT","87","Regionalliga - West","Germany","2026","West - 10","Bochum II","Schalke 04 II","24430","9373","0","2","0","1",,,,,"0","2"
"1587482","2026-09-26","9/26/2026 1:00:00 PM","FT","87","Regionalliga - West","Germany","2026","West - 10","Borussia Dortmund II","FC Bocholt","9367","12764","4","2","3","2",,,,,"4","2"
"1587484","2026-09-26","9/26/2026 1:00:00 PM","FT","87","Regionalliga - West","Germany","2026","West - 10","Köln II","Hilden","9371","12790","4","3","3","2",,,,,"4","3"
"1587485","2026-09-26","9/26/2026 1:00:00 PM","FT","87","Regionalliga - West","Germany","2026","West - 10","Sportfreunde Lotte","Borussia M'gladbach II","1323","9368","0","5","0","2",,,,,"0","5"
"1588973","2026-09-26","9/26/2026 1:00:00 PM","FT","748","Oberliga - Niedersachsen","Germany","2026","Niedersachsen - 8","Schwarz-Weiß Rehden","Borussia Hildesheim","9345","12742","0","3","0","0",,,,,"0","3"
"1591010","2026-09-26","9/26/2026 1:00:00 PM","FT","554","3. Lig - Group 3","Turkey","2026","3. Lig Group 3 - 4","Karaköprü Belediyespor","Yozgat Bld Bozokspor","7408","22448","2","0","1","0",,,,,"2","0"
"1591014","2026-09-26","9/26/2026 1:00:00 PM","FT","554","3. Lig - Group 3","Turkey","2026","3. Lig Group 3 - 4","Mazıdağı Fosfatspor","Osmaniyespor","20295","7418","4","1","0","0",,,,,"4","1"
"1593024","2026-09-26","9/26/2026 1:00:00 PM","FT","336","Druha Liga","Ukraine","2026","Regular Season - 8","Nyva Vinnytsya","Dnister Zalishchyky","6494","28007","2","0","1","0",,,,,"2","0"
"1598917","2026-09-26","9/26/2026 1:00:00 PM","FT","752","Oberliga - Rheinland-Pfalz / Saar","Germany","2026","Rheinland-Pfalz/Saar - 10","Cosmos Koblenz","Elversberg II","20395","16109","2","1","1","0",,,,,"2","1"
"1598918","2026-09-26","9/26/2026 1:00:00 PM","FT","752","Oberliga - Rheinland-Pfalz / Saar","Germany","2026","Rheinland-Pfalz/Saar - 10","TuS RW Koblenz","Pirmasens","1657","9365","1","1","1","0",,,,,"1","1"
"1598919","2026-09-26","9/26/2026 1:00:00 PM","FT","752","Oberliga - Rheinland-Pfalz / Saar","Germany","2026","Rheinland-Pfalz/Saar - 10","Wormatia Worms","Ahrweiler","1663","19204","2","1","2","0",,,,,"2","1"
"1599126","2026-09-26","9/26/2026 1:00:00 PM","FT","752","Oberliga - Rheinland-Pfalz / Saar","Germany","2026","Rheinland-Pfalz/Saar - 10","Schott Mainz","RW Wittlich","14524","28016","2","2","1","0",,,,,"2","2"
"1601037","2026-09-26","9/26/2026 1:00:00 PM","FT","594","Division 2 - Norrland","Sweden","2026","Norrland - Promotion Round","Skellefteå","Gottne","11669","6669","0","3","0","2",,,,,"0","3"
"1601038","2026-09-26","9/26/2026 1:00:00 PM","FT","594","Division 2 - Norrland","Sweden","2026","Norrland - Relegation Round","Storfors","Friska Viljor","16604","12586","0","3","0","1",,,,,"0","3"
"1604255","2026-09-26","9/26/2026 1:00:00 PM","FT","749","Oberliga - Bremen","Germany","2026","Bremen - 8","Aumund-Vegesack","Hemelingen","13937","12783","1","1","0","1",,,,,"1","1"
"1612506","2026-09-26","9/26/2026 1:00:00 PM","FT","640","Kansallinen Liiga","Finland","2026","Relegation Play-Off - 7","HJS Akatemia W","PK-35 Vantaa W","28085","10920","0","10","0","4",,,,,"0","10"
"1627649","2026-09-26","9/26/2026 1:00:00 PM","FT","669","1. Liga Women","Czech-Republic","2026","Regular Season - 7","Slavia Praha W","Prague Raptors W","10923","28234","2","0","1","0",,,,,"2","0"
"1629367","2026-09-26","9/26/2026 1:00:00 PM","FT","947","DFB Pokal - Women","Germany","2026","Round of 32","Andernach W","SC Freiburg W","20495","1867","1","2","0","2",,,,,"1","2"
"1629374","2026-09-26","9/26/2026 1:00:00 PM","FT","947","DFB Pokal - Women","Germany","2026","Round of 32","Hertha Berlin W","FC Koln W","27444","1871","1","2","1","1",,,,,"1","2"
"1629375","2026-09-26","9/26/2026 1:00:00 PM","FT","947","DFB Pokal - Women","Germany","2026","Round of 32","Ingolstadt W","Mainz 05 W","20483","21564","1","6","1","1",,,,,"1","6"
"1632768","2026-09-26","9/26/2026 1:00:00 PM","FT","704","Coppa Italia Primavera","Italy","2026","Round of 128","Brescia U19","Venezia U19","15657","15685","3","2","2","1",,,,,"3","2"
"1637440","2026-09-26","9/26/2026 1:00:00 PM","FT","1244","B-Liga Women","Denmark","2026","Regular Season - 7","Thy ThistedQ W","Naestved W","13985","28372","0","4","0","3",,,,,"0","4"
"1637441","2026-09-26","9/26/2026 1:00:00 PM","FT","1244","B-Liga Women","Denmark","2026","Regular Season - 7","Viborg W","Osterbro W","28373","27631","1","1","0","0",,,,,"1","1"
"1637644","2026-09-26","9/26/2026 1:00:00 PM","FT","275","Liga 2","Indonesia","2026","Regular Season - 3","Persikad Depok FC","Persiraja Banda Aceh","26646","4242","2","1","1","0",,,,,"2","1"
"1637645","2026-09-26","9/26/2026 1:00:00 PM","FT","275","Liga 2","Indonesia","2026","Regular Season - 3","Persipura Jayapura","Persis Solo","2440","4243","1","1","0","1",,,,,"1","1"
"1642855","2026-09-26","9/26/2026 1:00:00 PM","FT","667","Friendlies Clubs","World","2026","Club Friendly","Zaglebie Sosnowiec","Legia Warszawa","342","339","2","4","1","2",,,,,"2","4"
"1642856","2026-09-26","9/26/2026 1:00:00 PM","FT","667","Friendlies Clubs","World","2026","Club Friendly","Widzew Łódź","Górnik Łęczna","6962","6941","2","2","0","2",,,,,"2","2"
"1534457","2026-09-26","9/26/2026 1:30:00 PM","FT","117","1. Division","Belarus","2026","Regular Season - 26","FC Slutsk","Gomel II","379","23433","4","3","1","2",,,,,"4","3"
"1566611","2026-09-26","9/26/2026 1:30:00 PM","FT","733","I Liga - Women","Slovakia","2026","Regular Season - 7","Petržalka W","Dukla Banská Bystrica W","15980","15977","1","4","1","2",,,,,"1","4"
"1577790","2026-09-26","9/26/2026 1:30:00 PM","FT","862","3. Division","Denmark","2026","Regular Season - 9","Holstebro","Ishøj","6028","8645","1","3","0","0",,,,,"1","3"
"1579474","2026-09-26","9/26/2026 1:30:00 PM","FT","492","Tweede Divisie","Netherlands","2026","Regular Season - 7","GVVV Veenendaal","RKAV Volendam","1261","1238","3","2","2","0",,,,,"3","2"
"1581914","2026-09-26","9/26/2026 1:30:00 PM","FT","334","Persha Liga","Ukraine","2026","Regular Season - 9","Kulykiv","SK Poltava","24566","17165","2","1","1","0",,,,,"2","1"
"1582441","2026-09-26","9/26/2026 1:30:00 PM","FT","753","Oberliga - Baden-Württemberg","Germany","2026","Baden-Württemberg - 9","Essingen","FC Nöttingen","19668","1638","2","1","2","1",,,,,"2","1"
"1590702","2026-09-26","9/26/2026 1:30:00 PM","FT","553","3. Lig - Group 2","Turkey","2026","3. Lig Group 2 - 4","Alanya 1221 FK","Etimesgut SK","15361","3587","0","3","0","0",,,,,"0","3"
"1591316","2026-09-26","9/26/2026 1:30:00 PM","FT","205","2. Lig","Turkey","2026","2. Lig White Group - 4","Ankaraspor","Somaspor","780","6538","0","1","0","1",,,,,"0","1"
"1607684","2026-09-26","9/26/2026 1:30:00 PM","FT","44","FA WSL","England","2026","Regular Season - 4","Charlton Athletic W","Manchester City W","15402","1854","0","1","0","1",,,,,"0","1"
"1608296","2026-09-26","9/26/2026 1:30:00 PM","FT","138","Serie C - Girone A","Italy","2026","Girone A - 7","Giana Erminio","PRO Vercelli","865","526","1","1","0","0",,,,,"1","1"
"1608297","2026-09-26","9/26/2026 1:30:00 PM","FT","138","Serie C - Girone A","Italy","2026","Girone A - 7","Lumezzane","Folgore Caratese","1689","9450","1","2","1","2",,,,,"1","2"
"1608299","2026-09-26","9/26/2026 1:30:00 PM","FT","138","Serie C - Girone A","Italy","2026","Girone A - 7","Pergolettese","Trento","6380","17147","0","0","0","0",,,,,"0","0"
"1608676","2026-09-26","9/26/2026 1:30:00 PM","FT","942","Serie C - Girone B","Italy","2026","Girone B - 7","Pineto","Grosseto","9514","9499","0","4","0","3",,,,,"0","4"
"1608679","2026-09-26","9/26/2026 1:30:00 PM","FT","942","Serie C - Girone B","Italy","2026","Girone B - 7","Torres","Vado","9534","9442","0","0","0","0",,,,,"0","0"
"1609056","2026-09-26","9/26/2026 1:30:00 PM","FT","943","Serie C - Girone C","Italy","2026","Girone C - 7","Crotone","Salernitana","501","514","2","1","2","1",,,,,"2","1"
"1618346","2026-09-26","9/26/2026 1:30:00 PM","FT","92","Derde Divisie","Netherlands","2026","Regular Season - 7","Achilles Veen","TOGB","1282","19739","0","1","0","1",,,,,"0","1"
"1618347","2026-09-26","9/26/2026 1:30:00 PM","FT","92","Derde Divisie","Netherlands","2026","Regular Season - 7","ACV","SVZW","3911","3936","4","0","2","0",,,,,"4","0"
"1618348","2026-09-26","9/26/2026 1:30:00 PM","FT","92","Derde Divisie","Netherlands","2026","Regular Season - 7","Excelsior '31","Dovo","6263","1234","3","0","2","0",,,,,"3","0"
"1618349","2026-09-26","9/26/2026 1:30:00 PM","FT","92","Derde Divisie","Netherlands","2026","Regular Season - 7","Excelsior Maassluis","Blauw Geel","17129","1263","1","0","0","0",,,,,"1","0"
"1618350","2026-09-26","9/26/2026 1:30:00 PM","FT","92","Derde Divisie","Netherlands","2026","Regular Season - 7","SC Genemuiden","Purmersteijn","1273","3920","2","0","0","0",,,,,"2","0"
"1618351","2026-09-26","9/26/2026 1:30:00 PM","FT","92","Derde Divisie","Netherlands","2026","Regular Season - 7","Harkemase Boys","VV Scherpenzeel","1258","14241","0","0","0","0",,,,,"0","0"
"1618352","2026-09-26","9/26/2026 1:30:00 PM","FT","92","Derde Divisie","Netherlands","2026","Regular Season - 7","FC Lisse","EVV","1257","1286","1","1","1","0",,,,,"1","1"
"1618353","2026-09-26","9/26/2026 1:30:00 PM","FT","92","Derde Divisie","Netherlands","2026","Regular Season - 7","Noordwijk","Zwaluwen","1247","1275","1","2","0","0",,,,,"1","2"
"1618354","2026-09-26","9/26/2026 1:30:00 PM","FT","92","Derde Divisie","Netherlands","2026","Regular Season - 7","Poortugaal","GOES","24634","3892","0","3","0","1",,,,,"0","3"
"1636843","2026-09-26","9/26/2026 1:30:00 PM","FT","704","Coppa Italia Primavera","Italy","2026","Round of 128","Bari U19","Palermo U19","22403","22404","3","2","2","1",,,,,"3","2"
"1641705","2026-09-26","9/26/2026 1:30:00 PM","FT","1247","FIFA Asean Cup","World","2026","Division 1 - 1","Vietnam","Philippines","1542","1555","1","0","1","0",,,,,"1","0"
"1586232","2026-09-26","9/26/2026 1:45:00 PM","FT","83","Regionalliga - Bayern","Germany","2026","Bayern - 11","Wacker Burghausen","TSV 1860 München","9337","786","3","1","1","1",,,,,"3","1"
"1607846","2026-09-26","9/26/2026 1:45:00 PM","FT","675","U21 Divisie 1","Netherlands","2026","Fall Season - 1","PEC Zwolle U21","Go Ahead Eagles U21","18743","21989","2","0","2","0",,,,,"2","0"
"1495401","2026-09-26","9/26/2026 2:00:00 PM","FT","725","Toppserien","Norway","2026","Regular Season - 17","Stabæk W","Brann W","15953","18380","0","1","0","1",,,,,"0","1"
"1495565","2026-09-26","9/26/2026 2:00:00 PM","FT","549","Damallsvenskan","Sweden","2026","Regular Season - 20","AIK W","Växjö W","15629","11084","3","0","3","0",,,,,"3","0"
"1495566","2026-09-26","9/26/2026 2:00:00 PM","FT","549","Damallsvenskan","Sweden","2026","Regular Season - 20","Hammarby W","Eskilstuna United W","15630","11077","3","0","1","0",,,,,"3","0"
"1495571","2026-09-26","9/26/2026 2:00:00 PM","FT","549","Damallsvenskan","Sweden","2026","Regular Season - 20","Uppsala W","Djurgården W","11082","11076","1","4","0","2",,,,,"1","4"
"1496161","2026-09-26","9/26/2026 2:00:00 PM","FT","473","2. Division - Group 1","Norway","2026","Regular Season - 21","Vidar","Mjondalen","7046","2152","1","3","1","1",,,,,"1","3"
"1496343","2026-09-26","9/26/2026 2:00:00 PM","FT","474","2. Division - Group 2","Norway","2026","Regular Season - 21","Stjørdals-Blink","Ull/Kisa","7033","2154","3","0","2","0",,,,,"3","0"
"1496703","2026-09-26","9/26/2026 2:00:00 PM","FT","775","3. Division - Girone 2","Norway","2026","Regular Season - 21","Herd","Kvik Trondheim","6996","25498","0","0","0","0",,,,,"0","0"
"1496704","2026-09-26","9/26/2026 2:00:00 PM","FT","775","3. Division - Girone 2","Norway","2026","Regular Season - 21","Melhus","Spjelkavik","16223","7030","0","1","0","1",,,,,"0","1"
"1496707","2026-09-26","9/26/2026 2:00:00 PM","FT","775","3. Division - Girone 2","Norway","2026","Regular Season - 21","Strindheim","Molde II","12864","12817","10","0","5","0",,,,,"10","0"
"1497066","2026-09-26","9/26/2026 2:00:00 PM","FT","777","3. Division - Girone 4","Norway","2026","Regular Season - 21","Brodd","Vindbjart","6971","7047","0","2","0","2",,,,,"0","2"
"1497068","2026-09-26","9/26/2026 2:00:00 PM","FT","777","3. Division - Girone 4","Norway","2026","Regular Season - 21","Mandalskameratene","Odd II","12812","9975","4","0","0","0",,,,,"4","0"
"1497071","2026-09-26","9/26/2026 2:00:00 PM","FT","777","3. Division - Girone 4","Norway","2026","Regular Season - 21","Viking II","Våg","12891","25500","1","2","0","0",,,,,"1","2"
"1497431","2026-09-26","9/26/2026 2:00:00 PM","FT","779","3. Division - Girone 6","Norway","2026","Regular Season - 21","Ørn Horten","Fram","7052","6986","4","2","2","1",,,,,"4","2"
"1497432","2026-09-26","9/26/2026 2:00:00 PM","FT","779","3. Division - Girone 6","Norway","2026","Regular Season - 21","Råde","Lillehammer","18930","18437","1","5","0","2",,,,,"1","5"
"1497434","2026-09-26","9/26/2026 2:00:00 PM","FT","779","3. Division - Girone 6","Norway","2026","Regular Season - 21","Sandefjord II","Elverum","21418","2156","4","3","3","2",,,,,"4","3"
"1504315","2026-09-26","9/26/2026 2:00:00 PM","FT","1087","Ykkösliiga","Finland","2026","Group Stage","JIPPO","PK-35","9172","10669","0","0","0","0",,,,,"0","0"
"1511021","2026-09-26","9/26/2026 2:00:00 PM","FT","597","Division 2 - Södra Götaland","Sweden","2026","Södra Götaland - 23","Oskarshamns AIK","IFK Trelleborg","6692","20839","3","4","1","1",,,,,"3","4"
"1534455","2026-09-26","9/26/2026 2:00:00 PM","FT","117","1. Division","Belarus","2026","Regular Season - 26","Uni Minsk","Ostrovets FC","18857","13149","1","1","0","0",,,,,"1","1"
"1535660","2026-09-26","9/26/2026 2:00:00 PM","FT","915","1. Division Women","Norway","2026","Regular Season - 19","Odd W","Kolbotn W","22859","15952","1","2","0","2",,,,,"1","2"
"1535722","2026-09-26","9/26/2026 2:00:00 PM","FT","915","1. Division Women","Norway","2026","Regular Season - 19","Frigg Oslo FK W","Viking FK W","27637","22860","0","1","0","0",,,,,"0","1"
"1536277","2026-09-26","9/26/2026 2:00:00 PM","FT","651","Second League - Group 1","Russia","2026","Group 1 - 25","Izberbash","Nart Cherkessk","27646","23315","1","1","1","0",,,,,"1","1"
"1536278","2026-09-26","9/26/2026 2:00:00 PM","CANC","651","Second League - Group 1","Russia","2026","Group 1 - 25","Lugansk","PSK Dinskaya","27647","26146",,,,,,,,,,
"1536279","2026-09-26","9/26/2026 2:00:00 PM","FT","651","Second League - Group 1","Russia","2026","Group 1 - 25","Shahter Taganrog","Rubin Yalta","27648","17682","0","1","0","1",,,,,"0","1"
"1536471","2026-09-26","9/26/2026 2:00:00 PM","FT","652","Second League - Group 2","Russia","2026","Group 2 - 25","Iskra Smolensk","Zvezda St. Petersburg","27645","6840","3","1","2","0",,,,,"3","1"
"1545658","2026-09-26","9/26/2026 2:00:00 PM","FT","5","UEFA Nations League","World","2026","League B - 1","Slovenia","Scotland","1091","1108","0","0","0","0",,,,,"0","0"
"1545821","2026-09-26","9/26/2026 2:00:00 PM","FT","36","Africa Cup of Nations - Qualification","World","2027","Group Stage - 1","Kenya","Eritrea","1511","1498","1","1","0","1",,,,,"1","1"
"1545833","2026-09-26","9/26/2026 2:00:00 PM","FT","36","Africa Cup of Nations - Qualification","World","2027","Group Stage - 1","South Africa","Guinea","1531","1509","2","1","1","0",,,,,"2","1"
"1559372","2026-09-26","9/26/2026 2:00:00 PM","FT","356","Second League","Montenegro","2026","Regular Season - 8","Berane","Mladost Lješkopolje","3743","3750","2","3","1","2",,,,,"2","3"
"1559373","2026-09-26","9/26/2026 2:00:00 PM","FT","356","Second League","Montenegro","2026","Regular Season - 8","Grbalj","Rudar","3737","2258","3","1","3","0",,,,,"3","1"
"1559374","2026-09-26","9/26/2026 2:00:00 PM","FT","356","Second League","Montenegro","2026","Regular Season - 8","Jedinstvo","Mogren","3747","10701","2","0","0","0",,,,,"2","0"
"1559375","2026-09-26","9/26/2026 2:00:00 PM","FT","356","Second League","Montenegro","2026","Regular Season - 8","Kom","Iskra","3749","3738","0","1","0","0",,,,,"0","1"
"1562285","2026-09-26","9/26/2026 2:00:00 PM","FT","350","4. liga - Divizie A","Czech-Republic","2026","Group A - 8","Rokycany","Komárov","7339","7310","0","1","0","0",,,,,"0","1"
"1566797","2026-09-26","9/26/2026 2:00:00 PM","FT","938","Oberliga - Bayern Nord","Germany","2026","Bayern Nord - 12","Würzburger FV","Kornburg","12898","19759","1","1","1","1",,,,,"1","1"
"1567081","2026-09-26","9/26/2026 2:00:00 PM","FT","939","Oberliga - Bayern Süd","Germany","2026","Bayern Süd - 12","Gundelfingen","TuS Geretsried","19234","26068","0","0","0","0",,,,,"0","0"
"1567082","2026-09-26","9/26/2026 2:00:00 PM","FT","939","Oberliga - Bayern Süd","Germany","2026","Bayern Süd - 12","Kirchanschöring","Heimstetten","12805","9329","0","4","0","3",,,,,"0","4"
"1567260","2026-09-26","9/26/2026 2:00:00 PM","FT","939","Oberliga - Bayern Süd","Germany","2026","Bayern Süd - 12","Landshut","Pfaffenhofen","27898","27899","0","0","0","0",,,,,"0","0"
"1568183","2026-09-26","9/26/2026 2:00:00 PM","FT","783","III Liga - Group 4","Poland","2026","Group IV - 10","Pogoń-Sokół Lubaczów","Sokół Kolb.","24323","26185","0","1","0","0",,,,,"0","1"
"1568186","2026-09-26","9/26/2026 2:00:00 PM","FT","783","III Liga - Group 4","Poland","2026","Group IV - 10","Star Starachowice","Siarka Tarnobrzeg","21660","6955","4","1","2","0",,,,,"4","1"
"1568389","2026-09-26","9/26/2026 2:00:00 PM","FT","783","III Liga - Group 4","Poland","2026","Group IV - 10","Naprzód","Busko-Zdroj","26184","27900","4","1","2","0",,,,,"4","1"
"1568802","2026-09-26","9/26/2026 2:00:00 PM","FT","781","III Liga - Group 2","Poland","2026","Group II - 10","Bałtyk Koszalin","Gedania Gdansk","16245","18385","3","1","1","1",,,,,"3","1"
"1569116","2026-09-26","9/26/2026 2:00:00 PM","FT","780","III Liga - Group 1","Poland","2026","Group I - 10","Olimpia Zambrów","Pelikan Łowicz","6946","12829","1","3","0","1",,,,,"1","3"
"1571579","2026-09-26","9/26/2026 2:00:00 PM","FT","173","Second League","Bulgaria","2026","Regular Season - 11","Lokomotiv G. Oryahovitsa","Marek","1420","8543","0","0","0","0",,,,,"0","0"
"1571581","2026-09-26","9/26/2026 2:00:00 PM","FT","173","Second League","Bulgaria","2026","Regular Season - 11","Rilski Sportist","Pirin Blagoevgrad","8547","1428","1","0","1","0",,,,,"1","0"
"1574624","2026-09-26","9/26/2026 2:00:00 PM","FT","484","Frauenliga","Austria","2026","Regular Season - 8","St. Pölten W","Kleinmünchen / BW Linz W","10227","19165","4","0","1","0",,,,,"4","0"
"1574625","2026-09-26","9/26/2026 2:00:00 PM","FT","484","Frauenliga","Austria","2026","Regular Season - 8","SK Rapid W","Salzburg W","27906","26239","0","1","0","0",,,,,"0","1"
"1575026","2026-09-26","9/26/2026 2:00:00 PM","FT","1114","Carioca U20","Brazil","2026","Regular Season - 8","Flamengo U20","Fluminense U20","11054","13008","1","3","0","1",,,,,"1","3"
"1575029","2026-09-26","9/26/2026 2:00:00 PM","FT","1114","Carioca U20","Brazil","2026","Regular Season - 8","Vasco da Gama U20","Botafogo U20","12979","22875","3","0","1","0",,,,,"3","0"
"1575804","2026-09-26","9/26/2026 2:00:00 PM","FT","122","2. Division","Denmark","2026","Regular Season - 9","B 93","Thisted FC","6009","2069","1","0","1","0",,,,,"1","0"
"1577493","2026-09-26","9/26/2026 2:00:00 PM","FT","236","First League","Russia","2026","Regular Season - 7","Volga Ulyanovsk","Leningradets","6834","6811","0","1","0","0",,,,,"0","1"
"1577791","2026-09-26","9/26/2026 2:00:00 PM","FT","862","3. Division","Denmark","2026","Regular Season - 9","ASA Aarhus","Hørsholm-Usserød","14443","11507","2","1","1","0",,,,,"2","1"
"1579243","2026-09-26","9/26/2026 2:00:00 PM","FT","354","4. liga - Divizie E","Czech-Republic","2026","Group E - 9","Holešov","Kozlovice","16876","7311","1","1","1","1",,,,,"1","1"
"1579244","2026-09-26","9/26/2026 2:00:00 PM","FT","354","4. liga - Divizie E","Czech-Republic","2026","Group E - 9","Šternberk","Bzenec","19440","7280","1","0","1","0",,,,,"1","0"
"1579247","2026-09-26","9/26/2026 2:00:00 PM","FT","354","4. liga - Divizie E","Czech-Republic","2026","Group E - 9","Břeclav","Hluk","8631","26992","0","0","0","0",,,,,"0","0"
"1579362","2026-09-26","9/26/2026 2:00:00 PM","FT","686","4. liga - Divizie F","Czech-Republic","2026","Group F - 9","Frýdlant","Valašské Meziříčí","7289","7370","0","6","0","5",,,,,"0","6"
"1579367","2026-09-26","9/26/2026 2:00:00 PM","FT","686","4. liga - Divizie F","Czech-Republic","2026","Group F - 9","Opava II","Frydek-Mistek B","15135","27930","2","3","0","2",,,,,"2","3"
"1579475","2026-09-26","9/26/2026 2:00:00 PM","FT","492","Tweede Divisie","Netherlands","2026","Regular Season - 7","Ijsselmeervogels","Rijnsburgse Boys","1280","1248","3","0","0","0",,,,,"3","0"
"1579476","2026-09-26","9/26/2026 2:00:00 PM","FT","492","Tweede Divisie","Netherlands","2026","Regular Season - 7","Almere City II","Barendrecht","9130","1271","1","4","0","0",,,,,"1","4"
"1579477","2026-09-26","9/26/2026 2:00:00 PM","FT","492","Tweede Divisie","Netherlands","2026","Regular Season - 7","Sparta Rotterdam II","Hoek","10320","1276","3","0","1","0",,,,,"3","0"
"1579478","2026-09-26","9/26/2026 2:00:00 PM","FT","492","Tweede Divisie","Netherlands","2026","Regular Season - 7","Kloetinge","ROHDA Raalte","3930","6269","3","3","0","2",,,,,"3","3"
"1579479","2026-09-26","9/26/2026 2:00:00 PM","FT","492","Tweede Divisie","Netherlands","2026","Regular Season - 7","Kozakken Boys","Koninklijke HFC","1242","1246","1","1","0","1",,,,,"1","1"
"1579480","2026-09-26","9/26/2026 2:00:00 PM","FT","492","Tweede Divisie","Netherlands","2026","Regular Season - 7","Quick Boys","HHC","1272","1278","2","0","0","0",,,,,"2","0"
"1580238","2026-09-26","9/26/2026 2:00:00 PM","FT","744","Oberliga - Schleswig-Holstein","Germany","2026","Schleswig-Holstein - 10","SV Eichede","Heider SV","1646","9343","5","1","3","0",,,,,"5","1"
"1581129","2026-09-26","9/26/2026 2:00:00 PM","FT","750","Oberliga - Hessen","Germany","2026","Hessen - 11","Darmstadt 98 II","Bayern Alzenau","24517","9361","2","3","2","2",,,,,"2","3"
"1581131","2026-09-26","9/26/2026 2:00:00 PM","FT","750","Oberliga - Hessen","Germany","2026","Hessen - 11","Hummetroth","Fernwald","26171","14677","2","2","2","2",,,,,"2","2"
"1581132","2026-09-26","9/26/2026 2:00:00 PM","FT","750","Oberliga - Hessen","Germany","2026","Hessen - 11","Hünfelder SV","Baunatal","16100","4261","2","3","0","2",,,,,"2","3"
"1586575","2026-09-26","9/26/2026 2:00:00 PM","FT","84","Regionalliga - Nord","Germany","2026","North - 11","SSV Jeddeloh","Eintracht Norderstedt","1655","1631","0","4","0","1",,,,,"0","4"
"1590400","2026-09-26","9/26/2026 2:00:00 PM","FT","552","3. Lig - Group 1","Turkey","2026","3. Lig Group 1 - 4","Gölcükspor","Orduspor 1967","7405","17261","0","1","0","0",,,,,"0","1"
"1590402","2026-09-26","9/26/2026 2:00:00 PM","FT","552","3. Lig - Group 1","Turkey","2026","3. Lig Group 1 - 4","Küçükçekmece Sinopspor","Zonguldak Kömürspor","21994","3611","1","1","0","1",,,,,"1","1"
"1590703","2026-09-26","9/26/2026 2:00:00 PM","FT","553","3. Lig - Group 2","Turkey","2026","3. Lig Group 2 - 4","Ayvalikgucu","Bigaspor","13407","6512","2","1","1","0",,,,,"2","1"
"1591320","2026-09-26","9/26/2026 2:00:00 PM","FT","205","2. Lig","Turkey","2026","2. Lig White Group - 4","İnegöl Kafkas Gençlik","Kastamonuspor","21996","3594","4","1","1","0",,,,,"4","1"
"1591621","2026-09-26","9/26/2026 2:00:00 PM","FT","205","2. Lig","Turkey","2026","2. Lig Red Group - 4","Beyoğlu Yeni Çarşı","İskenderunspor","7406","7403","5","0","3","0",,,,,"5","0"
"1592525","2026-09-26","9/26/2026 2:00:00 PM","FT","751","Oberliga - Niederrhein","Germany","2026","Niederrhein - 7","Meerbusch","KFC Uerdingen 05","14553","1322","0","3","0","0",,,,,"0","3"
"1593903","2026-09-26","9/26/2026 2:00:00 PM","FT","633","NB III - Northeast","Hungary","2026","Northeast - 9","Debrecen II","Tiszafuredi VSE","13153","5147","3","1","2","1",,,,,"3","1"
"1594382","2026-09-26","9/26/2026 2:00:00 PM","FT","1023","NB III - Southeast","Hungary","2026","Southeast - 9","Sándorfalva","Monori Se","24505","2411","1","1","0","0",,,,,"1","1"
"1599400","2026-09-26","9/26/2026 2:00:00 PM","FT","676","Central Youth League","Poland","2026","Regular Season - 8","Arka Gdynia U19","Talent Warszawa U19","20587","28017","2","3","0","2",,,,,"2","3"
"1601039","2026-09-26","9/26/2026 2:00:00 PM","FT","594","Division 2 - Norrland","Sweden","2026","Norrland - Relegation Round","Fransta","Umeå FC Akademi","27459","12593","3","1","2","0",,,,,"3","1"
"1601251","2026-09-26","9/26/2026 2:00:00 PM","FT","139","Serie A Women","Italy","2026","Regular Season - 1","Lazio W","Parma W","17369","19748","0","0","0","0",,,,,"0","0"
"1605090","2026-09-26","9/26/2026 2:00:00 PM","CANC","343","First League","Armenia","2026","Regular Season - 9","Noah II","Hayq","21879","26197",,,,,,,,,,
"1606165","2026-09-26","9/26/2026 2:00:00 PM","FT","177","Third League - Southeast","Bulgaria","2026","Southeast - 8","Spartak Plovdiv","Rodopa Smolyan","14568","8536","2","0","0","0",,,,,"2","0"
"1607847","2026-09-26","9/26/2026 2:00:00 PM","FT","675","U21 Divisie 1","Netherlands","2026","Fall Season - 1","De Graafschap U21","Twente / Heracles U21","19588","14909","0","2","0","1",,,,,"0","2"
"1610102","2026-09-26","9/26/2026 2:00:00 PM","FT","600","1. Liga Classic - Group 2","Switzerland","2026","Group 2 - 8","Black Stars","Bassecourt","6617","6614","1","1","0","1",,,,,"1","1"
"1612507","2026-09-26","9/26/2026 2:00:00 PM","FT","640","Kansallinen Liiga","Finland","2026","Relegation Play-Off - 7","EBK W","JyPK W","27397","13992","3","2","0","2",,,,,"3","2"
"1612508","2026-09-26","9/26/2026 2:00:00 PM","FT","640","Kansallinen Liiga","Finland","2026","Relegation Play-Off - 7","Honka W","VIFK W","13996","25564","2","3","0","2",,,,,"2","3"
"1616102","2026-09-26","9/26/2026 2:00:00 PM","FT","450","Tercera División RFEF - Group 12","Spain","2026","Group 12 - 4","Playas Sotavento","Los Llanos","25036","24611","2","2","0","1",,,,,"2","2"
"1618355","2026-09-26","9/26/2026 2:00:00 PM","FT","92","Derde Divisie","Netherlands","2026","Regular Season - 7","DVS 33 Ermelo","Sportlust '46","1244","3904","1","2","0","0",,,,,"1","2"
"1618356","2026-09-26","9/26/2026 2:00:00 PM","FT","92","Derde Divisie","Netherlands","2026","Regular Season - 7","Sparta Nijkerk","Staphorst","1274","1239","3","2","2","0",,,,,"3","2"
"1618357","2026-09-26","9/26/2026 2:00:00 PM","FT","92","Derde Divisie","Netherlands","2026","Regular Season - 7","TEC","Eemdijk","1255","1235","7","2","4","1",,,,,"7","2"
"1620008","2026-09-26","9/26/2026 2:00:00 PM","FT","577","Gamma Ethniki - Group 2","Greece","2026","Group 2 - 1","Makedonikos Neapolis","Akrites Sykeon","12372","26581","0","2","0","2",,,,,"0","2"
"1620276","2026-09-26","9/26/2026 2:00:00 PM","FT","579","Gamma Ethniki - Group 4","Greece","2026","Group 4 - 1","Anthoupoli","Ermis Exochi","24871","26583","1","1","0","0",,,,,"1","1"
"1620277","2026-09-26","9/26/2026 2:00:00 PM","FT","579","Gamma Ethniki - Group 4","Greece","2026","Group 4 - 1","Elassona","Ethnikos Neou Keramidiou","6302","5041","3","0",,,,,,,"3","0"
"1620278","2026-09-26","9/26/2026 2:00:00 PM","FT","579","Gamma Ethniki - Group 4","Greece","2026","Group 4 - 1","Feraios","Trikala","28159","2091","0","1","0","1",,,,,"0","1"
"1620279","2026-09-26","9/26/2026 2:00:00 PM","FT","579","Gamma Ethniki - Group 4","Greece","2026","Group 4 - 1","Karitsa","Sarakinos","6306","26584","2","1",,,,,,,"2","1"
"1620280","2026-09-26","9/26/2026 2:00:00 PM","FT","579","Gamma Ethniki - Group 4","Greece","2026","Group 4 - 1","Pierikos","Iraklis Larissa","12384","12383","3","1",,,,,,,"3","1"
"1620387","2026-09-26","9/26/2026 2:00:00 PM","FT","580","Gamma Ethniki - Group 5","Greece","2026","Group 5 - 1","Diagoras Agias","Nea Artaki","28160","6312","0","0","0","0",,,,,"0","0"
"1620496","2026-09-26","9/26/2026 2:00:00 PM","FT","581","Gamma Ethniki - Group 6","Greece","2026","Group 6 - 1","Preveza","Panagriniakos","12393","15254","2","0","0","0",,,,,"2","0"
"1626212","2026-09-26","9/26/2026 2:00:00 PM","FT","431","Serie D - Girone F","Italy","2026","Group F - 5","Notaresco","Pietralunga","9518","28207","1","1","1","1",,,,,"1","1"
"1627211","2026-09-26","9/26/2026 2:00:00 PM","FT","1088","Pernambucano - U20","Brazil","2026","Regular Season - 5","Nautico U20","Jaguar U20","13029","23496","2","1","0","0",,,,,"2","1"
"1629372","2026-09-26","9/26/2026 2:00:00 PM","FT","947","DFB Pokal - Women","Germany","2026","Round of 32","Eutingen W","Carl Zeiss Jena  W","27895","16849","0","6","0","3",,,,,"0","6"
"1629378","2026-09-26","9/26/2026 2:00:00 PM","FT","947","DFB Pokal - Women","Germany","2026","Round of 32","Meppen W","Hamburger SV W","14013","20498","1","2","0","0",,,,,"1","2"
"1629379","2026-09-26","9/26/2026 2:00:00 PM","AET","947","DFB Pokal - Women","Germany","2026","Round of 32","Turbine Potsdam W","Stuttgart W","1869","24130","2","2","0","1","0","1",,,"2","3"
"1637207","2026-09-26","9/26/2026 2:00:00 PM","FT","1243","Super League Women","South-Africa","2026","Group Stage","Copperbelt Ladies W","Mamelodi Sundowns W","28351","25376","0","4","0","2",,,,,"0","4"
"1638169","2026-09-26","9/26/2026 2:00:00 PM","FT","245","Ykkönen","Finland","2026","Group Stage","TPV","FC jazz","2244","2074","1","3","0","1",,,,,"1","3"
"1638196","2026-09-26","9/26/2026 2:00:00 PM","FT","672","David Kipiani Cup","Georgia","2026","Quarter-finals","Samtredia","Rustavi","581","3501","1","2","0","0",,,,,"1","2"
"1640772","2026-09-26","9/26/2026 2:00:00 PM","FT","251","Division Intermedia","Paraguay","2026","Regular Season - 26","SOL DE America","Encarnación","1177","23155","2","0","0","0",,,,,"2","0"
"1640773","2026-09-26","9/26/2026 2:00:00 PM","FT","251","Division Intermedia","Paraguay","2026","Regular Season - 26","Tacuary","Benjamín Aceval","10491","17183","2","1","1","0",,,,,"2","1"
"1640836","2026-09-26","9/26/2026 2:00:00 PM","FT","734","Diski Challenge","South-Africa","2026","Regular Season - 1","AmaZulu U23","Golden Arrows U23","15985","15991","2","0","0","0",,,,,"2","0"
"1640837","2026-09-26","9/26/2026 2:00:00 PM","FT","734","Diski Challenge","South-Africa","2026","Regular Season - 1","Chippa United U23","Stellenbosch U23","15990","15996","2","1","2","1",,,,,"2","1"
"1641083","2026-09-26","9/26/2026 2:00:00 PM","FT","666","Friendlies Women","World","2026","Friendly International Women","Botswana W","Namibia W","16925","16939","1","1","1","0",,,,,"1","1"
"1642857","2026-09-26","9/26/2026 2:00:00 PM","FT","667","Friendlies Clubs","World","2026","Club Friendly","Lokomotiv","Arsenal Tula","597","1077","0","2","0","0",,,,,"0","2"
"1642858","2026-09-26","9/26/2026 2:00:00 PM","FT","667","Friendlies Clubs","World","2026","Club Friendly","Borac Banja Luka","Radnik Bijeljina","3364","3359","4","3","3","0",,,,,"4","3"
"1579472","2026-09-26","9/26/2026 2:15:00 PM","FT","492","Tweede Divisie","Netherlands","2026","Regular Season - 7","AFC Amsterdam","Katwijk","1252","1237","0","1","0","0",,,,,"0","1"
"1561142","2026-09-26","9/26/2026 2:30:00 PM","FT","506","2. liga","Slovakia","2026","Regular Season - 10","Baník Lehota p.Vtáčnikom","Galanta","14942","14054","1","4","0","3",,,,,"1","4"
"1561143","2026-09-26","9/26/2026 2:30:00 PM","FT","506","2. liga","Slovakia","2026","Regular Season - 10","Považská Bystrica","MFK Bytča","14062","15006","4","1","2","0",,,,,"4","1"
"1561144","2026-09-26","9/26/2026 2:30:00 PM","FT","506","2. liga","Slovakia","2026","Regular Season - 10","Šamorín","Lokomotíva Zvolen","10545","10552","3","1","1","1",,,,,"3","1"
"1565725","2026-09-26","9/26/2026 2:30:00 PM","FT","646","3. liga - Center","Slovakia","2026","Central - 8","Čadca","Kysucké Nové Mesto","14092","14999","6","0","3","0",,,,,"6","0"
"1565726","2026-09-26","9/26/2026 2:30:00 PM","FT","646","3. liga - Center","Slovakia","2026","Central - 8","Novohrad Lučenec","Baník Kalinovo","14087","14080","2","1","1","0",,,,,"2","1"
"1565727","2026-09-26","9/26/2026 2:30:00 PM","FT","646","3. liga - Center","Slovakia","2026","Central - 8","Oravské Veselé","Námestovo","14089","14088","0","4","0","0",,,,,"0","4"
"1565907","2026-09-26","9/26/2026 2:30:00 PM","FT","645","3. liga - East","Slovakia","2026","East - 8","Partizán Bardejov","Lokomotíva Košice","10537","10549","1","2","0","1",,,,,"1","2"
"1565908","2026-09-26","9/26/2026 2:30:00 PM","FT","645","3. liga - East","Slovakia","2026","East - 8","Stará Ľubovňa","Raslavice","19398","17258","5","0","2","0",,,,,"5","0"
"1565909","2026-09-26","9/26/2026 2:30:00 PM","FT","645","3. liga - East","Slovakia","2026","East - 8","Slovan Sabinov","Snina","15043","14075","0","0","0","0",,,,,"0","0"
"1565910","2026-09-26","9/26/2026 2:30:00 PM","FT","645","3. liga - East","Slovakia","2026","East - 8","Spišská Nová Ves","Poprad","10555","10539","2","0","0","0",,,,,"2","0"
"1565911","2026-09-26","9/26/2026 2:30:00 PM","FT","645","3. liga - East","Slovakia","2026","East - 8","Vranov nad Topľou","Kežmarok","14079","14989","2","0","1","0",,,,,"2","0"
"1566096","2026-09-26","9/26/2026 2:30:00 PM","FT","644","3. liga - West","Slovakia","2026","West - 8","Dunajská Lužná","Častkovce","14040","14066","1","0","0","0",,,,,"1","0"
"1566097","2026-09-26","9/26/2026 2:30:00 PM","FT","644","3. liga - West","Slovakia","2026","West - 8","Nové Zámky","Trenčín II","14061","26247","2","5","0","0",,,,,"2","5"
"1566100","2026-09-26","9/26/2026 2:30:00 PM","FT","644","3. liga - West","Slovakia","2026","West - 8","Púchov","MŠK Senec","10540","14044","5","0","2","0",,,,,"5","0"
"1566356","2026-09-26","9/26/2026 2:30:00 PM","FT","745","Oberliga - Hamburg","Germany","2026","Hamburg - 9","Altona 93","Harksheide","9338","19470","1","1","1","1",,,,,"1","1"
"1566798","2026-09-26","9/26/2026 2:30:00 PM","FT","938","Oberliga - Bayern Nord","Germany","2026","Bayern Nord - 12","Nordlingen","ASV Neumarkt","14512","19758","0","0","0","0",,,,,"0","0"
"1574020","2026-09-26","9/26/2026 2:30:00 PM","FT","223","Regionalliga - West","Austria","2026","West - 9","Lustenau","SK St. Johann","8361","27905","1","1","1","0",,,,,"1","1"
"1575964","2026-09-26","9/26/2026 2:30:00 PM","FT","110","Premier League","Wales","2026","Regular Season - 11","Barry Town","GAP Connah S Quay FC","361","357","1","4","0","3",,,,,"1","4"
"1575965","2026-09-26","9/26/2026 2:30:00 PM","FT","110","Premier League","Wales","2026","Regular Season - 11","Cambrian & Clydach","Llandudno","2202","362","4","3","3","0",,,,,"4","3"
"1575966","2026-09-26","9/26/2026 2:30:00 PM","FT","110","Premier League","Wales","2026","Regular Season - 11","Cardiff MET","Caernarfon Town","353","356","2","2","1","0",,,,,"2","2"
"1575967","2026-09-26","9/26/2026 2:30:00 PM","FT","110","Premier League","Wales","2026","Regular Season - 11","Colwyn Bay","Haverfordwest County AFC","5611","2194","1","0","0","0",,,,,"1","0"
"1575968","2026-09-26","9/26/2026 2:30:00 PM","FT","110","Premier League","Wales","2026","Regular Season - 11","Flint Town United","Ammanford AFC","5614","2188","3","0","0","0",,,,,"3","0"
"1575969","2026-09-26","9/26/2026 2:30:00 PM","FT","110","Premier League","Wales","2026","Regular Season - 11","Holywell","Briton Ferry","6459","2201","1","1","1","0",,,,,"1","1"
"1575970","2026-09-26","9/26/2026 2:30:00 PM","FT","110","Premier League","Wales","2026","Regular Season - 11","Penybont","Airbus UK","2191","4909","2","1","0","1",,,,,"2","1"
"1575971","2026-09-26","9/26/2026 2:30:00 PM","FT","110","Premier League","Wales","2026","Regular Season - 11","Trefelin","The New Saints","6479","354","1","3","1","2",,,,,"1","3"
"1577944","2026-09-26","9/26/2026 2:30:00 PM","FT","349","3. liga - MSFL","Czech-Republic","2026","MSFL - 9","Blansko","Hranice","7276","7300","1","3","0","2",,,,,"1","3"
"1577945","2026-09-26","9/26/2026 2:30:00 PM","FT","349","3. liga - MSFL","Czech-Republic","2026","MSFL - 9","Hodonín","Vsetín","7297","7377","2","0","0","0",,,,,"2","0"
"1577946","2026-09-26","9/26/2026 2:30:00 PM","FT","349","3. liga - MSFL","Czech-Republic","2026","MSFL - 9","Vrchovina","Unie Hlubina","7376","7368","3","2","1","1",,,,,"3","2"
"1577949","2026-09-26","9/26/2026 2:30:00 PM","FT","349","3. liga - MSFL","Czech-Republic","2026","MSFL - 9","Uherský Brod","Sigma Olomouc II","8624","8622","2","1","0","1",,,,,"2","1"
"1579123","2026-09-26","9/26/2026 2:30:00 PM","FT","353","4. liga - Divizie D","Czech-Republic","2026","Group D - 9","Havlíčkův Brod","Žďár nad Sázavou","7292","7389","4","2","1","1",,,,,"4","2"
"1579363","2026-09-26","9/26/2026 2:30:00 PM","FT","686","4. liga - Divizie F","Czech-Republic","2026","Group F - 9","Stonava","Hlučín","26231","7296","4","1","4","0",,,,,"4","1"
"1580511","2026-09-26","9/26/2026 2:30:00 PM","FT","111","FAW Championship","Wales","2026","North - 9","Bala Town","Mold Alexandra","352","6465","2","4","1","1",,,,,"2","4"
"1580513","2026-09-26","9/26/2026 2:30:00 PM","FT","111","FAW Championship","Wales","2026","North - 9","Brickfield Rangers","Denbigh Town","6443","6451","2","0","1","0",,,,,"2","0"
"1580514","2026-09-26","9/26/2026 2:30:00 PM","FT","111","FAW Championship","Wales","2026","North - 9","Gresford Athletic","Rhyl","5615","5623","3","1","2","0",,,,,"3","1"
"1580515","2026-09-26","9/26/2026 2:30:00 PM","FT","111","FAW Championship","Wales","2026","North - 9","Holyhead Hotspur","Guilsfield","6457","5616","0","2","0","0",,,,,"0","2"
"1580516","2026-09-26","9/26/2026 2:30:00 PM","FT","111","FAW Championship","Wales","2026","North - 9","Llanuwchllyn","Caersws","11303","6445","2","5","2","2",,,,,"2","5"
"1580517","2026-09-26","9/26/2026 2:30:00 PM","FT","111","FAW Championship","Wales","2026","North - 9","Newtown AFC","Porthmadog","358","5621","0","1","0","0",,,,,"0","1"
"1580755","2026-09-26","9/26/2026 2:30:00 PM","FT","111","FAW Championship","Wales","2026","South - 9","Cardiff Draconians","Caerau (Ely)","7586","5610","1","3","0","1",,,,,"1","3"
"1580756","2026-09-26","9/26/2026 2:30:00 PM","FT","111","FAW Championship","Wales","2026","South - 9","Llantwit Major","llanelli AFC","2196","355","2","0","2","0",,,,,"2","0"
"1580757","2026-09-26","9/26/2026 2:30:00 PM","FT","111","FAW Championship","Wales","2026","South - 9","Pontardawe Town","Treowen Stars","7598","11309","6","1","5","1",,,,,"6","1"
"1580758","2026-09-26","9/26/2026 2:30:00 PM","FT","111","FAW Championship","Wales","2026","South - 9","Ynyshir Albions","Trethomas Bluebirds","7601","11310","1","1","1","1",,,,,"1","1"
"1581717","2026-09-26","9/26/2026 2:30:00 PM","FT","1033","Ekstraliga Women","Poland","2026","Regular Season - 6","Sleza Wroclaw W","Górnik Łęczna W","27937","10916","1","3","0","1",,,,,"1","3"
"1582439","2026-09-26","9/26/2026 2:30:00 PM","FT","753","Oberliga - Baden-Württemberg","Germany","2026","Baden-Württemberg - 9","Bahlinger SC","Normannia Gmünd","9359","19257","2","0","1","0",,,,,"2","0"
"1582440","2026-09-26","9/26/2026 2:30:00 PM","FT","753","Oberliga - Baden-Württemberg","Germany","2026","Baden-Württemberg - 9","Balingen","Oberachern","9360","12822","1","1","1","0",,,,,"1","1"
"1582442","2026-09-26","9/26/2026 2:30:00 PM","FT","753","Oberliga - Baden-Württemberg","Germany","2026","Baden-Württemberg - 9","FC Holzhausen","Backnang","19467","16113","0","0","0","0",,,,,"0","0"
"1586576","2026-09-26","9/26/2026 2:30:00 PM","PST","84","Regionalliga - Nord","Germany","2026","North - 11","Phönix Lübeck","VfB Oldenburg","12831","9347",,,,,,,,,,
"1598920","2026-09-26","9/26/2026 2:30:00 PM","FT","752","Oberliga - Rheinland-Pfalz / Saar","Germany","2026","Rheinland-Pfalz/Saar - 10","Diefflen","TuS Koblenz","14655","1648","0","0","1","1",,,,,"0","0"
"1598921","2026-09-26","9/26/2026 2:30:00 PM","FT","752","Oberliga - Rheinland-Pfalz / Saar","Germany","2026","Rheinland-Pfalz/Saar - 10","FC Emmelshausen-Karbach","Gonsenheim","26592","12773","0","2","0","0",,,,,"0","2"
"1598923","2026-09-26","9/26/2026 2:30:00 PM","FT","752","Oberliga - Rheinland-Pfalz / Saar","Germany","2026","Rheinland-Pfalz/Saar - 10","Mechtersheim","Hertha Wiesbach","14724","12785","4","1","2","0",,,,,"4","1"
"1608082","2026-09-26","9/26/2026 2:30:00 PM","FT","1239","Regionalliga - North","Austria","2026","North - 10","Ried II","Seekirchen","8250","4958","0","4","0","3",,,,,"0","4"
"1611071","2026-09-26","9/26/2026 2:30:00 PM","FT","316","1st League - FBiH","Bosnia","2026","FBiH - 7","Budućnost Banovići","Bratstvo Gračanica","7528","4278","1","1","1","1",,,,,"1","1"
"1611073","2026-09-26","9/26/2026 2:30:00 PM","FT","316","1st League - FBiH","Bosnia","2026","FBiH - 7","Zvijezda Gradačac","Jedinstvo Bihać","3382","7529","3","1","1","0",,,,,"3","1"
"1611074","2026-09-26","9/26/2026 2:30:00 PM","FT","316","1st League - FBiH","Bosnia","2026","FBiH - 7","Radnik Hadžići","Travnik","7531","4297","0","1","0","0",,,,,"0","1"
"1611075","2026-09-26","9/26/2026 2:30:00 PM","FT","316","1st League - FBiH","Bosnia","2026","FBiH - 7","Rudar Kakanj","Posušje","3376","14146","1","1","0","0",,,,,"1","1"
"1611076","2026-09-26","9/26/2026 2:30:00 PM","FT","316","1st League - FBiH","Bosnia","2026","FBiH - 7","Vitez","Čapljina","4288","4298","1","0","0","0",,,,,"1","0"
"1626861","2026-09-26","9/26/2026 2:30:00 PM","FT","175","Third League - Northeast","Bulgaria","2026","Northeast - 7","Aksakovo","Olympic Varna","24544","26846","3","2","1","0",,,,,"3","2"
"1626862","2026-09-26","9/26/2026 2:30:00 PM","FT","175","Third League - Northeast","Bulgaria","2026","Northeast - 7","Chernolomets 1919","Riltzi","8510","17309","6","0","3","0",,,,,"6","0"
"1626863","2026-09-26","9/26/2026 2:30:00 PM","FT","175","Third League - Northeast","Bulgaria","2026","Northeast - 7","Cherno more II","Botev Novi Pazar","19891","8509","1","1",,,,,,,"1","1"
"1626864","2026-09-26","9/26/2026 2:30:00 PM","FT","175","Third League - Northeast","Bulgaria","2026","Northeast - 7","Chernomorets Balchik","Svetkavitsa 14","1422","26249","1","0","1","0",,,,,"1","0"
"1626865","2026-09-26","9/26/2026 2:30:00 PM","FT","175","Third League - Northeast","Bulgaria","2026","Northeast - 7","Fratria II","Devnya 2005","24545","28219","1","0","0","0",,,,,"1","0"
"1626866","2026-09-26","9/26/2026 2:30:00 PM","FT","175","Third League - Northeast","Bulgaria","2026","Northeast - 7","Ludogorets III","Volov Shumen","14222","8551","2","1","0","0",,,,,"2","1"
"1626867","2026-09-26","9/26/2026 2:30:00 PM","FT","175","Third League - Northeast","Bulgaria","2026","Northeast - 7","Septemvri Dragoevo","Benkovski Isperih","28220","21835","1","1","0","1",,,,,"1","1"
"1626868","2026-09-26","9/26/2026 2:30:00 PM","FT","175","Third League - Northeast","Bulgaria","2026","Northeast - 7","Ustrem Donchevo","Septemvri Tervel","8517","8514","1","1","0","0",,,,,"1","1"
"1495569","2026-09-26","9/26/2026 3:00:00 PM","FT","549","Damallsvenskan","Sweden","2026","Regular Season - 20","Norrköping W","Häcken W","16008","16483","0","6","0","2",,,,,"0","6"
"1496157","2026-09-26","9/26/2026 3:00:00 PM","FT","473","2. Division - Group 1","Norway","2026","Regular Season - 21","jerv","Notodden","2151","2161","1","0","0","0",,,,,"1","0"
"1496339","2026-09-26","9/26/2026 3:00:00 PM","FT","474","2. Division - Group 2","Norway","2026","Regular Season - 21","Junkeren","Rana","7000","16229","0","2","0","0",,,,,"0","2"
"1496883","2026-09-26","9/26/2026 3:00:00 PM","FT","776","3. Division - Girone 3","Norway","2026","Regular Season - 21","Åsane II","Førde","22871","18435","2","2","1","1",,,,,"2","2"
"1496885","2026-09-26","9/26/2026 3:00:00 PM","FT","776","3. Division - Girone 3","Norway","2026","Regular Season - 21","Austevoll","Gneist","27276","18925","1","0","1","0",,,,,"1","0"
"1496886","2026-09-26","9/26/2026 3:00:00 PM","FT","776","3. Division - Girone 3","Norway","2026","Regular Season - 21","Djerv","Sogndal II","16216","16219","2","1","0","0",,,,,"2","1"
"1497250","2026-09-26","9/26/2026 3:00:00 PM","FT","778","3. Division - Girone 5","Norway","2026","Regular Season - 21","Finnsnes","Skjervøy","16228","7024","2","0","1","0",,,,,"2","0"
"1497435","2026-09-26","9/26/2026 3:00:00 PM","FT","779","3. Division - Girone 6","Norway","2026","Regular Season - 21","Sarpsborg 08 II","Gjøvik-Lyn","16215","6992","3","2","2","2",,,,,"3","2"
"1501485","2026-09-26","9/26/2026 3:00:00 PM","FT","736","Elitettan","Sweden","2026","Regular Season - 20","Alingsås W","Trelleborg W","16001","17639","0","1","0","0",,,,,"0","1"
"1501488","2026-09-26","9/26/2026 3:00:00 PM","FT","736","Elitettan","Sweden","2026","Regular Season - 20","Husqvarna W","Gamla Upsala W","16033","16032","1","0","0","0",,,,,"1","0"
"1504556","2026-09-26","9/26/2026 3:00:00 PM","FT","564","Ettan - Södra","Sweden","2026","Södra - 24","Laholm","Atvidabergs FF","12657","2162","1","2","1","1",,,,,"1","2"
"1504559","2026-09-26","9/26/2026 3:00:00 PM","FT","564","Ettan - Södra","Sweden","2026","Södra - 24","Skövde AIK","Olympic","6698","12601","2","1","0","0",,,,,"2","1"
"1505279","2026-09-26","9/26/2026 3:00:00 PM","FT","563","Ettan - Norra","Sweden","2026","Norra - 24","Järfälla","AFC Eskilstuna","16598","765","2","4","2","1",,,,,"2","4"
"1505281","2026-09-26","9/26/2026 3:00:00 PM","FT","563","Ettan - Norra","Sweden","2026","Norra - 24","Sollentuna","Stockholm Internazionale","6699","12585","1","2","0","0",,,,,"1","2"
"1510859","2026-09-26","9/26/2026 3:00:00 PM","FT","593","Division 2 - Norra Svealand","Sweden","2026","Norra Svealand - 23","Skiljebo","Täby","12584","11663","1","0","1","0",,,,,"1","0"
"1511226","2026-09-26","9/26/2026 3:00:00 PM","FT","595","Division 2 - Södra Svealand","Sweden","2026","Södra Svealand - 23","Rågsved","Örebro Syrianska","16745","11664","2","2","1","0",,,,,"2","2"
"1521619","2026-09-26","9/26/2026 3:00:00 PM","FT","1126","Esiliiga B","Estonia","2026","Regular Season - 15","Legion","Narva U21","13152","24236","1","2","0","1",,,,,"1","2"
"1529597","2026-09-26","9/26/2026 3:00:00 PM","FT","364","1. Liga","Latvia","2026","Regular Season - 17","Tukums II","JFK Ventspils","18837","21202","1","0","1","0",,,,,"1","0"
"1536276","2026-09-26","9/26/2026 3:00:00 PM","FT","651","Second League - Group 1","Russia","2026","Group 1 - 25","FK Chayka 2","Kyzyltash","27644","17680","3","1","0","0",,,,,"3","1"
"1546992","2026-09-26","9/26/2026 3:00:00 PM","FT","730","Football League - Highland League","Scotland","2026","Highland League - 12","Brora Rangers","Keith","6760","7446","5","0","3","0",,,,,"5","0"
"1546994","2026-09-26","9/26/2026 3:00:00 PM","FT","730","Football League - Highland League","Scotland","2026","Highland League - 12","Deveronvale","Inverurie Loco Works","7438","7445","4","5","0","2",,,,,"4","5"
"1546995","2026-09-26","9/26/2026 3:00:00 PM","PST","730","Football League - Highland League","Scotland","2026","Highland League - 12","Fraserburgh","Buckie Thistle","6769","7432",,,,,,,,,,
"1546996","2026-09-26","9/26/2026 3:00:00 PM","FT","730","Football League - Highland League","Scotland","2026","Highland League - 12","Huntly","Invergordon","7521","19792","7","0","2","0",,,,,"7","0"
"1546997","2026-09-26","9/26/2026 3:00:00 PM","FT","730","Football League - Highland League","Scotland","2026","Highland League - 12","Lossiemouth","Wick Academy","7447","7454","3","4","1","2",,,,,"3","4"
"1547000","2026-09-26","9/26/2026 3:00:00 PM","FT","730","Football League - Highland League","Scotland","2026","Highland League - 12","Turriff United","Rothes","7452","7449","4","1","4","0",,,,,"4","1"
"1554169","2026-09-26","9/26/2026 3:00:00 PM","FT","287","Prva Liga","Serbia","2026","Regular Season - 11","Borac Cacak","TSC Backa Topola","2649","2646","2","2","1","1",,,,,"2","2"
"1557297","2026-09-26","9/26/2026 3:00:00 PM","FT","146","Super League Women","Belgium","2026","Regular Season - 4","Zulte-Waregem W","Standard Liege W","14035","1791","3","4","3","0",,,,,"3","4"
"1559376","2026-09-26","9/26/2026 3:00:00 PM","FT","356","Second League","Montenegro","2026","Regular Season - 8","Lovćen","Zeta","3739","676","0","1","0","0",,,,,"0","1"
"1562074","2026-09-26","9/26/2026 3:00:00 PM","FT","408","Premiership","Northern-Ireland","2026","Regular Season - 9","Ballymena United","Portadown","668","5348","2","0","0","0",,,,,"2","0"
"1562076","2026-09-26","9/26/2026 3:00:00 PM","FT","408","Premiership","Northern-Ireland","2026","Regular Season - 9","Crusaders FC","Bangor","697","11112","2","1","1","0",,,,,"2","1"
"1562077","2026-09-26","9/26/2026 3:00:00 PM","FT","408","Premiership","Northern-Ireland","2026","Regular Season - 9","Glentoran","Carrick Rangers","5352","5350","2","0","2","0",,,,,"2","0"
"1562079","2026-09-26","9/26/2026 3:00:00 PM","FT","408","Premiership","Northern-Ireland","2026","Regular Season - 9","Limavady United","Cliftonville FC","11114","2266","1","0","1","0",,,,,"1","0"
"1562515","2026-09-26","9/26/2026 3:00:00 PM","FT","352","4. liga - Divizie C","Czech-Republic","2026","Group C - 8","Chrudim II","Spartak Police n/Metují","19641","24193","1","2","0","1",,,,,"1","2"
"1562768","2026-09-26","9/26/2026 3:00:00 PM","FT","685","3. liga - CFL B","Czech-Republic","2026","Group B - 8","Neratovice-Byškovice","Čáslav","7320","7384","0","2","0","0",,,,,"0","2"
"1563767","2026-09-26","9/26/2026 3:00:00 PM","FT","42","League Two","England","2026","Regular Season - 8","Bristol Rovers","Exeter City","1334","1364","1","0","0","0",,,,,"1","0"
"1563768","2026-09-26","9/26/2026 3:00:00 PM","FT","42","League Two","England","2026","Regular Season - 8","Cheltenham","Chesterfield","1372","1345","2","1","2","0",,,,,"2","1"
"1563770","2026-09-26","9/26/2026 3:00:00 PM","FT","42","League Two","England","2026","Regular Season - 8","Fleetwood Town","Rochdale","1336","1339","1","2","1","2",,,,,"1","2"
"1563771","2026-09-26","9/26/2026 3:00:00 PM","FT","42","League Two","England","2026","Regular Season - 8","Newport County","Grimsby","1367","1365","2","1","0","0",,,,,"2","1"
"1563773","2026-09-26","9/26/2026 3:00:00 PM","PST","42","League Two","England","2026","Regular Season - 8","Port Vale","Northampton","1351","1337",,,,,,,,,,
"1563774","2026-09-26","9/26/2026 3:00:00 PM","FT","42","League Two","England","2026","Regular Season - 8","Rotherham","Crewe","73","1363","1","1","1","1",,,,,"1","1"
"1563775","2026-09-26","9/26/2026 3:00:00 PM","FT","42","League Two","England","2026","Regular Season - 8","Shrewsbury","Colchester","1352","1361","2","2","1","1",,,,,"2","2"
"1563776","2026-09-26","9/26/2026 3:00:00 PM","FT","42","League Two","England","2026","Regular Season - 8","Swindon Town","Accrington ST","1353","1360","1","1","1","1",,,,,"1","1"
"1563777","2026-09-26","9/26/2026 3:00:00 PM","FT","42","League Two","England","2026","Regular Season - 8","Tranmere","Walsall","1381","1342","1","1","0","0",,,,,"1","1"
"1563778","2026-09-26","9/26/2026 3:00:00 PM","FT","42","League Two","England","2026","Regular Season - 8","York","Gillingham","1828","1347","3","0","1","0",,,,,"3","0"
"1564320","2026-09-26","9/26/2026 3:00:00 PM","FT","41","League One","England","2026","Regular Season - 8","Cambridge United","AFC Wimbledon","1370","1333","1","1","0","1",,,,,"1","1"
"1564324","2026-09-26","9/26/2026 3:00:00 PM","PST","41","League One","England","2026","Regular Season - 8","Mansfield Town","Leyton Orient","1374","1373",,,,,,,,,,
"1564325","2026-09-26","9/26/2026 3:00:00 PM","PST","41","League One","England","2026","Regular Season - 8","Milton Keynes Dons","Bromley","1348","1832",,,,,,,,,,
"1564326","2026-09-26","9/26/2026 3:00:00 PM","PST","41","League One","England","2026","Regular Season - 8","Notts County","Blackpool","1376","1356",,,,,,,,,,
"1564327","2026-09-26","9/26/2026 3:00:00 PM","FT","41","League One","England","2026","Regular Season - 8","Plymouth","Burton Albion","1357","748","0","1","0","0",,,,,"0","1"
"1564329","2026-09-26","9/26/2026 3:00:00 PM","FT","41","League One","England","2026","Regular Season - 8","Stockport County","Peterborough","4686","1350","1","0","0","0",,,,,"1","0"
"1564330","2026-09-26","9/26/2026 3:00:00 PM","FT","41","League One","England","2026","Regular Season - 8","Wycombe","Reading","1358","53","2","2","0","0",,,,,"2","2"
"1564870","2026-09-26","9/26/2026 3:00:00 PM","FT","407","Championship","Northern-Ireland","2026","Regular Season - 9","Annagh United","Institute","11109","5353","5","0","3","0",,,,,"5","0"
"1564871","2026-09-26","9/26/2026 3:00:00 PM","FT","407","Championship","Northern-Ireland","2026","Regular Season - 9","Ards","Strabane Athletic","5338","22541","0","1","0","0",,,,,"0","1"
"1564872","2026-09-26","9/26/2026 3:00:00 PM","FT","407","Championship","Northern-Ireland","2026","Regular Season - 9","Armagh City","Dundela","11110","5342","0","2","0","0",,,,,"0","2"
"1564874","2026-09-26","9/26/2026 3:00:00 PM","FT","407","Championship","Northern-Ireland","2026","Regular Season - 9","Newington Youth","Ballinamallard United","11118","5339","4","0","3","0",,,,,"4","0"
"1564876","2026-09-26","9/26/2026 3:00:00 PM","FT","407","Championship","Northern-Ireland","2026","Regular Season - 9","Queen's University","Moyola Park","5349","11117","0","1","0","0",,,,,"0","1"
"1566610","2026-09-26","9/26/2026 3:00:00 PM","FT","733","I Liga - Women","Slovakia","2026","Regular Season - 7","Komárno W","Slovan Bratislava W","24078","10924","0","5","0","4",,,,,"0","5"
"1566799","2026-09-26","9/26/2026 3:00:00 PM","FT","938","Oberliga - Bayern Nord","Germany","2026","Bayern Nord - 12","Jahn Regensburg II","Weiden","12798","19760","3","1","1","1",,,,,"3","1"
"1568496","2026-09-26","9/26/2026 3:00:00 PM","FT","782","III Liga - Group 3","Poland","2026","Group III - 10","Carina Gubin","Stilon Gorzów","17401","6960","1","3","1","1",,,,,"1","3"
"1568500","2026-09-26","9/26/2026 3:00:00 PM","FT","782","III Liga - Group 3","Poland","2026","Group III - 10","Górnik Polkowice","Odra Bytom Odrzański","9132","21455","0","1","0","0",,,,,"0","1"
"1568805","2026-09-26","9/26/2026 3:00:00 PM","FT","781","III Liga - Group 2","Poland","2026","Group II - 10","Kotwica Kórnik","Grom Nowy Staw","24327","24786","1","3","1","2",,,,,"1","3"
"1568809","2026-09-26","9/26/2026 3:00:00 PM","FT","781","III Liga - Group 2","Poland","2026","Group II - 10","Flota Świnoujście","Unia Swarzędz","16246","16257","0","2","0","1",,,,,"0","2"
"1568810","2026-09-26","9/26/2026 3:00:00 PM","FT","781","III Liga - Group 2","Poland","2026","Group II - 10","Victoria Września","Lipno Stęszew","19723","26180","1","1","1","0",,,,,"1","1"
"1569109","2026-09-26","9/26/2026 3:00:00 PM","FT","780","III Liga - Group 1","Poland","2026","Group I - 10","Mazovia Minsk Mazowiecki","Wigry Suwałki","27901","3497","0","2","0","1",,,,,"0","2"
"1569110","2026-09-26","9/26/2026 3:00:00 PM","FT","780","III Liga - Group 1","Poland","2026","Group I - 10","Olimpia Elbląg","Lechia T. Mazowiecki","6945","16238","1","2","1","1",,,,,"1","2"
"1573860","2026-09-26","9/26/2026 3:00:00 PM","FT","223","Regionalliga - West","Austria","2026","West - 9","Kitzbühel","Rheindorf Altach II","4947","8256","4","0","2","0",,,,,"4","0"
"1573861","2026-09-26","9/26/2026 3:00:00 PM","FT","223","Regionalliga - West","Austria","2026","West - 9","Lauterach","SVG Reichenau","8255","4981","3","0","2","0",,,,,"3","0"
"1573863","2026-09-26","9/26/2026 3:00:00 PM","FT","223","Regionalliga - West","Austria","2026","West - 9","Schwaz","Dornbirn","4957","4255","3","0","1","0",,,,,"3","0"
"1573864","2026-09-26","9/26/2026 3:00:00 PM","FT","223","Regionalliga - West","Austria","2026","West - 9","Imst","Lochau","14709","8359","3","0","2","0",,,,,"3","0"
"1574110","2026-09-26","9/26/2026 3:00:00 PM","FT","221","Regionalliga - Ost","Austria","2026","Ost - 9","Fach-Donaufeld","Gloggnitz","8366","4941","4","0","3","0",,,,,"4","0"
"1574111","2026-09-26","9/26/2026 3:00:00 PM","FT","221","Regionalliga - Ost","Austria","2026","Ost - 9","Wienerberg","Scheiblingkirchen","5008","4982","1","3","0","0",,,,,"1","3"
"1574113","2026-09-26","9/26/2026 3:00:00 PM","FT","221","Regionalliga - Ost","Austria","2026","Ost - 9","Donau","Wiener SC","8365","4965","2","3","0","1",,,,,"2","3"
"1574354","2026-09-26","9/26/2026 3:00:00 PM","FT","510","1. Liga Promotion","Switzerland","2026","Regular Season - 9","Brühl","Paradiso","10587","12717","0","2","0","0",,,,,"0","2"
"1574359","2026-09-26","9/26/2026 3:00:00 PM","FT","510","1. Liga Promotion","Switzerland","2026","Regular Season - 9","Luzern II","Amical Saint-Prex","12706","16316","2","3","1","1",,,,,"2","3"
"1574360","2026-09-26","9/26/2026 3:00:00 PM","FT","510","1. Liga Promotion","Switzerland","2026","Regular Season - 9","YF Juventus","Kreuzlingen","6652","14504","1","1","0","0",,,,,"1","1"
"1574361","2026-09-26","9/26/2026 3:00:00 PM","FT","510","1. Liga Promotion","Switzerland","2026","Regular Season - 9","Young Boys II","Basel II","12698","10585","0","2","0","1",,,,,"0","2"
"1574362","2026-09-26","9/26/2026 3:00:00 PM","FT","510","1. Liga Promotion","Switzerland","2026","Regular Season - 9","Zürich II","Grand-Saconnex","10591","17415","1","2","1","1",,,,,"1","2"
"1574623","2026-09-26","9/26/2026 3:00:00 PM","FT","484","Frauenliga","Austria","2026","Regular Season - 8","First Vienna W","LASK W","17576","24440","2","3","1","0",,,,,"2","3"
"1578701","2026-09-26","9/26/2026 3:00:00 PM","FT","731","Football League - Lowland League","Scotland","2026","Regular Season","Auchinleck Talbot","Cumnock Juniors","6728","17768","4","0","0","0",,,,,"4","0"
"1578702","2026-09-26","9/26/2026 3:00:00 PM","FT","731","Football League - Lowland League","Scotland","2026","Regular Season","Beith","Largs Thistle","21900","27924","1","1","0","1",,,,,"1","1"
"1578703","2026-09-26","9/26/2026 3:00:00 PM","FT","731","Football League - Lowland League","Scotland","2026","Regular Season","Brechin","Dunipace","1390","15598","3","0","1","0",,,,,"3","0"
"1578704","2026-09-26","9/26/2026 3:00:00 PM","FT","731","Football League - Lowland League","Scotland","2026","Regular Season","Caledonian Braves","Newton Stewart","7433","6747","5","0","2","0",,,,,"5","0"
"1578705","2026-09-26","9/26/2026 3:00:00 PM","FT","731","Football League - Lowland League","Scotland","2026","Regular Season","Civil Service Strollers","Stirling University","7434","7450","3","2","2","1",,,,,"3","2"
"1578706","2026-09-26","9/26/2026 3:00:00 PM","FT","731","Football League - Lowland League","Scotland","2026","Regular Season","Dalbeattie Star","Gretna 2008","7437","7444","1","5","0","4",,,,,"1","5"
"1578707","2026-09-26","9/26/2026 3:00:00 PM","FT","731","Football League - Lowland League","Scotland","2026","Regular Season","East Stirlingshire","Broxburn Athletic","7439","6731","1","2","1","0",,,,,"1","2"
"1578708","2026-09-26","9/26/2026 3:00:00 PM","FT","731","Football League - Lowland League","Scotland","2026","Regular Season","Hill Of Beath Hawthorn","Lochee United","6742","6745","1","1","0","1",,,,,"1","1"
"1578709","2026-09-26","9/26/2026 3:00:00 PM","FT","731","Football League - Lowland League","Scotland","2026","Regular Season"," Johnstone Burgh","Renfrew","26605","27925","3","2","2","0",,,,,"3","2"
"1578710","2026-09-26","9/26/2026 3:00:00 PM","FT","731","Football League - Lowland League","Scotland","2026","Regular Season","Linlithgow Rose","Bo'ness United","6744","15597","4","1","1","0",,,,,"4","1"
"1578711","2026-09-26","9/26/2026 3:00:00 PM","FT","731","Football League - Lowland League","Scotland","2026","Regular Season","Musselburgh Athletic","Tranent Juniors","15600","15602","1","1","0","1",,,,,"1","1"
"1578712","2026-09-26","9/26/2026 3:00:00 PM","FT","731","Football League - Lowland League","Scotland","2026","Regular Season","Pollok","Albion Rovers","19794","6756","5","1","3","1",,,,,"5","1"
"1578713","2026-09-26","9/26/2026 3:00:00 PM","FT","731","Football League - Lowland League","Scotland","2026","Regular Season","Troon FC","Kilwinning Rangers","27926","19793","2","4","1","1",,,,,"2","4"
"1581134","2026-09-26","9/26/2026 3:00:00 PM","FT","750","Oberliga - Hessen","Germany","2026","Hessen - 11","Hadamar","Kassel 2","14550","27934","2","0","1","0",,,,,"2","0"
"1585245","2026-09-26","9/26/2026 3:00:00 PM","FT","43","National League","England","2026","Regular Season - 10","Aldershot Town","Tamworth","1818","7752","5","1","4","0",,,,,"5","1"
"1585246","2026-09-26","9/26/2026 3:00:00 PM","FT","43","National League","England","2026","Regular Season - 10","Altrincham","AFC Hornchurch","4700","7690","3","0","1","0",,,,,"3","0"
"1585247","2026-09-26","9/26/2026 3:00:00 PM","FT","43","National League","England","2026","Regular Season - 10","Boston United","AFC Fylde","8146","1839","0","1","0","0",,,,,"0","1"
"1585248","2026-09-26","9/26/2026 3:00:00 PM","FT","43","National League","England","2026","Regular Season - 10","Carlisle","Woking","1371","1836","2","5","1","1",,,,,"2","5"
"1585249","2026-09-26","9/26/2026 3:00:00 PM","FT","43","National League","England","2026","Regular Season - 10","Harrogate Town","Eastleigh","1842","1822","4","1","2","1",,,,,"4","1"
"1585250","2026-09-26","9/26/2026 3:00:00 PM","FT","43","National League","England","2026","Regular Season - 10","Kidderminster Harriers","Yeovil Town","4695","1377","0","1","0","0",,,,,"0","1"
"1585251","2026-09-26","9/26/2026 3:00:00 PM","FT","43","National League","England","2026","Regular Season - 10","Scunthorpe","Hartlepool","1340","1366","4","1","2","1",,,,,"4","1"
"1585252","2026-09-26","9/26/2026 3:00:00 PM","FT","43","National League","England","2026","Regular Season - 10","Solihull Moors","Boreham Wood","1834","1830","0","3","0","1",,,,,"0","3"
"1585253","2026-09-26","9/26/2026 3:00:00 PM","FT","43","National League","England","2026","Regular Season - 10","Southend","Barrow","1341","1819","2","4","0","0",,,,,"2","4"
"1585254","2026-09-26","9/26/2026 3:00:00 PM","FT","43","National League","England","2026","Regular Season - 10","Sutton Utd","Forest Green","1835","1378","3","3","0","1",,,,,"3","3"
"1585255","2026-09-26","9/26/2026 3:00:00 PM","FT","43","National League","England","2026","Regular Season - 10","Wealdstone","Gateshead","8663","1823","4","0","2","0",,,,,"4","0"
"1585256","2026-09-26","9/26/2026 3:00:00 PM","FT","43","National League","England","2026","Regular Season - 10","Worthing","FC Halifax Town","7761","1841","2","1","2","1",,,,,"2","1"
"1586885","2026-09-26","9/26/2026 3:00:00 PM","FT","85","Regionalliga - Nordost","Germany","2026","Nordost - 11","RSV Eintracht","Chemnitzer FC","14754","1328","0","4","0","3",,,,,"0","4"
"1587813","2026-09-26","9/26/2026 3:00:00 PM","FT","50","National League - North","England","2026","National League North - 10","AFC Telford United","King's Lynn Town","4688","8655","0","5","0","1",,,,,"0","5"
"1587814","2026-09-26","9/26/2026 3:00:00 PM","FT","50","National League - North","England","2026","National League North - 10","Bedford Town","Hereford","7616","4692","1","1","0","0",,,,,"1","1"
"1587815","2026-09-26","9/26/2026 3:00:00 PM","FT","50","National League - North","England","2026","National League North - 10","Brackley Town","Scarborough Athletic","4701","7745","1","1","1","0",,,,,"1","1"
"1587816","2026-09-26","9/26/2026 3:00:00 PM","FT","50","National League - North","England","2026","National League North - 10","Chester","Worksop Town","1820","7266","4","1","1","0",,,,,"4","1"
"1587817","2026-09-26","9/26/2026 3:00:00 PM","FT","50","National League - North","England","2026","National League North - 10","Chorley","Spalding United","4679","7671","2","1","0","0",,,,,"2","1"
"1587818","2026-09-26","9/26/2026 3:00:00 PM","FT","50","National League - North","England","2026","National League North - 10","Darlington 1883","Hebburn Town","10157","8822","1","1","1","0",,,,,"1","1"
"1587819","2026-09-26","9/26/2026 3:00:00 PM","FT","50","National League - North","England","2026","National League North - 10","Hednesford Town","Radcliffe","7721","7740","4","1","3","1",,,,,"4","1"
"1587820","2026-09-26","9/26/2026 3:00:00 PM","FT","50","National League - North","England","2026","National League North - 10","Macclesfield","Harborough Town","1380","8812","1","0","1","0",,,,,"1","0"
"1587821","2026-09-26","9/26/2026 3:00:00 PM","FT","50","National League - North","England","2026","National League North - 10","Merthyr Town","Marine","7732","7656","1","2","0","1",,,,,"1","2"
"1587822","2026-09-26","9/26/2026 3:00:00 PM","FT","50","National League - North","England","2026","National League North - 10","Oxford City","Morecambe","4684","1375","1","1","0","0",,,,,"1","1"
"1587823","2026-09-26","9/26/2026 3:00:00 PM","FT","50","National League - North","England","2026","National League North - 10","Southport","Spennymoor Town","1826","4707","2","2","2","0",,,,,"2","2"
"1587824","2026-09-26","9/26/2026 3:00:00 PM","FT","50","National League - North","England","2026","National League North - 10","South Shields","Buxton","7746","7706","4","0","2","0",,,,,"4","0"
"1588365","2026-09-26","9/26/2026 3:00:00 PM","FT","51","National League - South","England","2026","National League South - 10","Billericay Town","Torquay","4678","1827","3","0","2","0",,,,,"3","0"
"1588366","2026-09-26","9/26/2026 3:00:00 PM","FT","51","National League - South","England","2026","National League South - 10","Chelmsford City","Horsham","4689","7723","0","0","0","0",,,,,"0","0"
"1588367","2026-09-26","9/26/2026 3:00:00 PM","FT","51","National League - South","England","2026","National League South - 10","Chesham United","Maidenhead","4702","1838","0","4","0","1",,,,,"0","4"
"1588368","2026-09-26","9/26/2026 3:00:00 PM","FT","51","National League - South","England","2026","National League South - 10","Dagenham & Redbridge","Hampton & Richmond","1821","4680","1","0","0","0",,,,,"1","0"
"1588369","2026-09-26","9/26/2026 3:00:00 PM","FT","51","National League - South","England","2026","National League South - 10","Dorking Wanderers","Braintree","8659","1831","4","3","2","2",,,,,"4","3"
"1588370","2026-09-26","9/26/2026 3:00:00 PM","FT","51","National League - South","England","2026","National League South - 10","Dover","AFC Totton","1829","7612","2","0","2","0",,,,,"2","0"
"1588371","2026-09-26","9/26/2026 3:00:00 PM","FT","51","National League - South","England","2026","National League South - 10","Farnham Town","Weston-super-Mare","8783","4687","3","2","3","1",,,,,"3","2"
"1588372","2026-09-26","9/26/2026 3:00:00 PM","FT","51","National League - South","England","2026","National League South - 10","Maidstone Utd","Truro City","1825","4699","1","2","1","0",,,,,"1","2"
"1588373","2026-09-26","9/26/2026 3:00:00 PM","FT","51","National League - South","England","2026","National League South - 10","Salisbury","Folkestone Invicta","7744","7716","2","0","2","0",,,,,"2","0"
"1588374","2026-09-26","9/26/2026 3:00:00 PM","FT","51","National League - South","England","2026","National League South - 10","Slough Town","Hemel Hempstead Town","4685","8660","0","2","0","1",,,,,"0","2"
"1588375","2026-09-26","9/26/2026 3:00:00 PM","FT","51","National League - South","England","2026","National League South - 10","Tonbridge Angels","Ebbsfleet United","8662","1840","1","2","1","2",,,,,"1","2"
"1588376","2026-09-26","9/26/2026 3:00:00 PM","FT","51","National League - South","England","2026","National League South - 10","Walton & Hersham","Farnborough","8986","7715","2","2","1","1",,,,,"2","2"
"1589716","2026-09-26","9/26/2026 3:00:00 PM","FT","794","3. SNL - East","Slovenia","2026","East - 7","Ljutomer","Šmartno","20344","12904","1","2","0","1",,,,,"1","2"
"1589719","2026-09-26","9/26/2026 3:00:00 PM","FT","794","3. SNL - East","Slovenia","2026","East - 7","Podvinci","Rače","16304","20192","0","1","0","0",,,,,"0","1"
"1589720","2026-09-26","9/26/2026 3:00:00 PM","FT","794","3. SNL - East","Slovenia","2026","East - 7","Limbuš Pekre","Korotan Prevalje","20161","16303","1","3","1","2",,,,,"1","3"
"1589769","2026-09-26","9/26/2026 3:00:00 PM","FT","794","3. SNL - East","Slovenia","2026","East - 7","Fužinar","NK Ormoz","4373","27991","4","3","2","1",,,,,"4","3"
"1589820","2026-09-26","9/26/2026 3:00:00 PM","FT","795","3. SNL - West","Slovenia","2026","West - 7","Litija","Adria","20163","14451","3","0","0","0",,,,,"3","0"
"1589823","2026-09-26","9/26/2026 3:00:00 PM","FT","795","3. SNL - West","Slovenia","2026","West - 7","Šobec Lesce","Vipava","16314","16311","2","3","1","3",,,,,"2","3"
"1589824","2026-09-26","9/26/2026 3:00:00 PM","FT","795","3. SNL - West","Slovenia","2026","West - 7","Zidgrad Idrija","Dob","20140","4371","1","3","0","0",,,,,"1","3"
"1590172","2026-09-26","9/26/2026 3:00:00 PM","FT","211","First NL","Croatia","2026","Regular Season - 7","Dubrava Zagreb","Bsk Bijelo Brdo","6255","1487","0","1","0","1",,,,,"0","1"
"1590173","2026-09-26","9/26/2026 3:00:00 PM","FT","211","First NL","Croatia","2026","Regular Season - 7","Hrvace","Orijent 1919","6241","6256","3","0","1","0",,,,,"3","0"
"1590174","2026-09-26","9/26/2026 3:00:00 PM","FT","211","First NL","Croatia","2026","Regular Season - 7","Jadran LP","Kustosija","5708","1481","1","0","0","0",,,,,"1","0"
"1591985","2026-09-26","9/26/2026 3:00:00 PM","FT","1041","Júniores U19","Portugal","2026","Regular Season - 12","Famalicão U19","Vitoria Guimaraes U19","22394","22520","3","1","2","0",,,,,"3","1"
"1592016","2026-09-26","9/26/2026 3:00:00 PM","FT","1041","Júniores U19","Portugal","2026","Regular Season - 6","Vizela U19","Academico Viseu U19","22522","22505","1","7","1","5",,,,,"1","7"
"1593609","2026-09-26","9/26/2026 3:00:00 PM","FT","182","Challenge Cup","Scotland","2026","Group Stage - 5","Airdrie United","Berwick Rangers","4668","6759","7","1","3","0",,,,,"7","1"
"1593610","2026-09-26","9/26/2026 3:00:00 PM","FT","182","Challenge Cup","Scotland","2026","Group Stage - 5","Alloa Athletic","Gala Fairydean Rovers","1391","7443","2","2","0","1",,,,,"2","2"
"1593611","2026-09-26","9/26/2026 3:00:00 PM","FT","182","Challenge Cup","Scotland","2026","Group Stage - 5","Annan Athletic","Hibernian U21","6757","6772","2","1","2","0",,,,,"2","1"
"1593612","2026-09-26","9/26/2026 3:00:00 PM","FT","182","Challenge Cup","Scotland","2026","Group Stage - 5","Bonnyrigg Rose Athletic","Motherwell U21","7431","6776","3","0","2","0",,,,,"3","0"
"1593613","2026-09-26","9/26/2026 3:00:00 PM","FT","182","Challenge Cup","Scotland","2026","Group Stage - 5","Clachnacuddin","Celtic II","7435","16845","3","3","0","1",,,,,"3","3"
"1593614","2026-09-26","9/26/2026 3:00:00 PM","FT","182","Challenge Cup","Scotland","2026","Group Stage - 5","Cove Rangers","Aberdeen U21","6763","6755","2","1","0","1",,,,,"2","1"
"1593615","2026-09-26","9/26/2026 3:00:00 PM","FT","182","Challenge Cup","Scotland","2026","Group Stage - 5","Cowdenbeath","Clyde","4667","6762","1","3","0","1",,,,,"1","3"
"1593616","2026-09-26","9/26/2026 3:00:00 PM","FT","182","Challenge Cup","Scotland","2026","Group Stage - 5","Cumbernauld Colts","St. Mirren U21","7436","6783","2","4","0","3",,,,,"2","4"
"1593617","2026-09-26","9/26/2026 3:00:00 PM","FT","182","Challenge Cup","Scotland","2026","Group Stage - 5","Dumbarton","Banks O' Dee","1382","6729","3","2","2","1",,,,,"3","2"
"1593618","2026-09-26","9/26/2026 3:00:00 PM","FT","182","Challenge Cup","Scotland","2026","Group Stage - 5","East Fife","Clydebank","6764","17025","0","2","0","2",,,,,"0","2"
"1593619","2026-09-26","9/26/2026 3:00:00 PM","FT","182","Challenge Cup","Scotland","2026","Group Stage - 5","Forfar Athletic","Dundee United II","4250","16852","2","1","2","0",,,,,"2","1"
"1593620","2026-09-26","9/26/2026 3:00:00 PM","FT","182","Challenge Cup","Scotland","2026","Group Stage - 5","Formartine United","Edinburgh City","6768","6766","2","0","0","0",,,,,"2","0"
"1593621","2026-09-26","9/26/2026 3:00:00 PM","FT","182","Challenge Cup","Scotland","2026","Group Stage - 5","Fraserburgh","Stirling Albion","6769","4669","4","3","3","3",,,,,"4","3"
"1593622","2026-09-26","9/26/2026 3:00:00 PM","FT","182","Challenge Cup","Scotland","2026","Group Stage - 5","Hamilton Academical","Kilmarnock II","248","19158","3","0","2","0",,,,,"3","0"
"1593623","2026-09-26","9/26/2026 3:00:00 PM","FT","182","Challenge Cup","Scotland","2026","Group Stage - 5","Kelty Hearts","Montrose","6773","4251","2","1","1","1",,,,,"2","1"
"1593624","2026-09-26","9/26/2026 3:00:00 PM","FT","182","Challenge Cup","Scotland","2026","Group Stage - 5","Peterhead","Elgin City","6777","6767","0","1","0","1",,,,,"0","1"
"1593626","2026-09-26","9/26/2026 3:00:00 PM","FT","182","Challenge Cup","Scotland","2026","Group Stage - 5","Ross County","Hearts U21","902","6771","14","0","6","0",,,,,"14","0"
"1593628","2026-09-26","9/26/2026 3:00:00 PM","FT","182","Challenge Cup","Scotland","2026","Group Stage - 5","Stranraer","East Kilbride","6785","6765","4","3","2","2",,,,,"4","3"
"1593900","2026-09-26","9/26/2026 3:00:00 PM","FT","633","NB III - Northeast","Hungary","2026","Northeast - 9","Gödöllő","Tiszaújváros","11701","5149","0","1","0","0",,,,,"0","1"
"1593901","2026-09-26","9/26/2026 3:00:00 PM","FT","633","NB III - Northeast","Hungary","2026","Northeast - 9","Mátészalka","Ózd Sajóvölgye","11760","26196","2","1","1","0",,,,,"2","1"
"1593907","2026-09-26","9/26/2026 3:00:00 PM","FT","633","NB III - Northeast","Hungary","2026","Northeast - 9","Salgótarjáni BTC","Füzesabony","5134","24493","0","1","0","0",,,,,"0","1"
"1594140","2026-09-26","9/26/2026 3:00:00 PM","FT","635","NB III - Northwest","Hungary","2026","Northwest - 9","Bicskei","Komárom","7536","5113","4","5","1","4",,,,,"4","5"
"1594142","2026-09-26","9/26/2026 3:00:00 PM","FT","635","NB III - Northwest","Hungary","2026","Northwest - 9","Gyori ETO II","Zalaegerszegi TE II","11851","11859","3","1","0","0",,,,,"3","1"
"1594145","2026-09-26","9/26/2026 3:00:00 PM","FT","635","NB III - Northwest","Hungary","2026","Northwest - 9","Sárisápi Bányász","Király SZE","5140","5112","1","1","0","0",,,,,"1","1"
"1594146","2026-09-26","9/26/2026 3:00:00 PM","FT","635","NB III - Northwest","Hungary","2026","Northwest - 9","SC Sopron","Veszprém","7557","7569","1","1","0","1",,,,,"1","1"
"1594147","2026-09-26","9/26/2026 3:00:00 PM","FT","635","NB III - Northwest","Hungary","2026","Northwest - 9","Tatabánya","1908 SZAC","5145","5068","3","1","3","0",,,,,"3","1"
"1594380","2026-09-26","9/26/2026 3:00:00 PM","FT","1023","NB III - Southeast","Hungary","2026","Southeast - 9","Csepel","Szeged-Csanád II","5081","21857","1","1","0","0",,,,,"1","1"
"1594381","2026-09-26","9/26/2026 3:00:00 PM","FT","1023","NB III - Southeast","Hungary","2026","Southeast - 9","III. Kerületi TUE","Szegedi VSE","5102","7561","1","0","1","0",,,,,"1","0"
"1594620","2026-09-26","9/26/2026 3:00:00 PM","FT","634","NB III - Southwest","Hungary","2026","Southwest - 9","Budafoki LC","Dunaharaszti MTK","2399","5085","2","4","1","0",,,,,"2","4"
"1594621","2026-09-26","9/26/2026 3:00:00 PM","FT","634","NB III - Southwest","Hungary","2026","Southwest - 9","Iváncsa","Érdi VSE","5104","5153","4","1","0","0",,,,,"4","1"
"1594622","2026-09-26","9/26/2026 3:00:00 PM","FT","634","NB III - Southwest","Hungary","2026","Southwest - 9","Kaposvar","Ferencváros II","2407","11861","2","2","2","0",,,,,"2","2"
"1594623","2026-09-26","9/26/2026 3:00:00 PM","FT","634","NB III - Southwest","Hungary","2026","Southwest - 9","Sárbogárd","Budaörs","7562","10162","1","1","1","1",,,,,"1","1"
"1594626","2026-09-26","9/26/2026 3:00:00 PM","FT","634","NB III - Southwest","Hungary","2026","Southwest - 9","PTE-PEAC","Pécsi MFC","5127","5130","1","1","1","0",,,,,"1","1"
"1595237","2026-09-26","9/26/2026 3:00:00 PM","FT","946","Second NL","Croatia","2026","Regular Season - 6","Bjelovar","Varteks Varaždin","5705","8599","1","1","1","1",,,,,"1","1"
"1595239","2026-09-26","9/26/2026 3:00:00 PM","FT","946","Second NL","Croatia","2026","Regular Season - 6","Dugo Selo","Inter Zapresic","8602","1020","3","0","0","0",,,,,"3","0"
"1595240","2026-09-26","9/26/2026 3:00:00 PM","FT","946","Second NL","Croatia","2026","Regular Season - 6","Jarun","Grobničan Čavle","8605","8580","3","0","1","0",,,,,"3","0"
"1595242","2026-09-26","9/26/2026 3:00:00 PM","FT","946","Second NL","Croatia","2026","Regular Season - 6","Lucko","Zagora","1477","5731","1","3","0","2",,,,,"1","3"
"1595243","2026-09-26","9/26/2026 3:00:00 PM","FT","946","Second NL","Croatia","2026","Regular Season - 6","Solin","Trnje","1480","8607","3","1","1","0",,,,,"3","1"
"1598924","2026-09-26","9/26/2026 3:00:00 PM","FT","752","Oberliga - Rheinland-Pfalz / Saar","Germany","2026","Rheinland-Pfalz/Saar - 10","Eisbachtal","Gau-Odernheim","16108","26168","0","2","0","2",,,,,"0","2"
"1603797","2026-09-26","9/26/2026 3:00:00 PM","FT","178","Third League - Southwest","Bulgaria","2026","Southwest - 9","Botev Ihtiman","FK Minyor Pernik","6390","6392","0","2","0","1",,,,,"0","2"
"1603798","2026-09-26","9/26/2026 3:00:00 PM","FT","178","Third League - Southwest","Bulgaria","2026","Southwest - 9","Kostinbrod","Balkan Botevgrad","17312","6389","0","1","0","0",,,,,"0","1"
"1603799","2026-09-26","9/26/2026 3:00:00 PM","FT","178","Third League - Southwest","Bulgaria","2026","Southwest - 9","Kyustendil","Bansko","8542","1407","0","3","0","1",,,,,"0","3"
"1603800","2026-09-26","9/26/2026 3:00:00 PM","FT","178","Third League - Southwest","Bulgaria","2026","Southwest - 9","Levski Sofia II","Natsional Sofia","19831","22250","0","0","0","0",,,,,"0","0"
"1603801","2026-09-26","9/26/2026 3:00:00 PM","FT","178","Third League - Southwest","Bulgaria","2026","Southwest - 9","Septemvri Simitli","Oborishte","8548","1411","1","3","1","1",,,,,"1","3"
"1603802","2026-09-26","9/26/2026 3:00:00 PM","FT","178","Third League - Southwest","Bulgaria","2026","Southwest - 9","Septemvri Sofia II","Chavdar Etropole","17314","8541","0","1","0","0",,,,,"0","1"
"1603803","2026-09-26","9/26/2026 3:00:00 PM","FT","178","Third League - Southwest","Bulgaria","2026","Southwest - 9","Slavia Sofia II","Pirin Razlog","19832","8546","5","0","1","0",,,,,"5","0"
"1603804","2026-09-26","9/26/2026 3:00:00 PM","FT","178","Third League - Southwest","Bulgaria","2026","Southwest - 9","Slivnishki geroy","CSKA Sofia III","8549","24521","1","1","0","1",,,,,"1","1"
"1603805","2026-09-26","9/26/2026 3:00:00 PM","FT","178","Third League - Southwest","Bulgaria","2026","Southwest - 9","Strumska Slava","Belasitsa","1421","8540","2","1","1","0",,,,,"2","1"
"1604256","2026-09-26","9/26/2026 3:00:00 PM","FT","749","Oberliga - Bremen","Germany","2026","Bremen - 8","Blumenthaler SV","Oberneuland","16091","4263","2","0","1","0",,,,,"2","0"
"1604864","2026-09-26","9/26/2026 3:00:00 PM","FT","599","1. Liga Classic - Group 1","Switzerland","2026","Group 1 - 8","Portalban / Gletterens","Chênois","16337","12692","1","1","0","1",,,,,"1","1"
"1605928","2026-09-26","9/26/2026 3:00:00 PM","FT","460","Campeonato de Portugal Prio - Group D","Portugal","2026","Group D - 2","Real","FC Serpa","10149","17442","1","1","0","0",,,,,"1","1"
"1606160","2026-09-26","9/26/2026 3:00:00 PM","FT","177","Third League - Southeast","Bulgaria","2026","Southeast - 8","Gigant Saedinenie","Levski Krumovgrad","8532","17306","0","2","0","2",,,,,"0","2"
"1606161","2026-09-26","9/26/2026 3:00:00 PM","FT","177","Third League - Southeast","Bulgaria","2026","Southeast - 8","Maritsa Plovdiv","Levski Karlovo","1423","1408","1","2","1","2",,,,,"1","2"
"1606162","2026-09-26","9/26/2026 3:00:00 PM","FT","177","Third League - Southeast","Bulgaria","2026","Southeast - 8","Sayana Haskovo","Atletik Kuklen","17308","5023","2","0","2","0",,,,,"2","0"
"1606163","2026-09-26","9/26/2026 3:00:00 PM","FT","177","Third League - Southeast","Bulgaria","2026","Southeast - 8","Rozova dolina","Dimitrovgrad","8537","8531","2","2","2","1",,,,,"2","2"
"1606164","2026-09-26","9/26/2026 3:00:00 PM","FT","177","Third League - Southeast","Bulgaria","2026","Southeast - 8","Sozopol","Sekirovo Rakovski","1412","21863","3","2","1","1",,,,,"3","2"
"1606166","2026-09-26","9/26/2026 3:00:00 PM","FT","177","Third League - Southeast","Bulgaria","2026","Southeast - 8","Yambol 1915","Neftochimic Burgas","8539","1425","0","2","0","0",,,,,"0","2"
"1606167","2026-09-26","9/26/2026 3:00:00 PM","FT","177","Third League - Southeast","Bulgaria","2026","Southeast - 8","Zagorets","Botev Plovdiv II","6399","16963","0","3","0","2",,,,,"0","3"
"1608079","2026-09-26","9/26/2026 3:00:00 PM","FT","1239","Regionalliga - North","Austria","2026","North - 10","Leonfelden","LASK Juniors","27885","11225","0","4","0","2",,,,,"0","4"
"1609673","2026-09-26","9/26/2026 3:00:00 PM","FT","601","1. Liga Classic - Group 3","Switzerland","2026","Group 3 - 8","Dietikon","Thalwil","12712","12719","1","1","0","0",,,,,"1","1"
"1609674","2026-09-26","9/26/2026 3:00:00 PM","FT","601","1. Liga Classic - Group 3","Switzerland","2026","Group 3 - 8","Taverne","Gossau","6648","12714","5","0","1","0",,,,,"5","0"
"1609675","2026-09-26","9/26/2026 3:00:00 PM","FT","601","1. Liga Classic - Group 3","Switzerland","2026","Group 3 - 8","Tuggen","Kosova","12720","12716","0","0","0","0",,,,,"0","0"
"1609676","2026-09-26","9/26/2026 3:00:00 PM","FT","601","1. Liga Classic - Group 3","Switzerland","2026","Group 3 - 8","Wettswil-Bonstetten","Mendrisio","6650","16354","1","1","1","1",,,,,"1","1"
"1609914","2026-09-26","9/26/2026 3:00:00 PM","FT","317","1st League - RS","Bosnia","2026","RS - 8","Famos Vojkovići","Velež Nevesinje","19561","15290","2","0","2","0",,,,,"2","0"
"1609915","2026-09-26","9/26/2026 3:00:00 PM","FT","317","1st League - RS","Bosnia","2026","RS - 8","Kozara Gradiška","Sutjeska Foča","3369","4285","1","0","1","0",,,,,"1","0"
"1609916","2026-09-26","9/26/2026 3:00:00 PM","FT","317","1st League - RS","Bosnia","2026","RS - 8","Laktaši","Rudar Prijedor","19562","3377","3","0","2","0",,,,,"3","0"
"1609917","2026-09-26","9/26/2026 3:00:00 PM","FT","317","1st League - RS","Bosnia","2026","RS - 8","FK Majevica Lopare","FK Romanija Pale","26989","21737","5","1","2","0",,,,,"5","1"
"1609918","2026-09-26","9/26/2026 3:00:00 PM","FT","317","1st League - RS","Bosnia","2026","RS - 8","Zvijezda 09","Slavija","3362","3378","1","2","0","1",,,,,"1","2"
"1610103","2026-09-26","9/26/2026 3:00:00 PM","FT","600","1. Liga Classic - Group 2","Switzerland","2026","Group 2 - 8","Courtételle","Solothurn","17480","12709","1","3","0","2",,,,,"1","3"
"1610104","2026-09-26","9/26/2026 3:00:00 PM","FT","600","1. Liga Classic - Group 2","Switzerland","2026","Group 2 - 8","Thun II","Schötz","16348","12708","1","5","1","4",,,,,"1","5"
"1613648","2026-09-26","9/26/2026 3:00:00 PM","FT","442","Tercera División RFEF - Group 4","Spain","2026","Group 4 - 4","Deportivo Alavés III","Touring","22134","20261","1","2","0","2",,,,,"1","2"
"1614262","2026-09-26","9/26/2026 3:00:00 PM","FT","444","Tercera División RFEF - Group 6","Spain","2026","Group 6 - 4","Eldense B","Torrent","28103","15348","3","1","2","0",,,,,"3","1"
"1614572","2026-09-26","9/26/2026 3:00:00 PM","FT","445","Tercera División RFEF - Group 7","Spain","2026","Group 7 - 4","Real Aranjuez","Trival Valderas","15352","9718","1","2","0","0",,,,,"1","2"
"1614879","2026-09-26","9/26/2026 3:00:00 PM","FT","446","Tercera División RFEF - Group 8","Spain","2026","Group 8 - 4","Unionistas II","Turégano","26546","20449","0","0","0","0",,,,,"0","0"
"1615486","2026-09-26","9/26/2026 3:00:00 PM","FT","448","Tercera División RFEF - Group 10","Spain","2026","Group 10 - 4","Cádiz II","Pozoblanco","9598","9763","0","1","0","0",,,,,"0","1"
"1617015","2026-09-26","9/26/2026 3:00:00 PM","FT","453","Tercera División RFEF - Group 15","Spain","2026","Group 15 - 4","Beti Onak","San Juan","9845","9855","1","1","0","0",,,,,"1","1"
"1617016","2026-09-26","9/26/2026 3:00:00 PM","FT","453","Tercera División RFEF - Group 15","Spain","2026","Group 15 - 4","Cortes","Pamplona","9849","9854","0","0","0","0",,,,,"0","0"
"1617935","2026-09-26","9/26/2026 3:00:00 PM","FT","456","Tercera División RFEF - Group 18","Spain","2026","Group 18 - 4","Guadalajara II","Tarancón","26555","9907","2","6","2","5",,,,,"2","6"
"1619442","2026-09-26","9/26/2026 3:00:00 PM","FT","1195","Liga E Pare","Kosovo","2026","Regular Season - 7","Liria Prizren","Ramiz Sadiku","14402","15579","1","0","0","0",,,,,"1","0"
"1619443","2026-09-26","9/26/2026 3:00:00 PM","FT","1195","Liga E Pare","Kosovo","2026","Regular Season - 7","Prishtina e Re","Mitrovica","22816","26099","4","1","1","0",,,,,"4","1"
"1619446","2026-09-26","9/26/2026 3:00:00 PM","FT","1195","Liga E Pare","Kosovo","2026","Regular Season - 7","Trepça'89","Vëllaznimi","3885","15582","1","1","0","0",,,,,"1","1"
"1619447","2026-09-26","9/26/2026 3:00:00 PM","FT","1195","Liga E Pare","Kosovo","2026","Regular Season - 7","Vjosa","Istogu","20690","15572","1","1",,,,,,,"1","1"
"1629370","2026-09-26","9/26/2026 3:00:00 PM","FT","947","DFB Pokal - Women","Germany","2026","Round of 32","Bochum W","Werder Bremen W","20473","1870","0","1","0","1",,,,,"0","1"
"1632852","2026-09-26","9/26/2026 3:00:00 PM","FT","784","Liga III - Serie 1","Romania","2026","Group 1 - 6","Ceahlăul Piatra Neamţ","Aerostar Bacau","6852","2593","0","3","0","2",,,,,"0","3"
"1632853","2026-09-26","9/26/2026 3:00:00 PM","FT","784","Liga III - Serie 1","Romania","2026","Group 1 - 6","Paşcani","Odorheiu Secuiesc","6887","6883","1","1","1","0",,,,,"1","1"
"1632854","2026-09-26","9/26/2026 3:00:00 PM","FT","784","Liga III - Serie 1","Romania","2026","Group 1 - 6","FC Bacău II","CSM Adjud","26675","21665","0","6","0","4",,,,,"0","6"
"1632855","2026-09-26","9/26/2026 3:00:00 PM","FT","784","Liga III - Serie 1","Romania","2026","Group 1 - 6","Târgu Secuiesc","Bradul Putna","6909","28038","3","1","2","0",,,,,"3","1"
"1632856","2026-09-26","9/26/2026 3:00:00 PM","FT","784","Liga III - Serie 1","Romania","2026","Group 1 - 6","USV Iaşi","Gheorgheni","21678","7473","2","0","1","0",,,,,"2","0"
"1632857","2026-09-26","9/26/2026 3:00:00 PM","FT","784","Liga III - Serie 1","Romania","2026","Group 1 - 6","Viitorul Onesti","CSM FC Vaslui","6923","7467","1","3","0","2",,,,,"1","3"
"1632986","2026-09-26","9/26/2026 3:00:00 PM","FT","785","Liga III - Serie 2","Romania","2026","Group 2 - 6","Baicoi","Sepsi II","24839","16294","4","0","2","0",,,,,"4","0"
"1632988","2026-09-26","9/26/2026 3:00:00 PM","FT","785","Liga III - Serie 2","Romania","2026","Group 2 - 6","Olimpic Zărneşti","Inter Sibiu","14588","26845","2","7","1","3",,,,,"2","7"
"1632989","2026-09-26","9/26/2026 3:00:00 PM","FT","785","Liga III - Serie 2","Romania","2026","Group 2 - 6","Valenii de Munte","Kids Tâmpa Braşov","26208","16292","3","0","2","0",,,,,"3","0"
"1633117","2026-09-26","9/26/2026 3:00:00 PM","FT","786","Liga III - Serie 3","Romania","2026","Group 3 - 6","Pucioasa","Râmnicu Sărat","6893","6897","3","0","1","0",,,,,"3","0"
"1633119","2026-09-26","9/26/2026 3:00:00 PM","FT","786","Liga III - Serie 3","Romania","2026","Group 3 - 6","Progresul Draganesti","Urban Titu","28331","24379","2","2","1","1",,,,,"2","2"
"1633121","2026-09-26","9/26/2026 3:00:00 PM","FT","786","Liga III - Serie 3","Romania","2026","Group 3 - 6","Voința Crevedia","Plopeni","26678","16293","0","1","0","0",,,,,"0","1"
"1633248","2026-09-26","9/26/2026 3:00:00 PM","FT","787","Liga III - Serie 4","Romania","2026","Group 4 - 6","Agigea","Înainte Modelu","24359","6932","0","1","0","0",,,,,"0","1"
"1633249","2026-09-26","9/26/2026 3:00:00 PM","FT","787","Liga III - Serie 4","Romania","2026","Group 4 - 6","Gloria Băneasa","Agricola Borcea","21430","6841","1","3","0","0",,,,,"1","3"
"1633250","2026-09-26","9/26/2026 3:00:00 PM","FT","787","Liga III - Serie 4","Romania","2026","Group 4 - 6","Portul Constanta","Dunarea Calarasi","28330","2582","1","2","1","2",,,,,"1","2"
"1633251","2026-09-26","9/26/2026 3:00:00 PM","FT","787","Liga III - Serie 4","Romania","2026","Group 4 - 6","Recolta Gheorghe Doja","Progresul Fundulea","14592","19180","2","1","2","1",,,,,"2","1"
"1633252","2026-09-26","9/26/2026 3:00:00 PM","FT","787","Liga III - Serie 4","Romania","2026","Group 4 - 6","Sporting Lieşti","FC Oţelul II","6899","26676","6","1","3","1",,,,,"6","1"
"1633253","2026-09-26","9/26/2026 3:00:00 PM","FT","787","Liga III - Serie 4","Romania","2026","Group 4 - 6","Unirea Braniştea","Axiopolis","19186","6847","3","4","1","3",,,,,"3","4"
"1633382","2026-09-26","9/26/2026 3:00:00 PM","FT","788","Liga III - Serie 5","Romania","2026","Group 5 - 6","Progresul Mogosoaia","Cetatea","26677","19174","3","3","1","1",,,,,"3","3"
"1633383","2026-09-26","9/26/2026 3:00:00 PM","FT","788","Liga III - Serie 5","Romania","2026","Group 5 - 6","Omega Sport","Dunărea 2020 Giurgiu","28326","14582","1","1","1","0",,,,,"1","1"
"1633385","2026-09-26","9/26/2026 3:00:00 PM","FT","788","Liga III - Serie 5","Romania","2026","Group 5 - 6","Progresul Spartac","FCSB II","6892","16287","2","1","1","1",,,,,"2","1"
"1633514","2026-09-26","9/26/2026 3:00:00 PM","FT","789","Liga III - Serie 6","Romania","2026","Group 6 - 6","CS U Craiova II","Unirea Bascov","16296","6912","1","1","1","0",,,,,"1","1"
"1633515","2026-09-26","9/26/2026 3:00:00 PM","FT","789","Liga III - Serie 6","Romania","2026","Group 6 - 6","Oltul Curtişoara","CS Drobeta-Turnu Severin","19179","28322","2","0","1","0",,,,,"2","0"
"1633516","2026-09-26","9/26/2026 3:00:00 PM","FT","789","Liga III - Serie 6","Romania","2026","Group 6 - 6","Vulturii Fărcăşeşti","Minerul Lupeni","21684","24371","2","1","2","0",,,,,"2","1"
"1633517","2026-09-26","9/26/2026 3:00:00 PM","FT","789","Liga III - Serie 6","Romania","2026","Group 6 - 6","Jiul Petroşani","Petrolul Hartiesti","14586","28328","5","0","2","0",,,,,"5","0"
"1633644","2026-09-26","9/26/2026 3:00:00 PM","FT","790","Liga III - Serie 7","Romania","2026","Group 7 - 6","CIL Blaj","Cetate Deva","24841","6853","5","5","2","3",,,,,"5","5"
"1633645","2026-09-26","9/26/2026 3:00:00 PM","FT","790","Liga III - Serie 7","Romania","2026","Group 7 - 6","Ghiroda şi Giarmata Vii","Poli Timisoara 2","6865","28329","1","0","0","0",,,,,"1","0"
"1633646","2026-09-26","9/26/2026 3:00:00 PM","FT","790","Liga III - Serie 7","Romania","2026","Group 7 - 6","Metalurgistul Cugir","Viitorul Arad","6876","21680","1","3","1","2",,,,,"1","3"
"1633647","2026-09-26","9/26/2026 3:00:00 PM","FT","790","Liga III - Serie 7","Romania","2026","Group 7 - 6","Unirea Sântana","Progresul Pecica","26682","7483","4","1","2","0",,,,,"4","1"
"1633649","2026-09-26","9/26/2026 3:00:00 PM","FT","790","Liga III - Serie 7","Romania","2026","Group 7 - 6","Unirea Alba Iulia","Nera Bogodinţi","6911","19178","10","0","4","0",,,,,"10","0"
"1633776","2026-09-26","9/26/2026 3:00:00 PM","FT","791","Liga III - Serie 8","Romania","2026","Group 8 - 6","Minaur Baia Mare","Viitorul Cluj","6878","19851","2","2","1","1",,,,,"2","2"
"1633778","2026-09-26","9/26/2026 3:00:00 PM","FT","791","Liga III - Serie 8","Romania","2026","Group 8 - 6","Crişul Sântandrei","Bihorul Beiuş","19172","24362","2","1","2","0",,,,,"2","1"
"1633779","2026-09-26","9/26/2026 3:00:00 PM","FT","791","Liga III - Serie 8","Romania","2026","Group 8 - 6","Sighetu Marmaţiei","SCM Zalău","14593","7488","0","2","0","0",,,,,"0","2"
"1633780","2026-09-26","9/26/2026 3:00:00 PM","FT","791","Liga III - Serie 8","Romania","2026","Group 8 - 6","Transilvania Sport Academy","Unirea Dej","28325","6914","0","0","0","0",,,,,"0","0"
"1633781","2026-09-26","9/26/2026 3:00:00 PM","FT","791","Liga III - Serie 8","Romania","2026","Group 8 - 6","Unirea Tășnad","Academica Recea","6917","21662","1","2","0","1",,,,,"1","2"
"1635427","2026-09-26","9/26/2026 3:00:00 PM","FT","247","Kakkonen - Lohko A","Finland","2026","Group A","Reipas","MyPa","9179","2243","7","1","3","0",,,,,"7","1"
"1635480","2026-09-26","9/26/2026 3:00:00 PM","FT","249","Kakkonen - Lohko C","Finland","2026","Group C","JS Hercules","Vaajakoski","6073","9201","2","2","0","0",,,,,"2","2"
"1637820","2026-09-26","9/26/2026 3:00:00 PM","FT","667","Friendlies Clubs","World","2026","Club Friendlies","Bohemians","Bohemians 1905","3840","3714","0","0","0","0",,,,,"0","0"
"1638170","2026-09-26","9/26/2026 3:00:00 PM","FT","245","Ykkönen","Finland","2026","Group Stage","VJS","KPV-j","6075","10199","2","0","0","0",,,,,"2","0"
"1638367","2026-09-26","9/26/2026 3:00:00 PM","FT","828","Ligue 2","Tunisia","2026","Regular Season - 1","AS Gabes","Mégrine","987","20846","1","2","0","0",,,,,"1","2"
"1638369","2026-09-26","9/26/2026 3:00:00 PM","FT","828","Ligue 2","Tunisia","2026","Regular Season - 1","CS Chebba","Sfax Railways","6252","10633","1","2","0","0",,,,,"1","2"
"1638372","2026-09-26","9/26/2026 3:00:00 PM","FT","828","Ligue 2","Tunisia","2026","Regular Season - 1","Béni-Khalled","BS Bouhajla","13349","10599","1","2","0","1",,,,,"1","2"
"1638375","2026-09-26","9/26/2026 3:00:00 PM","FT","828","Ligue 2","Tunisia","2026","Regular Season - 1","Kerkennah","M'saken","10616","10620","1","2","0","0",,,,,"1","2"
"1638377","2026-09-26","9/26/2026 3:00:00 PM","FT","828","Ligue 2","Tunisia","2026","Regular Season - 1","AS Soliman","US Tataouine","6253","1190","4","1","1","1",,,,,"4","1"
"1638378","2026-09-26","9/26/2026 3:00:00 PM","FT","828","Ligue 2","Tunisia","2026","Regular Season - 1","Sporting Ben Arous","EM Mahdia","10634","10605","1","2","0","1",,,,,"1","2"
"1638379","2026-09-26","9/26/2026 3:00:00 PM","FT","828","Ligue 2","Tunisia","2026","Regular Season - 1","Stade Soussien","AS Agareb","28398","10595","2","2","1","0",,,,,"2","2"
"1638406","2026-09-26","9/26/2026 3:00:00 PM","FT","1191","UEFA Europa Cup - Women","World","2026","1st Qualifying Round - Finals","Minsk W","Fenerbahce W","10895","27868","1","4","1","2",,,,,"1","4"
"1638911","2026-09-26","9/26/2026 3:00:00 PM","FT","176","Third League - Northwest","Bulgaria","2026","Northwest - 6","Akademik Svishtov","Pavlikeni","8518","8525","2","1","2","1",,,,,"2","1"
"1638912","2026-09-26","9/26/2026 3:00:00 PM","FT","176","Third League - Northwest","Bulgaria","2026","Northwest - 6","Bdin","Chavdar Troyan","8519","14565","3","1","2","0",,,,,"3","1"
"1638913","2026-09-26","9/26/2026 3:00:00 PM","FT","176","Third League - Northwest","Bulgaria","2026","Northwest - 6","Etar VT II","Yantra Polski Trambesh","15141","8555","1","3","0","2",,,,,"1","3"
"1638914","2026-09-26","9/26/2026 3:00:00 PM","CANC","176","Third League - Northwest","Bulgaria","2026","Northwest - 6","Juventus Malchika","Spartak Pleven II","8520","28218",,,,,,,,,,
"1638915","2026-09-26","9/26/2026 3:00:00 PM","FT","176","Third League - Northwest","Bulgaria","2026","Northwest - 6","Kom Berkovitsa","OFK Levski","8521","8553","1","1","1","0",,,,,"1","1"
"1638916","2026-09-26","9/26/2026 3:00:00 PM","FT","176","Third League - Northwest","Bulgaria","2026","Northwest - 6","Partizan","Lokomotiv Mezdra","6395","8523","2","2","1","1",,,,,"2","2"
"1639580","2026-09-26","9/26/2026 3:00:00 PM","FT","47","FA Trophy","England","2026","Final","Alfreton Town","Shifnal Town FC","4677","12149","2","1","1","0",,,,,"2","1"
"1639581","2026-09-26","9/26/2026 3:00:00 PM","FT","47","FA Trophy","England","2026","Final","Alvechurch","Bourne Town","7692","24335","1","2","0","1",,,,,"1","2"
"1639582","2026-09-26","9/26/2026 3:00:00 PM","PEN","47","FA Trophy","England","2026","Final","Ashford United","Deal Town","7206","8762","0","0","0","0",,,,,"0","0"
"1639584","2026-09-26","9/26/2026 3:00:00 PM","FT","47","FA Trophy","England","2026","Final","Bedworth United","Redditch United","7213","7741","0","1","0","1",,,,,"0","1"
"1639585","2026-09-26","9/26/2026 3:00:00 PM","FT","47","FA Trophy","England","2026","Final","Berkhamsted","Chatham Town","7214","8737","3","1","1","1",,,,,"3","1"
"1639587","2026-09-26","9/26/2026 3:00:00 PM","FT","47","FA Trophy","England","2026","Final","Bootle","AFC Emley","8712","11936","5","0","2","0",,,,,"5","0"
"1639588","2026-09-26","9/26/2026 3:00:00 PM","PEN","47","FA Trophy","England","2026","Final","Brentwood Town","Hashtag United","7216","14411","3","3","1","1",,,,,"3","3"
"1639589","2026-09-26","9/26/2026 3:00:00 PM","FT","47","FA Trophy","England","2026","Final","Bridlington Town","Whitby Town","8719","7757","3","0","1","0",,,,,"3","0"
"1639590","2026-09-26","9/26/2026 3:00:00 PM","FT","47","FA Trophy","England","2026","Final","Burgess Hill Town","Winslow United","7217","9004","6","2","3","0",,,,,"6","2"
"1639591","2026-09-26","9/26/2026 3:00:00 PM","PEN","47","FA Trophy","England","2026","Final","Bury","Gainsborough Trinity","1344","4691","3","3","1","0",,,,,"3","3"
"1639592","2026-09-26","9/26/2026 3:00:00 PM","FT","47","FA Trophy","England","2026","Final","Canvey Island","Needham Market","7623","7735","0","3","0","1",,,,,"0","3"
"1639593","2026-09-26","9/26/2026 3:00:00 PM","PEN","47","FA Trophy","England","2026","Final","Cheshunt","Cray Wanderers","7708","7711","1","1","1","1",,,,,"1","1"
"1639594","2026-09-26","9/26/2026 3:00:00 PM","PEN","47","FA Trophy","England","2026","Final","Chippenham Town","Weymouth","8147","8665","2","2","1","1",,,,,"2","2"
"1639595","2026-09-26","9/26/2026 3:00:00 PM","FT","47","FA Trophy","England","2026","Final","Cleethorpes Town","Lancaster City","7631","7726","5","1","1","1",,,,,"5","1"
"1639596","2026-09-26","9/26/2026 3:00:00 PM","FT","47","FA Trophy","England","2026","Final","Curzon Ashton","Stalybridge Celtic","4703","7749","3","1","1","1",,,,,"3","1"
"1639597","2026-09-26","9/26/2026 3:00:00 PM","PEN","47","FA Trophy","England","2026","Final","Didcot Town","Bracknell Town","7222","7619","0","0","0","0",,,,,"0","0"
"1639598","2026-09-26","9/26/2026 3:00:00 PM","FT","47","FA Trophy","England","2026","Final","Dunston UTS","Avro","7639","8690","0","2","0","1",,,,,"0","2"
"1639599","2026-09-26","9/26/2026 3:00:00 PM","FT","47","FA Trophy","England","2026","Final","Eastbourne Borough","Welwyn Garden City","4704","7679","4","2","1","1",,,,,"4","2"
"1639600","2026-09-26","9/26/2026 3:00:00 PM","FT","47","FA Trophy","England","2026","Final","Evesham United","Stratford Town","7640","7750","3","1","1","1",,,,,"3","1"
"1639601","2026-09-26","9/26/2026 3:00:00 PM","PEN","47","FA Trophy","England","2026","Final","Frome Town","Willand Rovers","7226","7263","1","1","0","0",,,,,"1","1"
"1639602","2026-09-26","9/26/2026 3:00:00 PM","FT","47","FA Trophy","England","2026","Final","Gloucester City","Stafford Rangers","8653","7748","4","0","1","0",,,,,"4","0"
"1639603","2026-09-26","9/26/2026 3:00:00 PM","FT","47","FA Trophy","England","2026","Final","Guisborough Town","Redcar Athletic","8799","16994","0","1","0","0",,,,,"0","1"
"1639604","2026-09-26","9/26/2026 3:00:00 PM","FT","47","FA Trophy","England","2026","Final","Guiseley AFC","Bamber Bridge","1824","7695","4","2","2","1",,,,,"4","2"
"1639605","2026-09-26","9/26/2026 3:00:00 PM","FT","47","FA Trophy","England","2026","Final","Halesowen Town","Wellingborough Town","7644","8989","2","0","2","0",,,,,"2","0"
"1639606","2026-09-26","9/26/2026 3:00:00 PM","PEN","47","FA Trophy","England","2026","Final","Hallam","Prescot Cables","8804","7663","1","1","0","1",,,,,"1","1"
"1639607","2026-09-26","9/26/2026 3:00:00 PM","FT","47","FA Trophy","England","2026","Final","Hanwell Town","Enfield Town","7645","7714","2","4","0","0",,,,,"2","4"
"1639608","2026-09-26","9/26/2026 3:00:00 PM","FT","47","FA Trophy","England","2026","Final","Hanworth Villa","Bishop's Stortford","8811","7701","3","2","2","1",,,,,"3","2"
"1639609","2026-09-26","9/26/2026 3:00:00 PM","FT","47","FA Trophy","England","2026","Final","Hastings United","Dulwich Hamlet","7231","8149","2","1","1","1",,,,,"2","1"
"1639610","2026-09-26","9/26/2026 3:00:00 PM","FT","47","FA Trophy","England","2026","Final","Havant & Wville","Taunton Town","1843","4711","2","3","0","1",,,,,"2","3"
"1639611","2026-09-26","9/26/2026 3:00:00 PM","PEN","47","FA Trophy","England","2026","Final","Hayes & Yeading United","Erith Town","7720","8777","1","1","0","0",,,,,"1","1"
"1639612","2026-09-26","9/26/2026 3:00:00 PM","FT","47","FA Trophy","England","2026","Final","Hyde United","United of Manchester","4694","7754","2","0","0","0",,,,,"2","0"
"1639613","2026-09-26","9/26/2026 3:00:00 PM","FT","47","FA Trophy","England","2026","Final","Ilkeston Town","Anstey Nomads","7236","8681","1","3","0","2",,,,,"1","3"
"1639614","2026-09-26","9/26/2026 3:00:00 PM","PEN","47","FA Trophy","England","2026","Final","Leatherhead","Ramsgate","4696","7665","2","2","1","0",,,,,"2","2"
"1639615","2026-09-26","9/26/2026 3:00:00 PM","FT","47","FA Trophy","England","2026","Final","Leiston","Dartford","7727","4690","0","3","0","1",,,,,"0","3"
"1639616","2026-09-26","9/26/2026 3:00:00 PM","FT","47","FA Trophy","England","2026","Final","Maldon & Tiptree","Egham Town","7654","8773","0","2","0","0",,,,,"0","2"
"1639617","2026-09-26","9/26/2026 3:00:00 PM","FT","47","FA Trophy","England","2026","Final","Matlock Town","Kettering Town","7731","8654","0","4","0","3",,,,,"0","4"
"1639618","2026-09-26","9/26/2026 3:00:00 PM","PEN","47","FA Trophy","England","2026","Final","Mickleover Sports","Malvern Town","7733","8870","1","1","1","0",,,,,"1","1"
"1639619","2026-09-26","9/26/2026 3:00:00 PM","FT","47","FA Trophy","England","2026","Final","Moneyfields","Wimborne Town","7659","7758","1","3","0","2",,,,,"1","3"
"1639620","2026-09-26","9/26/2026 3:00:00 PM","FT","47","FA Trophy","England","2026","Final","Newmarket","Leighton Town","17072","8846","2","1","1","0",,,,,"2","1"
"1639621","2026-09-26","9/26/2026 3:00:00 PM","FT","47","FA Trophy","England","2026","Final","Peterborough Sports","Banbury United","7737","7696","1","3","0","1",,,,,"1","3"
"1639622","2026-09-26","9/26/2026 3:00:00 PM","FT","47","FA Trophy","England","2026","Final","Plymouth Parkway","Bath City","8899","8657","0","3","0","2",,,,,"0","3"
"1639623","2026-09-26","9/26/2026 3:00:00 PM","FT","47","FA Trophy","England","2026","Final","Poole Town","Basingstoke Town","7738","7615","1","0","0","0",,,,,"1","0"
"1639624","2026-09-26","9/26/2026 3:00:00 PM","FT","47","FA Trophy","England","2026","Final","Quorn","Leamington","8903","8656","4","2","3","1",,,,,"4","2"
"1639625","2026-09-26","9/26/2026 3:00:00 PM","FT","47","FA Trophy","England","2026","Final","Racing Club Warwick","Bromsgrove Sporting","8904","7705","0","1","0","0",,,,,"0","1"
"1639626","2026-09-26","9/26/2026 3:00:00 PM","FT","47","FA Trophy","England","2026","Final","Real Bedford","Wingate & Finchley","21712","7759","0","3","0","1",,,,,"0","3"
"1639627","2026-09-26","9/26/2026 3:00:00 PM","FT","47","FA Trophy","England","2026","Final","Rushall Olympic","Stourbridge","7743","4710","1","3","0","2",,,,,"1","3"
"1639629","2026-09-26","9/26/2026 3:00:00 PM","FT","47","FA Trophy","England","2026","Final","St Albans City","Bury Town","4708","7622","4","1","3","1",,,,,"4","1"
"1639630","2026-09-26","9/26/2026 3:00:00 PM","FT","47","FA Trophy","England","2026","Final","Stamford","Loughborough University","4709","8861","1","2","0","1",,,,,"1","2"
"1639631","2026-09-26","9/26/2026 3:00:00 PM","FT","47","FA Trophy","England","2026","Final","Stanway Rovers","Faversham Town","8950","7641","0","2","0","1",,,,,"0","2"
"1639632","2026-09-26","9/26/2026 3:00:00 PM","FT","47","FA Trophy","England","2026","Final","Takeley","Hitchin Town","8965","4682","2","0","1","0",,,,,"2","0"
"1639633","2026-09-26","9/26/2026 3:00:00 PM","FT","47","FA Trophy","England","2026","Final","Thame United","Chichester City","7675","7628","1","2","0","0",,,,,"1","2"
"1639634","2026-09-26","9/26/2026 3:00:00 PM","FT","47","FA Trophy","England","2026","Final","Tiverton Town","Gosport Borough","7753","7717","1","3","0","0",,,,,"1","3"
"1639635","2026-09-26","9/26/2026 3:00:00 PM","FT","47","FA Trophy","England","2026","Final","Uxbridge","Lewes","7257","7728","2","1","1","0",,,,,"2","1"
"1639636","2026-09-26","9/26/2026 3:00:00 PM","FT","47","FA Trophy","England","2026","Final","Waltham Abbey","Croydon Athletic","7259","12059","7","1","3","0",,,,,"7","1"
"1639637","2026-09-26","9/26/2026 3:00:00 PM","PEN","47","FA Trophy","England","2026","Final","Warrington Town","Ashton United","7756","7693","2","2","1","1",,,,,"2","2"
"1639638","2026-09-26","9/26/2026 3:00:00 PM","FT","47","FA Trophy","England","2026","Final","Rylands","Stockton Town","8918","8953","3","1","0","0",,,,,"3","1"
"1639639","2026-09-26","9/26/2026 3:00:00 PM","PEN","47","FA Trophy","England","2026","Final","Welling United","Chertsey Town","8664","7627","2","2","1","1",,,,,"2","2"
"1639640","2026-09-26","9/26/2026 3:00:00 PM","FT","47","FA Trophy","England","2026","Final","Whyteleafe","Whitehawk","7262","4713","1","4","1","3",,,,,"1","4"
"1639641","2026-09-26","9/26/2026 3:00:00 PM","FT","47","FA Trophy","England","2026","Final","Worcester City","Leek Town","9010","7239","0","2","0","1",,,,,"0","2"
"1639642","2026-09-26","9/26/2026 3:00:00 PM","FT","47","FA Trophy","England","2026","Final","Workington","Blyth Spartans","7265","8650","4","2","1","0",,,,,"4","2"
"1639643","2026-09-26","9/26/2026 3:00:00 PM","PEN","47","FA Trophy","England","2026","Final","Yate Town","Sholing","7762","7668","0","0","0","0",,,,,"0","0"
"1640504","2026-09-26","9/26/2026 3:00:00 PM","FT","10","Friendlies","World","2026","Friendly International","Hungary U19","Bulgaria U19","10365","10328","1","1","1","1",,,,,"1","1"
"1641135","2026-09-26","9/26/2026 3:00:00 PM","FT","268","Primera División","Uruguay","2026","Clausura - 8","Progreso","Racing Montevideo","2363","2359","2","1","1","0",,,,,"2","1"
"1642859","2026-09-26","9/26/2026 3:00:00 PM","FT","667","Friendlies Clubs","World","2026","Club Friendly","Vora","Korabi Peshkopi","3340","3331","2","0","2","0",,,,,"2","0"
"1642860","2026-09-26","9/26/2026 3:00:00 PM","FT","667","Friendlies Clubs","World","2026","Club Friendly","Kamjani","Shkendija","27783","609","0","3","0","1",,,,,"0","3"
"1642861","2026-09-26","9/26/2026 3:00:00 PM","FT","667","Friendlies Clubs","World","2026","Club Friendly","Dinamo Tirana","Otrant-Olympic","3326","3751","4","1","3","1",,,,,"4","1"
"1642862","2026-09-26","9/26/2026 3:00:00 PM","FT","667","Friendlies Clubs","World","2026","Club Friendly","Aris","Omonia 29is Maiou","3408","14126","4","2","2","0",,,,,"4","2"
"1569942","2026-09-26","9/26/2026 3:15:00 PM","FT","141","Segunda División","Spain","2026","Regular Season - 7","Granada CF","FC Andorra","715","8157","2","3","0","2",,,,,"2","3"
"1551810","2026-09-26","9/26/2026 3:30:00 PM","FT","89","Eerste Divisie","Netherlands","2026","Regular Season - 8","Heracles","Vitesse","206","200","2","0","2","0",,,,,"2","0"
"1562281","2026-09-26","9/26/2026 3:30:00 PM","FT","350","4. liga - Divizie A","Czech-Republic","2026","Group A - 8","Doubravka","Hluboka nad Vltavou","7285","21982","2","3","0","1",,,,,"2","3"
"1562284","2026-09-26","9/26/2026 3:30:00 PM","FT","350","4. liga - Divizie A","Czech-Republic","2026","Group A - 8","Nyrsko","Petřín Plzeň","27888","7330","0","4","0","2",,,,,"0","4"
"1562287","2026-09-26","9/26/2026 3:30:00 PM","FT","350","4. liga - Divizie A","Czech-Republic","2026","Group A - 8","Spartak Pribram","Hořovicko","27887","7299","1","1","0","1",,,,,"1","1"
"1562407","2026-09-26","9/26/2026 3:30:00 PM","FT","351","4. liga - Divizie B","Czech-Republic","2026","Group B - 8","Slovan Velvary","Brandýs nad Labem","7348","7278","0","2","0","1",,,,,"0","2"
"1562519","2026-09-26","9/26/2026 3:30:00 PM","FT","352","4. liga - Divizie C","Czech-Republic","2026","Group C - 8","Letohrad","Kosmonosy","7313","14004","2","3","1","2",,,,,"2","3"
"1562645","2026-09-26","9/26/2026 3:30:00 PM","FT","348","3. liga - CFL A","Czech-Republic","2026","Group A - 8","Jiskra Domažlice","České Budějovice","7304","3736","6","3","1","0",,,,,"6","3"
"1562769","2026-09-26","9/26/2026 3:30:00 PM","FT","685","3. liga - CFL B","Czech-Republic","2026","Group B - 8","Velké Hamry","Sokol Brozany","7372","7349","4","2","2","2",,,,,"4","2"
"1570760","2026-09-26","9/26/2026 3:30:00 PM","FT","435","Primera División RFEF - Group 1","Spain","2026","Group 1 - 5","Cultural Leonesa","CD Coria","725","9827","2","2","2","0",,,,,"2","2"
"1570762","2026-09-26","9/26/2026 3:30:00 PM","FT","435","Primera División RFEF - Group 1","Spain","2026","Group 1 - 5","Lugo","Racing Ferrol","716","9409","1","0","1","0",,,,,"1","0"
"1571136","2026-09-26","9/26/2026 3:30:00 PM","FT","436","Primera División RFEF - Group 2","Spain","2026","Group 2 - 5","Águilas","Hércules","9823","4666","0","1","0","0",,,,,"0","1"
"1571144","2026-09-26","9/26/2026 3:30:00 PM","FT","436","Primera División RFEF - Group 2","Spain","2026","Group 2 - 5","Juventud Torremolinos","Algeciras","15359","9597","1","2","1","1",,,,,"1","2"
"1573595","2026-09-26","9/26/2026 3:30:00 PM","FT","142","Primera División Femenina","Spain","2026","Regular Season - 5","Edf Logrono W","Barcelona W","1923","1918","0","2","0","1",,,,,"0","2"
"1574112","2026-09-26","9/26/2026 3:30:00 PM","FT","221","Regionalliga - Ost","Austria","2026","Ost - 9","Leobendorf","Wiener Viktoria","4951","4966","0","1","0","1",,,,,"0","1"
"1575076","2026-09-26","9/26/2026 3:30:00 PM","FT","91","Eredivisie Women","Netherlands","2026","Regular Season - 6","Ajax W","ADO Den Haag W","1898","1894","7","1","3","1",,,,,"7","1"
"1575077","2026-09-26","9/26/2026 3:30:00 PM","FT","91","Eredivisie Women","Netherlands","2026","Regular Season - 6","Feyenoord W","PEC Zwolle W","16853","1900","2","3","2","2",,,,,"2","3"
"1582869","2026-09-26","9/26/2026 3:30:00 PM","FT","148","Second Amateur Division - ACFF","Belgium","2026","ACFF - 6","Entité Manageoise","RUS Binche","5793","20403","1","3","0","0",,,,,"1","3"
"1589821","2026-09-26","9/26/2026 3:30:00 PM","FT","795","3. SNL - West","Slovenia","2026","West - 7","Svoboda","Šencur","16310","6727","0","1","0","0",,,,,"0","1"
"1607964","2026-09-26","9/26/2026 3:30:00 PM","FT","1238","Regionalliga - South","Austria","2026","South - 8","Hartberg (Am)","Gleisdorf 09","28052","4940","4","1","1","0",,,,,"4","1"
"1607968","2026-09-26","9/26/2026 3:30:00 PM","FT","1238","Regionalliga - South","Austria","2026","South - 9","Donau Klagenfurt","Wolfsberger AC II","21723","8253","0","3","0","1",,,,,"0","3"
"1610105","2026-09-26","9/26/2026 3:30:00 PM","FT","600","1. Liga Classic - Group 2","Switzerland","2026","Group 2 - 8","FC Wohlen","Buochs","2183","12701","2","1","1","0",,,,,"2","1"
"1613649","2026-09-26","9/26/2026 3:30:00 PM","FT","442","Tercera División RFEF - Group 4","Spain","2026","Group 4 - 4","Beasain","Durango","9657","5260","1","2","0","1",,,,,"1","2"
"1615797","2026-09-26","9/26/2026 3:30:00 PM","FT","449","Tercera División RFEF - Group 11","Spain","2026","Group 11 - 4","Santanyí","Mercadal","9789","17599","1","1","0","0",,,,,"1","1"
"1617014","2026-09-26","9/26/2026 3:30:00 PM","FT","453","Tercera División RFEF - Group 15","Spain","2026","Group 15 - 4","Aoiz","Gazte Berriak","26553","28121","1","1","0","0",,,,,"1","1"
"1617018","2026-09-26","9/26/2026 3:30:00 PM","FT","453","Tercera División RFEF - Group 15","Spain","2026","Group 15 - 4","Mutilvera","Avance Ezcabarte","5270","17609","1","0","1","0",,,,,"1","0"
"1350164","2026-09-26","9/26/2026 4:00:00 PM","FT","850","UEFA U21 Championship - Qualification","World","2027","Group Stage - 19","Croatia U21","Hungary U21","8186","16500","3","1","1","0",,,,,"3","1"
"1350166","2026-09-26","9/26/2026 4:00:00 PM","FT","850","UEFA U21 Championship - Qualification","World","2027","Group Stage - 19","Georgia U21","Greece U21","8195","8198","0","3","0","2",,,,,"0","3"
"1495400","2026-09-26","9/26/2026 4:00:00 PM","FT","725","Toppserien","Norway","2026","Regular Season - 17","Rosenborg W","Fortuna Ålesund W","15956","18985","1","1","1","0",,,,,"1","1"
"1504562","2026-09-26","9/26/2026 4:00:00 PM","FT","564","Ettan - Södra","Sweden","2026","Södra - 24","Utsikten","Jonkopings Sodra","6706","764","3","0","1","0",,,,,"3","0"
"1536044","2026-09-26","9/26/2026 4:00:00 PM","FT","651","Second League - Group 1","Russia","2026","Group 1 - 25","Rostov II","Sevastopol","23316","13240","0","1","0","0",,,,,"0","1"
"1536705","2026-09-26","9/26/2026 4:00:00 PM","FT","650","Second League - Group 3","Russia","2026","Group 3 - 25","Strogino","Rodina Moskva III","6829","19448","2","5","0","1",,,,,"2","5"
"1536709","2026-09-26","9/26/2026 4:00:00 PM","FT","650","Second League - Group 3","Russia","2026","Group 3 - 25","FK Spartak Tambov","Kvant","19451","6807","4","0","2","0",,,,,"4","0"
"1566099","2026-09-26","9/26/2026 4:00:00 PM","FT","644","3. liga - West","Slovakia","2026","West - 8","Nitra","Slovan Duslo Šaľa","3547","14063","4","0","3","0",,,,,"4","0"
"1566357","2026-09-26","9/26/2026 4:00:00 PM","FT","745","Oberliga - Hamburg","Germany","2026","Hamburg - 9","Teutonia Ottensen","Niendorfer TSV","12878","12821","1","1","1","0",,,,,"1","1"
"1568181","2026-09-26","9/26/2026 4:00:00 PM","FT","783","III Liga - Group 4","Poland","2026","Group IV - 10","Chełmianka Chełm","Podlasie Biała Podlaska","6936","16269","2","1","0","0",,,,,"2","1"
"1568497","2026-09-26","9/26/2026 4:00:00 PM","FT","782","III Liga - Group 3","Poland","2026","Group III - 10","Karkonosze Jelenia Góra","Goczałkowice Zdrój","17402","16259","2","0","1","0",,,,,"2","0"
"1568803","2026-09-26","9/26/2026 4:00:00 PM","FT","781","III Liga - Group 2","Poland","2026","Group II - 10","Chemik Bydgoszcz","Stargard Szczeciński","6934","6959","3","3","2","3",,,,,"3","3"
"1572057","2026-09-26","9/26/2026 4:00:00 PM","FT","875","Segunda División RFEF - Group 1","Spain","2026","Group 1 - 4","Amorebieta","Ourense CF","9380","9612","0","1","0","1",,,,,"0","1"
"1573859","2026-09-26","9/26/2026 4:00:00 PM","FT","223","Regionalliga - West","Austria","2026","West - 9","Fügen","Wolfurt","8335","4968","6","1","1","0",,,,,"6","1"
"1581714","2026-09-26","9/26/2026 4:00:00 PM","FT","1033","Ekstraliga Women","Poland","2026","Regular Season - 6","GKS Katowice W","Legia W","21584","27936","6","0","4","0",,,,,"6","0"
"1591619","2026-09-26","9/26/2026 4:00:00 PM","FT","205","2. Lig","Turkey","2026","2. Lig Red Group - 4","Yeni Orduspor"," Kahramanmaraş İstiklal Spor","7426","24601","0","1","0","1",,,,,"0","1"
"1592862","2026-09-26","9/26/2026 4:00:00 PM","FT","1200","Liga MX U21","Mexico","2026","Regular Season - 10","Cruz Azul U21","Toluca U21","26832","26843","2","3","2","1",,,,,"2","3"
"1592863","2026-09-26","9/26/2026 4:00:00 PM","FT","1200","Liga MX U21","Mexico","2026","Regular Season - 10","Guadalajara Chivas U21","Queretaro U21","26833","26840","2","4","1","3",,,,,"2","4"
"1592864","2026-09-26","9/26/2026 4:00:00 PM","FT","1200","Liga MX U21","Mexico","2026","Regular Season - 10","Tigres UANL U21","Puebla U21","26842","26839","1","1","1","0",,,,,"1","1"
"1602134","2026-09-26","9/26/2026 4:00:00 PM","FT","570","Premier League","Ghana","2026","Regular Season - 4","Karela","Hearts of Oak","12251","12249","1","0","0","0",,,,,"1","0"
"1604862","2026-09-26","9/26/2026 4:00:00 PM","FT","599","1. Liga Classic - Group 1","Switzerland","2026","Group 1 - 8","Lancy","Coffrane","6628","17413","0","1","0","1",,,,,"0","1"
"1604863","2026-09-26","9/26/2026 4:00:00 PM","FT","599","1. Liga Classic - Group 1","Switzerland","2026","Group 1 - 8","Meyrin","Naters","6630","12695","1","2","0","0",,,,,"1","2"
"1608080","2026-09-26","9/26/2026 4:00:00 PM","FT","1239","Regionalliga - North","Austria","2026","North - 10","Gurten","TSV St. Johann","4942","4994","0","0","0","0",,,,,"0","0"
"1608081","2026-09-26","9/26/2026 4:00:00 PM","FT","1239","Regionalliga - North","Austria","2026","North - 10","SK Vorwarts Steyr","Grödig","1406","4974","3","0","1","0",,,,,"3","0"
"1610106","2026-09-26","9/26/2026 4:00:00 PM","FT","600","1. Liga Classic - Group 2","Switzerland","2026","Group 2 - 8","Concordia Basel","Zug","6622","12710","3","0","1","0",,,,,"3","0"
"1612732","2026-09-26","9/26/2026 4:00:00 PM","FT","439","Tercera División RFEF - Group 1","Spain","2026","Group 1 - 4","Atlético Arteixo","Alondras","19650","9603","2","4","1","3",,,,,"2","4"
"1613038","2026-09-26","9/26/2026 4:00:00 PM","FT","440","Tercera División RFEF - Group 2","Spain","2026","Group 2 - 4","Colunga","Covadonga","9621","9623","1","2","1","1",,,,,"1","2"
"1613044","2026-09-26","9/26/2026 4:00:00 PM","FT","440","Tercera División RFEF - Group 2","Spain","2026","Group 2 - 4","Mosconia","Andes","9629","28097","1","0","1","0",,,,,"1","0"
"1613347","2026-09-26","9/26/2026 4:00:00 PM","FT","441","Tercera División RFEF - Group 3","Spain","2026","Group 3 - 4","Guarnizo","Velarde","9642","20451","3","1","3","1",,,,,"3","1"
"1613650","2026-09-26","9/26/2026 4:00:00 PM","FT","442","Tercera División RFEF - Group 4","Spain","2026","Group 4 - 4","Erandio","Amurrio Club","28099","17315","2","0","1","0",,,,,"2","0"
"1614260","2026-09-26","9/26/2026 4:00:00 PM","FT","444","Tercera División RFEF - Group 6","Spain","2026","Group 6 - 4","Atzeneta","Hércules II","9688","9693","0","1","0","0",,,,,"0","1"
"1614263","2026-09-26","9/26/2026 4:00:00 PM","FT","444","Tercera División RFEF - Group 6","Spain","2026","Group 6 - 4","Jove Español","Acero","9694","9685","1","1","0","1",,,,,"1","1"
"1614872","2026-09-26","9/26/2026 4:00:00 PM","FT","446","Tercera División RFEF - Group 8","Spain","2026","Group 8 - 4","Arandina","Calasanz de Soria","9722","28106","1","0","1","0",,,,,"1","0"
"1614875","2026-09-26","9/26/2026 4:00:00 PM","FT","446","Tercera División RFEF - Group 8","Spain","2026","Group 8 - 4","La Virgen del Camino","Cristo Atlético","9732","9728","0","1","0","0",,,,,"0","1"
"1615790","2026-09-26","9/26/2026 4:00:00 PM","FT","449","Tercera División RFEF - Group 11","Spain","2026","Group 11 - 4","Andratx","Ibiza Islas Pitiusas","8151","9781","0","0","0","0",,,,,"0","0"
"1615794","2026-09-26","9/26/2026 4:00:00 PM","FT","449","Tercera División RFEF - Group 11","Spain","2026","Group 11 - 4","Inter Ibiza","Llosetense","17598","9782","1","3","0","0",,,,,"1","3"
"1616408","2026-09-26","9/26/2026 4:00:00 PM","FT","451","Tercera División RFEF - Group 13","Spain","2026","Group 13 - 4","Santa Cruz","Águilas II","26850","24656","1","1","0","1",,,,,"1","1"
"1617019","2026-09-26","9/26/2026 4:00:00 PM","FT","453","Tercera División RFEF - Group 15","Spain","2026","Group 15 - 4","Txantrea","Bidezarra","9857","15320","2","2","1","1",,,,,"2","2"
"1617021","2026-09-26","9/26/2026 4:00:00 PM","FT","453","Tercera División RFEF - Group 15","Spain","2026","Group 15 - 4","Izarra","Beti Kozkor","9583","9844","4","1","1","0",,,,,"4","1"
"1617326","2026-09-26","9/26/2026 4:00:00 PM","FT","454","Tercera División RFEF - Group 16","Spain","2026","Group 16 - 4","River Ebro","Cenicero","9871","17612","3","2","2","0",,,,,"3","2"
"1620662","2026-09-26","9/26/2026 4:00:00 PM","FT","415","Championnat National","Benin","2026","Regular Season - 1","ASVO","Kraké","5454","25025","1","0","1","0",,,,,"1","0"
"1620663","2026-09-26","9/26/2026 4:00:00 PM","FT","415","Championnat National","Benin","2026","Regular Season - 1","Bani Gansè","AS Sobemap","20668","5468","1","1",,,,,,,"1","1"
"1620664","2026-09-26","9/26/2026 4:00:00 PM","FT","415","Championnat National","Benin","2026","Regular Season - 1","Dragons","Coton Sport Ouidah","5459","18113","1","1","0","0",,,,,"1","1"
"1620665","2026-09-26","9/26/2026 4:00:00 PM","FT","415","Championnat National","Benin","2026","Regular Season - 1","Dynamo Abomey","Loto Popo","5460","18114","1","2",,,,,,,"1","2"
"1620666","2026-09-26","9/26/2026 4:00:00 PM","FT","415","Championnat National","Benin","2026","Regular Season - 1","Espoir Savalou","ASPAC","16425","5453","0","1",,,,,,,"0","1"
"1628521","2026-09-26","9/26/2026 4:00:00 PM","FT","399","NPFL","Nigeria","2027","Regular Season - 6","Sporting Lagos","Barau FC","22585","26400","1","1","0","1",,,,,"1","1"
"1630810","2026-09-26","9/26/2026 4:00:00 PM","FT","1196","Division One League","Ghana","2026","Regular Season - 2","Hakla SC","7th Wave","26799","28281","1","1","1","1",,,,,"1","1"
"1630813","2026-09-26","9/26/2026 4:00:00 PM","FT","1196","Division One League","Ghana","2026","Regular Season - 2","Nations","Pro-Sports Academy","21082","28280","1","1","0","1",,,,,"1","1"
"1630814","2026-09-26","9/26/2026 4:00:00 PM","FT","1196","Division One League","Ghana","2026","Regular Season - 2","New Edubiase","King Faisal","13879","12252","0","0","0","0",,,,,"0","0"
"1630819","2026-09-26","9/26/2026 4:00:00 PM","FT","1196","Division One League","Ghana","2026","Regular Season - 2","Rospak","Nsuopun Fidelity","22776","25396","1","1","0","1",,,,,"1","1"
"1630821","2026-09-26","9/26/2026 4:00:00 PM","FT","1196","Division One League","Ghana","2026","Regular Season - 2","Koforidua","Nania","26801","22774","2","0","1","0",,,,,"2","0"
"1630825","2026-09-26","9/26/2026 4:00:00 PM","FT","1196","Division One League","Ghana","2026","Regular Season - 2","VC Warriors","Eleven Wonders","26808","12246","2","0","1","0",,,,,"2","0"
"1635453","2026-09-26","9/26/2026 4:00:00 PM","FT","248","Kakkonen - Lohko B","Finland","2026","Group B","Musa","NJS","2245","9177","3","2","1","1",,,,,"3","2"
"1640797","2026-09-26","9/26/2026 4:00:00 PM","PST","187","Ligue 2","Algeria","2026","Regular Season - 2","RC Arba","Koléa","937","10710",,,,,,,,,,
"1640798","2026-09-26","9/26/2026 4:00:00 PM","FT","187","Ligue 2","Algeria","2026","Regular Season - 2","ASM Oran","WA Mostaganem","924","20703","3","1","2","1",,,,,"3","1"
"1640800","2026-09-26","9/26/2026 4:00:00 PM","FT","187","Ligue 2","Algeria","2026","Regular Season - 2","Nrb Beni Oulbene","CA Batna","26608","922","1","0","1","0",,,,,"1","0"
"1640801","2026-09-26","9/26/2026 4:00:00 PM","FT","187","Ligue 2","Algeria","2026","Regular Season - 2","CR Béni Thour","MO Bejaia","10735","920","1","3",,,,,,,"1","3"
"1640802","2026-09-26","9/26/2026 4:00:00 PM","FT","187","Ligue 2","Algeria","2026","Regular Season - 2","El Bayadh","GC Mascara","10743","927","0","0","0","0",,,,,"0","0"
"1640803","2026-09-26","9/26/2026 4:00:00 PM","FT","187","Ligue 2","Algeria","2026","Regular Season - 2","Tiaret","Usm El Harrach","10786","919","1","1","1","1",,,,,"1","1"
"1640804","2026-09-26","9/26/2026 4:00:00 PM","FT","187","Ligue 2","Algeria","2026","Regular Season - 2","Khroub","USM Annaba","936","1069","1","0","1","0",,,,,"1","0"
"1640805","2026-09-26","9/26/2026 4:00:00 PM","FT","187","Ligue 2","Algeria","2026","Regular Season - 2","NC Magra","US Chaouia","1071","10708","1","0","1","0",,,,,"1","0"
"1640806","2026-09-26","9/26/2026 4:00:00 PM","FT","187","Ligue 2","Algeria","2026","Regular Season - 2","Mostaganem","Hussein Dey","1070","913","1","0","0","0",,,,,"1","0"
"1640807","2026-09-26","9/26/2026 4:00:00 PM","FT","187","Ligue 2","Algeria","2026","Regular Season - 2","MSP Batna","MO Constantine","10712","10713","0","0","0","0",,,,,"0","0"
"1640808","2026-09-26","9/26/2026 4:00:00 PM","FT","187","Ligue 2","Algeria","2026","Regular Season - 2","IRB Nezla","JS Jijel","20696","20712","1","0",,,,,,,"1","0"
"1640809","2026-09-26","9/26/2026 4:00:00 PM","FT","187","Ligue 2","Algeria","2026","Regular Season - 2","Paradou AC","Teleghma","915","10806","2","1","2","1",,,,,"2","1"
"1640810","2026-09-26","9/26/2026 4:00:00 PM","FT","187","Ligue 2","Algeria","2026","Regular Season - 2","RC Kouba","WA Tlemcen","935","928","2","0","1","0",,,,,"2","0"
"1640811","2026-09-26","9/26/2026 4:00:00 PM","FT","187","Ligue 2","Algeria","2026","Regular Season - 2","Taghit","MC Saida","28238","934","0","1","0","0",,,,,"0","1"
"1640812","2026-09-26","9/26/2026 4:00:00 PM","FT","187","Ligue 2","Algeria","2026","Regular Season - 2","Blida","Sidi Benali","912","28237","3","1","1","1",,,,,"3","1"
"1572364","2026-09-26","9/26/2026 4:15:00 PM","FT","876","Segunda División RFEF - Group 2","Spain","2026","Group 2 - 4","Ebro","Terrassa","5261","9681","1","0","1","0",,,,,"1","0"
"1638171","2026-09-26","9/26/2026 4:15:00 PM","FT","245","Ykkönen","Finland","2026","Group Stage","Rops","SalPa","1167","9189","3","1","3","0",,,,,"3","1"
"1619347","2026-09-26","9/26/2026 4:25:00 PM","FT","1227","Premier League Women","Saudi-Arabia","2027","Regular Season - 3","Al Hilal W","Al Taraji W","27713","28127","6","0","2","0",,,,,"6","0"
"1496524","2026-09-26","9/26/2026 4:30:00 PM","FT","774","3. Division - Girone 1","Norway","2026","Regular Season - 21","Union Carl Berner","Frigg","23423","6987","6","2","5","1",,,,,"6","2"
"1511693","2026-09-26","9/26/2026 4:30:00 PM","FT","266","Primera B","Chile","2026","Regular Season - 26","Union San Felipe","Deportes Copiapo","2340","2343","1","4","0","1",,,,,"1","4"
"1574358","2026-09-26","9/26/2026 4:30:00 PM","FT","510","1. Liga Promotion","Switzerland","2026","Regular Season - 9","Lugano II","Cham","17441","6621","0","1","0","0",,,,,"0","1"
"1604861","2026-09-26","9/26/2026 4:30:00 PM","FT","599","1. Liga Classic - Group 1","Switzerland","2026","Group 1 - 8","Sion II","Stade Payerne","10590","16339","2","0","0","0",,,,,"2","0"
"1604865","2026-09-26","9/26/2026 4:30:00 PM","FT","599","1. Liga Classic - Group 1","Switzerland","2026","Group 1 - 8","Vevey Sports","Servette II","12697","16323","1","4","0","2",,,,,"1","4"
"1608295","2026-09-26","9/26/2026 4:30:00 PM","FT","138","Serie C - Girone A","Italy","2026","Girone A - 7","Desenzano Calvina","Juventus U23","17816","1715","0","0","0","0",,,,,"0","0"
"1608298","2026-09-26","9/26/2026 4:30:00 PM","FT","138","Serie C - Girone A","Italy","2026","Girone A - 7","Novara","Ospitaletto","513","24696","0","2","0","1",,,,,"0","2"
"1608672","2026-09-26","9/26/2026 4:30:00 PM","FT","942","Serie C - Girone B","Italy","2026","Girone B - 7","Livorno","Pianese","868","6381","3","2","2","0",,,,,"3","2"
"1609051","2026-09-26","9/26/2026 4:30:00 PM","FT","943","Serie C - Girone C","Italy","2026","Girone C - 7","Bari","Cosenza","508","10137","1","0","0","0",,,,,"1","0"
"1609059","2026-09-26","9/26/2026 4:30:00 PM","FT","943","Serie C - Girone C","Italy","2026","Girone C - 7","AZ Picerno","Audace Cerignola","1587","9539","2","1","2","0",,,,,"2","1"
"1613346","2026-09-26","9/26/2026 4:30:00 PM","FT","441","Tercera División RFEF - Group 3","Spain","2026","Group 3 - 4","Escobedo","Selaya","9386","9645","2","1","1","1",,,,,"2","1"
"1615489","2026-09-26","9/26/2026 4:30:00 PM","FT","448","Tercera División RFEF - Group 10","Spain","2026","Group 10 - 4","Córdoba II","Dos Hermanas","9759","26535","1","2","0","0",,,,,"1","2"
"1615791","2026-09-26","9/26/2026 4:30:00 PM","FT","449","Tercera División RFEF - Group 11","Spain","2026","Group 11 - 4","Arenal","Porreres","22147","24580","1","2","0","2",,,,,"1","2"
"1617323","2026-09-26","9/26/2026 4:30:00 PM","FT","454","Tercera División RFEF - Group 16","Spain","2026","Group 16 - 4","Casalarreina","Agoncillo","9866","15323","1","5","0","3",,,,,"1","5"
"1640813","2026-09-26","9/26/2026 4:30:00 PM","FT","386","Ligue 1","Ivory-Coast","2026","Regular Season - 1","Yamoussoukro","ASEC Mimosas","28442","4512","1","0","1","0",,,,,"1","0"
"1641092","2026-09-26","9/26/2026 4:30:00 PM","FT","667","Friendlies Clubs","World","2026","Club Friendlies","Pogon Szczecin","Udinese","348","494","1","1","1","1",,,,,"1","1"
"1641846","2026-09-26","9/26/2026 4:30:00 PM","FT","423","Ligue 1","Burkina-Faso","2026","Regular Season - 2","CFFEB","Rahimo","26633","6430","1","2","0","1",,,,,"1","2"
"1641847","2026-09-26","9/26/2026 4:30:00 PM","FT","423","Ligue 1","Burkina-Faso","2026","Regular Season - 2","FocuSport","SONABEL","28437","8111","3","2","1","0",,,,,"3","2"
"1641848","2026-09-26","9/26/2026 4:30:00 PM","FT","423","Ligue 1","Burkina-Faso","2026","Regular Season - 2","Réal du Faso","Maya","20029","28438","1","1","1","0",,,,,"1","1"
"1641849","2026-09-26","9/26/2026 4:30:00 PM","FT","423","Ligue 1","Burkina-Faso","2026","Regular Season - 2","Comoé","Majestic","25180","8566","1","0","1","0",,,,,"1","0"
"1637932","2026-09-26","9/26/2026 4:55:00 PM","FT","25","Gulf Cup of Nations","World","2026","Group Stage - 2","Kuwait","Iraq","1570","1567","2","3","0","0",,,,,"2","3"
"1350163","2026-09-26","9/26/2026 5:00:00 PM","FT","850","UEFA U21 Championship - Qualification","World","2027","Group Stage - 19","Ukraine U21","Turkey U21","8228","8227","2","2","0","2",,,,,"2","2"
"1350165","2026-09-26","9/26/2026 5:00:00 PM","FT","850","UEFA U21 Championship - Qualification","World","2027","Group Stage - 19","Latvia U21","Germany U21","8204","8196","0","4","0","2",,,,,"0","4"
"1504316","2026-09-26","9/26/2026 5:00:00 PM","FT","1087","Ykkösliiga","Finland","2026","Group Stage","Klubi-04","JäPS","2085","9173","2","1","1","0",,,,,"2","1"
"1528888","2026-09-26","9/26/2026 5:00:00 PM","FT","5","UEFA Nations League","World","2026","League C - 1","San Marino","Finland","1115","1099","0","7","0","3",,,,,"0","7"
"1528889","2026-09-26","9/26/2026 5:00:00 PM","FT","5","UEFA Nations League","World","2026","League C - 1","Faroe Islands","Kazakhstan","1098","1095","1","1","1","1",,,,,"1","1"
"1528890","2026-09-26","9/26/2026 5:00:00 PM","FT","5","UEFA Nations League","World","2026","League C - 1","Iceland","Estonia","18","1101","1","1","1","0",,,,,"1","1"
"1545603","2026-09-26","9/26/2026 5:00:00 PM","FT","5","UEFA Nations League","World","2026","League C - 1","Bulgaria","Luxembourg","1103","1102","1","2","1","1",,,,,"1","2"
"1561145","2026-09-26","9/26/2026 5:00:00 PM","FT","506","2. liga","Slovakia","2026","Regular Season - 10","Zlaté Moravce","Petržalka","3553","10538","0","2","0","1",,,,,"0","2"
"1566354","2026-09-26","9/26/2026 5:00:00 PM","FT","745","Oberliga - Hamburg","Germany","2026","Hamburg - 9","Süderelbe","Victoria Hamburg","14796","12890","1","1","1","0",,,,,"1","1"
"1568498","2026-09-26","9/26/2026 5:00:00 PM","FT","782","III Liga - Group 3","Poland","2026","Group III - 10","Kluczbork","Polonia Nysa","12806","14145","1","3","0","1",,,,,"1","3"
"1568501","2026-09-26","9/26/2026 5:00:00 PM","FT","782","III Liga - Group 3","Poland","2026","Group III - 10","ROW Rybnik","Stal Brzeg","6949","6956","4","3","3","0",,,,,"4","3"
"1568502","2026-09-26","9/26/2026 5:00:00 PM","FT","782","III Liga - Group 3","Poland","2026","Group III - 10","Barycz Sułów","Zagłębie Lubin II","24785","6963","3","3","2","1",,,,,"3","3"
"1569108","2026-09-26","9/26/2026 5:00:00 PM","FT","780","III Liga - Group 1","Poland","2026","Group I - 10","Polonia Lidzbark Warm.","Weszlo","24330","27902","1","1","0","0",,,,,"1","1"
"1572979","2026-09-26","9/26/2026 5:00:00 PM","FT","878","Segunda División RFEF - Group 4","Spain","2026","Group 4 - 4","Don Benito","Sanluqueño","5259","9601","1","0","0","0",,,,,"1","0"
"1573284","2026-09-26","9/26/2026 5:00:00 PM","FT","879","Segunda División RFEF - Group 5","Spain","2026","Group 5 - 4","Gimnástica Segoviana","SS Reyes","9387","9412","2","0","0","0",,,,,"2","0"
"1579473","2026-09-26","9/26/2026 5:00:00 PM","FT","492","Tweede Divisie","Netherlands","2026","Regular Season - 7","De Treffers","Spakenburg","1277","1249","5","0","3","0",,,,,"5","0"
"1588974","2026-09-26","9/26/2026 5:00:00 PM","FT","748","Oberliga - Niedersachsen","Germany","2026","Niedersachsen - 8","BW Lohne","Hemmingen","14629","27989","2","0","0","0",,,,,"2","0"
"1590708","2026-09-26","9/26/2026 5:00:00 PM","FT","553","3. Lig - Group 2","Turkey","2026","3. Lig Group 2 - 4","Karsiyaka","Gaziemirspor","7409","28388","0","1","0","0",,,,,"0","1"
"1601248","2026-09-26","9/26/2026 5:00:00 PM","FT","139","Serie A Women","Italy","2026","Regular Season - 1","Como 1907 W","AC Milan W","27960","1893","4","1","2","0",,,,,"4","1"
"1607685","2026-09-26","9/26/2026 5:00:00 PM","FT","44","FA WSL","England","2026","Regular Season - 4","London City Lionesses W","Brighton W","15406","1857","2","0","1","0",,,,,"2","0"
"1607962","2026-09-26","9/26/2026 5:00:00 PM","FT","1238","Regionalliga - South","Austria","2026","South - 8","Kalsdorf","Tillmitsch","4946","21533","2","1","0","0",,,,,"2","1"
"1609678","2026-09-26","9/26/2026 5:00:00 PM","FT","601","1. Liga Classic - Group 3","Switzerland","2026","Group 3 - 8","St. Gallen II","Collina d'Oro","12718","18162","2","0","1","0",,,,,"2","0"
"1612731","2026-09-26","9/26/2026 5:00:00 PM","FT","439","Tercera División RFEF - Group 1","Spain","2026","Group 1 - 4","Antela","Somozas","28094","9616","1","0","1","0",,,,,"1","0"
"1613039","2026-09-26","9/26/2026 5:00:00 PM","FT","440","Tercera División RFEF - Group 2","Spain","2026","Group 2 - 4","Siero","Ceares","9634","9620","2","0","0","0",,,,,"2","0"
"1613348","2026-09-26","9/26/2026 5:00:00 PM","FT","441","Tercera División RFEF - Group 3","Spain","2026","Group 3 - 4","Naval Reinosa","Laredo","28098","9394","0","4","0","1",,,,,"0","4"
"1613651","2026-09-26","9/26/2026 5:00:00 PM","FT","442","Tercera División RFEF - Group 4","Spain","2026","Group 4 - 4","Leioa","Eibar III","9397","25023","2","1","1","1",,,,,"2","1"
"1613655","2026-09-26","9/26/2026 5:00:00 PM","FT","442","Tercera División RFEF - Group 4","Spain","2026","Group 4 - 4","Sodupe","Aurrerá Vitoria","9666","20259","0","3","0","0",,,,,"0","3"
"1614880","2026-09-26","9/26/2026 5:00:00 PM","FT","446","Tercera División RFEF - Group 8","Spain","2026","Group 8 - 4","Villaralbo","Salamanca II","22144","9737","4","0","0","0",,,,,"4","0"
"1615488","2026-09-26","9/26/2026 5:00:00 PM","FT","448","Tercera División RFEF - Group 10","Spain","2026","Group 10 - 4","Ceuta II","Tomares","17596","15528","0","1","0","0",,,,,"0","1"
"1632081","2026-09-26","9/26/2026 5:00:00 PM","FT","890","U20 Elite League","World","2026","Group Stage","Czechia U20","Switzerland U20","18047","25281","5","2","1","1",,,,,"5","2"
"1632082","2026-09-26","9/26/2026 5:00:00 PM","FT","890","U20 Elite League","World","2026","Group Stage","Portugal U20","Poland U20","10299","10298","1","3","1","1",,,,,"1","3"
"1632987","2026-09-26","9/26/2026 5:00:00 PM","FT","785","Liga III - Serie 2","Romania","2026","Group 2 - 6","Corona Braşov","Săcele","16291","6905","4","0","3","0",,,,,"4","0"
"1635454","2026-09-26","9/26/2026 5:00:00 PM","FT","248","Kakkonen - Lohko B","Finland","2026","Group B","EBK","GrIFK","13552","2079","1","1","1","1",,,,,"1","1"
"1635520","2026-09-26","9/26/2026 5:00:00 PM","AET","147","Cup","Belgium","2026","Round of 64","Diegem Sport","Francs Borains","5776","5805","0","0","0","0","0","1",,,"0","1"
"1635526","2026-09-26","9/26/2026 5:00:00 PM","FT","147","Cup","Belgium","2026","Round of 64","Londerzeel","Albert Quévy-Mons","5862","5740","0","4","0","1",,,,,"0","4"
"1636668","2026-09-26","9/26/2026 5:00:00 PM","FT","200","Botola Pro","Morocco","2026","Regular Season - 1","UTS Rabat","FUS Rabat","14806","977","2","1","2","0",,,,,"2","1"
"1639173","2026-09-26","9/26/2026 5:00:00 PM","FT","143","Copa del Rey","Spain","2026","1/128-finals","Anaitasuna","Tedeón","15340","15325","5","0","2","0",,,,,"5","0"
"1639174","2026-09-26","9/26/2026 5:00:00 PM","FT","143","Copa del Rey","Spain","2026","1/128-finals","Atletico Calatayud","Baztán","26727","9843","2","0","1","0",,,,,"2","0"
"1639178","2026-09-26","9/26/2026 5:00:00 PM","FT","143","Copa del Rey","Spain","2026","1/128-finals","Lebrijana","Ceuta 6 de Junio","9761","18090","5","0","3","0",,,,,"5","0"
"1640269","2026-09-26","9/26/2026 5:00:00 PM","FT","282","Segunda División","Peru","2026","Promotion Group - 1","Ayacucho FC","Minas","2542","26867","1","0","1","0",,,,,"1","0"
"1640279","2026-09-26","9/26/2026 5:00:00 PM","FT","269","Segunda División","Uruguay","2026","2nd Phase - 20","Uruguay Montevideo","Rentistas","16740","2371","1","3","0","2",,,,,"1","3"
"1641155","2026-09-26","9/26/2026 5:00:00 PM","FT","201","Botola 2","Morocco","2026","Regular Season - 1","Olympique Dcheïra","Olympique Khouribga","3454","972","1","0","0","0",,,,,"1","0"
"1641156","2026-09-26","9/26/2026 5:00:00 PM","FT","201","Botola 2","Morocco","2026","Regular Season - 1","KAC Kenitra","Wydad Fès","979","3459","0","1","0","1",,,,,"0","1"
"1641157","2026-09-26","9/26/2026 5:00:00 PM","FT","201","Botola 2","Morocco","2026","Regular Season - 1","Union Sportive Boujaad","Olympique Safi","26496","975","0","0","0","0",,,,,"0","0"
"1641728","2026-09-26","9/26/2026 5:00:00 PM","PEN","920","World Cup - U20 - Women","World","2026","3rd place","Italy U20 W","Colombia U20 W","28365","19081","1","1","1","0","0","0","3","4","1","1"
"1642863","2026-09-26","9/26/2026 5:00:00 PM","FT","667","Friendlies Clubs","World","2026","Club Friendly","Zrinjski","Vojvodina","588","702","0","0","0","0",,,,,"0","0"
"1496522","2026-09-26","9/26/2026 5:30:00 PM","FT","774","3. Division - Girone 1","Norway","2026","Regular Season - 21","Lokomotiv Oslo","Gamle Oslo","7005","18924","4","1","2","0",,,,,"4","1"
"1508559","2026-09-26","9/26/2026 5:30:00 PM","FT","254","NWSL Women","USA","2026","Group Stage","Kansas City W","Denver Summit W","16487","27378","4","1","1","1",,,,,"4","1"
"1558947","2026-09-26","9/26/2026 5:30:00 PM","FT","374","2. SNL","Slovenia","2026","Regular Season - 8","Triglav","Primorje","4363","14007","1","1","0","0",,,,,"1","1"
"1563772","2026-09-26","9/26/2026 5:30:00 PM","FT","42","League Two","England","2026","Regular Season - 8","Oldham","Salford City","1349","1844","1","4","1","2",,,,,"1","4"
"1569938","2026-09-26","9/26/2026 5:30:00 PM","FT","141","Segunda División","Spain","2026","Regular Season - 7","Celta de Vigo II","Sabadell","9571","9593","1","1","1","1",,,,,"1","1"
"1569946","2026-09-26","9/26/2026 5:30:00 PM","FT","141","Segunda División","Spain","2026","Regular Season - 7","Tenerife","Cadiz","719","724","1","1","1","0",,,,,"1","1"
"1572065","2026-09-26","9/26/2026 5:30:00 PM","FT","875","Segunda División RFEF - Group 1","Spain","2026","Group 1 - 4","Sestao River","Atlético Astorga","9413","9723","2","0","1","0",,,,,"2","0"
"1572673","2026-09-26","9/26/2026 5:30:00 PM","FT","877","Segunda División RFEF - Group 3","Spain","2026","Group 3 - 4","Orihuela","Castellón II","9404","17588","1","4","1","1",,,,,"1","4"
"1573596","2026-09-26","9/26/2026 5:30:00 PM","FT","142","Primera División Femenina","Spain","2026","Regular Season - 5","Madrid CFF W","Deportivo Alavés W","1921","17168","1","0","0","0",,,,,"1","0"
"1615792","2026-09-26","9/26/2026 5:30:00 PM","FT","449","Tercera División RFEF - Group 11","Spain","2026","Group 11 - 4","Constància","Alcúdia","9776","9773","2","0","1","0",,,,,"2","0"
"1615796","2026-09-26","9/26/2026 5:30:00 PM","FT","449","Tercera División RFEF - Group 11","Spain","2026","Group 11 - 4","Platges Calvià","Cardassar","9785","15311","1","0","0","0",,,,,"1","0"
"1624971","2026-09-26","9/26/2026 5:30:00 PM","FT","434","Serie D - Girone I","Italy","2026","Group I - 5","Enna","Licata","24690","9557","0","3","0","1",,,,,"0","3"
"1570757","2026-09-26","9/26/2026 5:45:00 PM","FT","435","Primera División RFEF - Group 1","Spain","2026","Group 1 - 5","Arenas Getxo","Athletic Club II","9578","9579","0","3","0","1",,,,,"0","3"
"1570761","2026-09-26","9/26/2026 5:45:00 PM","FT","435","Primera División RFEF - Group 1","Spain","2026","Group 1 - 5","Deportivo La Coruña II","Real Unión","9610","9586","2","0","0","0",,,,,"2","0"
"1571141","2026-09-26","9/26/2026 5:45:00 PM","FT","436","Primera División RFEF - Group 2","Spain","2026","Group 2 - 5","Gimnastic","Sant Andreu","714","5277","1","2","0","0",,,,,"1","2"
"1350167","2026-09-26","9/26/2026 6:00:00 PM","FT","850","UEFA U21 Championship - Qualification","World","2027","Group Stage - 19","Malta U21","Northern Ireland U21","8208","8213","0","4","0","2",,,,,"0","4"
"1496889","2026-09-26","9/26/2026 6:00:00 PM","FT","776","3. Division - Girone 3","Norway","2026","Regular Season - 21","Vard","Fana","7043","6980","3","2","2","0",,,,,"3","2"
"1558950","2026-09-26","9/26/2026 6:00:00 PM","FT","374","2. SNL","Slovenia","2026","Regular Season - 8","Tabor Sežana","Bistrica","4362","6718","1","0","1","0",,,,,"1","0"
"1572363","2026-09-26","9/26/2026 6:00:00 PM","FT","876","Segunda División RFEF - Group 2","Spain","2026","Group 2 - 4","Barcelona B","Peña Sport","712","9406","4","0","1","0",,,,,"4","0"
"1572367","2026-09-26","9/26/2026 6:00:00 PM","FT","876","Segunda División RFEF - Group 2","Spain","2026","Group 2 - 4","Manresa","UD Logroñés II","9675","9872","0","1","0","1",,,,,"0","1"
"1572978","2026-09-26","9/26/2026 6:00:00 PM","FT","878","Segunda División RFEF - Group 4","Spain","2026","Group 4 - 4","Real Betis II","Linares Deportivo","9765","9398","4","0","3","0",,,,,"4","0"
"1574356","2026-09-26","9/26/2026 6:00:00 PM","FT","510","1. Liga Promotion","Switzerland","2026","Regular Season - 9","Biel-Bienne","Bavois","12700","6615","2","0","1","0",,,,,"2","0"
"1592865","2026-09-26","9/26/2026 6:00:00 PM","FT","1200","Liga MX U21","Mexico","2026","Regular Season - 10","Santos Laguna U21","Pachuca U21","26841","26838","2","0","0","0",,,,,"2","0"
"1604866","2026-09-26","9/26/2026 6:00:00 PM","FT","599","1. Liga Classic - Group 1","Switzerland","2026","Group 1 - 8","Prishtina Bern","Monthey","17484","6631","1","2","0","2",,,,,"1","2"
"1610035","2026-09-26","9/26/2026 6:00:00 PM","FT","317","1st League - RS","Bosnia","2026","RS - 8","Potkozarje","Leotar","28055","3370","1","1","0","0",,,,,"1","1"
"1612738","2026-09-26","9/26/2026 6:00:00 PM","FT","439","Tercera División RFEF - Group 1","Spain","2026","Group 1 - 4","Sarriana","Celta de Vigo III","22130","20255","3","2","2","0",,,,,"3","2"
"1614567","2026-09-26","9/26/2026 6:00:00 PM","FT","445","Tercera División RFEF - Group 7","Spain","2026","Group 7 - 4","Cala Pozuelo","Leganés II","24709","9710","1","0","0","0",,,,,"1","0"
"1615182","2026-09-26","9/26/2026 6:00:00 PM","FT","447","Tercera División RFEF - Group 9","Spain","2026","Group 9 - 4","Málaga II","Atletico de Marbella","9752","28107","1","0","0","0",,,,,"1","0"
"1617626","2026-09-26","9/26/2026 6:00:00 PM","FT","455","Tercera División RFEF - Group 17","Spain","2026","Group 17 - 4","Atlético Monzón","Almudévar","9878","9877","2","1","1","0",,,,,"2","1"
"1618358","2026-09-26","9/26/2026 6:00:00 PM","FT","92","Derde Divisie","Netherlands","2026","Regular Season - 7","Roosendaal","Vvsb","19266","1251","3","1","3","0",,,,,"3","1"
"1639181","2026-09-26","9/26/2026 6:00:00 PM","FT","143","Copa del Rey","Spain","2026","1/128-finals","Ribadesella CF","Noja","28413","17535","1","0","0","0",,,,,"1","0"
"1642864","2026-09-26","9/26/2026 6:15:00 PM","FT","667","Friendlies Clubs","World","2026","Club Friendly","HNK Rijeka","Union Berlin","561","182","0","1","0","1",,,,,"0","1"
"1574357","2026-09-26","9/26/2026 6:30:00 PM","FT","510","1. Liga Promotion","Switzerland","2026","Regular Season - 9","Bulle","FC Schaffhausen","6618","2182","0","1","0","1",,,,,"0","1"
"1578091","2026-09-26","9/26/2026 6:30:00 PM","FT","149","Second Amateur Division - VFV A","Belgium","2026","VFV A - 5","Ninove","KRC Gent","5884","5843","7","4",,,,,,,"7","4"
"1578092","2026-09-26","9/26/2026 6:30:00 PM","FT","149","Second Amateur Division - VFV A","Belgium","2026","VFV A - 5","Oudenaarde","Mechelen II","5894","19900","1","2","0","1",,,,,"1","2"
"1578097","2026-09-26","9/26/2026 6:30:00 PM","FT","149","Second Amateur Division - VFV A","Belgium","2026","VFV A - 5","Torhout","Sparta Petegem","5955","5927","1","0","0","0",,,,,"1","0"
"1582864","2026-09-26","9/26/2026 6:30:00 PM","FT","148","Second Amateur Division - ACFF","Belgium","2026","ACFF - 6","La Calamine","Acren-Lessines","8461","5737","2","3","0","2",,,,,"2","3"
"1582867","2026-09-26","9/26/2026 6:30:00 PM","FT","148","Second Amateur Division - ACFF","Belgium","2026","ACFF - 6","Stade Verviers","Ostiches","22256","5893","1","1","1","0",,,,,"1","1"
"1613037","2026-09-26","9/26/2026 6:30:00 PM","FT","440","Tercera División RFEF - Group 2","Spain","2026","Group 2 - 4","Caudal","L'Entregu","9619","9625","2","0","1","0",,,,,"2","0"
"1635531","2026-09-26","9/26/2026 6:30:00 PM","FT","147","Cup","Belgium","2026","Round of 64","Oostkamp","Excelsior Virton","5890","4715","0","3","0","1",,,,,"0","3"
"1600244","2026-09-26","9/26/2026 6:45:00 PM","FT","625","Carioca - 2","Brazil","2026","Regular Season - 4","Duque de Caxias","Niteroiense","12278","23637","0","2","0","2",,,,,"0","2"
"1600245","2026-09-26","9/26/2026 6:45:00 PM","FT","625","Carioca - 2","Brazil","2026","Regular Season - 4","Petrópolis","Audax Rio","23262","13107","3","2","1","1",,,,,"3","2"
"1600247","2026-09-26","9/26/2026 6:45:00 PM","FT","625","Carioca - 2","Brazil","2026","Regular Season - 4","Nova Cidade","Goytacaz","13113","13112","1","2","1","1",,,,,"1","2"
"1600248","2026-09-26","9/26/2026 6:45:00 PM","FT","625","Carioca - 2","Brazil","2026","Regular Season - 4","Serrano RJ","Campo Grande","13117","13087","1","1","0","0",,,,,"1","1"
"1494009","2026-09-26","9/26/2026 7:00:00 PM","FT","489","USL League One","USA","2026","Group Stage","Charlotte Independence","Fort Wayne","3991","16679","1","1","0","0",,,,,"1","1"
"1499650","2026-09-26","9/26/2026 7:00:00 PM","FT","131","Primera B Metropolitana","Argentina","2026","Regular Season - 37","Argentino de Merlo","Villa San Carlos","2430","8380","0","1","0","0",,,,,"0","1"
"1499652","2026-09-26","9/26/2026 7:00:00 PM","FT","131","Primera B Metropolitana","Argentina","2026","Regular Season - 37","Arsenal Sarandi","Liniers","459","8395","2","0","2","0",,,,,"2","0"
"1499653","2026-09-26","9/26/2026 7:00:00 PM","FT","131","Primera B Metropolitana","Argentina","2026","Regular Season - 37","Brown DE Adrogue","Deportivo Camioneros","468","3943","3","0","2","0",,,,,"3","0"
"1499659","2026-09-26","9/26/2026 7:00:00 PM","FT","131","Primera B Metropolitana","Argentina","2026","Regular Season - 37","Talleres Remedios","San Martín Burzaco","1927","8387","3","2","1","1",,,,,"3","2"
"1500126","2026-09-26","9/26/2026 7:00:00 PM","FT","132","Primera C","Argentina","2026","Regular Season - 30","Central Cordoba","Claypole","790","8391","2","1","2","1",,,,,"2","1"
"1500128","2026-09-26","9/26/2026 7:00:00 PM","FT","132","Primera C","Argentina","2026","Regular Season - 30","Deportivo Español","Central Ballester","8381","1967","1","0","0","0",,,,,"1","0"
"1500130","2026-09-26","9/26/2026 7:00:00 PM","FT","132","Primera C","Argentina","2026","Regular Season - 30","Deportivo Paraguayo","Lugano","8394","8396","1","1","1","1",,,,,"1","1"
"1500131","2026-09-26","9/26/2026 7:00:00 PM","FT","132","Primera C","Argentina","2026","Regular Season - 30","Estrella Del Sur","Argentino Rosario","23099","8389","2","1","1","0",,,,,"2","1"
"1500134","2026-09-26","9/26/2026 7:00:00 PM","FT","132","Primera C","Argentina","2026","Regular Season - 30","Victoriano Arenas","Juventud Unida","1964","486","1","1","0","1",,,,,"1","1"
"1500135","2026-09-26","9/26/2026 7:00:00 PM","FT","132","Primera C","Argentina","2026","Regular Season - 30","Yupanqui","General Lamadrid","8398","1955","0","0","0","0",,,,,"0","0"
"1511690","2026-09-26","9/26/2026 7:00:00 PM","FT","266","Primera B","Chile","2026","Regular Season - 26","Cobreloa","Santiago Wanderers","2332","2333","1","0","0","0",,,,,"1","0"
"1534095","2026-09-26","9/26/2026 7:00:00 PM","FT","1182","Northern Super League","Canada","2026","Regular season","AFC Toronto W","Ottawa Rapid W","25896","25900","3","0","1","0",,,,,"3","0"
"1551811","2026-09-26","9/26/2026 7:00:00 PM","FT","89","Eerste Divisie","Netherlands","2026","Regular Season - 8","Emmen","FC OSS","208","423","1","0","1","0",,,,,"1","0"
"1551812","2026-09-26","9/26/2026 7:00:00 PM","FT","89","Eerste Divisie","Netherlands","2026","Regular Season - 8","FC Volendam","VVV Venlo","416","204","3","2","3","1",,,,,"3","2"
"1551813","2026-09-26","9/26/2026 7:00:00 PM","FT","89","Eerste Divisie","Netherlands","2026","Regular Season - 8","MVV","Helmond Sport","412","424","2","0","0","0",,,,,"2","0"
"1551814","2026-09-26","9/26/2026 7:00:00 PM","FT","89","Eerste Divisie","Netherlands","2026","Regular Season - 8","NAC Breda","FC Eindhoven","203","422","4","2","1","0",,,,,"4","2"
"1551815","2026-09-26","9/26/2026 7:00:00 PM","FT","89","Eerste Divisie","Netherlands","2026","Regular Season - 8","Roda","Waalwijk","414","417","2","0","1","0",,,,,"2","0"
"1557298","2026-09-26","9/26/2026 7:00:00 PM","FT","146","Super League Women","Belgium","2026","Regular Season - 4","OH Leuven W","Club Brugge W","1790","6344","1","1","0","0",,,,,"1","1"
"1575028","2026-09-26","9/26/2026 7:00:00 PM","FT","1114","Carioca U20","Brazil","2026","Regular Season - 8","Portuguesa RJ U20","Bangu U20","22842","22831","0","3","0","2",,,,,"0","3"
"1578333","2026-09-26","9/26/2026 7:00:00 PM","FT","150","Second Amateur Division - VFV B","Belgium","2026","VFV B - 5","Bocholt","Royal Antwerp II","5760","19958","2","1","1","0",,,,,"2","1"
"1578335","2026-09-26","9/26/2026 7:00:00 PM","FT","150","Second Amateur Division - VFV B","Belgium","2026","VFV B - 5","Wilrijk","Tempo Overijse","21831","5947","2","3","2","2",,,,,"2","3"
"1579819","2026-09-26","9/26/2026 7:00:00 PM","FT","487","First Amateur Division","Belgium","2026","ACFF - 6","Meux","Onhaye","5872","5888","2","1","1","0",,,,,"2","1"
"1579821","2026-09-26","9/26/2026 7:00:00 PM","FT","487","First Amateur Division","Belgium","2026","ACFF - 6","Tubize","Union Saint-Gilloise II","262","19902","1","1","0","0",,,,,"1","1"
"1581428","2026-09-26","9/26/2026 7:00:00 PM","FT","263","Liga de Expansión MX","Mexico","2026","Apertura - 10","Cruz Azul Hidalgo","Leones Negros UDG","15928","2307","1","2","1","0",,,,,"1","2"
"1582336","2026-09-26","9/26/2026 7:00:00 PM","FT","1142","Mineiro - 3","Brazil","2026","Regular Season - 2","Araxá","Paracatu","12286","26744","1","2","0","1",,,,,"1","2"
"1582865","2026-09-26","9/26/2026 7:00:00 PM","FT","148","Second Amateur Division - ACFF","Belgium","2026","ACFF - 6","Braine","Union Namur","5764","5964","1","2","0","0",,,,,"1","2"
"1582866","2026-09-26","9/26/2026 7:00:00 PM","FT","148","Second Amateur Division - ACFF","Belgium","2026","ACFF - 6","Richelle United","SG-Tertre-Hautrage","5913","5917","4","0","3","0",,,,,"4","0"
"1597992","2026-09-26","9/26/2026 7:00:00 PM","FT","1036","Copa Santa Catarina","Brazil","2026","Group Stage - 5","Joinville","Barra","795","18271","2","1","1","1",,,,,"2","1"
"1610844","2026-09-26","9/26/2026 7:00:00 PM","FT","1037","Paraibano 2","Brazil","2026","Regular Season - 5","Femar","Spartax","28058","22366","1","1",,,,,,,"1","1"
"1613962","2026-09-26","9/26/2026 7:00:00 PM","FT","443","Tercera División RFEF - Group 5","Spain","2026","Group 5 - 4","San Juan Atletico de Montcada","Tona","28102","20264","2","1","2","1",,,,,"2","1"
"1627232","2026-09-26","9/26/2026 7:00:00 PM","FT","1088","Pernambucano - U20","Brazil","2026","Regular Season - 9","1º de Maio U20","CA Porto U20","28227","23491","0","1",,,,,,,"0","1"
"1627233","2026-09-26","9/26/2026 7:00:00 PM","FT","1088","Pernambucano - U20","Brazil","2026","Regular Season - 9","Atletico PE U20","Ipojuca U20","26778","23495","0","4",,,,,,,"0","4"
"1627234","2026-09-26","9/26/2026 7:00:00 PM","FT","1088","Pernambucano - U20","Brazil","2026","Regular Season - 9","Retrô U20","Atletico Torres U20","13050","23489","4","0","1","0",,,,,"4","0"
"1627235","2026-09-26","9/26/2026 7:00:00 PM","FT","1088","Pernambucano - U20","Brazil","2026","Regular Season - 9","Santa Cruz U20","Ibis Sport Club U20","13053","23494","7","0",,,,,,,"7","0"
"1630316","2026-09-26","9/26/2026 7:00:00 PM","FT","1150","Gaúcho - 3","Brazil","2026","Regular Season - 4","Farroupilha","Cruz A.","25078","28276","2","1","1","1",,,,,"2","1"
"1631736","2026-09-26","9/26/2026 7:00:00 PM","FT","722","Liga Premier Serie A","Mexico","2026","Apertura - 5","Cañoneros Marina","Guerreros del Pacifico","15924","28304","0","2","0","0",,,,,"0","2"
"1632434","2026-09-26","9/26/2026 7:00:00 PM","FT","243","Liga Pro Serie B","Ecuador","2026","Promotion Group - 5","9 de Octubre","San Antonio","10111","23310","3","0","2","0",,,,,"3","0"
"1635521","2026-09-26","9/26/2026 7:00:00 PM","FT","147","Cup","Belgium","2026","Round of 64","Diksmuide","Lommel United","14157","259","0","2","0","1",,,,,"0","2"
"1635522","2026-09-26","9/26/2026 7:00:00 PM","PEN","147","Cup","Belgium","2026","Round of 64","Heist","Kortrijk","6217","734","2","2","1","0",,,,,"2","2"
"1635523","2026-09-26","9/26/2026 7:00:00 PM","FT","147","Cup","Belgium","2026","Round of 64","Hoogstraten","Dender","5825","6215","0","6","0","4",,,,,"0","6"
"1635524","2026-09-26","9/26/2026 7:00:00 PM","FT","147","Cup","Belgium","2026","Round of 64","Lokeren-Temse","Houtvenne","14128","5829","5","0","2","0",,,,,"5","0"
"1635527","2026-09-26","9/26/2026 7:00:00 PM","FT","147","Cup","Belgium","2026","Round of 64","Mandel United","Sporting Hasselt","5868","5931","1","3","0","1",,,,,"1","3"
"1635529","2026-09-26","9/26/2026 7:00:00 PM","FT","147","Cup","Belgium","2026","Round of 64","Nijlen","Rupel Boom","5883","6225","3","1","2","1",,,,,"3","1"
"1635530","2026-09-26","9/26/2026 7:00:00 PM","PEN","147","Cup","Belgium","2026","Round of 64","Olympic Charleroi","Habay-la-Neuve","6221","5814","1","1","1","0","0","0",,,"1","1"
"1635534","2026-09-26","9/26/2026 7:00:00 PM","FT","147","Cup","Belgium","2026","Round of 64","Roeselare Daisel","Patro Eisden","16980","6222","1","2","0","1",,,,,"1","2"
"1636663","2026-09-26","9/26/2026 7:00:00 PM","FT","200","Botola Pro","Morocco","2026","Regular Season - 1","Difaa EL Jadida","CODM Meknès","964","22218","2","6","0","4",,,,,"2","6"
"1637933","2026-09-26","9/26/2026 7:00:00 PM","FT","25","Gulf Cup of Nations","World","2026","Group Stage - 2","Oman","Saudi Arabia","1552","23","0","3","0","3",,,,,"0","3"
"1639180","2026-09-26","9/26/2026 7:00:00 PM","FT","143","Copa del Rey","Spain","2026","1/128-finals","Pinatar","Atlético Melilla","28412","22145","8","0","4","0",,,,,"8","0"
"1640216","2026-09-26","9/26/2026 7:00:00 PM","FT","1086","Paulista - U20","Brazil","2026","Round of 32","Ferroviária U20","Flamengo SP U20","13006","13007","2","1","0","0",,,,,"2","1"
"1640217","2026-09-26","9/26/2026 7:00:00 PM","FT","1086","Paulista - U20","Brazil","2026","Round of 32","Ibrachina U20","SC Paulinense SP U20","18336","27797","3","1","3","0",,,,,"3","1"
"1640218","2026-09-26","9/26/2026 7:00:00 PM","FT","1086","Paulista - U20","Brazil","2026","Round of 32","Osasco Audax U20","Botafogo SP U20","13037","12987","0","0","0","0",,,,,"0","0"
"1640462","2026-09-26","9/26/2026 7:00:00 PM","FT","1229","Liga Women","Peru","2026","Clausura - 11","Atl. Andahuaylas W","Defensores W","27772","27774","3","0","2","0",,,,,"3","0"
"1640814","2026-09-26","9/26/2026 7:00:00 PM","FT","386","Ligue 1","Ivory-Coast","2026","Regular Season - 1","Stade d'Abidjan","Mouna","4525","22583","0","0","0","0",,,,,"0","0"
"1641136","2026-09-26","9/26/2026 7:00:00 PM","FT","268","Primera División","Uruguay","2026","Clausura - 8","Cerro Largo","Club Nacional","2369","2356","0","2","0","1",,,,,"0","2"
"1641158","2026-09-26","9/26/2026 7:00:00 PM","FT","201","Botola 2","Morocco","2026","Regular Season - 1","Yacoub El Mansour","Chabab Mohammédia","25058","6387","2","0","1","0",,,,,"2","0"
"1641275","2026-09-26","9/26/2026 7:00:00 PM","FT","1107","Mineiro U20","Brazil","2026","Semi-finals","Atlético Mineiro U20","Coimbra U20","12952","22833","5","1","2","0",,,,,"5","1"
"1603373","2026-09-26","9/26/2026 7:06:00 PM","FT","673","Liga MX Femenil","Mexico","2026","Regular Season - 9","Querétaro W","Atlas W","14871","14873","0","1","0","0",,,,,"0","1"
"1578336","2026-09-26","9/26/2026 7:15:00 PM","FT","150","Second Amateur Division - VFV B","Belgium","2026","VFV B - 5","Cappellen","Eendracht Termien","5767","5786","3","3","2","0",,,,,"3","3"
"1492984","2026-09-26","9/26/2026 7:30:00 PM","FT","358","First Division","Ireland","2026","Regular Season - 33","Longford Town","Cork City","3853","653","2","1","1","0",,,,,"2","1"
"1498831","2026-09-26","9/26/2026 7:30:00 PM","FT","129","Primera Nacional","Argentina","2026","Regular Season - 31","Almirante Brown","Acassuso","8375","2425","0","1","0","0",,,,,"0","1"
"1498833","2026-09-26","9/26/2026 7:30:00 PM","FT","129","Primera Nacional","Argentina","2026","Regular Season - 31","CA Estudiantes","San Miguel","1936","8379","2","1","0","0",,,,,"2","1"
"1499654","2026-09-26","9/26/2026 7:30:00 PM","FT","131","Primera B Metropolitana","Argentina","2026","Regular Season - 37","Deportivo Armenio","Deportivo Merlo","2427","8383","1","0","1","0",,,,,"1","0"
"1602093","2026-09-26","9/26/2026 7:30:00 PM","FT","1141","Brasiliense B","Brazil","2026","Regular Season - 5","Canaa EC","Luziânia","28035","7859","2","1",,,,,,,"2","1"
"1602094","2026-09-26","9/26/2026 7:30:00 PM","FT","1141","Brasiliense B","Brazil","2026","Regular Season - 5","Legião","GREVAL","24912","24911","3","3","1","1",,,,,"3","3"
"1606320","2026-09-26","9/26/2026 7:30:00 PM","FT","1030","Goiano - 2","Brazil","2026","Regular Season - 15","Goiânia","Tupy FC","10674","24773","1","1","0","1",,,,,"1","1"
"1608294","2026-09-26","9/26/2026 7:30:00 PM","FT","138","Serie C - Girone A","Italy","2026","Girone A - 7","Cittadella","Lecco","510","6379","3","0","0","0",,,,,"3","0"
"1608678","2026-09-26","9/26/2026 7:30:00 PM","FT","942","Serie C - Girone B","Italy","2026","Girone B - 7","Sambenedettese","Campobasso FC","871","9510","1","2","0","1",,,,,"1","2"
"1609055","2026-09-26","9/26/2026 7:30:00 PM","FT","943","Serie C - Girone C","Italy","2026","Girone C - 7","Cavese","Savoia","1712","9564","4","2","1","0",,,,,"4","2"
"1528891","2026-09-26","9/26/2026 7:45:00 PM","FT","5","UEFA Nations League","World","2026","League A - 1","England","Spain","10","9","2","3","2","1",,,,,"2","3"
"1528892","2026-09-26","9/26/2026 7:45:00 PM","FT","5","UEFA Nations League","World","2026","League A - 1","Czechia","Croatia","770","3","1","2","0","0",,,,,"1","2"
"1528893","2026-09-26","9/26/2026 7:45:00 PM","FT","5","UEFA Nations League","World","2026","League C - 1","Albania","Belarus","778","1100","2","0","2","0",,,,,"2","0"
"1528894","2026-09-26","9/26/2026 7:45:00 PM","FT","5","UEFA Nations League","World","2026","League C - 1","Slovakia","Moldova","773","1114","2","0","2","0",,,,,"2","0"
"1545656","2026-09-26","9/26/2026 7:45:00 PM","FT","5","UEFA Nations League","World","2026","League B - 1","FYR Macedonia","Switzerland","1105","15","0","3","0","2",,,,,"0","3"
"1574741","2026-09-26","9/26/2026 7:45:00 PM","FT","63","Ligue 3","France","2026","Regular Season - 8","Fleury 91","Aubagne","3179","9930","1","2","1","1",,,,,"1","2"
"1574742","2026-09-26","9/26/2026 7:45:00 PM","FT","63","Ligue 3","France","2026","Regular Season - 8","Bourg-en-bresse 01","Concarneau","430","1300","1","1","0","1",,,,,"1","1"
"1574744","2026-09-26","9/26/2026 7:45:00 PM","FT","63","Ligue 3","France","2026","Regular Season - 8","Orleans","Cannes","103","9932","0","0","0","0",,,,,"0","0"
"1574745","2026-09-26","9/26/2026 7:45:00 PM","FT","63","Ligue 3","France","2026","Regular Season - 8","Gobelins","Bastia","9238","1305","1","0","1","0",,,,,"1","0"
"1574746","2026-09-26","9/26/2026 7:45:00 PM","FT","63","Ligue 3","France","2026","Regular Season - 8","Quevilly","Amiens","431","87","1","1","1","0",,,,,"1","1"
"1574747","2026-09-26","9/26/2026 7:45:00 PM","FT","63","Ligue 3","France","2026","Regular Season - 8","Thionville Lusitanos","La Roche VF","22039","9915","1","2","0","0",,,,,"1","2"
"1574748","2026-09-26","9/26/2026 7:45:00 PM","FT","63","Ligue 3","France","2026","Regular Season - 8","Valenciennes","Le Puy Foot","105","3069","2","1","1","1",,,,,"2","1"
"1574749","2026-09-26","9/26/2026 7:45:00 PM","FT","63","Ligue 3","France","2026","Regular Season - 8","Villefranche","Versailles","1302","3131","1","2","1","1",,,,,"1","2"
"1498829","2026-09-26","9/26/2026 8:00:00 PM","FT","129","Primera Nacional","Argentina","2026","Regular Season - 31","All Boys","Colon Santa Fe","464","448","0","0","0","0",,,,,"0","0"
"1498835","2026-09-26","9/26/2026 8:00:00 PM","FT","129","Primera Nacional","Argentina","2026","Regular Season - 31","Ciudad de Bolívar","Chaco For Ever","16612","1946","2","1","0","0",,,,,"2","1"
"1498845","2026-09-26","9/26/2026 8:00:00 PM","FT","129","Primera Nacional","Argentina","2026","Regular Season - 31","Quilmes","Club Atlético Güemes","480","3969","2","0","1","0",,,,,"2","0"
"1549649","2026-09-26","9/26/2026 8:00:00 PM","FT","240","Primera B","Colombia","2026","Clausura - 11","Tigres FC","Real Santander","1145","1463","1","1","0","0",,,,,"1","1"
"1582337","2026-09-26","9/26/2026 8:00:00 PM","FT","1142","Mineiro - 3","Brazil","2026","Regular Season - 2","Funorte","Sao Joao del Rei","27962","27965","1","0","0","0",,,,,"1","0"
"1582338","2026-09-26","9/26/2026 8:00:00 PM","FT","1142","Mineiro - 3","Brazil","2026","Regular Season - 2","Nova Lavras","Novo Esporte Clube","27963","26489","3","0","1","0",,,,,"3","0"
"1593625","2026-09-26","9/26/2026 8:00:00 PM","FT","182","Challenge Cup","Scotland","2026","Group Stage - 5","Queen of the South","Rangers U21","1384","6779","4","2","2","1",,,,,"4","2"
"1600705","2026-09-26","9/26/2026 8:00:00 PM","FT","711","Segunda División","Chile","2026","Promotion Group - 2","Santiago City","Municipal Salamanca","21117","18775","1","0","1","0",,,,,"1","0"
"1616097","2026-09-26","9/26/2026 8:00:00 PM","FT","450","Tercera División RFEF - Group 12","Spain","2026","Group 12 - 4","Laguna de Duero","Marino","22143","9799","2","2","2","1",,,,,"2","2"
"1639945","2026-09-26","9/26/2026 8:00:00 PM","FT","536","CONCACAF Nations League","World","2025","League C - 1","Montserrat","British Virgin Islands","8170","8168","3","0","0","0",,,,,"3","0"
"1640280","2026-09-26","9/26/2026 8:00:00 PM","FT","269","Segunda División","Uruguay","2026","2nd Phase - 20","CA River Plate","Colón","2351","15628","3","0","1","0",,,,,"3","0"
"1641783","2026-09-26","9/26/2026 8:00:00 PM","FT","710","Nacional B","Bolivia","2026","Regular Season - 6","Libertad","Atletico Sucre","15715","28290","0","2","0","1",,,,,"0","2"
"1641845","2026-09-26","9/26/2026 8:00:00 PM","FT","1178","Super Copa International","Argentina","2026","Final","Estudiantes L.P.","Rosario Central","450","437","1","3","1","2",,,,,"1","3"
"1520896","2026-09-26","9/26/2026 8:30:00 PM","FT","72","Serie B","Brazil","2026","Regular Season - 30","Nautico Recife","Sport Recife","755","123","3","1","1","0",,,,,"3","1"
"1520898","2026-09-26","9/26/2026 8:30:00 PM","FT","72","Serie B","Brazil","2026","Regular Season - 30","Operario-PR","Ceara","1223","129","2","2","1","0",,,,,"2","2"
"1632016","2026-09-26","9/26/2026 8:30:00 PM","FT","252","Division Profesional - Clausura","Paraguay","2026","Clausura - 12","Rubio NU","2 de Mayo","1185","2140","2","2","1","1",,,,,"2","2"
"1641144","2026-09-26","9/26/2026 8:30:00 PM","FT","74","Brasileiro Women","Brazil","2026","Final","Corinthians W","São Paulo W","1798","9982","1","2","1","1",,,,,"1","2"
"1641723","2026-09-26","9/26/2026 8:30:00 PM","FT","300","Segunda División","Venezuela","2026","Regular Season - 31","Real Frontera","Yaracuyanos FC","2847","2829","0","3","0","2",,,,,"0","3"
"1641724","2026-09-26","9/26/2026 8:30:00 PM","FT","300","Segunda División","Venezuela","2026","Regular Season - 31","Zamora FC B","Club Atletico Barinas","2841","27528","2","1","1","1",,,,,"2","1"
"1517354","2026-09-26","9/26/2026 9:00:00 PM","FT","479","Canadian Premier League","Canada","2026","Group Stage","HFX Wanderers FC","Atlético Ottawa","2621","10169","0","1","0","1",,,,,"0","1"
"1597990","2026-09-26","9/26/2026 9:00:00 PM","FT","1036","Copa Santa Catarina","Brazil","2026","Group Stage - 5","Blumenau","Marcílio Dias","19635","10677","1","1","0","0",,,,,"1","1"
"1600684","2026-09-26","9/26/2026 9:00:00 PM","FT","711","Segunda División","Chile","2026","Relegation Group - 6","Lota Schwager","Provincial Ovalle","27606","18776","1","2","0","2",,,,,"1","2"
"1601446","2026-09-26","9/26/2026 9:00:00 PM","FT","163","Liga de Ascenso","Costa-Rica","2026","Regular Season - 9","Futbol Consultants Moravia","Aserri FC","2054","2056","1","0","0","0",,,,,"1","0"
"1624025","2026-09-26","9/26/2026 9:00:00 PM","FT","1203","Piauiense - 2","Brazil","2026","Regular Season - 5","Caicara","Comercial PI","26859","12294","1","3","0","2",,,,,"1","3"
"1624026","2026-09-26","9/26/2026 9:00:00 PM","FT","1203","Piauiense - 2","Brazil","2026","Regular Season - 5","Picos","Flamengo PI","13095","13093","2","0","1","0",,,,,"2","0"
"1624027","2026-09-26","9/26/2026 9:00:00 PM","FT","1203","Piauiense - 2","Brazil","2026","Regular Season - 5","River AC","4 de Julho","2221","7838","3","1","1","0",,,,,"3","1"
"1634911","2026-09-26","9/26/2026 9:00:00 PM","FT","759","Liga Mayor","Dominican-Republic","2026","Regular Season - 8","Delfines Del Este","Atlántico","16139","16138","3","1","0","1",,,,,"3","1"
"1636669","2026-09-26","9/26/2026 9:00:00 PM","FT","200","Botola Pro","Morocco","2026","Regular Season - 1","Wydad AC","Widad Témara","968","3458","1","3","0","1",,,,,"1","3"
"1637844","2026-09-26","9/26/2026 9:00:00 PM","FT","75","Serie C","Brazil","2026","Second Stage - 4","Botafogo PB","Maringá","1197","7833","0","0","0","0",,,,,"0","0"
"1637845","2026-09-26","9/26/2026 9:00:00 PM","FT","75","Serie C","Brazil","2026","Second Stage - 4","Floresta","Santa Cruz","7774","753","1","1","1","0",,,,,"1","1"
"1639946","2026-09-26","9/26/2026 9:00:00 PM","FT","536","CONCACAF Nations League","World","2025","League C - 3","Saint Martin","US Virgin Islands","10984","8172","0","2","0","1",,,,,"0","2"
"1641146","2026-09-26","9/26/2026 9:00:00 PM","FT","742","Copa Paulista","Brazil","2026","Semi-finals","Grêmio Prudente","União São João","20713","22852","0","0","0","0",,,,,"0","0"
"1640463","2026-09-26","9/26/2026 9:15:00 PM","FT","1229","Liga Women","Peru","2026","Clausura - 11","UNSAAC W","U. de Deportes W","27780","27779","2","5","1","3",,,,,"2","5"
"1640464","2026-09-26","9/26/2026 9:15:00 PM","FT","1229","Liga Women","Peru","2026","Clausura - 11","Carlos Mannucci W","Yanapuma W","27773","27781","4","2","1","1",,,,,"4","2"
"1628997","2026-09-26","9/26/2026 9:30:00 PM","FT","10","Friendlies","World","2026","Friendly International","USA","Peru","2384","30","4","1","1","1",,,,,"4","1"
"1638390","2026-09-26","9/26/2026 9:30:00 PM","FT","267","Copa Chile","Chile","2026","Round of 16","Nublense","D. Puerto Montt","2337","2342","2","1","1","1",,,,,"2","1"
"1641093","2026-09-26","9/26/2026 9:30:00 PM","FT","667","Friendlies Clubs","World","2026","Club Friendlies","Atletico Nacional","Chapecoense-sc","1137","132","1","1","1","1",,,,,"1","1"
"1493918","2026-09-26","9/26/2026 10:00:00 PM","FT","489","USL League One","USA","2026","Group Stage","Portland Hearts of Pine","Sarasota Paradise","25486","21289","1","4","1","3",,,,,"1","4"
"1549801","2026-09-26","9/26/2026 10:00:00 PM","FT","239","Primera A","Colombia","2026","Clausura - 12","Deportivo Pereira","Internacional de Bogota","1462","1134","0","0","0","0",,,,,"0","0"
"1559651","2026-09-26","9/26/2026 10:00:00 PM","FT","339","Liga Nacional","Guatemala","2026","Regular Season - 11","Guastatoya","Deportivo San Pedro","3662","27883","2","1","0","0",,,,,"2","1"
"1597991","2026-09-26","9/26/2026 10:00:00 PM","FT","1036","Copa Santa Catarina","Brazil","2026","Group Stage - 5","Hercílio Luz","Nação","7828","19637","2","1","1","1",,,,,"2","1"
"1639947","2026-09-26","9/26/2026 10:00:00 PM","FT","536","CONCACAF Nations League","World","2025","League B - 4","St. Vincent / Grenadines","French Guyana","5541","8118","2","1","2","0",,,,,"2","1"
"1520895","2026-09-26","9/26/2026 10:30:00 PM","FT","72","Serie B","Brazil","2026","Regular Season - 30","Goias","Atletico Goianiense","151","144","0","1","0","1",,,,,"0","1"
"1600246","2026-09-26","9/26/2026 10:30:00 PM","FT","625","Carioca - 2","Brazil","2026","Regular Season - 4","Macaé","Artsul","7815","13106","0","0","0","0",,,,,"0","0"
"1619687","2026-09-26","9/26/2026 10:30:00 PM","FT","964","Copa de la División Profesional","Bolivia","2026","Group Stage - 5","The Strongest","Guabirá","3711","3704","2","1","1","1",,,,,"2","1"
"1635975","2026-09-26","9/26/2026 10:30:00 PM","FT","1242","Primera Premier","Mexico","2026","Regular Season - 5","Cordobés","Zacatepec 1948","24939","2303","0","1","0","1",,,,,"0","1"
"1639719","2026-09-26","9/26/2026 10:30:00 PM","FT","1138","Paranaense - 3","Brazil","2026","Semi-finals","PSTC Procopense","AA Iguaçu","1212","17427","0","0","0","0",,,,,"0","0"
"1641137","2026-09-26","9/26/2026 10:30:00 PM","FT","268","Primera División","Uruguay","2026","Clausura - 8","Penarol","Boston River","2348","2361","2","1","1","0",,,,,"2","1"
"1494012","2026-09-26","9/26/2026 11:00:00 PM","FT","489","USL League One","USA","2026","Group Stage","Forward Madison","Spokane Velocity","9025","22785","0","1","0","0",,,,,"0","1"
"1498838","2026-09-26","9/26/2026 11:00:00 PM","FT","129","Primera Nacional","Argentina","2026","Regular Season - 31","Deportivo Madryn","Central Norte","1929","1951","0","0","0","0",,,,,"0","0"
"1499658","2026-09-26","9/26/2026 11:00:00 PM","FT","131","Primera B Metropolitana","Argentina","2026","Regular Season - 37","Deportivo Laferrere","Sportivo Italiano","1924","8388","1","2","1","1",,,,,"1","2"
"1549644","2026-09-26","9/26/2026 11:00:00 PM","FT","240","Primera B","Colombia","2026","Clausura - 11","Popayan","Patriotas","1460","1140","4","1","3","0",,,,,"4","1"
"1581429","2026-09-26","9/26/2026 11:00:00 PM","FT","263","Liga de Expansión MX","Mexico","2026","Apertura - 10","Tlaxcala","Cancún","14280","14276","4","1","1","1",,,,,"4","1"
"1631605","2026-09-26","9/26/2026 11:00:00 PM","FT","872","Liga Premier Serie B","Mexico","2026","Apertura - 1","Heroes de Zaci 2","Irapuato II","28301","28300","0","3","0","1",,,,,"0","3"
"1631738","2026-09-26","9/26/2026 11:00:00 PM","PEN","722","Liga Premier Serie A","Mexico","2026","Apertura - 5","Atlético Saltillo","Héroes de Zaci","15919","26526","2","2","1","1",,,,,"2","2"
"1632019","2026-09-26","9/26/2026 11:00:00 PM","FT","252","Division Profesional - Clausura","Paraguay","2026","Clausura - 12","Sportivo Trinidense","Cerro Porteno","1187","1176","2","1","1","1",,,,,"2","1"
"1634909","2026-09-26","9/26/2026 11:00:00 PM","FT","759","Liga Mayor","Dominican-Republic","2026","Regular Season - 8","Vega Real","Moca","16142","16617","1","0","0","0",,,,,"1","0"
"1638132","2026-09-26","9/26/2026 11:00:00 PM","FT","1035","Copa Rio","Brazil","2026","Final","Boavista SC","Nova Iguaçu","2206","7782","2","0","1","0",,,,,"2","0"
"1640281","2026-09-26","9/26/2026 11:00:00 PM","FT","269","Segunda División","Uruguay","2026","2nd Phase - 20","Oriental","Fenix","2376","2357","3","2","1","0",,,,,"3","2"
"1508560","2026-09-26","9/26/2026 11:30:00 PM","FT","254","NWSL Women","USA","2026","Group Stage","Washington Spirit W","Angel City W","3005","18450","0","1","0","0",,,,,"0","1"
"1637846","2026-09-26","9/26/2026 11:30:00 PM","FT","75","Serie C","Brazil","2026","Second Stage - 4","Inter De Limeira","Paysandu","1201","149","2","0","1","0",,,,,"2","0"
"1641725","2026-09-26","9/26/2026 11:30:00 PM","FT","300","Segunda División","Venezuela","2026","Regular Season - 31","Fundación Lara Deportiva","Urena SC","10091","2816","3","0","2","0",,,,,"3","0"
"1550980","2026-09-26","9/26/2026 11:50:00 PM","FT","262","Liga MX","Mexico","2026","Apertura - 10","Cruz Azul","Toluca","2295","2281","3","3","2","0",,,,,"3","3"
"1493707","2026-09-27","9/27/2026 12:00:00 AM","FT","255","USL Championship","USA","2026","Group Stage","Charleston Battery","Rhode Island","3990","22855","2","0","0","0",,,,,"2","0"
"1493708","2026-09-27","9/27/2026 12:00:00 AM","FT","255","USL Championship","USA","2026","Group Stage","Detroit City","Colorado Springs","9043","3992","0","0","0","0",,,,,"0","0"
"1493709","2026-09-27","9/27/2026 12:00:00 AM","FT","255","USL Championship","USA","2026","Group Stage","Indy Eleven","Miami FC","3996","9030","0","2","0","2",,,,,"0","2"
"1494011","2026-09-27","9/27/2026 12:00:00 AM","FT","489","USL League One","USA","2026","Group Stage","Naples","Chattanooga Red Wolves","25485","9016","1","0","1","0",,,,,"1","0"
"1494013","2026-09-27","9/27/2026 12:00:00 AM","FT","489","USL League One","USA","2026","Group Stage","Greenville Triumph","Union Omaha","9026","10283","1","3","1","1",,,,,"1","3"
"1498836","2026-09-27","9/27/2026 12:00:00 AM","FT","129","Primera Nacional","Argentina","2026","Regular Season - 31","Colegiales","Chacarita Juniors","8377","447","2","1","2","1",,,,,"2","1"
"1517355","2026-09-27","9/27/2026 12:00:00 AM","FT","479","Canadian Premier League","Canada","2026","Group Stage","Vancouver FC","Forge","20881","3830","1","1","0","1",,,,,"1","1"
"1557210","2026-09-27","9/27/2026 12:00:00 AM","FT","1130","USL Super League","USA","2026","Group Stage","Carolina Ascent W","Sporting JAX W","24658","25855","3","3","1","1",,,,,"3","3"
"1581431","2026-09-27","9/27/2026 12:00:00 AM","FT","263","Liga de Expansión MX","Mexico","2026","Apertura - 10","Venados FC","Monarcas","2311","2284","2","1","1","0",,,,,"2","1"
"1603374","2026-09-27","9/27/2026 12:00:00 AM","FT","673","Liga MX Femenil","Mexico","2026","Regular Season - 9","Pachuca W","Santos Laguna W","14881","14883","4","1","3","0",,,,,"4","1"
"1610877","2026-09-27","9/27/2026 12:00:00 AM","FT","10","Friendlies","World","2026","Friendly International","Canada","Chile","5529","2383","1","0","1","0",,,,,"1","0"
"1635976","2026-09-27","9/27/2026 12:00:00 AM","PEN","1242","Primera Premier","Mexico","2026","Regular Season - 5","Deportiva Venados","Celaya","19907","2308","2","2","2","2",,,"3","4","2","2"
"1638389","2026-09-27","9/27/2026 12:00:00 AM","PEN","267","Copa Chile","Chile","2026","Round of 16","U. Catolica","Union La Calera","2994","2326","0","0","0","0",,,"2","4","0","0"
"1639948","2026-09-27","9/27/2026 12:00:00 AM","FT","536","CONCACAF Nations League","World","2025","League C - 2","Antigua and Barbuda","Anguilla","5526","8150","5","0","5","0",,,,,"5","0"
"1641154","2026-09-27","9/27/2026 12:00:00 AM","FT","712","Liga Femenina","Colombia","2026","Final","Deportivo Cali W","Santa Fe W","15723","15730","4","2","2","1",,,,,"4","2"
"1550977","2026-09-27","9/27/2026 12:07:00 AM","FT","262","Liga MX","Mexico","2026","Apertura - 10","Guadalajara Chivas","Club Queretaro","2278","2290","0","2","0","1",,,,,"0","2"
"1549796","2026-09-27","9/27/2026 12:15:00 AM","FT","239","Primera A","Colombia","2026","Clausura - 12","Cucuta","Llaneros","1470","1464","2","1","2","0",,,,,"2","1"
"1583772","2026-09-27","9/27/2026 12:15:00 AM","FT","304","Liga Panameña de Fútbol","Panama","2026","Apertura - 10","Deportivo Universitario","UMECIT","2888","20788","2","1","0","0",,,,,"2","1"
"1490496","2026-09-27","9/27/2026 12:30:00 AM","FT","253","Major League Soccer","USA","2026","Regular Season - 27","Philadelphia Union","Orlando City SC","1599","1598","4","2","2","0",,,,,"4","2"
"1490497","2026-09-27","9/27/2026 12:30:00 AM","FT","253","Major League Soccer","USA","2026","Regular Season - 27","Atlanta United FC","New York City FC","1608","1604","2","2","1","1",,,,,"2","2"
"1490498","2026-09-27","9/27/2026 12:30:00 AM","FT","253","Major League Soccer","USA","2026","Regular Season - 27","CF Montreal","FC Cincinnati","1614","2242","3","1","1","0",,,,,"3","1"
"1490499","2026-09-27","9/27/2026 12:30:00 AM","FT","253","Major League Soccer","USA","2026","Regular Season - 27","Charlotte","Chicago Fire","18310","1607","0","1","0","0",,,,,"0","1"
"1639018","2026-09-27","9/27/2026 12:30:00 AM","FT","955","National League - National","New-Zealand","2026","Championship Group - 1","Napier City Rovers","Miramar","20642","2373","1","1","1","1",,,,,"1","1"
"1559652","2026-09-27","9/27/2026 1:00:00 AM","FT","339","Liga Nacional","Guatemala","2026","Regular Season - 11","Marquense","Malacateco","3643","3664","1","0","0","0",,,,,"1","0"
"1600607","2026-09-27","9/27/2026 1:00:00 AM","FT","370","Primera Division","El-Salvador","2026","Apertura - 12","Inter","Atletico Balboa","26154","28018","1","1","1","0",,,,,"1","1"
"1600611","2026-09-27","9/27/2026 1:00:00 AM","FT","370","Primera Division","El-Salvador","2026","Apertura - 12","Firpo","Águila","4303","4310","2","0","1","0",,,,,"2","0"
"1619688","2026-09-27","9/27/2026 1:00:00 AM","FT","964","Copa de la División Profesional","Bolivia","2026","Group Stage - 5","Universitario de Vinto","Oriente Petrolero","17762","3707","3","0","1","0",,,,,"3","0"
"1631739","2026-09-27","9/27/2026 1:00:00 AM","FT","722","Liga Premier Serie A","Mexico","2026","Apertura - 5","Halcones Negros","Calor de San Pedro","28305","17804","7","0","3","0",,,,,"7","0"
"1631740","2026-09-27","9/27/2026 1:00:00 AM","FT","722","Liga Premier Serie A","Mexico","2026","Apertura - 5","La Tribu de Cd. Juarez","Real Apodaca","28306","22047","3","1","3","0",,,,,"3","1"
"1631742","2026-09-27","9/27/2026 1:00:00 AM","FT","722","Liga Premier Serie A","Mexico","2026","Apertura - 5","Vaqueros Reynosa","Mineros de Fresnillo","28308","15935","2","1","2","0",,,,,"2","1"
"1635973","2026-09-27","9/27/2026 1:00:00 AM","FT","1242","Primera Premier","Mexico","2026","Regular Season - 5","Tigres de Alica","Tritons Vallarta","24952","17790","1","1","1","1",,,,,"1","1"
"1490501","2026-09-27","9/27/2026 1:30:00 AM","FT","253","Major League Soccer","USA","2026","Regular Season - 27","FC Dallas","Los Angeles FC","1597","1616","1","0","1","0",,,,,"1","0"
"1490502","2026-09-27","9/27/2026 1:30:00 AM","FT","253","Major League Soccer","USA","2026","Regular Season - 27","Seattle Sounders","Minnesota United FC","1595","1612","3","1","2","0",,,,,"3","1"
"1490503","2026-09-27","9/27/2026 1:30:00 AM","FT","253","Major League Soccer","USA","2026","Regular Season - 27","Nashville SC","Toronto FC","9569","1601","2","0","2","0",,,,,"2","0"
"1490504","2026-09-27","9/27/2026 1:30:00 AM","FT","253","Major League Soccer","USA","2026","Regular Season - 27","Austin","San Diego","16489","25484","3","3","0","0",,,,,"3","3"
"1490505","2026-09-27","9/27/2026 1:30:00 AM","FT","253","Major League Soccer","USA","2026","Regular Season - 27","Houston Dynamo","Sporting Kansas City","1600","1611","0","2","0","2",,,,,"0","2"
"1493714","2026-09-27","9/27/2026 1:30:00 AM","FT","255","USL Championship","USA","2026","Group Stage","San Antonio","Tampa Bay Rowdies","4017","4021","0","0","0","0",,,,,"0","0"
"1494010","2026-09-27","9/27/2026 1:30:00 AM","FT","489","USL League One","USA","2026","Group Stage","Corpus Christi","Boise","4043","27251","2","1","1","0",,,,,"2","1"
"1641138","2026-09-27","9/27/2026 1:30:00 AM","FT","268","Primera División","Uruguay","2026","Clausura - 8","Atletico Torque","Deportivo Maldonado","2365","2370","0","2","0","0",,,,,"0","2"
"1508561","2026-09-27","9/27/2026 1:45:00 AM","FT","254","NWSL Women","USA","2026","Group Stage","Portland Thorns W","Houston Dash W","3001","2998","1","1","0","1",,,,,"1","1"
"1493711","2026-09-27","9/27/2026 2:00:00 AM","FT","255","USL Championship","USA","2026","Group Stage","New Mexico United","Sacramento Republic","4003","4015","2","3","0","1",,,,,"2","3"
"1581434","2026-09-27","9/27/2026 2:00:00 AM","FT","263","Liga de Expansión MX","Mexico","2026","Apertura - 10","Dorados","Durango","2297","15941","0","1","0","0",,,,,"0","1"
"1628996","2026-09-27","9/27/2026 2:00:00 AM","FT","10","Friendlies","World","2026","Friendly International","Mexico","Colombia","16","8","1","1","0","1",,,,,"1","1"
"1635977","2026-09-27","9/27/2026 2:00:00 AM","FT","1242","Primera Premier","Mexico","2026","Regular Season - 5","Irapuato","Lobos ULMX","15932","17787","3","0","2","0",,,,,"3","0"
"1639019","2026-09-27","9/27/2026 2:00:00 AM","FT","955","National League - National","New-Zealand","2026","Championship Group - 1","Auckland FC 2","Wellington Olympic","26722","20646","2","3","1","1",,,,,"2","3"
"1603375","2026-09-27","9/27/2026 2:06:00 AM","FT","673","Liga MX Femenil","Mexico","2026","Regular Season - 9","Juárez W","Tijuana W","14869","14872","5","1","3","0",,,,,"5","1"
"1549799","2026-09-27","9/27/2026 2:20:00 AM","FT","239","Primera A","Colombia","2026","Clausura - 12","Junior","Independiente Medellin","1135","1128","2","0","0","0",,,,,"2","0"
"1490506","2026-09-27","9/27/2026 2:30:00 AM","FT","253","Major League Soccer","USA","2026","Regular Season - 27","Real Salt Lake","New England Revolution","1606","1609","3","0","1","0",,,,,"3","0"
"1583773","2026-09-27","9/27/2026 2:30:00 AM","FT","304","Liga Panameña de Fútbol","Panama","2026","Apertura - 10","Tauro FC","San Francisco FC","2885","2887","1","3","1","2",,,,,"1","3"
"1493710","2026-09-27","9/27/2026 3:00:00 AM","FT","255","USL Championship","USA","2026","Group Stage","Monterey Bay","Lexington","18375","20808","2","3","1","1",,,,,"2","3"
"1493712","2026-09-27","9/27/2026 3:00:00 AM","FT","255","USL Championship","USA","2026","Group Stage","Oakland Roots","Phoenix Rising","10874","4009","3","0","2","0",,,,,"3","0"
"1493713","2026-09-27","9/27/2026 3:00:00 AM","FT","255","USL Championship","USA","2026","Group Stage","Orange County SC","Pittsburgh Riverhounds","4007","4010","1","0","0","0",,,,,"1","0"
"1600608","2026-09-27","9/27/2026 3:00:00 AM","FT","370","Primera Division","El-Salvador","2026","Apertura - 12","Isidro Metapán","Cacahuatique","4304","24530","2","0","1","0",,,,,"2","0"
"1639020","2026-09-27","9/27/2026 3:00:00 AM","FT","955","National League - National","New-Zealand","2026","Championship Group - 1","Birkenhead United","Cashmere Technical","20650","20651","0","4","0","3",,,,,"0","4"
"1639949","2026-09-27","9/27/2026 3:00:00 AM","FT","536","CONCACAF Nations League","World","2025","League B - 4","Sint Maarten","Belize","10985","5528","0","1","0","0",,,,,"0","1"
"1559654","2026-09-27","9/27/2026 3:10:00 AM","FT","339","Liga Nacional","Guatemala","2026","Regular Season - 11","Xelajú","Comunicaciones","3667","3658","2","3","2","0",,,,,"2","3"
"1490507","2026-09-27","9/27/2026 3:30:00 AM","FT","253","Major League Soccer","USA","2026","Regular Season - 27","Los Angeles Galaxy","Colorado Rapids","1605","1610","3","2","0","2",,,,,"3","2"
"1490508","2026-09-27","9/27/2026 3:30:00 AM","FT","253","Major League Soccer","USA","2026","Regular Season - 27","Vancouver Whitecaps","DC United","1603","1615","3","3","2","1",,,,,"3","3"
"1490509","2026-09-27","9/27/2026 3:30:00 AM","FT","253","Major League Soccer","USA","2026","Regular Season - 27","San Jose Earthquakes","Portland Timbers","1596","1617","3","1","3","0",,,,,"3","1"
"1550978","2026-09-27","9/27/2026 4:05:00 AM","FT","262","Liga MX","Mexico","2026","Apertura - 10","Santos Laguna","CF Pachuca","2285","2292","1","0","1","0",,,,,"1","0"
"1550979","2026-09-27","9/27/2026 4:10:00 AM","FT","262","Liga MX","Mexico","2026","Apertura - 10","Tigres UANL","Puebla","2279","2291","1","0","0","0",,,,,"1","0"
"1639574","2026-09-27","9/27/2026 5:00:00 AM","FT","667","Friendlies Clubs","World","2026","Club Friendlies","Perth Glory","Adelaide United","940","948","2","0","0","0",,,,,"2","0"
"1640062","2026-09-27","9/27/2026 5:00:00 AM","FT","10","Friendlies","World","2026","Friendly International","Cook Islands","Tahiti","8174","5167","1","3","0","2",,,,,"1","3"
"1640505","2026-09-27","9/27/2026 5:00:00 AM","FT","10","Friendlies","World","2026","Friendly International","Vanuatu","New Caledonia","5170","5163","4","1","1","1",,,,,"4","1"
"1640434","2026-09-27","9/27/2026 6:00:00 AM","FT","764","Premier League","Mongolia","2027","Regular Season - 4","Deren","Amtat FC","16185","28430","5","2","3","0",,,,,"5","2"
"1639089","2026-09-27","9/27/2026 8:00:00 AM","FT","765","PFL","Philippines","2027","Group Stage","Kaya","Philippine Army","8030","21578","5","0","3","0",,,,,"5","0"
"1640506","2026-09-27","9/27/2026 8:00:00 AM","FT","10","Friendlies","World","2026","Friendly International","Fiji","Papua New Guinea","5160","8175","2","0","2","0",,,,,"2","0"
"1641706","2026-09-27","9/27/2026 8:00:00 AM","FT","1247","FIFA Asean Cup","World","2026","Division 2 - 2","Hong Kong","Laos","4460","1558","4","0","2","0",,,,,"4","0"
"1593025","2026-09-27","9/27/2026 9:00:00 AM","FT","336","Druha Liga","Ukraine","2026","Regular Season - 8","Trostianets","Rebel","17167","26190","2","2","0","1",,,,,"2","2"
"1623498","2026-09-27","9/27/2026 9:00:00 AM","FT","728","Liga 1 Feminin","Romania","2026","Regular Season - 6","Gloria Bistrița-Năsăud W","Univ. Craiova W","22191","28171","13","1","6","1",,,,,"13","1"
"1634028","2026-09-27","9/27/2026 9:00:00 AM","FT","653","Second League - Group 4","Russia","2026","Group 4 - 5","Krylya Sovetov II","Khimik Dzerzhinsk","14140","16858","0","1","0","1",,,,,"0","1"
"1640416","2026-09-27","9/27/2026 9:00:00 AM","FT","764","Premier League","Mongolia","2027","Regular Season - 4","Ulaanbaatar","Hunters","16854","24722","5","3","0","2",,,,,"5","3"
"1640838","2026-09-27","9/27/2026 9:00:00 AM","FT","734","Diski Challenge","South-Africa","2026","Regular Season - 1","TS Galaxy U23","Polokwane City U23","15999","22378","1","0","1","0",,,,,"1","0"
"1562409","2026-09-27","9/27/2026 9:15:00 AM","FT","351","4. liga - Divizie B","Czech-Republic","2026","Group B - 8","Meteor Praha","Hvězda Cheb","7318","7302","7","2","4","0",,,,,"7","2"
"1562646","2026-09-27","9/27/2026 9:15:00 AM","FT","348","3. liga - CFL A","Czech-Republic","2026","Group A - 8","Dukla Praha II","Bohemians 1905 II","15132","14473","2","2","0","2",,,,,"2","2"
"1562765","2026-09-27","9/27/2026 9:15:00 AM","FT","685","3. liga - CFL B","Czech-Republic","2026","Group B - 8","Jablonec II","Hradec Králové II","12797","14495","1","2","0","1",,,,,"1","2"
"1577942","2026-09-27","9/27/2026 9:15:00 AM","FT","349","3. liga - MSFL","Czech-Republic","2026","MSFL - 9","Havířov","Uničov","7293","7369","0","2","0","1",,,,,"0","2"
"1579127","2026-09-27","9/27/2026 9:15:00 AM","FT","353","4. liga - Divizie D","Czech-Republic","2026","Group D - 9","Velké Meziříčí","Bedrichov","7373","27927","2","1","2","1",,,,,"2","1"
"1579245","2026-09-27","9/27/2026 9:15:00 AM","FT","354","4. liga - Divizie E","Czech-Republic","2026","Group E - 9","Brumov","Sokol Lanžhot","7279","7351","0","1","0","1",,,,,"0","1"
"1561146","2026-09-27","9/27/2026 9:30:00 AM","FT","506","2. liga","Slovakia","2026","Regular Season - 10","Malženice","Liptovský Mikuláš","14058","10536","1","2","1","1",,,,,"1","2"
"1561147","2026-09-27","9/27/2026 9:30:00 AM","FT","506","2. liga","Slovakia","2026","Regular Season - 10","Slovan Bratislava II","Tatran Prešov","10544","10550","2","2","1","0",,,,,"2","2"
"1565728","2026-09-27","9/27/2026 9:30:00 AM","FT","646","3. liga - Center","Slovakia","2026","Central - 8","Banská Byst II","Fomat Martin","26242","14082","0","1","0","0",,,,,"0","1"
"1566102","2026-09-27","9/27/2026 9:30:00 AM","FT","644","3. liga - West","Slovakia","2026","West - 8","Rača","DAC II","14046","26244","2","2","1","1",,,,,"2","2"
"1574627","2026-09-27","9/27/2026 9:30:00 AM","FT","484","Frauenliga","Austria","2026","Regular Season - 8","Südburgenland W","Rheindorf Altach W","10228","24441","0","1","0","0",,,,,"0","1"
"1637647","2026-09-27","9/27/2026 9:30:00 AM","FT","275","Liga 2","Indonesia","2026","Regular Season - 3","Persela Lamongan","PSBS Biak Numfor","2450","4232","6","0","4","0",,,,,"6","0"
"1637648","2026-09-27","9/27/2026 9:30:00 AM","PST","275","Liga 2","Indonesia","2026","Regular Season - 3","Persiku Kudus","PSIS Semarang","24997","2451",,,,,,,,,,
"1637649","2026-09-27","9/27/2026 9:30:00 AM","FT","275","Liga 2","Indonesia","2026","Regular Season - 3","RANS Nusantara","Deltras","4229","15771","1","2","0","1",,,,,"1","2"
"1566358","2026-09-27","9/27/2026 9:45:00 AM","FT","745","Oberliga - Hamburg","Germany","2026","Hamburg - 9","HEBC","Pinneberg","16078","27365","1","0","0","0",,,,,"1","0"
"1581915","2026-09-27","9/27/2026 10:00:00 AM","FT","334","Persha Liga","Ukraine","2026","Regular Season - 9","Metal Kharkiv","Chernihiv","14437","14433","2","0","0","0",,,,,"2","0"
"1593902","2026-09-27","9/27/2026 10:00:00 AM","FT","633","NB III - Northeast","Hungary","2026","Northeast - 9","Kisvárda II","Cigand SE","14122","2419","1","1","1","0",,,,,"1","1"
"1594141","2026-09-27","9/27/2026 10:00:00 AM","FT","635","NB III - Northwest","Hungary","2026","Northwest - 9","Puskás II","Balatonalmádi","13155","11750","1","1","0","0",,,,,"1","1"
"1599235","2026-09-27","9/27/2026 10:00:00 AM","FT","676","Central Youth League","Poland","2026","Regular Season - 8","Miedź Legnica U19","Korona Kielce U19","20592","7905","6","1","1","1",,,,,"6","1"
"1604257","2026-09-27","9/27/2026 10:00:00 AM","FT","749","Oberliga - Bremen","Germany","2026","Bremen - 8","Geestemünde","Brinkumer SV","12769","12745","1","7","0","5",,,,,"1","7"
"1614571","2026-09-27","9/27/2026 10:00:00 AM","FT","445","Tercera División RFEF - Group 7","Spain","2026","Group 7 - 4","Rayo Vallecano II","Galapagar","9715","17516","1","2","0","1",,,,,"1","2"
"1636775","2026-09-27","9/27/2026 10:00:00 AM","FT","1031","Premier League","Bhutan","2026","Regular Season","Tsirang","Ugyen Academy","21277","19007","1","4","1","2",,,,,"1","4"
"1640063","2026-09-27","9/27/2026 10:00:00 AM","FT","10","Friendlies","World","2026","Friendly International","Poland U17","Republic of Ireland U17","17970","17972","2","1",,,,,,,"2","1"
"1641661","2026-09-27","9/27/2026 10:00:00 AM","FT","1201","IFA Shield","India","2026","Group Stage","Calcutta Customs","Minerva Punjab","21599","3466","0","7","0","6",,,,,"0","7"
"1641963","2026-09-27","9/27/2026 10:00:00 AM","FT","771","COSAFA U20 Championship","World","2026","South Area - Third Place","Zambia U20","Namibia U20","10316","11041","3","0","1","0",,,,,"3","0"
"1642865","2026-09-27","9/27/2026 10:00:00 AM","FT","667","Friendlies Clubs","World","2026","Club Friendly","Zimbru","Bukovyna","4633","6486","0","3","0","1",,,,,"0","3"
"1613654","2026-09-27","9/27/2026 10:15:00 AM","FT","442","Tercera División RFEF - Group 4","Spain","2026","Group 4 - 4","Santurtzi","Lagun Onak","9664","9660","0","1","0","1",,,,,"0","1"
"1572670","2026-09-27","9/27/2026 10:30:00 AM","FT","877","Segunda División RFEF - Group 3","Spain","2026","Group 3 - 4","Cieza","Atlético Baleares","20277","9381","1","1","1","1",,,,,"1","1"
"1572671","2026-09-27","9/27/2026 10:30:00 AM","FT","877","Segunda División RFEF - Group 3","Spain","2026","Group 3 - 4","La Nucía","Mallorca II","9393","9783","2","0","1","0",,,,,"2","0"
"1572674","2026-09-27","9/27/2026 10:30:00 AM","FT","877","Segunda División RFEF - Group 3","Spain","2026","Group 3 - 4","Peña Deportiva","Real Murcia II","9405","9820","0","2","0","1",,,,,"0","2"
"1573282","2026-09-27","9/27/2026 10:30:00 AM","FT","879","Segunda División RFEF - Group 5","Spain","2026","Group 5 - 4","A Madrid III","Real Madrid III","26543","22142","2","0","1","0",,,,,"2","0"
"1577492","2026-09-27","9/27/2026 10:30:00 AM","FT","236","First League","Russia","2026","Regular Season - 7","FC UFA","Torpedo Moskva","1078","3985","0","0","0","0",,,,,"0","0"
"1614265","2026-09-27","9/27/2026 10:30:00 AM","FT","444","Tercera División RFEF - Group 6","Spain","2026","Group 6 - 4","SC Torrevieja","Soneja","28104","22140","2","0","1","0",,,,,"2","0"
"1614266","2026-09-27","9/27/2026 10:30:00 AM","FT","444","Tercera División RFEF - Group 6","Spain","2026","Group 6 - 4","Torrellano","Vall de Uxó","17559","24779","0","3","0","1",,,,,"0","3"
"1614566","2026-09-27","9/27/2026 10:30:00 AM","FT","445","Tercera División RFEF - Group 7","Spain","2026","Group 7 - 4","Torrejón","Móstoles","9717","9712","0","1","0","0",,,,,"0","1"
"1614568","2026-09-27","9/27/2026 10:30:00 AM","FT","445","Tercera División RFEF - Group 7","Spain","2026","Group 7 - 4","Parla Escuela","Colonia Moscardó","25035","17589","2","2","2","1",,,,,"2","2"
"1614573","2026-09-27","9/27/2026 10:30:00 AM","FT","445","Tercera División RFEF - Group 7","Spain","2026","Group 7 - 4","Villanueva Pardillo","Alcobendas Sport","15353","9705","3","2","1","1",,,,,"3","2"
"1616406","2026-09-27","9/27/2026 10:30:00 AM","FT","451","Tercera División RFEF - Group 13","Spain","2026","Group 13 - 4","SFC Minerva","Olímpico Totana","9821","9818","1","1","1","0",,,,,"1","1"
"1617934","2026-09-27","9/27/2026 10:30:00 AM","FT","456","Tercera División RFEF - Group 18","Spain","2026","Group 18 - 4","Manchego","Marchamalo","9905","15332","3","2","1","1",,,,,"3","2"
"1613957","2026-09-27","9/27/2026 10:45:00 AM","FT","443","Tercera División RFEF - Group 5","Spain","2026","Group 5 - 4","Grama","Vilassar Mar","15344","9683","3","0","1","0",,,,,"3","0"
"1639090","2026-09-27","9/27/2026 10:45:00 AM","FT","765","PFL","Philippines","2027","Group Stage","Manila Digger","Azkals","21576","16190","2","0","0","0",,,,,"2","0"
"1497247","2026-09-27","9/27/2026 11:00:00 AM","FT","778","3. Division - Girone 5","Norway","2026","Regular Season - 21","Alta","Lillestrøm II","6965","16207","8","3","4","2",,,,,"8","3"
"1497248","2026-09-27","9/27/2026 11:00:00 AM","FT","778","3. Division - Girone 5","Norway","2026","Regular Season - 21","Bossekop","Skjetten","18444","7025","0","3","0","1",,,,,"0","3"
"1505282","2026-09-27","9/27/2026 11:00:00 AM","FT","563","Ettan - Norra","Sweden","2026","Norra - 24","Umeå FC","FBK Karlstad","6705","12622","1","3","1","1",,,,,"1","3"
"1507024","2026-09-27","9/27/2026 11:00:00 AM","FT","292","K League 1","South-Korea","2026","Regular Season - 22","Gangwon FC","Incheon United","2746","2763","0","0","0","0",,,,,"0","0"
"1536473","2026-09-27","9/27/2026 11:00:00 AM","FT","652","Second League - Group 2","Russia","2026","Group 2 - 25","Kosmos Dolgoprudny","Yenisey II","19452","17724","3","0","2","0",,,,,"3","0"
"1570758","2026-09-27","9/27/2026 11:00:00 AM","FT","435","Primera División RFEF - Group 1","Spain","2026","Group 1 - 5","Barakaldo","Real Avilés","5251","9632","3","3","0","2",,,,,"3","3"
"1570765","2026-09-27","9/27/2026 11:00:00 AM","FT","435","Primera División RFEF - Group 1","Spain","2026","Group 1 - 5","UD Ourense","Cacereño","9617","9384","0","0","0","0",,,,,"0","0"
"1572064","2026-09-27","9/27/2026 11:00:00 AM","FT","875","Segunda División RFEF - Group 1","Spain","2026","Group 1 - 4","Real Oviedo II","Gimnástica Torrelavega","9576","5264","3","3","1","2",,,,,"3","3"
"1572675","2026-09-27","9/27/2026 11:00:00 AM","FT","877","Segunda División RFEF - Group 3","Spain","2026","Group 3 - 4","Poblense","Valencia II","5273","9594","1","0","1","0",,,,,"1","0"
"1572676","2026-09-27","9/27/2026 11:00:00 AM","FT","877","Segunda División RFEF - Group 3","Spain","2026","Group 3 - 4","Ucam Murcia","Intercity","800","8160","1","2","0","2",,,,,"1","2"
"1572981","2026-09-27","9/27/2026 11:00:00 AM","FT","878","Segunda División RFEF - Group 4","Spain","2026","Group 4 - 4","Mijas Las Lagunas","Tamaraceite","22569","9415","6","2","3","2",,,,,"6","2"
"1572983","2026-09-27","9/27/2026 11:00:00 AM","FT","878","Segunda División RFEF - Group 4","Spain","2026","Group 4 - 4","Tenerife II","Estepona","9802","15358","2","1","1","1",,,,,"2","1"
"1573281","2026-09-27","9/27/2026 11:00:00 AM","FT","879","Segunda División RFEF - Group 5","Spain","2026","Group 5 - 4","Albacete II","Atlético Paso","9895","9791","2","2","1","1",,,,,"2","2"
"1573592","2026-09-27","9/27/2026 11:00:00 AM","FT","142","Primera División Femenina","Spain","2026","Regular Season - 5","Athletic Club W","Atletico Madrid W","1905","1910","3","2","2","1",,,,,"3","2"
"1573599","2026-09-27","9/27/2026 11:00:00 AM","FT","142","Primera División Femenina","Spain","2026","Regular Season - 5","Valencia W","Granad. Tenerife W","1909","1913","1","2","0","0",,,,,"1","2"
"1581715","2026-09-27","9/27/2026 11:00:00 AM","FT","1033","Ekstraliga Women","Poland","2026","Regular Season - 6","Slask Wroclaw W","Lech Poznan W","22262","26149","2","2","1","2",,,,,"2","2"
"1581716","2026-09-27","9/27/2026 11:00:00 AM","FT","1033","Ekstraliga Women","Poland","2026","Regular Season - 6","Rekord Bielsko-Biala W","Akademia Piłkarska LG W","22261","22257","1","1","0","0",,,,,"1","1"
"1593018","2026-09-27","9/27/2026 11:00:00 AM","FT","336","Druha Liga","Ukraine","2026","Regular Season - 8","Atlet","Metalurh Zaporizhya","26187","5627","2","3","2","1",,,,,"2","3"
"1610795","2026-09-27","9/27/2026 11:00:00 AM","FT","948","1a Divisão - Women","Portugal","2026","Regular Season - 3","Porto W","Racing Power W","28057","26782","0","0","0","0",,,,,"0","0"
"1613036","2026-09-27","9/27/2026 11:00:00 AM","FT","440","Tercera División RFEF - Group 2","Spain","2026","Group 2 - 4","Avilés Stadium","Sporting Gijón II","15333","9577","1","2","0","2",,,,,"1","2"
"1613040","2026-09-27","9/27/2026 11:00:00 AM","FT","440","Tercera División RFEF - Group 2","Spain","2026","Group 2 - 4","San Martín","Astur","9633","25030","2","2","2","0",,,,,"2","2"
"1613041","2026-09-27","9/27/2026 11:00:00 AM","FT","440","Tercera División RFEF - Group 2","Spain","2026","Group 2 - 4","Gijón Industrial","Condal","9624","9622","1","2","0","0",,,,,"1","2"
"1613043","2026-09-27","9/27/2026 11:00:00 AM","FT","440","Tercera División RFEF - Group 2","Spain","2026","Group 2 - 4","Lealtad","Llanes","9396","9628","1","1","1","0",,,,,"1","1"
"1613954","2026-09-27","9/27/2026 11:00:00 AM","FT","443","Tercera División RFEF - Group 5","Spain","2026","Group 5 - 4","Europa II","Montañesa","24575","15345","1","0","0","0",,,,,"1","0"
"1613956","2026-09-27","9/27/2026 11:00:00 AM","FT","443","Tercera División RFEF - Group 5","Spain","2026","Group 5 - 4","L'Escala","Martinenc","17528","28101","3","2","1","2",,,,,"3","2"
"1613958","2026-09-27","9/27/2026 11:00:00 AM","FT","443","Tercera División RFEF - Group 5","Spain","2026","Group 5 - 4","L'Hospitalet","Cerdanyola del Vallès","9392","9670","2","2","0","1",,,,,"2","2"
"1613959","2026-09-27","9/27/2026 11:00:00 AM","FT","443","Tercera División RFEF - Group 5","Spain","2026","Group 5 - 4","Mollerussa","Cornellà","18096","5258","1","1","0","0",,,,,"1","1"
"1613961","2026-09-27","9/27/2026 11:00:00 AM","FT","443","Tercera División RFEF - Group 5","Spain","2026","Group 5 - 4","Pobla Mafumet","Vilanova","9677","26542","2","3","1","2",,,,,"2","3"
"1614570","2026-09-27","9/27/2026 11:00:00 AM","FT","445","Tercera División RFEF - Group 7","Spain","2026","Group 7 - 4","Pozuelo Alarcón","SS Reyes II","9713","26545","3","2","1","1",,,,,"3","2"
"1614574","2026-09-27","9/27/2026 11:00:00 AM","FT","445","Tercera División RFEF - Group 7","Spain","2026","Group 7 - 4","Unión Adarve","Fuenlabrada","9719","4906","2","2","1","0",,,,,"2","2"
"1614876","2026-09-27","9/27/2026 11:00:00 AM","FT","446","Tercera División RFEF - Group 8","Spain","2026","Group 8 - 4","Cultural Leonesa II","Burgos Promesas","9729","9727","0","0","0","0",,,,,"0","0"
"1614877","2026-09-27","9/27/2026 11:00:00 AM","FT","446","Tercera División RFEF - Group 8","Spain","2026","Group 8 - 4","Atlético Mansillés","Mirandés II","17502","9733","1","0","1","0",,,,,"1","0"
"1615178","2026-09-27","9/27/2026 11:00:00 AM","FT","447","Tercera División RFEF - Group 9","Spain","2026","Group 9 - 4","Almería II","Atlético Porcuna","9741","7523","4","0","3","0",,,,,"4","0"
"1615487","2026-09-27","9/27/2026 11:00:00 AM","FT","448","Tercera División RFEF - Group 10","Spain","2026","Group 10 - 4","Utrera","Recreativo Huelva","9769","9410","2","1","0","0",,,,,"2","1"
"1615491","2026-09-27","9/27/2026 11:00:00 AM","FT","448","Tercera División RFEF - Group 10","Spain","2026","Group 10 - 4","Portuense","Chiclana","28111","21905","2","3","2","1",,,,,"2","3"
"1615793","2026-09-27","9/27/2026 11:00:00 AM","FT","449","Tercera División RFEF - Group 11","Spain","2026","Group 11 - 4","Formentera","PE Sant Jordi","9780","15313","3","0","0","0",,,,,"3","0"
"1615798","2026-09-27","9/27/2026 11:00:00 AM","FT","449","Tercera División RFEF - Group 11","Spain","2026","Group 11 - 4","Sineu","Manacor","28112","9784","1","4","1","1",,,,,"1","4"
"1616410","2026-09-27","9/27/2026 11:00:00 AM","FT","451","Tercera División RFEF - Group 13","Spain","2026","Group 13 - 4","Los Garres","Cartagena LU II","9814","17715","0","1","0","0",,,,,"0","1"
"1616709","2026-09-27","9/27/2026 11:00:00 AM","FT","452","Tercera División RFEF - Group 14","Spain","2026","Group 14 - 4","Castuera","Plasencia","22149","9838","1","0","0","0",,,,,"1","0"
"1616716","2026-09-27","9/27/2026 11:00:00 AM","FT","452","Tercera División RFEF - Group 14","Spain","2026","Group 14 - 4","Villanovense","Montijo","5282","9835","2","0","1","0",,,,,"2","0"
"1617022","2026-09-27","9/27/2026 11:00:00 AM","FT","453","Tercera División RFEF - Group 15","Spain","2026","Group 15 - 4","Subiza","Cirbonero","9856","9847","2","0","2","0",,,,,"2","0"
"1617321","2026-09-27","9/27/2026 11:00:00 AM","FT","454","Tercera División RFEF - Group 16","Spain","2026","Group 16 - 4","Berceo","San Marcial","9863","26554","2","1","0","1",,,,,"2","1"
"1617327","2026-09-27","9/27/2026 11:00:00 AM","FT","454","Tercera División RFEF - Group 16","Spain","2026","Group 16 - 4","Varea","La Calzada","9873","9867","1","0","1","0",,,,,"1","0"
"1617631","2026-09-27","9/27/2026 11:00:00 AM","FT","455","Tercera División RFEF - Group 17","Spain","2026","Group 17 - 4","Ejea","CD Sietamo","9589","28122","2","1","1","1",,,,,"2","1"
"1617634","2026-09-27","9/27/2026 11:00:00 AM","FT","455","Tercera División RFEF - Group 17","Spain","2026","Group 17 - 4","Real Zaragoza II","Robres","9887","9888","4","0","3","0",,,,,"4","0"
"1617932","2026-09-27","9/27/2026 11:00:00 AM","FT","456","Tercera División RFEF - Group 18","Spain","2026","Group 18 - 4","Almansa","Huracán Balazote","9896","15330","3","1","0","1",,,,,"3","1"
"1617936","2026-09-27","9/27/2026 11:00:00 AM","FT","456","Tercera División RFEF - Group 18","Spain","2026","Group 18 - 4","Illescas","Villarrubia","9901","9417","2","0","1","0",,,,,"2","0"
"1623500","2026-09-27","9/27/2026 11:00:00 AM","FT","728","Liga 1 Feminin","Romania","2026","Regular Season - 6","Farul Constanţa W","Csikszereda MC W","22192","19903","2","3","0","0",,,,,"2","3"
"1634026","2026-09-27","9/27/2026 11:00:00 AM","FT","653","Second League - Group 4","Russia","2026","Group 4 - 5","Akron II","KDV","21535","25867","0","1","0","1",,,,,"0","1"
"1634973","2026-09-27","9/27/2026 11:00:00 AM","FT","637","V.League 2","Vietnam","2027","Regular Season - 2","Dong Thap","Thai Nguyen","9164","28216","0","3","0","1",,,,,"0","3"
"1639175","2026-09-27","9/27/2026 11:00:00 AM","FT","143","Copa del Rey","Spain","2026","1/128-finals","Auriense","CD San Jose","28410","28423","2","0","1","0",,,,,"2","0"
"1639177","2026-09-27","9/27/2026 11:00:00 AM","FT","143","Copa del Rey","Spain","2026","1/128-finals","Hortaleza","Güímar","28411","9794","1","0","0","0",,,,,"1","0"
"1641707","2026-09-27","9/27/2026 11:00:00 AM","FT","1247","FIFA Asean Cup","World","2026","Division 2 - 2","Cambodia","Myanmar","1543","1556","1","0","0","0",,,,,"1","0"
"1575078","2026-09-27","9/27/2026 11:15:00 AM","FT","91","Eredivisie Women","Netherlands","2026","Regular Season - 6","AZ W","Twente W","21939","1899","0","5","0","1",,,,,"0","5"
"1613652","2026-09-27","9/27/2026 11:15:00 AM","FT","442","Tercera División RFEF - Group 4","Spain","2026","Group 4 - 4","Real Sociedad III","R. Union B","9662","28100","3","3","2","1",,,,,"3","3"
"1615179","2026-09-27","9/27/2026 11:15:00 AM","FT","447","Tercera División RFEF - Group 9","Spain","2026","Group 9 - 4","Arenas Armilla","Huétor Vega","20272","9747","3","3","3","1",,,,,"3","3"
"1616708","2026-09-27","9/27/2026 11:15:00 AM","FT","452","Tercera División RFEF - Group 14","Spain","2026","Group 14 - 4","Azuaga","Jerez","9826","9832","2","0","2","0",,,,,"2","0"
"1535723","2026-09-27","9/27/2026 11:30:00 AM","FT","915","1. Division Women","Norway","2026","Regular Season - 19","Fyllingsdalen W","Grei W","20885","20884","0","1","0","0",,,,,"0","1"
"1572062","2026-09-27","9/27/2026 11:30:00 AM","FT","875","Segunda División RFEF - Group 1","Spain","2026","Group 1 - 4","Llanera","Racing Santander II","9627","9643","2","1","1","1",,,,,"2","1"
"1601253","2026-09-27","9/27/2026 11:30:00 AM","FT","139","Serie A Women","Italy","2026","Regular Season - 1","Ternana W","Como W","23669","19747","1","2","1","1",,,,,"1","2"
"1609052","2026-09-27","9/27/2026 11:30:00 AM","FT","943","Serie C - Girone C","Italy","2026","Girone C - 7","Barletta","Potenza","19968","1710","1","4","1","0",,,,,"1","4"
"1609054","2026-09-27","9/27/2026 11:30:00 AM","FT","943","Serie C - Girone C","Italy","2026","Girone C - 7","Casertana","Catania","885","1580","1","2","0","1",,,,,"1","2"
"1612736","2026-09-27","9/27/2026 11:30:00 AM","FT","439","Tercera División RFEF - Group 1","Spain","2026","Group 1 - 4","Coruña","Viveiro","26534","15307","1","2","0","1",,,,,"1","2"
"1615180","2026-09-27","9/27/2026 11:30:00 AM","FT","447","Tercera División RFEF - Group 9","Spain","2026","Group 9 - 4","Churriana Vega","UD San Pedro","26547","17562","1","3","0","1",,,,,"1","3"
"1615185","2026-09-27","9/27/2026 11:30:00 AM","FT","447","Tercera División RFEF - Group 9","Spain","2026","Group 9 - 4","Melilla","Malaga City","5268","24962","2","0","1","0",,,,,"2","0"
"1615492","2026-09-27","9/27/2026 11:30:00 AM","FT","448","Tercera División RFEF - Group 10","Spain","2026","Group 10 - 4","Sevilla III","Egabrense","9768","28110","0","0","0","0",,,,,"0","0"
"1616098","2026-09-27","9/27/2026 11:30:00 AM","FT","450","Tercera División RFEF - Group 12","Spain","2026","Group 12 - 4","Lanzarote","San Bartolomé","9797","22148","1","1","1","1",,,,,"1","1"
"1616710","2026-09-27","9/27/2026 11:30:00 AM","FT","452","Tercera División RFEF - Group 14","Spain","2026","Group 14 - 4","CD Zafra","Llerenense","28118","9833","0","0","0","0",,,,,"0","0"
"1617937","2026-09-27","9/27/2026 11:30:00 AM","FT","456","Tercera División RFEF - Group 18","Spain","2026","Group 18 - 4","San Clemente","Villacañas","17619","9910","0","2","0","1",,,,,"0","2"
"1642606","2026-09-27","9/27/2026 11:30:00 AM","FT","693","Gamma Ethniki - Group 9","Greece","2026","Group 9 - 1","Asteras Kaisarianis","Pannaxiakos","22271","15236","2","3","0","1",,,,,"2","3"
"1581713","2026-09-27","9/27/2026 11:45:00 AM","FT","1033","Ekstraliga Women","Poland","2026","Regular Season - 6","Czarni Sosnowiec W","UJ Krakow W","16838","22264","2","0","1","0",,,,,"2","0"
"1495567","2026-09-27","9/27/2026 12:00:00 PM","FT","549","Damallsvenskan","Sweden","2026","Regular Season - 20","Brommapojkarna W","Malmö FF W","16004","21698","3","1","1","1",,,,,"3","1"
"1495570","2026-09-27","9/27/2026 12:00:00 PM","FT","549","Damallsvenskan","Sweden","2026","Regular Season - 20","Rosengård W","Piteå W","11075","10900","1","0","0","0",,,,,"1","0"
"1496155","2026-09-27","9/27/2026 12:00:00 PM","FT","473","2. Division - Group 1","Norway","2026","Regular Season - 21","Arendal","Brattvåg","2155","6970","2","3","1","2",,,,,"2","3"
"1496160","2026-09-27","9/27/2026 12:00:00 PM","FT","473","2. Division - Group 1","Norway","2026","Regular Season - 21","Træff","Kvik Halden","7040","7004","0","4","0","3",,,,,"0","4"
"1504555","2026-09-27","9/27/2026 12:00:00 PM","FT","564","Ettan - Södra","Sweden","2026","Södra - 24","Eskilsminne","AFC Malmo","6663","27669","1","2","1","1",,,,,"1","2"
"1504560","2026-09-27","9/27/2026 12:00:00 PM","FT","564","Ettan - Södra","Sweden","2026","Södra - 24","Trelleborg","Angelholms FF","369","2168","4","1","2","0",,,,,"4","1"
"1505275","2026-09-27","9/27/2026 12:00:00 PM","FT","563","Ettan - Norra","Sweden","2026","Norra - 24","Arlanda","Enköping","16597","12578","2","0","1","0",,,,,"2","0"
"1510680","2026-09-27","9/27/2026 12:00:00 PM","FT","592","Division 2 - Norra Götaland","Sweden","2026","Norra Götaland - 23","Tord","Stenungsund","12618","12575","1","5","0","4",,,,,"1","5"
"1510864","2026-09-27","9/27/2026 12:00:00 PM","FT","593","Division 2 - Norra Svealand","Sweden","2026","Norra Svealand - 23","Franke","Kungsängen","6665","12582","2","1","0","0",,,,,"2","1"
"1511022","2026-09-27","9/27/2026 12:00:00 PM","FT","597","Division 2 - Södra Götaland","Sweden","2026","Södra Götaland - 23","Linero","Torns","25572","6701","5","1","3","0",,,,,"5","1"
"1511024","2026-09-27","9/27/2026 12:00:00 PM","FT","597","Division 2 - Södra Götaland","Sweden","2026","Södra Götaland - 23","Sölvesborg","Berga","12660","12612","3","2","1","0",,,,,"3","2"
"1511227","2026-09-27","9/27/2026 12:00:00 PM","FT","595","Division 2 - Södra Svealand","Sweden","2026","Södra Svealand - 23","Haninge","Smedby","6672","12650","2","1","1","0",,,,,"2","1"
"1511228","2026-09-27","9/27/2026 12:00:00 PM","FT","595","Division 2 - Södra Svealand","Sweden","2026","Södra Svealand - 23","Karlslund","Forward","11660","11666","2","2","0","2",,,,,"2","2"
"1511229","2026-09-27","9/27/2026 12:00:00 PM","FT","595","Division 2 - Södra Svealand","Sweden","2026","Södra Svealand - 23","Lindo FF","Eker Örebro","27308","25570","3","2","0","1",,,,,"3","2"
"1511409","2026-09-27","9/27/2026 12:00:00 PM","FT","596","Division 2 - Västra Götaland","Sweden","2026","Västra Götaland - 23","Västra Frölunda","Åstorp","12609","14543","2","0","1","0",,,,,"2","0"
"1511411","2026-09-27","9/27/2026 12:00:00 PM","FT","596","Division 2 - Västra Götaland","Sweden","2026","Västra Götaland - 23","Onsala","Qviding FIF","12606","6693","1","2","1","0",,,,,"1","2"
"1528561","2026-09-27","9/27/2026 12:00:00 PM","FT","170","League One","China","2026","Regular Season - 2","Shaanxi Union","Dalian Huayi","23286","5652","3","0","2","0",,,,,"3","0"
"1535661","2026-09-27","9/27/2026 12:00:00 PM","FT","915","1. Division Women","Norway","2026","Regular Season - 19","Åsane W","Start W","18992","25762","0","0","0","0",,,,,"0","0"
"1535662","2026-09-27","9/27/2026 12:00:00 PM","FT","915","1. Division Women","Norway","2026","Regular Season - 19","TIL 2020 W","Arna-Bjørnar W","18989","15954","2","3","1","2",,,,,"2","3"
"1536711","2026-09-27","9/27/2026 12:00:00 PM","FT","650","Second League - Group 3","Russia","2026","Group 3 - 25","Arsenal Tula II","Metallurg Lipetsk","17720","6815","0","0","0","0",,,,,"0","0"
"1571582","2026-09-27","9/27/2026 12:00:00 PM","FT","173","Second League","Bulgaria","2026","Regular Season - 11","Vihren","Nesebar","5025","1410","2","0","0","0",,,,,"2","0"
"1572980","2026-09-27","9/27/2026 12:00:00 PM","FT","878","Segunda División RFEF - Group 4","Spain","2026","Group 4 - 4","Las Palmas II","Badajoz","9574","9382","0","0","0","0",,,,,"0","0"
"1575805","2026-09-27","9/27/2026 12:00:00 PM","FT","122","2. Division","Denmark","2026","Regular Season - 9","Naestved","Middelfart","2066","6042","2","2","0","0",,,,,"2","2"
"1581917","2026-09-27","9/27/2026 12:00:00 PM","FT","334","Persha Liga","Ukraine","2026","Regular Season - 9","Oleksandria","Yarud Mariupol'","3619","14441","1","1","1","0",,,,,"1","1"
"1582132","2026-09-27","9/27/2026 12:00:00 PM","FT","638","Kvindeliga","Denmark","2026","Regular Season - 9","Midtjylland W","FC Copenhagen W","26101","27632","2","0","2","0",,,,,"2","0"
"1583869","2026-09-27","9/27/2026 12:00:00 PM","FT","1025","Second League A - Division A Gold","Russia","2026","Fall Season Gold - 11","Kaluga","Dinamo Kirov","6802","21538","1","2","1","0",,,,,"1","2"
"1583934","2026-09-27","9/27/2026 12:00:00 PM","FT","1026","Second League A - Division A Silver","Russia","2026","Division A Silver - 11","Irtysh Omsk","Dinamo Moskva II","665","14139","4","0","3","0",,,,,"4","0"
"1601040","2026-09-27","9/27/2026 12:00:00 PM","FT","594","Division 2 - Norrland","Sweden","2026","Norrland - Promotion Round","Lucksta","Täfteå","18999","12592","1","2","0","0",,,,,"1","2"
"1601249","2026-09-27","9/27/2026 12:00:00 PM","FT","139","Serie A Women","Italy","2026","Regular Season - 1","Inter Milano W","Fiorentina W","7533","1880","2","0","0","0",,,,,"2","0"
"1616099","2026-09-27","9/27/2026 12:00:00 PM","FT","450","Tercera División RFEF - Group 12","Spain","2026","Group 12 - 4","Mensajero","San Miguel","5269","27623","1","0","0","0",,,,,"1","0"
"1620501","2026-09-27","9/27/2026 12:00:00 PM","FT","581","Gamma Ethniki - Group 6","Greece","2026","Group 6 - 1","Plataria","Pallixouriakos","28164","5060","1","1","0","1",,,,,"1","1"
"1629368","2026-09-27","9/27/2026 12:00:00 PM","FT","947","DFB Pokal - Women","Germany","2026","Round of 32","Blau-Gelb Marburg W","RB Leipzig W","27894","20501","0","2","0","2",,,,,"0","2"
"1629371","2026-09-27","9/27/2026 12:00:00 PM","FT","947","DFB Pokal - Women","Germany","2026","Round of 32","Buntentor W","Nürnberg W","20475","20487","0","10","0","2",,,,,"0","10"
"1629373","2026-09-27","9/27/2026 12:00:00 PM","FT","947","DFB Pokal - Women","Germany","2026","Round of 32","Greuther Furth W","1899 Hoffenheim W","26713","1858","1","4","0","2",,,,,"1","4"
"1629381","2026-09-27","9/27/2026 12:00:00 PM","FT","947","DFB Pokal - Women","Germany","2026","Round of 32","Schalke W","SGS Essen W","27896","1868","1","4","1","2",,,,,"1","4"
"1633996","2026-09-27","9/27/2026 12:00:00 PM","FT","653","Second League - Group 4","Russia","2026","Group 4 - 5","Chelyabinsk II","Ural II","25866","12887","3","2","1","2",,,,,"3","2"
"1633997","2026-09-27","9/27/2026 12:00:00 PM","FT","653","Second League - Group 4","Russia","2026","Group 4 - 5","Nosta","Orenburg II","6818","14141","2","0","2","0",,,,,"2","0"
"1641017","2026-09-27","9/27/2026 12:00:00 PM","FT","734","Diski Challenge","South-Africa","2026","Regular Season - 1","Richards Bay U23","Milford FC U23","20296","28444","2","0","1","0",,,,,"2","0"
"1497249","2026-09-27","9/27/2026 12:30:00 PM","FT","778","3. Division - Girone 5","Norway","2026","Regular Season - 21","Fauske Sprint","Tromsø II","27277","16232","0","3","0","2",,,,,"0","3"
"1593020","2026-09-27","9/27/2026 12:30:00 PM","FT","336","Druha Liga","Ukraine","2026","Regular Season - 8","Vilkhivtsi","Ruh Lviv","24570","3632","2","1","1","0",,,,,"2","1"
"1604258","2026-09-27","9/27/2026 12:30:00 PM","FT","749","Oberliga - Bremen","Germany","2026","Bremen - 8","Eiche Horn","Schwachhausen","24523","12851","1","1","1","0",,,,,"1","1"
"1637601","2026-09-27","9/27/2026 12:35:00 PM","FT","10","Friendlies","World","2026","Friendly International","China","New Zealand","1566","4673","0","3","0","2",,,,,"0","3"
"1496337","2026-09-27","9/27/2026 1:00:00 PM","FT","474","2. Division - Group 2","Norway","2026","Regular Season - 21","Eidsvold","Trygg/Lade","6978","7039","4","1","2","1",,,,,"4","1"
"1496342","2026-09-27","9/27/2026 1:00:00 PM","FT","474","2. Division - Group 2","Norway","2026","Regular Season - 21","Lørenskog","Skeid","7008","2239","4","1","1","0",,,,,"4","1"
"1510682","2026-09-27","9/27/2026 1:00:00 PM","FT","592","Division 2 - Norra Götaland","Sweden","2026","Norra Götaland - 23","Motala","Herrestads","11673","18422","4","0","1","0",,,,,"4","0"
"1510863","2026-09-27","9/27/2026 1:00:00 PM","FT","593","Division 2 - Norra Svealand","Sweden","2026","Norra Svealand - 23","Bollstanäs","Enskede","25574","6662","1","3","0","2",,,,,"1","3"
"1534454","2026-09-27","9/27/2026 1:00:00 PM","FT","117","1. Division","Belarus","2026","Regular Season - 26","Osipovichy","Bumprom","4273","7802","3","3","2","1",,,,,"3","3"
"1536045","2026-09-27","9/27/2026 1:00:00 PM","FT","651","Second League - Group 1","Russia","2026","Group 1 - 25","Dynamo Makhachkala II","Druzhba","21853","6798","3","0","2","0",,,,,"3","0"
"1536476","2026-09-27","9/27/2026 1:00:00 PM","FT","652","Second League - Group 2","Russia","2026","Group 2 - 25","Tver","Torpedo Vladimir","14120","6830","2","0","0","0",,,,,"2","0"
"1566360","2026-09-27","9/27/2026 1:00:00 PM","FT","745","Oberliga - Hamburg","Germany","2026","Hamburg - 9","Buchholz","Norderstedt II","12746","28012","1","0","0","0",,,,,"1","0"
"1568804","2026-09-27","9/27/2026 1:00:00 PM","FT","781","III Liga - Group 2","Poland","2026","Group II - 10","Kalisz","Kluczevia Stargard","12801","17398","1","0","1","0",,,,,"1","0"
"1569947","2026-09-27","9/27/2026 1:00:00 PM","FT","141","Segunda División","Spain","2026","Regular Season - 7","Valladolid","Cordoba","720","713","3","1","1","1",,,,,"3","1"
"1573862","2026-09-27","9/27/2026 1:00:00 PM","FT","223","Regionalliga - West","Austria","2026","West - 9","Röthis","Swarovski Tirol II","8258","8344","3","4","0","0",,,,,"3","4"
"1577002","2026-09-27","9/27/2026 1:00:00 PM","FT","754","Oberliga - Nordost-Nord","Germany","2026","NOFV-Nord - 6","Union Klosterfelde","Sparta Lichtenberg","22912","12858","2","1","1","1",,,,,"2","1"
"1577004","2026-09-27","9/27/2026 1:00:00 PM","FT","754","Oberliga - Nordost-Nord","Germany","2026","NOFV-Nord - 6","Makkabi","Siedenbollentin","14722","22909","1","1","1","0",,,,,"1","1"
"1577005","2026-09-27","9/27/2026 1:00:00 PM","FT","754","Oberliga - Nordost-Nord","Germany","2026","NOFV-Nord - 6","Neustrelitz","BAK '07","12820","9351","1","3","1","2",,,,,"1","3"
"1577006","2026-09-27","9/27/2026 1:00:00 PM","FT","754","Oberliga - Nordost-Nord","Germany","2026","NOFV-Nord - 6","FC Lok Stendal","Optik Rathenow","1654","9356","3","4","2","3",,,,,"3","4"
"1577242","2026-09-27","9/27/2026 1:00:00 PM","FT","755","Oberliga - Nordost-Süd","Germany","2026","NOFV- Sud - 6","Einheit Rudolstadt","FC Frankfurt","14548","17038","0","1","0","1",,,,,"0","1"
"1580234","2026-09-27","9/27/2026 1:00:00 PM","FT","744","Oberliga - Schleswig-Holstein","Germany","2026","Schleswig-Holstein - 10","Kaltenkirchen","Oldenburger SV","26175","16073","1","5","1","3",,,,,"1","5"
"1580239","2026-09-27","9/27/2026 1:00:00 PM","FT","744","Oberliga - Schleswig-Holstein","Germany","2026","Schleswig-Holstein - 10","TSB Flensburg","Nordmark Satrup","12872","21946","4","0","3","0",,,,,"4","0"
"1580240","2026-09-27","9/27/2026 1:00:00 PM","FT","744","Oberliga - Schleswig-Holstein","Germany","2026","Schleswig-Holstein - 10","VfR Neumünster","Holstein Kiel II","13940","9344","3","3","1","3",,,,,"3","3"
"1582444","2026-09-27","9/27/2026 1:00:00 PM","FT","753","Oberliga - Baden-Württemberg","Germany","2026","Baden-Württemberg - 9","Türkspor Neckarsulm","Teningen","20874","13949","1","2","0","0",,,,,"1","2"
"1582445","2026-09-27","9/27/2026 1:00:00 PM","FT","753","Oberliga - Baden-Württemberg","Germany","2026","Baden-Württemberg - 9","TSV Singen","Reutlingen","26167","13932","3","1","2","1",,,,,"3","1"
"1586878","2026-09-27","9/27/2026 1:00:00 PM","FT","85","Regionalliga - Nordost","Germany","2026","Nordost - 11","Erzgebirge Aue","BSG Chemie Leipzig","190","1651","1","2","1","1",,,,,"1","2"
"1586881","2026-09-27","9/27/2026 1:00:00 PM","FT","85","Regionalliga - Nordost","Germany","2026","Nordost - 11","Hertha BSC II","FSV Zwickau","9353","1315","1","1","1","0",,,,,"1","1"
"1586883","2026-09-27","9/27/2026 1:00:00 PM","FT","85","Regionalliga - Nordost","Germany","2026","Nordost - 11","Luckenwalde","SV Babelsberg 03","12809","1622","2","3","0","2",,,,,"2","3"
"1587486","2026-09-27","9/27/2026 1:00:00 PM","FT","87","Regionalliga - West","Germany","2026","West - 10","Rot-weiss Oberhausen","SV Rodinghausen","1658","1650","2","1","1","1",,,,,"2","1"
"1588975","2026-09-27","9/27/2026 1:00:00 PM","FT","748","Oberliga - Niedersachsen","Germany","2026","Niedersachsen - 8","Eintracht Braunschw. II","Nordhorn","24467","27990","3","3","1","2",,,,,"3","3"
"1590399","2026-09-27","9/27/2026 1:00:00 PM","FT","552","3. Lig - Group 1","Turkey","2026","3. Lig Group 1 - 4","Fatsa Belediyespor","Yalova Yeşilovaspor","7404","24957","3","0","3","0",,,,,"3","0"
"1590403","2026-09-27","9/27/2026 1:00:00 PM","FT","552","3. Lig - Group 1","Turkey","2026","3. Lig Group 1 - 4","Pazarspor","Karabük İdman Yurdu","7420","20294","0","1","0","1",,,,,"0","1"
"1590404","2026-09-27","9/27/2026 1:00:00 PM","FT","552","3. Lig - Group 1","Turkey","2026","3. Lig Group 1 - 4","Tokat Bld Plevnespor","Galata","21035","26465","1","3","0","1",,,,,"1","3"
"1591322","2026-09-27","9/27/2026 1:00:00 PM","FT","205","2. Lig","Turkey","2026","2. Lig White Group - 4","Sebat Gençlikspor","Menemen FK","22010","3599","0","1","0","1",,,,,"0","1"
"1607686","2026-09-27","9/27/2026 1:00:00 PM","FT","44","FA WSL","England","2026","Regular Season - 4","Manchester United W","West Ham W","4898","1856","2","1","1","0",,,,,"2","1"
"1609679","2026-09-27","9/27/2026 1:00:00 PM","FT","601","1. Liga Classic - Group 3","Switzerland","2026","Group 3 - 8","Widnau","Freienbach","16377","6625","0","1","0","1",,,,,"0","1"
"1618359","2026-09-27","9/27/2026 1:00:00 PM","FT","92","Derde Divisie","Netherlands","2026","Regular Season - 7","ADO '20","Hoogeveen","3886","14235","1","5","1","2",,,,,"1","5"
"1618360","2026-09-27","9/27/2026 1:00:00 PM","FT","92","Derde Divisie","Netherlands","2026","Regular Season - 7","Hollandia","Hercules","14234","1264","0","3","0","1",,,,,"0","3"
"1618361","2026-09-27","9/27/2026 1:00:00 PM","FT","92","Derde Divisie","Netherlands","2026","Regular Season - 7","UDI '19","Rijnvogels","3938","1288","0","4","0","2",,,,,"0","4"
"1623499","2026-09-27","9/27/2026 1:00:00 PM","FT","728","Liga 1 Feminin","Romania","2026","Regular Season - 6","Vasas Femina W","Olimpia Cluj W","15970","10899","0","2","0","0",,,,,"0","2"
"1626513","2026-09-27","9/27/2026 1:00:00 PM","FT","432","Serie D - Girone G","Italy","2026","Group G - 5","Aranova","Latte Dolce","28210","9528","1","1","1","1",,,,,"1","1"
"1629376","2026-09-27","9/27/2026 1:00:00 PM","FT","947","DFB Pokal - Women","Germany","2026","Round of 32","Karlsruher SC W","Eintracht Frankfurt W","20500","14014","1","6","0","2",,,,,"1","6"
"1629377","2026-09-27","9/27/2026 1:00:00 PM","FT","947","DFB Pokal - Women","Germany","2026","Round of 32","Magdeburg W","Union Berlin W","24127","24133","0","5","0","3",,,,,"0","5"
"1629380","2026-09-27","9/27/2026 1:00:00 PM","FT","947","DFB Pokal - Women","Germany","2026","Round of 32","SC Sand W","VfL Wolfsburg W","1862","1863","0","6","0","3",,,,,"0","6"
"1629382","2026-09-27","9/27/2026 1:00:00 PM","AET","947","DFB Pokal - Women","Germany","2026","Round of 32","Viktoria Berlin W","Bayer Leverkusen W","20504","1859","0","0","0","0","0","2",,,"0","2"
"1637442","2026-09-27","9/27/2026 1:00:00 PM","FT","1244","B-Liga Women","Denmark","2026","Regular Season - 7","Esbjerg W","B 93 W","28371","13987","1","2","1","0",,,,,"1","2"
"1637650","2026-09-27","9/27/2026 1:00:00 PM","FT","275","Liga 2","Indonesia","2026","Regular Season - 3","Bekasi City","PSMS Medan","11133","2447","0","1","0","0",,,,,"0","1"
"1637821","2026-09-27","9/27/2026 1:00:00 PM","PEN","667","Friendlies Clubs","World","2026","Club Friendlies","Shanghai Shenhua","Zenit","833","596","0","0","0","0",,,,,"0","0"
"1640064","2026-09-27","9/27/2026 1:00:00 PM","FT","10","Friendlies","World","2026","Friendly International","Seychelles","Sri Lanka","1515","5166","0","3","0","1",,,,,"0","3"
"1640065","2026-09-27","9/27/2026 1:00:00 PM","FT","10","Friendlies","World","2026","Friendly International","Ukraine U18","Austria U18","22343","21460","4","1","3","1",,,,,"4","1"
"1641964","2026-09-27","9/27/2026 1:00:00 PM","FT","771","COSAFA U20 Championship","World","2026","Final","South Africa U20","Mozambique U20","10303","11040","2","1","1","1",,,,,"2","1"
"1642474","2026-09-27","9/27/2026 1:00:00 PM","FT","583","Gamma Ethniki - Group 8","Greece","2026","Group 8 - 1","Amfiali","Ialysos","28457","7512","1","0","0","0",,,,,"1","0"
"1642866","2026-09-27","9/27/2026 1:00:00 PM","FT","667","Friendlies Clubs","World","2026","Club Friendly","CSKA Moscow","Nizhny Novgorod","555","2011","1","3","0","2",,,,,"1","3"
"1496156","2026-09-27","9/27/2026 1:30:00 PM","FT","473","2. Division - Group 1","Norway","2026","Regular Season - 21","Eik-Tønsberg","Bjarg","16211","16217","0","2","0","1",,,,,"0","2"
"1497251","2026-09-27","9/27/2026 1:30:00 PM","FT","778","3. Division - Girone 5","Norway","2026","Regular Season - 21","Kongsvinger II","Harstad","16206","6994","2","1","0","0",,,,,"2","1"
"1551816","2026-09-27","9/27/2026 1:30:00 PM","FT","89","Eerste Divisie","Netherlands","2026","Regular Season - 8","De Graafschap","Den Bosch","199","421","1","0","1","0",,,,,"1","0"
"1581916","2026-09-27","9/27/2026 1:30:00 PM","FT","334","Persha Liga","Ukraine","2026","Regular Season - 9","Nyva Ternopil","Ahrobiznes Volochysk","6493","3620","0","0","0","0",,,,,"0","0"
"1590177","2026-09-27","9/27/2026 1:30:00 PM","FT","211","First NL","Croatia","2026","Regular Season - 7","Segesta Sisak","Karlovac 1919","5722","15295","1","1","1","1",,,,,"1","1"
"1590398","2026-09-27","9/27/2026 1:30:00 PM","FT","552","3. Lig - Group 1","Turkey","2026","3. Lig Group 1 - 4","Düzcespor","İnkılapspor","7399","26467","1","1","0","1",,,,,"1","1"
"1590401","2026-09-27","9/27/2026 1:30:00 PM","FT","552","3. Lig - Group 1","Turkey","2026","3. Lig Group 1 - 4","Karadeniz Ereğli BSK","Amasyaspor 1968","13369","19299","1","0","1","0",,,,,"1","0"
"1591008","2026-09-27","9/27/2026 1:30:00 PM","AWD","554","3. Lig - Group 3","Turkey","2026","3. Lig Group 3 - 4","Adana Adaletgucu","Yeni Malatyaspor","27999","999","3","0",,,,,,,"3","0"
"1591009","2026-09-27","9/27/2026 1:30:00 PM","FT","554","3. Lig - Group 3","Turkey","2026","3. Lig Group 3 - 4","Talasgücü Belediyespor","Kırıkkale Büyük Anadolu","21995","6531","2","1","1","0",,,,,"2","1"
"1591011","2026-09-27","9/27/2026 1:30:00 PM","FT","554","3. Lig - Group 3","Turkey","2026","3. Lig Group 3 - 4","Karaman FK","Ağrı 1970","6526","6509","0","1","0","0",,,,,"0","1"
"1591012","2026-09-27","9/27/2026 1:30:00 PM","FT","554","3. Lig - Group 3","Turkey","2026","3. Lig Group 3 - 4","Kırşehir Belediyespor","Silifke Belediyespor","6341","21998","4","0","2","0",,,,,"4","0"
"1591319","2026-09-27","9/27/2026 1:30:00 PM","FT","205","2. Lig","Turkey","2026","2. Lig White Group - 4","Hatayspor","Arnavutköy Belediyespor","3575","15101","2","0","0","0",,,,,"2","0"
"1591617","2026-09-27","9/27/2026 1:30:00 PM","FT","205","2. Lig","Turkey","2026","2. Lig Red Group - 4","12 Bingölspor","1461 Trabzon FK","6504","6340","1","2","1","2",,,,,"1","2"
"1591620","2026-09-27","9/27/2026 1:30:00 PM","FT","205","2. Lig","Turkey","2026","2. Lig Red Group - 4","Ankara Demirspor","Adana 01 FK","3581","22009","3","4","1","0",,,,,"3","4"
"1591624","2026-09-27","9/27/2026 1:30:00 PM","FT","205","2. Lig","Turkey","2026","2. Lig Red Group - 4","Serik Spor","Fethiyespor","7421","3590","0","1","0","1",,,,,"0","1"
"1608292","2026-09-27","9/27/2026 1:30:00 PM","FT","138","Serie C - Girone A","Italy","2026","Girone A - 7","Union Brescia","Dolomiti Bellunesi","26356","17820","1","1","0","0",,,,,"1","1"
"1608673","2026-09-27","9/27/2026 1:30:00 PM","FT","942","Serie C - Girone B","Italy","2026","Girone B - 7","Ostia Mare","Forli","9530","1688","1","1","0","0",,,,,"1","1"
"1608677","2026-09-27","9/27/2026 1:30:00 PM","FT","942","Serie C - Girone B","Italy","2026","Girone B - 7","Ravenna","Gubbio","1705","866","2","0","2","0",,,,,"2","0"
"1610107","2026-09-27","9/27/2026 1:30:00 PM","FT","600","1. Liga Classic - Group 2","Switzerland","2026","Group 2 - 8","Delémont","Muri-Gümligen","12702","19608","3","0","1","0",,,,,"3","0"
"1610108","2026-09-27","9/27/2026 1:30:00 PM","FT","600","1. Liga Classic - Group 2","Switzerland","2026","Group 2 - 8","Münsingen","Muttenz","10589","12707","1","2","0","1",,,,,"1","2"
"1618362","2026-09-27","9/27/2026 1:30:00 PM","FT","92","Derde Divisie","Netherlands","2026","Regular Season - 7","Groene Ster","Gemert","1236","1230","1","2","0","0",,,,,"1","2"
"1618363","2026-09-27","9/27/2026 1:30:00 PM","FT","92","Derde Divisie","Netherlands","2026","Regular Season - 7","UNA","Dongen","1284","1285","2","2","2","0",,,,,"2","2"
"1626520","2026-09-27","9/27/2026 1:30:00 PM","FT","432","Serie D - Girone G","Italy","2026","Group G - 5","Venafro","Budoni","28213","9524","2","3","0","1",,,,,"2","3"
"1639091","2026-09-27","9/27/2026 1:30:00 PM","FT","765","PFL","Philippines","2027","Group Stage","Stallion","Maharlika","16193","16191","0","2","0","1",,,,,"0","2"
"1497253","2026-09-27","9/27/2026 2:00:00 PM","FT","778","3. Division - Girone 5","Norway","2026","Regular Season - 21","Strømsgodset II","Fløya","12865","6984","2","4","0","0",,,,,"2","4"
"1528895","2026-09-27","9/27/2026 2:00:00 PM","FT","5","UEFA Nations League","World","2026","League D - 2","Lithuania","Azerbaijan","1097","1096","1","1","1","1",,,,,"1","1"
"1534450","2026-09-27","9/27/2026 2:00:00 PM","PST","117","1. Division","Belarus","2026","Regular Season - 26","Dinamo Minsk II","Molodechno-DYuSSh 4","11266","7798",,,,,,,,,,
"1536474","2026-09-27","9/27/2026 2:00:00 PM","FT","652","Second League - Group 2","Russia","2026","Group 2 - 25","Murom","Luki-Energiya","6817","6812","2","0","1","0",,,,,"2","0"
"1558945","2026-09-27","9/27/2026 2:00:00 PM","FT","374","2. SNL","Slovenia","2026","Regular Season - 8","Krško","Bilje","4365","4367","3","1","2","1",,,,,"3","1"
"1566352","2026-09-27","9/27/2026 2:00:00 PM","FT","745","Oberliga - Hamburg","Germany","2026","Hamburg - 9","Concordia","Paloma","16085","12828","2","3","0","1",,,,,"2","3"
"1566353","2026-09-27","9/27/2026 2:00:00 PM","FT","745","Oberliga - Hamburg","Germany","2026","Hamburg - 9","ETSV Hamburg","Nikola Tesla","20851","26174","2","1","1","1",,,,,"2","1"
"1566359","2026-09-27","9/27/2026 2:00:00 PM","FT","745","Oberliga - Hamburg","Germany","2026","Hamburg - 9","Sasel","Vorwärts-Wacker 04","16083","20895","0","1","0","1",,,,,"0","1"
"1568184","2026-09-27","9/27/2026 2:00:00 PM","FT","783","III Liga - Group 4","Poland","2026","Group IV - 10","Moravia Morawica","Jarosław","27390","20830","2","2","0","0",,,,,"2","2"
"1573858","2026-09-27","9/27/2026 2:00:00 PM","FT","223","Regionalliga - West","Austria","2026","West - 9","Hohenems","Kufstein","4945","4948","3","1","1","0",,,,,"3","1"
"1575027","2026-09-27","9/27/2026 2:00:00 PM","FT","1114","Carioca U20","Brazil","2026","Regular Season - 8","Nova Iguaçu U20","Madureira U20","13032","20762","2","2","1","1",,,,,"2","2"
"1578094","2026-09-27","9/27/2026 2:00:00 PM","FT","149","Second Amateur Division - VFV A","Belgium","2026","VFV A - 5","Eendracht Aalst","Zulte Waregem II","5783","19898","4","3","2","1",,,,,"4","3"
"1578096","2026-09-27","9/27/2026 2:00:00 PM","FT","149","Second Amateur Division - VFV A","Belgium","2026","VFV A - 5","HO Kalken","FC Lebbeke","5813","5803","1","3","1","1",,,,,"1","3"
"1578332","2026-09-27","9/27/2026 2:00:00 PM","FT","150","Second Amateur Division - VFV B","Belgium","2026","VFV B - 5","Tongeren","Hades","19787","5815","3","3","1","0",,,,,"3","3"
"1579124","2026-09-27","9/27/2026 2:00:00 PM","FT","353","4. liga - Divizie D","Czech-Republic","2026","Group D - 9","Humpolec","Chotebor","7301","26124","0","0","0","0",,,,,"0","0"
"1579125","2026-09-27","9/27/2026 2:00:00 PM","FT","353","4. liga - Divizie D","Czech-Republic","2026","Group D - 9","Pelhřimov","Kuřim","21651","19689","4","2","4","1",,,,,"4","2"
"1579126","2026-09-27","9/27/2026 2:00:00 PM","FT","353","4. liga - Divizie D","Czech-Republic","2026","Group D - 9","Sokol Tasovice","FS Třebíč","7355","24190","1","1","0","1",,,,,"1","1"
"1579128","2026-09-27","9/27/2026 2:00:00 PM","FT","353","4. liga - Divizie D","Czech-Republic","2026","Group D - 9","Ždírec nad Doubravou","Bystrc Kníničky","7388","14649","3","2","1","1",,,,,"3","2"
"1579129","2026-09-27","9/27/2026 2:00:00 PM","FT","353","4. liga - Divizie D","Czech-Republic","2026","Group D - 9","Znojmo","Velká Bíteš","3734","7371","1","1","1","0",,,,,"1","1"
"1579248","2026-09-27","9/27/2026 2:00:00 PM","FT","354","4. liga - Divizie E","Czech-Republic","2026","Group E - 9","Kroměříž II","Tatran Všechovice","26230","7366","0","3","0","1",,,,,"0","3"
"1579249","2026-09-27","9/27/2026 2:00:00 PM","FT","354","4. liga - Divizie E","Czech-Republic","2026","Group E - 9","Strání","SK Krumvir","7363","27929","5","0","2","0",,,,,"5","0"
"1579364","2026-09-27","9/27/2026 2:00:00 PM","FT","686","4. liga - Divizie F","Czech-Republic","2026","Group F - 9","Bílovec","Kravare","16875","21912","0","2","0","1",,,,,"0","2"
"1579365","2026-09-27","9/27/2026 2:00:00 PM","FT","686","4. liga - Divizie F","Czech-Republic","2026","Group F - 9","Bospor Bohumín","Vratimov","7277","16877","2","3","1","2",,,,,"2","3"
"1579368","2026-09-27","9/27/2026 2:00:00 PM","FT","686","4. liga - Divizie F","Czech-Republic","2026","Group F - 9","Pustá Polom","Nový Jičín","24188","7323","3","2","1","0",,,,,"3","2"
"1579955","2026-09-27","9/27/2026 2:00:00 PM","FT","487","First Amateur Division","Belgium","2026","VV - 5","Cercle Brugge II","Tienen","19897","5951","1","3","0","0",,,,,"1","3"
"1579957","2026-09-27","9/27/2026 2:00:00 PM","FT","487","First Amateur Division","Belgium","2026","VV - 5","Oud-Heverlee Leuven II","Lyra-Lierse Berlaar","19957","5864","3","1","1","0",,,,,"3","1"
"1581135","2026-09-27","9/27/2026 2:00:00 PM","FT","750","Oberliga - Hessen","Germany","2026","Hessen - 11","Kassel","1960 Hanau","26172","21947","0","0","0","0",,,,,"0","0"
"1582339","2026-09-27","9/27/2026 2:00:00 PM","FT","1142","Mineiro - 3","Brazil","2026","Regular Season - 2","Siderurgica","Betim 2","27966","27961","0","1","0","0",,,,,"0","1"
"1582443","2026-09-27","9/27/2026 2:00:00 PM","FT","753","Oberliga - Baden-Württemberg","Germany","2026","Baden-Württemberg - 9","FV Ravensburg","1. FC Muhlhausen","1624","27968","3","1","2","0",,,,,"3","1"
"1582446","2026-09-27","9/27/2026 2:00:00 PM","FT","753","Oberliga - Baden-Württemberg","Germany","2026","Baden-Württemberg - 9","Young Boys Reutlingen","FC 08 Villingen","27969","1619","1","1","1","0",,,,,"1","1"
"1582868","2026-09-27","9/27/2026 2:00:00 PM","FT","148","Second Amateur Division - ACFF","Belgium","2026","ACFF - 6","Aywaille","Stade Mouscronnois","5747","24556","0","4","0","2",,,,,"0","4"
"1582870","2026-09-27","9/27/2026 2:00:00 PM","FT","148","Second Amateur Division - ACFF","Belgium","2026","ACFF - 6","Ganshoren","AS Eupen II","5806","24386","5","1","1","0",,,,,"5","1"
"1582871","2026-09-27","9/27/2026 2:00:00 PM","FT","148","Second Amateur Division - ACFF","Belgium","2026","ACFF - 6","Stockay-Warfusée","Jette","5942","5836","0","2","0","1",,,,,"0","2"
"1583868","2026-09-27","9/27/2026 2:00:00 PM","FT","1025","Second League A - Division A Gold","Russia","2026","Fall Season Gold - 11","Dinamo Bryansk","Dinamo Vladivostok","6795","16856","1","1","1","0",,,,,"1","1"
"1583871","2026-09-27","9/27/2026 2:00:00 PM","FT","1025","Second League A - Division A Gold","Russia","2026","Fall Season Gold - 11","FK Sokol Saratov","Mashuk-KMV","1995","6814","0","0","0","0",,,,,"0","0"
"1586572","2026-09-27","9/27/2026 2:00:00 PM","FT","84","Regionalliga - Nord","Germany","2026","North - 11","Bremer SV","Weiche Flensburg","1630","1649","0","3","0","1",,,,,"0","3"
"1587487","2026-09-27","9/27/2026 2:00:00 PM","FT","87","Regionalliga - West","Germany","2026","West - 10","SG Wattenscheid 09","Bonner SC","1629","1637","1","1","1","0",,,,,"1","1"
"1588976","2026-09-27","9/27/2026 2:00:00 PM","FT","748","Oberliga - Niedersachsen","Germany","2026","Niedersachsen - 8","Bersenbrück","Germania Egestorf","14635","1632","0","4","0","2",,,,,"0","4"
"1588977","2026-09-27","9/27/2026 2:00:00 PM","FT","748","Oberliga - Niedersachsen","Germany","2026","Niedersachsen - 8","Heeslinger SC","Vorsfelde","12782","19287","3","3","2","0",,,,,"3","3"
"1588978","2026-09-27","9/27/2026 2:00:00 PM","FT","748","Oberliga - Niedersachsen","Germany","2026","Niedersachsen - 8","Lüneburger SK Hansa","Verden 04","1645","19721","1","1","0","1",,,,,"1","1"
"1588979","2026-09-27","9/27/2026 2:00:00 PM","FT","748","Oberliga - Niedersachsen","Germany","2026","Niedersachsen - 8","Meppen II","Spelle-Venhaus","21951","14787","4","0","1","0",,,,,"4","0"
"1588980","2026-09-27","9/27/2026 2:00:00 PM","FT","748","Oberliga - Niedersachsen","Germany","2026","Niedersachsen - 8","Wilhelmshaven","Drochtersen/Assel II","13941","27988","3","0","0","0",,,,,"3","0"
"1590396","2026-09-27","9/27/2026 2:00:00 PM","FT","552","3. Lig - Group 1","Turkey","2026","3. Lig Group 1 - 4","Beykoz İshaklıspor","Beykoz Anadolu","24603","3609","0","0","0","0",,,,,"0","0"
"1590397","2026-09-27","9/27/2026 2:00:00 PM","FT","552","3. Lig - Group 1","Turkey","2026","3. Lig Group 1 - 4","Kartal Bulvarspor","Silivrispor","19301","7422","1","0","0","0",,,,,"1","0"
"1590705","2026-09-27","9/27/2026 2:00:00 PM","FT","553","3. Lig - Group 2","Turkey","2026","3. Lig Group 2 - 4","Nilüfer Belediye","Bursa Yıldırımspor","24602","6517","0","0","0","0",,,,,"0","0"
"1590709","2026-09-27","9/27/2026 2:00:00 PM","FT","553","3. Lig - Group 2","Turkey","2026","3. Lig Group 2 - 4","Söke 1970","Anadolu Üniversitesi","19303","21997","1","1","0","0",,,,,"1","1"
"1590710","2026-09-27","9/27/2026 2:00:00 PM","FT","553","3. Lig - Group 2","Turkey","2026","3. Lig Group 2 - 4","Uşak Spor","Akşehirspor","3610","6508","3","0","2","0",,,,,"3","0"
"1591317","2026-09-27","9/27/2026 2:00:00 PM","FT","205","2. Lig","Turkey","2026","2. Lig White Group - 4","Çorluspor 1947","Isparta 32 Spor","22451","6523","1","3","0","1",,,,,"1","3"
"1591318","2026-09-27","9/27/2026 2:00:00 PM","FT","205","2. Lig","Turkey","2026","2. Lig White Group - 4","Güzide Gebzespor","Elazığspor","6511","3571","0","0","0","0",,,,,"0","0"
"1591622","2026-09-27","9/27/2026 2:00:00 PM","FT","205","2. Lig","Turkey","2026","2. Lig Red Group - 4","Karacabey Belediyespor","Ankaragücü","7407","1010","1","4","0","2",,,,,"1","4"
"1592230","2026-09-27","9/27/2026 2:00:00 PM","FT","747","Oberliga - Westfalen","Germany","2026","Westfalen - 8","Arminia II","Erkenschwick","26186","14667","2","1","1","1",,,,,"2","1"
"1592231","2026-09-27","9/27/2026 2:00:00 PM","FT","747","Oberliga - Westfalen","Germany","2026","Westfalen - 8","ASC Dortmund","TuS Hordel","12726","27324","3","3","1","0",,,,,"3","3"
"1592232","2026-09-27","9/27/2026 2:00:00 PM","FT","747","Oberliga - Westfalen","Germany","2026","Westfalen - 8","Victoria Clarholz","Westfalia Kinderhaus","14814","17114","2","2","0","1",,,,,"2","2"
"1592233","2026-09-27","9/27/2026 2:00:00 PM","FT","747","Oberliga - Westfalen","Germany","2026","Westfalen - 8","Hiltrup","Ennepetal","14704","14666","3","0","1","0",,,,,"3","0"
"1592234","2026-09-27","9/27/2026 2:00:00 PM","FT","747","Oberliga - Westfalen","Germany","2026","Westfalen - 8","Preußen Münster II","Maaslingen","14753","28002","2","0","1","0",,,,,"2","0"
"1592235","2026-09-27","9/27/2026 2:00:00 PM","FT","747","Oberliga - Westfalen","Germany","2026","Westfalen - 8","Sprockhovel","Eintracht Rheine","14527","14663","1","0","0","0",,,,,"1","0"
"1592236","2026-09-27","9/27/2026 2:00:00 PM","FT","747","Oberliga - Westfalen","Germany","2026","Westfalen - 8","SpVgg Herne Horsthausen","Schermbeck","28001","14779","4","2","1","0",,,,,"4","2"
"1592237","2026-09-27","9/27/2026 2:00:00 PM","FT","747","Oberliga - Westfalen","Germany","2026","Westfalen - 8","Vreden","Lippstadt 08","16088","9372","2","0","0","0",,,,,"2","0"
"1592522","2026-09-27","9/27/2026 2:00:00 PM","FT","751","Oberliga - Niederrhein","Germany","2026","Niederrhein - 7","SSVg Velbert","BW Dingden","12847","26165","5","1","1","1",,,,,"5","1"
"1592524","2026-09-27","9/27/2026 2:00:00 PM","FT","751","Oberliga - Niederrhein","Germany","2026","Niederrhein - 7","SF Baumberg","Germania Ratingen","12844","14689","1","2","1","1",,,,,"1","2"
"1592526","2026-09-27","9/27/2026 2:00:00 PM","FT","751","Oberliga - Niederrhein","Germany","2026","Niederrhein - 7","Scherpenberg","Monheim","14780","12818","2","1","1","0",,,,,"2","1"
"1592527","2026-09-27","9/27/2026 2:00:00 PM","FT","751","Oberliga - Niederrhein","Germany","2026","Niederrhein - 7","SW Essen","Viktoria Jüchen-Garz.","14523","23678","1","3","1","3",,,,,"1","3"
"1592751","2026-09-27","9/27/2026 2:00:00 PM","FT","751","Oberliga - Niederrhein","Germany","2026","Niederrhein - 7","Sonsbeck","Solingen-Wald","14555","28003","4","2","1","1",,,,,"4","2"
"1601252","2026-09-27","9/27/2026 2:00:00 PM","FT","139","Serie A Women","Italy","2026","Regular Season - 1","Sassuolo W","Roma W","1889","1892","1","3","0","1",,,,,"1","3"
"1604259","2026-09-27","9/27/2026 2:00:00 PM","FT","749","Oberliga - Bremen","Germany","2026","Bremen - 8","Vatan Sport","Union Bremen","16096","16095","0","3","0","1",,,,,"0","3"
"1605563","2026-09-27","9/27/2026 2:00:00 PM","FT","458","Campeonato de Portugal Prio - Group B","Portugal","2026","Group B - 2","Estrela Calheta","Cinfães","28053","4737","2","2","1","1",,,,,"2","2"
"1607687","2026-09-27","9/27/2026 2:00:00 PM","FT","44","FA WSL","England","2026","Regular Season - 4","Birmingham City W","Crystal Palace W","1845","15409","3","3","2","1",,,,,"3","3"
"1607688","2026-09-27","9/27/2026 2:00:00 PM","FT","44","FA WSL","England","2026","Regular Season - 4","Liverpool W","Everton W","1847","1855","2","0","1","0",,,,,"2","0"
"1607689","2026-09-27","9/27/2026 2:00:00 PM","FT","44","FA WSL","England","2026","Regular Season - 4","Tottenham Hotspur W","Aston Villa W","4899","14219","4","0","0","0",,,,,"4","0"
"1609390","2026-09-27","9/27/2026 2:00:00 PM","FT","699","Women's Championship","England","2026","Regular Season - 4","Ipswich Town W","Wolverhampton W","15422","15433","3","1","2","1",,,,,"3","1"
"1609391","2026-09-27","9/27/2026 2:00:00 PM","FT","699","Women's Championship","England","2026","Regular Season - 4","Newcastle United W","Leicester City FC W","15515","15404","4","0","1","0",,,,,"4","0"
"1609392","2026-09-27","9/27/2026 2:00:00 PM","FT","699","Women's Championship","England","2026","Regular Season - 4","Sheffield United W","Durham W","15407","15403","4","1","1","1",,,,,"4","1"
"1609393","2026-09-27","9/27/2026 2:00:00 PM","FT","699","Women's Championship","England","2026","Regular Season - 4","Southampton W","Nottingham Forest W","15454","15450","1","1","0","0",,,,,"1","1"
"1609394","2026-09-27","9/27/2026 2:00:00 PM","FT","699","Women's Championship","England","2026","Regular Season - 4","Watford W","Sunderland W","15457","1848","1","2","0","2",,,,,"1","2"
"1610109","2026-09-27","9/27/2026 2:00:00 PM","FT","600","1. Liga Classic - Group 2","Switzerland","2026","Group 2 - 8","Langenthal","Grasshopper II","12705","12704","2","3","1","1",,,,,"2","3"
"1619562","2026-09-27","9/27/2026 2:00:00 PM","FT","566","Ligue A","Burundi","2026","Regular Season - 4","Ngozi City","Kayanza United","12185","12181","1","0","0","0",,,,,"1","0"
"1620009","2026-09-27","9/27/2026 2:00:00 PM","FT","577","Gamma Ethniki - Group 2","Greece","2026","Group 2 - 1","Poseidon Nea Michaniona","PAO Kristoni","12375","20056","5","1","1","0",,,,,"5","1"
"1620038","2026-09-27","9/27/2026 2:00:00 PM","FT","577","Gamma Ethniki - Group 2","Greece","2026","Group 2 - 1","Agiou Nikolaou","Iraklis Therm.","28146","26578","1","1","0","1",,,,,"1","1"
"1620039","2026-09-27","9/27/2026 2:00:00 PM","FT","577","Gamma Ethniki - Group 2","Greece","2026","Group 2 - 1","Finikas Polichnis","Kilkisiakos","28149","12366","3","2","2","1",,,,,"3","2"
"1620040","2026-09-27","9/27/2026 2:00:00 PM","FT","577","Gamma Ethniki - Group 2","Greece","2026","Group 2 - 1","Panedessaikos","Mpam","28152","28150","1","1","1","0",,,,,"1","1"
"1620166","2026-09-27","9/27/2026 2:00:00 PM","FT","578","Gamma Ethniki - Group 3","Greece","2026","Group 3 - 1","Doxa Mascholouriou","Naousa","28156","24858","1","0","1","0",,,,,"1","0"
"1620167","2026-09-27","9/27/2026 2:00:00 PM","FT","578","Gamma Ethniki - Group 3","Greece","2026","Group 3 - 1","Alexandros Florinas","Thyella Katsikas","28417","15255","4","1","1","1",,,,,"4","1"
"1620168","2026-09-27","9/27/2026 2:00:00 PM","FT","578","Gamma Ethniki - Group 3","Greece","2026","Group 3 - 1","PAS Giannina","Anagennisi Artas","950","12387","0","0","0","0",,,,,"0","0"
"1620169","2026-09-27","9/27/2026 2:00:00 PM","FT","578","Gamma Ethniki - Group 3","Greece","2026","Group 3 - 1","Makedonikos Siatista","Eordaikos","28157","15479","0","0","0","0",,,,,"0","0"
"1620170","2026-09-27","9/27/2026 2:00:00 PM","FT","578","Gamma Ethniki - Group 3","Greece","2026","Group 3 - 1","Vatolakkos","Kastoria","28158","20398","0","1","0","0",,,,,"0","1"
"1620386","2026-09-27","9/27/2026 2:00:00 PM","FT","580","Gamma Ethniki - Group 5","Greece","2026","Group 5 - 1","A. Schimatari","Karystos","26585","26589","2","1","1","0",,,,,"2","1"
"1620388","2026-09-27","9/27/2026 2:00:00 PM","FT","580","Gamma Ethniki - Group 5","Greece","2026","Group 5 - 1","Fokikos","Thiva","13912","24880","3","1","1","0",,,,,"3","1"
"1620389","2026-09-27","9/27/2026 2:00:00 PM","FT","580","Gamma Ethniki - Group 5","Greece","2026","Group 5 - 1","Kifissos","Asteras Stavros","28162","20048","3","1","2","1",,,,,"3","1"
"1620390","2026-09-27","9/27/2026 2:00:00 PM","FT","580","Gamma Ethniki - Group 5","Greece","2026","Group 5 - 1","Lamia","Katsantonis Agrafon","956","28161","1","0","0","0",,,,,"1","0"
"1620497","2026-09-27","9/27/2026 2:00:00 PM","FT","581","Gamma Ethniki - Group 6","Greece","2026","Group 6 - 1","Agios Matthaios","Aris Filiates","15250","24872","0","2","0","0",,,,,"0","2"
"1620498","2026-09-27","9/27/2026 2:00:00 PM","FT","581","Gamma Ethniki - Group 6","Greece","2026","Group 6 - 1","Atromitos Patras","Levante","6298","28408","7","0",,,,,,,"7","0"
"1620499","2026-09-27","9/27/2026 2:00:00 PM","FT","581","Gamma Ethniki - Group 6","Greece","2026","Group 6 - 1","Lefkimmi","Tilikratis","12389","5066","0","1","0","1",,,,,"0","1"
"1620500","2026-09-27","9/27/2026 2:00:00 PM","FT","581","Gamma Ethniki - Group 6","Greece","2026","Group 6 - 1","Panegialios","Panachaiki FC","2097","2106","2","1",,,,,,,"2","1"
"1624056","2026-09-27","9/27/2026 2:00:00 PM","FT","426","Serie D - Girone A","Italy","2026","Group A - 5","Alessandria","Asti","878","17808","2","0","2","0",,,,,"2","0"
"1624057","2026-09-27","9/27/2026 2:00:00 PM","PST","426","Serie D - Girone A","Italy","2026","Group A - 5","Bra","Celle Varazze","9430","26507",,,,,,,,,,
"1624058","2026-09-27","9/27/2026 2:00:00 PM","FT","426","Serie D - Girone A","Italy","2026","Group A - 5","Chisola","Ligorna","19970","9437","1","2","1","0",,,,,"1","2"
"1624059","2026-09-27","9/27/2026 2:00:00 PM","FT","426","Serie D - Girone A","Italy","2026","Group A - 5","Gozzano","Sanremese","1714","9439","2","1","1","1",,,,,"2","1"
"1624060","2026-09-27","9/27/2026 2:00:00 PM","FT","426","Serie D - Girone A","Italy","2026","Group A - 5","Imperia","Fezzanese","17811","9433","2","0","1","0",,,,,"2","0"
"1624061","2026-09-27","9/27/2026 2:00:00 PM","FT","426","Serie D - Girone A","Italy","2026","Group A - 5","Saluzzo","Derthona","17814","17810","0","0","0","0",,,,,"0","0"
"1624062","2026-09-27","9/27/2026 2:00:00 PM","FT","426","Serie D - Girone A","Italy","2026","Group A - 5","Sestri Levante","Biellese","17815","26505","1","2","1","2",,,,,"1","2"
"1624063","2026-09-27","9/27/2026 2:00:00 PM","FT","426","Serie D - Girone A","Italy","2026","Group A - 5","Valenzana","Borgosesia","26514","9429","1","2","0","2",,,,,"1","2"
"1624276","2026-09-27","9/27/2026 2:00:00 PM","FT","426","Serie D - Girone A","Italy","2026","Group A - 5","Millesimo","Lascaris","28192","28191","2","0","1","0",,,,,"2","0"
"1624363","2026-09-27","9/27/2026 2:00:00 PM","FT","427","Serie D - Girone B","Italy","2026","Group B - 5","Virtus Ciserano Bergamo","Club Milano","9462","22307","1","1","0","0",,,,,"1","1"
"1624364","2026-09-27","9/27/2026 2:00:00 PM","FT","427","Serie D - Girone B","Italy","2026","Group B - 5","Fiorenzuola","Caldiero Terme","9485","9465","1","1","1","0",,,,,"1","1"
"1624365","2026-09-27","9/27/2026 2:00:00 PM","FT","427","Serie D - Girone B","Italy","2026","Group B - 5","Leon","Villa Valle","17904","9460","1","2","1","1",,,,,"1","2"
"1624366","2026-09-27","9/27/2026 2:00:00 PM","FT","427","Serie D - Girone B","Italy","2026","Group B - 5","Real Calepina","Brusaporto","17140","9445","2","3","1","0",,,,,"2","3"
"1624367","2026-09-27","9/27/2026 2:00:00 PM","FT","427","Serie D - Girone B","Italy","2026","Group B - 5","Scanzorosciate","Pro Palazzolo","9457","22329","1","1","0","1",,,,,"1","1"
"1624368","2026-09-27","9/27/2026 2:00:00 PM","FT","427","Serie D - Girone B","Italy","2026","Group B - 5","Tritium","Rovato Vertovese","9459","26519","2","2","1","2",,,,,"2","2"
"1624582","2026-09-27","9/27/2026 2:00:00 PM","FT","427","Serie D - Girone B","Italy","2026","Group B - 5","Nibbiano & Valtidone","Chievo","28193","491","2","0","0","0",,,,,"2","0"
"1624583","2026-09-27","9/27/2026 2:00:00 PM","FT","427","Serie D - Girone B","Italy","2026","Group B - 5","Virtus Verona","Pavonese","1707","28194","0","1","0","0",,,,,"0","1"
"1624665","2026-09-27","9/27/2026 2:00:00 PM","FT","428","Serie D - Girone C","Italy","2026","Group C - 5","Altavilla","Virtus Bolzano","26504","9461","7","0","5","0",,,,,"7","0"
"1624666","2026-09-27","9/27/2026 2:00:00 PM","FT","428","Serie D - Girone C","Italy","2026","Group C - 5","Calvi Noale","Brian Lignano","24685","24683","0","1","0","1",,,,,"0","1"
"1624667","2026-09-27","9/27/2026 2:00:00 PM","FT","428","Serie D - Girone C","Italy","2026","Group C - 5","Campodarsego","Legnago Salus","1592","9472","0","1","0","1",,,,,"0","1"
"1624668","2026-09-27","9/27/2026 2:00:00 PM","FT","428","Serie D - Girone C","Italy","2026","Group C - 5","Cjarlins Muzane","Triestina","9468","877","3","0","0","0",,,,,"3","0"
"1624669","2026-09-27","9/27/2026 2:00:00 PM","FT","428","Serie D - Girone C","Italy","2026","Group C - 5","FC Obermais","Mestre","17133","1704","2","2","1","0",,,,,"2","2"
"1624670","2026-09-27","9/27/2026 2:00:00 PM","FT","428","Serie D - Girone C","Italy","2026","Group C - 5","Luparense","Clodiense","9473","9469","3","0","0","0",,,,,"3","0"
"1624861","2026-09-27","9/27/2026 2:00:00 PM","FT","428","Serie D - Girone C","Italy","2026","Group C - 5","Bassano Virtus","Schio","881","28197","2","0","1","0",,,,,"2","0"
"1624862","2026-09-27","9/27/2026 2:00:00 PM","FT","428","Serie D - Girone C","Italy","2026","Group C - 5","Conegliano","LME","26508","28195","0","1","0","1",,,,,"0","1"
"1624863","2026-09-27","9/27/2026 2:00:00 PM","FT","428","Serie D - Girone C","Italy","2026","Group C - 5","Sandona","Este","28196","9471","0","0","0","0",,,,,"0","0"
"1624970","2026-09-27","9/27/2026 2:00:00 PM","FT","434","Serie D - Girone I","Italy","2026","Group I - 5","AC Palermo","Milazzo","26521","26522","3","0","0","0",,,,,"3","0"
"1624972","2026-09-27","9/27/2026 2:00:00 PM","FT","434","Serie D - Girone I","Italy","2026","Group I - 5","Nissa","Vibonese","24694","1681","0","2","0","1",,,,,"0","2"
"1624973","2026-09-27","9/27/2026 2:00:00 PM","FT","434","Serie D - Girone I","Italy","2026","Group I - 5","Reggina","Igea Virtus","1692","22310","2","0","0","0",,,,,"2","0"
"1624974","2026-09-27","9/27/2026 2:00:00 PM","FT","434","Serie D - Girone I","Italy","2026","Group I - 5","Sambiase","Vigor Lamezia","24699","26516","4","1","2","0",,,,,"4","1"
"1624975","2026-09-27","9/27/2026 2:00:00 PM","FT","434","Serie D - Girone I","Italy","2026","Group I - 5","Ragusa","Trapani 1905","20303","17862","0","1","0","1",,,,,"0","1"
"1625169","2026-09-27","9/27/2026 2:00:00 PM","FT","434","Serie D - Girone I","Italy","2026","Group I - 5","Digiesse PraiaTortora","Gela","28199","26510","1","0","0","0",,,,,"1","0"
"1625170","2026-09-27","9/27/2026 2:00:00 PM","FT","434","Serie D - Girone I","Italy","2026","Group I - 5","Siracusa","Modica","894","28200","1","0","0","0",,,,,"1","0"
"1625288","2026-09-27","9/27/2026 2:00:00 PM","FT","429","Serie D - Girone D","Italy","2026","Group D - 5","Castellanzese","Crema","9448","9484","4","0","3","0",,,,,"4","0"
"1625289","2026-09-27","9/27/2026 2:00:00 PM","FT","429","Serie D - Girone D","Italy","2026","Group D - 5","Cittadella Vis Modena","Correggese","24686","9483","0","1","0","0",,,,,"0","1"
"1625290","2026-09-27","9/27/2026 2:00:00 PM","FT","429","Serie D - Girone D","Italy","2026","Group D - 5","Pavia","Arconatese","26512","9444","1","1","0","1",,,,,"1","1"
"1625291","2026-09-27","9/27/2026 2:00:00 PM","FT","429","Serie D - Girone D","Italy","2026","Group D - 5","Pistoiese","Sant'Angelo","1589","19983","3","0","2","0",,,,,"3","0"
"1625292","2026-09-27","9/27/2026 2:00:00 PM","FT","429","Serie D - Girone D","Italy","2026","Group D - 5","Pro Patria","Solbiatese","1706","28201","0","1","0","0",,,,,"0","1"
"1625293","2026-09-27","9/27/2026 2:00:00 PM","FT","429","Serie D - Girone D","Italy","2026","Group D - 5","Pro Sesto","Oltrepò","9456","24695","6","1","5","0",,,,,"6","1"
"1625295","2026-09-27","9/27/2026 2:00:00 PM","FT","429","Serie D - Girone D","Italy","2026","Group D - 5","USD Casatese","Varesina","17563","18177","4","2","2","1",,,,,"4","2"
"1625296","2026-09-27","9/27/2026 2:00:00 PM","FT","429","Serie D - Girone D","Italy","2026","Group D - 5","Città di Varese","Lentigione","17809","9487","1","1","1","0",,,,,"1","1"
"1625594","2026-09-27","9/27/2026 2:00:00 PM","FT","430","Serie D - Girone E","Italy","2026","Group E - 5","Flaminia","San Donato Tavarnelle","9497","9502","2","1","2","1",,,,,"2","1"
"1625595","2026-09-27","9/27/2026 2:00:00 PM","FT","430","Serie D - Girone E","Italy","2026","Group E - 5","Gavorrano","Sasso Marconi Zola","1699","9490","2","1","1","0",,,,,"2","1"
"1625596","2026-09-27","9/27/2026 2:00:00 PM","FT","430","Serie D - Girone E","Italy","2026","Group E - 5","Lucchese","Robur Siena","889","1583","3","2","2","0",,,,,"3","2"
"1625597","2026-09-27","9/27/2026 2:00:00 PM","FT","430","Serie D - Girone E","Italy","2026","Group E - 5","Mezzolara","Grassina","9488","9498","0","0","0","0",,,,,"0","0"
"1625598","2026-09-27","9/27/2026 2:00:00 PM","FT","430","Serie D - Girone E","Italy","2026","Group E - 5","Montevarchi Calcio","Progresso","9500","13168","2","0","1","0",,,,,"2","0"
"1625599","2026-09-27","9/27/2026 2:00:00 PM","FT","430","Serie D - Girone E","Italy","2026","Group E - 5","Prato","Ghivizzano Borgo Mozzano","1680","9435","2","1","0","0",,,,,"2","1"
"1625600","2026-09-27","9/27/2026 2:00:00 PM","FT","430","Serie D - Girone E","Italy","2026","Group E - 5","Scandicci","Ternana","9504","516","0","0","0","0",,,,,"0","0"
"1625601","2026-09-27","9/27/2026 2:00:00 PM","FT","430","Serie D - Girone E","Italy","2026","Group E - 5","Seravezza","Terranuova Traiana","9441","19988","3","0","3","0",,,,,"3","0"
"1625602","2026-09-27","9/27/2026 2:00:00 PM","FT","430","Serie D - Girone E","Italy","2026","Group E - 5","Tau Altopascio","Rondinella","19986","28202","3","2","1","1",,,,,"3","2"
"1625901","2026-09-27","9/27/2026 2:00:00 PM","FT","433","Serie D - Girone H","Italy","2026","Group H - 5","Bisceglie","Ischia","1703","22311","3","1","0","0",,,,,"3","1"
"1625902","2026-09-27","9/27/2026 2:00:00 PM","FT","433","Serie D - Girone H","Italy","2026","Group H - 5","Ebolitana","Melfi","28203","1690","1","0","0","0",,,,,"1","0"
"1625904","2026-09-27","9/27/2026 2:00:00 PM","FT","433","Serie D - Girone H","Italy","2026","Group H - 5","Nocerina","USD Palmese","9548","19991","3","0","1","0",,,,,"3","0"
"1625905","2026-09-27","9/27/2026 2:00:00 PM","FT","433","Serie D - Girone H","Italy","2026","Group H - 5","Real Forio 2014","Manfredonia","28208","22313","1","2","0","1",,,,,"1","2"
"1625906","2026-09-27","9/27/2026 2:00:00 PM","FT","433","Serie D - Girone H","Italy","2026","Group H - 5","Real Normanna","Gravina","17858","9546","1","0","1","0",,,,,"1","0"
"1626206","2026-09-27","9/27/2026 2:00:00 PM","FT","431","Serie D - Girone F","Italy","2026","Group F - 5","Angelana","Ancona","28204","897","1","1","0","0",,,,,"1","1"
"1626207","2026-09-27","9/27/2026 2:00:00 PM","FT","431","Serie D - Girone F","Italy","2026","Group F - 5","Real Giulianova","Atletico Ascoli","9516","22302","4","2","1","2",,,,,"4","2"
"1626208","2026-09-27","9/27/2026 2:00:00 PM","FT","431","Serie D - Girone F","Italy","2026","Group F - 5","Lanciano FC","Recanatese","28205","9517","4","1","2","1",,,,,"4","1"
"1626209","2026-09-27","9/27/2026 2:00:00 PM","FT","431","Serie D - Girone F","Italy","2026","Group F - 5","L'Aquila","Teramo","22312","1683","2","0","1","0",,,,,"2","0"
"1626210","2026-09-27","9/27/2026 2:00:00 PM","FT","431","Serie D - Girone F","Italy","2026","Group F - 5","Maceratese","Santegidiese","900","28209","1","1","0","1",,,,,"1","1"
"1626211","2026-09-27","9/27/2026 2:00:00 PM","FT","431","Serie D - Girone F","Italy","2026","Group F - 5","Montecchio Gallo","Foligno Calcio","28206","9496","1","1","0","1",,,,,"1","1"
"1626213","2026-09-27","9/27/2026 2:00:00 PM","FT","431","Serie D - Girone F","Italy","2026","Group F - 5","Sporting Trestina","Termoli Calcio","9505","19987","2","0","0","0",,,,,"2","0"
"1626214","2026-09-27","9/27/2026 2:00:00 PM","FT","431","Serie D - Girone F","Italy","2026","Group F - 5","Vigor Senigallia","Fossombrone","19992","22308","0","0","0","0",,,,,"0","0"
"1626512","2026-09-27","9/27/2026 2:00:00 PM","FT","432","Serie D - Girone G","Italy","2026","Group G - 5","Anzio","Certosa V. Campagnano","22300","28211","2","1","2","0",,,,,"2","1"
"1626514","2026-09-27","9/27/2026 2:00:00 PM","FT","432","Serie D - Girone G","Italy","2026","Group G - 5","Atletico Lodigiani","Trastevere","24762","874","2","3","1","0",,,,,"2","3"
"1626515","2026-09-27","9/27/2026 2:00:00 PM","FT","432","Serie D - Girone G","Italy","2026","Group G - 5","Città di Anagni","Afragolese","9526","17841","4","0","3","0",,,,,"4","0"
"1626517","2026-09-27","9/27/2026 2:00:00 PM","FT","432","Serie D - Girone G","Italy","2026","Group G - 5","Ossese","Sarnese","28212","24700","2","2","1","1",,,,,"2","2"
"1626518","2026-09-27","9/27/2026 2:00:00 PM","FT","432","Serie D - Girone G","Italy","2026","Group G - 5","Paganese","Gelbison","890","9544","2","3","2","0",,,,,"2","3"
"1626519","2026-09-27","9/27/2026 2:00:00 PM","FT","432","Serie D - Girone G","Italy","2026","Group G - 5","Sarrabus Ogliastra","Unipomezia","19984","17834","2","2","1","0",,,,,"2","2"
"1627650","2026-09-27","9/27/2026 2:00:00 PM","FT","669","1. Liga Women","Czech-Republic","2026","Regular Season - 7","Viktoria Plzeň W","Slovácko W","14843","14847","1","2","0","1",,,,,"1","2"
"1629369","2026-09-27","9/27/2026 2:00:00 PM","FT","947","DFB Pokal - Women","Germany","2026","Round of 32","Borussia Monchengladbach W","Bayern Munich W","1864","1860","1","2","0","1",,,,,"1","2"
"1635481","2026-09-27","9/27/2026 2:00:00 PM","FT","249","Kakkonen - Lohko C","Finland","2026","Group C","TP-47","SJK-juniorit","9214","18609","0","4","0","0",,,,,"0","4"
"1636925","2026-09-27","9/27/2026 2:00:00 PM","FT","494","Super League 2","Greece","2026","Regular Season - 4","Larisa","PAOK II","953","18018","1","0","1","0",,,,,"1","0"
"1636928","2026-09-27","9/27/2026 2:00:00 PM","FT","494","Super League 2","Greece","2026","Regular Season - 4","Apollon Pontou","Anagennisi Karditsas","2102","2094","1","0","1","0",,,,,"1","0"
"1636930","2026-09-27","9/27/2026 2:00:00 PM","FT","494","Super League 2","Greece","2026","Regular Season - 4","Niki Volos","Nestos Chrisoupolis","5056","12367","2","0","0","0",,,,,"2","0"
"1636931","2026-09-27","9/27/2026 2:00:00 PM","FT","494","Super League 2","Greece","2026","Regular Season - 4","Panionios","Zakynthos","622","6326","1","0","0","0",,,,,"1","0"
"1640219","2026-09-27","9/27/2026 2:00:00 PM","PEN","1086","Paulista - U20","Brazil","2026","Round of 32","Novorizontino U20","Portuguesa Santista U20","13033","18344","1","0","0","0","0","0","2","3","1","0"
"1640774","2026-09-27","9/27/2026 2:00:00 PM","FT","251","Division Intermedia","Paraguay","2026","Regular Season - 26","Deportivo Capiata","12 de Junio VH","1180","23154","0","0","0","0",,,,,"0","0"
"1640775","2026-09-27","9/27/2026 2:00:00 PM","FT","251","Division Intermedia","Paraguay","2026","Regular Season - 26","Resistencia","Deportivo Santani","2135","1189","1","2","0","0",,,,,"1","2"
"1640839","2026-09-27","9/27/2026 2:00:00 PM","FT","734","Diski Challenge","South-Africa","2026","Regular Season - 1","Orlando Pirates U23","Kaizer Chiefs U23","15995","15992","2","3","0","3",,,,,"2","3"
"1641147","2026-09-27","9/27/2026 2:00:00 PM","FT","742","Copa Paulista","Brazil","2026","Semi-finals","Noroeste","São José EC","10037","15622","1","1","1","1",,,,,"1","1"
"1641276","2026-09-27","9/27/2026 2:00:00 PM","FT","1107","Mineiro U20","Brazil","2026","Semi-finals","Athletic Club MG U20","Cruzeiro U20","23643","13000","2","1","1","1",,,,,"2","1"
"1642342","2026-09-27","9/27/2026 2:00:00 PM","FT","582","Gamma Ethniki - Group 7","Greece","2026","Group 7 - 1","Pelopas Kiatou","Asteras Vlachioti","26586","12408","3","2","2","0",,,,,"3","2"
"1642343","2026-09-27","9/27/2026 2:00:00 PM","FT","582","Gamma Ethniki - Group 7","Greece","2026","Group 7 - 1","Panthyreatikos","Iraklis Xylokastro","28459","15482","0","2","0","1",,,,,"0","2"
"1642344","2026-09-27","9/27/2026 2:00:00 PM","FT","582","Gamma Ethniki - Group 7","Greece","2026","Group 7 - 1","Panthouriakos","Panargiakos","20059","6315","0","0","0","0",,,,,"0","0"
"1642345","2026-09-27","9/27/2026 2:00:00 PM","FT","582","Gamma Ethniki - Group 7","Greece","2026","Group 7 - 1","Miltiadis Pyrgos","Loutraki","24876","24874","1","0","0","0",,,,,"1","0"
"1642346","2026-09-27","9/27/2026 2:00:00 PM","FT","582","Gamma Ethniki - Group 7","Greece","2026","Group 7 - 1","Ermis Kiveriou","Korinthos","28460","6307","2","2","1","1",,,,,"2","2"
"1642347","2026-09-27","9/27/2026 2:00:00 PM","FT","582","Gamma Ethniki - Group 7","Greece","2026","Group 7 - 1","Asteras Amaliadas","Telos Agras","28462","28458","2","1","0","0",,,,,"2","1"
"1642475","2026-09-27","9/27/2026 2:00:00 PM","FT","583","Gamma Ethniki - Group 8","Greece","2026","Group 8 - 1","PAO Rouf","Ethnikos Piraeus","13931","5042","0","1","0","0",,,,,"0","1"
"1642476","2026-09-27","9/27/2026 2:00:00 PM","FT","583","Gamma Ethniki - Group 8","Greece","2026","Group 8 - 1","Proodeftiki","Vyrona","13924","26591","0","2","0","2",,,,,"0","2"
"1642477","2026-09-27","9/27/2026 2:00:00 PM","FT","583","Gamma Ethniki - Group 8","Greece","2026","Group 8 - 1","Egaleo","Apollon Kalyt.","7511","26588","4","1","2","0",,,,,"4","1"
"1642478","2026-09-27","9/27/2026 2:00:00 PM","FT","583","Gamma Ethniki - Group 8","Greece","2026","Group 8 - 1","Diagoras","Apollon Smirnis","7510","951","0","2","0","2",,,,,"0","2"
"1642479","2026-09-27","9/27/2026 2:00:00 PM","FT","583","Gamma Ethniki - Group 8","Greece","2026","Group 8 - 1","Afantou","Ionikos","20043","7513","1","0","0","0",,,,,"1","0"
"1642607","2026-09-27","9/27/2026 2:00:00 PM","FT","693","Gamma Ethniki - Group 9","Greece","2026","Group 9 - 1","Thyella Diastavroseos","Nea Ionia","5064","24879","2","1","0","0",,,,,"2","1"
"1642608","2026-09-27","9/27/2026 2:00:00 PM","FT","693","Gamma Ethniki - Group 9","Greece","2026","Group 9 - 1","Saronikos Anavyssou","Asteras Magoula","24860","13915","1","0","1","0",,,,,"1","0"
"1642609","2026-09-27","9/27/2026 2:00:00 PM","FT","693","Gamma Ethniki - Group 9","Greece","2026","Group 9 - 1","Asteras Varis","Ilisiakos","15229","6304","0","2","0","1",,,,,"0","2"
"1642610","2026-09-27","9/27/2026 2:00:00 PM","FT","693","Gamma Ethniki - Group 9","Greece","2026","Group 9 - 1","Acharnaikos","AE Mykonos","2086","18057","0","3","0","1",,,,,"0","3"
"1642716","2026-09-27","9/27/2026 2:00:00 PM","FT","694","Gamma Ethniki - Group 10","Greece","2026","Group 10 - 1","Platanias","Panakrotiriakos","958","12419","0","1","0","0",,,,,"0","1"
"1642717","2026-09-27","9/27/2026 2:00:00 PM","FT","694","Gamma Ethniki - Group 10","Greece","2026","Group 10 - 1","Giouchtas","Rethymniakos","12418","12421","0","0","0","0",,,,,"0","0"
"1642718","2026-09-27","9/27/2026 2:00:00 PM","FT","694","Gamma Ethniki - Group 10","Greece","2026","Group 10 - 1","Episkopi","AE Neapolis","5038","15368","1","0","0","0",,,,,"1","0"
"1642719","2026-09-27","9/27/2026 2:00:00 PM","FT","694","Gamma Ethniki - Group 10","Greece","2026","Group 10 - 1","Chersonissos","Kissamikos","28461","2096","1","5","0","3",,,,,"1","5"
"1642720","2026-09-27","9/27/2026 2:00:00 PM","FT","694","Gamma Ethniki - Group 10","Greece","2026","Group 10 - 1","Atsalenios","Ergotelis","6299","2105","1","1","0","1",,,,,"1","1"
"1642721","2026-09-27","9/27/2026 2:00:00 PM","FT","694","Gamma Ethniki - Group 10","Greece","2026","Group 10 - 1","Agios Nikolaos","Tympaki","12417","20677","2","0","0","0",,,,,"2","0"
"1642867","2026-09-27","9/27/2026 2:00:00 PM","FT","667","Friendlies Clubs","World","2026","Club Friendly","Radnik Bijeljina","Zrinjski","3359","588","0","1","0","1",,,,,"0","1"
"1642868","2026-09-27","9/27/2026 2:00:00 PM","FT","667","Friendlies Clubs","World","2026","Club Friendly","FK Partizan","Rodina Moskva","573","6822","2","3","1","1",,,,,"2","3"
"1642869","2026-09-27","9/27/2026 2:00:00 PM","FT","667","Friendlies Clubs","World","2026","Club Friendly","Ludogorets","CSM Ramnicu Valcea","566","2616","3","0","2","0",,,,,"3","0"
"1642870","2026-09-27","9/27/2026 2:00:00 PM","FT","667","Friendlies Clubs","World","2026","Club Friendly","Lazio","Arezzo","487","876","2","0","1","0",,,,,"2","0"
"1610504","2026-09-27","9/27/2026 2:15:00 PM","FT","746","Oberliga - Mittelrhein","Germany","2026","Mittelrhein - 5","Hürth","Chlodwig Zulpich","14708","28056","2","2","0","1",,,,,"2","2"
"1565729","2026-09-27","9/27/2026 2:30:00 PM","FT","646","3. liga - Center","Slovakia","2026","Central - 8","Fiľakovo","Dolný Kubín","14081","14956","1","0","0","0",,,,,"1","0"
"1565730","2026-09-27","9/27/2026 2:30:00 PM","FT","646","3. liga - Center","Slovakia","2026","Central - 8","Sokol Medzibrod","Rimavská Sobota","15050","10557","2","0","0","0",,,,,"2","0"
"1565913","2026-09-27","9/27/2026 2:30:00 PM","FT","645","3. liga - East","Slovakia","2026","East - 8","MSK Tesla Stropkov","Lipany","14069","10548","1","1","0","0",,,,,"1","1"
"1566101","2026-09-27","9/27/2026 2:30:00 PM","FT","644","3. liga - West","Slovakia","2026","West - 8","Veľké Ludince","Beluša","14064","14053","2","2","1","0",,,,,"2","2"
"1571574","2026-09-27","9/27/2026 2:30:00 PM","FT","173","Second League","Bulgaria","2026","Regular Season - 11","Beroe","Yantra 2019","857","8528","1","0","0","0",,,,,"1","0"
"1572061","2026-09-27","9/27/2026 2:30:00 PM","FT","875","Segunda División RFEF - Group 1","Spain","2026","Group 1 - 4","Eibar II","Compostela","24572","5256","1","0","0","0",,,,,"1","0"
"1574626","2026-09-27","9/27/2026 2:30:00 PM","FT","484","Frauenliga","Austria","2026","Regular Season - 8","Sturm Graz W","Austria Wien W","10232","17575","0","2","0","0",,,,,"0","2"
"1577947","2026-09-27","9/27/2026 2:30:00 PM","FT","349","3. liga - MSFL","Czech-Republic","2026","MSFL - 9","Polanka nad Odrou","Frýdek-Místek","7332","7288","1","0","0","0",,,,,"1","0"
"1579366","2026-09-27","9/27/2026 2:30:00 PM","FT","686","4. liga - Divizie F","Czech-Republic","2026","Group F - 9","Břidličná","Šumperk","19421","7387","2","1","1","0",,,,,"2","1"
"1579369","2026-09-27","9/27/2026 2:30:00 PM","FT","686","4. liga - Divizie F","Czech-Republic","2026","Group F - 9","Zabreh","Jiskra Rýmařov","26129","7305","2","2","2","0",,,,,"2","2"
"1581136","2026-09-27","9/27/2026 2:30:00 PM","FT","750","Oberliga - Hessen","Germany","2026","Hessen - 11","Rot-Weiß Walldorf","Vfb Marburg","16102","17323","1","0","1","0",,,,,"1","0"
"1591618","2026-09-27","9/27/2026 2:30:00 PM","FT","205","2. Lig","Turkey","2026","2. Lig Red Group - 4","24 Erzincanspor","Kırklarelispor","7392","3596","0","0","0","0",,,,,"0","0"
"1592528","2026-09-27","9/27/2026 2:30:00 PM","FT","751","Oberliga - Niederrhein","Germany","2026","Niederrhein - 7","SC St. Tönis","Büderich","19466","19657","4","0","2","0",,,,,"4","0"
"1610319","2026-09-27","9/27/2026 2:30:00 PM","FT","746","Oberliga - Mittelrhein","Germany","2026","Mittelrhein - 5","Bornheim","SSV Merten","26275","14770","4","3","1","0",,,,,"4","3"
"1610320","2026-09-27","9/27/2026 2:30:00 PM","FT","746","Oberliga - Mittelrhein","Germany","2026","Mittelrhein - 5","Eintracht Hohkeppel","Porz","19465","14751","4","1","1","1",,,,,"4","1"
"1610321","2026-09-27","9/27/2026 2:30:00 PM","FT","746","Oberliga - Mittelrhein","Germany","2026","Mittelrhein - 5","Fortuna Köln II","Siegburger SV","14681","12853","3","1","1","0",,,,,"3","1"
"1610322","2026-09-27","9/27/2026 2:30:00 PM","FT","746","Oberliga - Mittelrhein","Germany","2026","Mittelrhein - 5","TuS BW Königsdorf","Hennef 05","14800","12784","1","4","1","1",,,,,"1","4"
"1610323","2026-09-27","9/27/2026 2:30:00 PM","FT","746","Oberliga - Mittelrhein","Germany","2026","Mittelrhein - 5","Lindenthal-Hohenlind","Frechen","20860","12768","2","2","2","1",,,,,"2","2"
"1611077","2026-09-27","9/27/2026 2:30:00 PM","FT","316","1st League - FBiH","Bosnia","2026","FBiH - 7","Tomislav","Igman Konjic","17372","3367","2","2","0","1",,,,,"2","2"
"1611078","2026-09-27","9/27/2026 2:30:00 PM","FT","316","1st League - FBiH","Bosnia","2026","FBiH - 7","TOŠK Tešanj","Stupčanica Olovo","3380","17901","2","0","1","0",,,,,"2","0"
"1625903","2026-09-27","9/27/2026 2:30:00 PM","FT","433","Serie D - Girone H","Italy","2026","Group H - 5","Francavilla","Brindisi","9543","9541","0","1","0","0",,,,,"0","1"
"1626516","2026-09-27","9/27/2026 2:30:00 PM","FT","432","Serie D - Girone G","Italy","2026","Group G - 5","Monastir","Albalonga","26523","1586","2","2","1","1",,,,,"2","2"
"1632806","2026-09-27","9/27/2026 2:30:00 PM","FT","291","Azadegan League","Iran","2026","Regular Season - 3","Fard Alborz","Shenavarsazi Qeshm","25364","22890","0","0","0","0",,,,,"0","0"
"1641755","2026-09-27","9/27/2026 2:30:00 PM","FT","538","Africa Cup of Nations U20","World","2026","Qualification - 2","Libya U20","Algeria U20","11036","11017","1","3","0","0",,,,,"1","3"
"1610888","2026-09-27","9/27/2026 2:45:00 PM","FT","948","1a Divisão - Women","Portugal","2026","Regular Season - 3","Sporting Braga W","Sporting CP W","10905","20511","0","0","0","0",,,,,"0","0"
"1496341","2026-09-27","9/27/2026 3:00:00 PM","FT","474","2. Division - Group 2","Norway","2026","Regular Season - 21","Levanger","Grorud","2145","6993","0","2","0","1",,,,,"0","2"
"1497069","2026-09-27","9/27/2026 3:00:00 PM","FT","777","3. Division - Girone 4","Norway","2026","Regular Season - 21","Stabæk II","Flekkerøy","16231","6982","1","2","0","1",,,,,"1","2"
"1505276","2026-09-27","9/27/2026 3:00:00 PM","FT","563","Ettan - Norra","Sweden","2026","Norra - 24","Assyriska FF","Piteå","2169","11671","1","2","0","1",,,,,"1","2"
"1505277","2026-09-27","9/27/2026 3:00:00 PM","FT","563","Ettan - Norra","Sweden","2026","Norra - 24","Gefle IF","Vasalund","813","6708","0","1","0","0",,,,,"0","1"
"1505280","2026-09-27","9/27/2026 3:00:00 PM","FT","563","Ettan - Norra","Sweden","2026","Norra - 24","IF Karlstad","Karlberg","11659","6682","1","1","1","1",,,,,"1","1"
"1510681","2026-09-27","9/27/2026 3:00:00 PM","FT","592","Division 2 - Norra Götaland","Sweden","2026","Norra Götaland - 23","IFK Skövde","IF Karlstad II","16605","12571","1","0","0","0",,,,,"1","0"
"1510865","2026-09-27","9/27/2026 3:00:00 PM","FT","593","Division 2 - Norra Svealand","Sweden","2026","Norra Svealand - 23","Falu BS","Angby","22932","27410","2","3","0","1",,,,,"2","3"
"1511065","2026-09-27","9/27/2026 3:00:00 PM","FT","597","Division 2 - Södra Götaland","Sweden","2026","Södra Götaland - 23","Österlen","Lilla Torg","12619","27849","3","3","1","1",,,,,"3","3"
"1511223","2026-09-27","9/27/2026 3:00:00 PM","FT","595","Division 2 - Södra Svealand","Sweden","2026","Södra Svealand - 23","Sleipner","Farsta","11670","20835","0","0","0","0",,,,,"0","0"
"1520893","2026-09-27","9/27/2026 3:00:00 PM","FT","72","Serie B","Brazil","2026","Regular Season - 30","Criciuma","Avai","140","145","3","0","0","0",,,,,"3","0"
"1558943","2026-09-27","9/27/2026 3:00:00 PM","FT","374","2. SNL","Slovenia","2026","Regular Season - 8","Beltinci","Krka","4366","4375","3","0","1","0",,,,,"3","0"
"1558946","2026-09-27","9/27/2026 3:00:00 PM","FT","374","2. SNL","Slovenia","2026","Regular Season - 8","Jesenice","Dren Vrhnika","19244","20127","5","0","1","0",,,,,"5","0"
"1558949","2026-09-27","9/27/2026 3:00:00 PM","FT","374","2. SNL","Slovenia","2026","Regular Season - 8","Slovan Ljubljana","Brežice","20198","4369","1","0","1","0",,,,,"1","0"
"1570763","2026-09-27","9/27/2026 3:00:00 PM","FT","435","Primera División RFEF - Group 1","Spain","2026","Group 1 - 5","Mirandes","Unionistas de Salamanca","799","5281","1","0","1","0",,,,,"1","0"
"1571139","2026-09-27","9/27/2026 3:00:00 PM","FT","436","Primera División RFEF - Group 2","Spain","2026","Group 2 - 5","Europa Fc","Rayo Majadahonda","593","861","1","0","0","0",,,,,"1","0"
"1571575","2026-09-27","9/27/2026 3:00:00 PM","FT","173","Second League","Bulgaria","2026","Regular Season - 11","Chernomorets 1919 Burgas","Montana","8530","1424","2","0","1","0",,,,,"2","0"
"1571576","2026-09-27","9/27/2026 3:00:00 PM","FT","173","Second League","Bulgaria","2026","Regular Season - 11","CSKA Sofia II","Sportist Svoge","1415","8550","1","0","0","0",,,,,"1","0"
"1573598","2026-09-27","9/27/2026 3:00:00 PM","FT","142","Primera División Femenina","Spain","2026","Regular Season - 5","Sevilla W","Eibar W","1920","15225","0","1","0","0",,,,,"0","1"
"1574355","2026-09-27","9/27/2026 3:00:00 PM","FT","510","1. Liga Promotion","Switzerland","2026","Regular Season - 9","Bellinzona","Breitenrain","6616","10586","2","2","2","0",,,,,"2","2"
"1577490","2026-09-27","9/27/2026 3:00:00 PM","FT","236","First League","Russia","2026","Regular Season - 7","Shinnik Yaroslavl","Ska-khabarovsk","1998","1087","0","0","0","0",,,,,"0","0"
"1583870","2026-09-27","9/27/2026 3:00:00 PM","FT","1025","Second League A - Division A Gold","Russia","2026","Fall Season Gold - 11","Rodina Moskva II","Novosibirsk","19453","6819","1","3","1","2",,,,,"1","3"
"1583872","2026-09-27","9/27/2026 3:00:00 PM","FT","1025","Second League A - Division A Gold","Russia","2026","Fall Season Gold - 11","Volgar Astrakhan","Alaniya Vladikavkaz","2004","6787","4","4","2","1",,,,,"4","4"
"1589717","2026-09-27","9/27/2026 3:00:00 PM","FT","794","3. SNL - East","Slovenia","2026","East - 7","Čarda Martjanci","Videm","14454","6725","2","1","2","1",,,,,"2","1"
"1589718","2026-09-27","9/27/2026 3:00:00 PM","FT","794","3. SNL - East","Slovenia","2026","East - 7","Odranci","Šampion Celje","6722","6726","5","1","2","1",,,,,"5","1"
"1589819","2026-09-27","9/27/2026 3:00:00 PM","FT","795","3. SNL - West","Slovenia","2026","West - 7","Izola","Škofja Loka","16307","16313","6","0","3","0",,,,,"6","0"
"1589822","2026-09-27","9/27/2026 3:00:00 PM","FT","795","3. SNL - West","Slovenia","2026","West - 7","Tolmin","Rudar Trbovlje","6724","19269","5","1","3","0",,,,,"5","1"
"1589825","2026-09-27","9/27/2026 3:00:00 PM","FT","795","3. SNL - West","Slovenia","2026","West - 7","Žiri","IB 1975 Ljubljana","16315","20139","0","0","0","0",,,,,"0","0"
"1590171","2026-09-27","9/27/2026 3:00:00 PM","FT","211","First NL","Croatia","2026","Regular Season - 7","Croatia Zmijavci","Sesvete","6254","1479","2","0","0","0",,,,,"2","0"
"1590176","2026-09-27","9/27/2026 3:00:00 PM","FT","211","First NL","Croatia","2026","Regular Season - 7","Opatija","Vukovar","6246","5730","1","0","0","0",,,,,"1","0"
"1593905","2026-09-27","9/27/2026 3:00:00 PM","FT","633","NB III - Northeast","Hungary","2026","Northeast - 9","Hajdúnánás","Eger","24497","5089","5","1","2","0",,,,,"5","1"
"1594144","2026-09-27","9/27/2026 3:00:00 PM","FT","635","NB III - Northwest","Hungary","2026","Northwest - 9","MTE 1904","Dorogi FC","2412","2401","0","1","0","1",,,,,"0","1"
"1594383","2026-09-27","9/27/2026 3:00:00 PM","FT","1023","NB III - Southeast","Hungary","2026","Southeast - 9","BKV Előre","Bekescsaba 1912","5070","2406","0","4","0","1",,,,,"0","4"
"1594384","2026-09-27","9/27/2026 3:00:00 PM","FT","1023","NB III - Southeast","Hungary","2026","Southeast - 9","ESMTK","Dabas","5087","5083","6","0","3","0",,,,,"6","0"
"1594627","2026-09-27","9/27/2026 3:00:00 PM","FT","634","NB III - Southwest","Hungary","2026","Southwest - 9","Siofok","Paksi SE II","2413","11856","3","1","2","0",,,,,"3","1"
"1604867","2026-09-27","9/27/2026 3:00:00 PM","FT","599","1. Liga Classic - Group 1","Switzerland","2026","Group 1 - 8","Azzurri","La Chaux-de-Fonds","26346","10592","6","1","5","0",,,,,"6","1"
"1605738","2026-09-27","9/27/2026 3:00:00 PM","FT","459","Campeonato de Portugal Prio - Group C","Portugal","2026","Group C - 1","FC Alverca II","Fazendense","22092","4883","5","0","1","0",,,,,"5","0"
"1605756","2026-09-27","9/27/2026 3:00:00 PM","FT","459","Campeonato de Portugal Prio - Group C","Portugal","2026","Group C - 3","O Elvas","Sertanense","17388","4794","2","0","1","0",,,,,"2","0"
"1605921","2026-09-27","9/27/2026 3:00:00 PM","FT","460","Campeonato de Portugal Prio - Group D","Portugal","2026","Group D - 1","Amora","Lajense","4726","20037","1","0","1","0",,,,,"1","0"
"1606168","2026-09-27","9/27/2026 3:00:00 PM","FT","177","Third League - Southeast","Bulgaria","2026","Southeast - 8","Lokomotiv Plovdiv II","Maritsa Milevo","17307","14566","0","5","0","1",,,,,"0","5"
"1609680","2026-09-27","9/27/2026 3:00:00 PM","FT","601","1. Liga Classic - Group 3","Switzerland","2026","Group 3 - 8","Locarno","Baden","21866","12699","3","1","2","1",,,,,"3","1"
"1609919","2026-09-27","9/27/2026 3:00:00 PM","FT","317","1st League - RS","Bosnia","2026","RS - 8","Omarska","Drina Zvornik","17374","4291","1","1","0","0",,,,,"1","1"
"1612730","2026-09-27","9/27/2026 3:00:00 PM","FT","439","Tercera División RFEF - Group 1","Spain","2026","Group 1 - 4","Pontevedra II","Arenteiro","22129","9604","1","0","0","0",,,,,"1","0"
"1613653","2026-09-27","9/27/2026 3:00:00 PM","FT","442","Tercera División RFEF - Group 4","Spain","2026","Group 4 - 4","San Ignacio","Pasaia KE","9663","9661","1","2","0","1",,,,,"1","2"
"1614873","2026-09-27","9/27/2026 3:00:00 PM","FT","446","Tercera División RFEF - Group 8","Spain","2026","Group 8 - 4","Colegios Diocesanos","Almazán","15354","9721","1","1","0","1",,,,,"1","1"
"1619439","2026-09-27","9/27/2026 3:00:00 PM","FT","1195","Liga E Pare","Kosovo","2026","Regular Season - 7","FC Besa Peja","Dinamo Ferizaj","25421","22815","1","1","0","1",,,,,"1","1"
"1619440","2026-09-27","9/27/2026 3:00:00 PM","FT","1195","Liga E Pare","Kosovo","2026","Regular Season - 7","Ferizaj","2 Korriku","14394","14398","0","0","0","0",,,,,"0","0"
"1619441","2026-09-27","9/27/2026 3:00:00 PM","FT","1195","Liga E Pare","Kosovo","2026","Regular Season - 7","KF Lepenci","Rilindja 1974","27238","20689","0","2","0","0",,,,,"0","2"
"1619444","2026-09-27","9/27/2026 3:00:00 PM","FT","1195","Liga E Pare","Kosovo","2026","Regular Season - 7","Suhareka","Trepça Mitrovicë","22817","14403","4","1","2","0",,,,,"4","1"
"1619445","2026-09-27","9/27/2026 3:00:00 PM","FT","1195","Liga E Pare","Kosovo","2026","Regular Season - 7","Tefik Canga","Kika","26793","15574","1","1","1","0",,,,,"1","1"
"1625168","2026-09-27","9/27/2026 3:00:00 PM","FT","434","Serie D - Girone I","Italy","2026","Group I - 5","CastrumFavara","Calcio Avola","24763","28198","0","1","0","0",,,,,"0","1"
"1625907","2026-09-27","9/27/2026 3:00:00 PM","FT","433","Serie D - Girone H","Italy","2026","Group H - 5","Turris","Fidelis Andria","5608","1695","2","0","1","0",,,,,"2","0"
"1625908","2026-09-27","9/27/2026 3:00:00 PM","FT","433","Serie D - Girone H","Italy","2026","Group H - 5","Virtus Francavilla","Gladiator","873","9545","2","1","2","0",,,,,"2","1"
"1626792","2026-09-27","9/27/2026 3:00:00 PM","FT","1154","Catarinense - 3","Brazil","2026","1st Phase - 2","FC Porto","Manchester SC","25115","28217","1","3","1","2",,,,,"1","3"
"1633998","2026-09-27","9/27/2026 3:00:00 PM","FT","653","Second League - Group 4","Russia","2026","Group 4 - 5","Rubin Kazan 2","Izhevsk","21032","27650","2","1","1","0",,,,,"2","1"
"1635525","2026-09-27","9/27/2026 3:00:00 PM","FT","147","Cup","Belgium","2026","Round of 64","Knokke","Seraing United","5847","10244","2","5","0","3",,,,,"2","5"
"1635528","2026-09-27","9/27/2026 3:00:00 PM","FT","147","Cup","Belgium","2026","Round of 64","Merelbeke","AS Eupen","5871","739","0","1","0","0",,,,,"0","1"
"1635532","2026-09-27","9/27/2026 3:00:00 PM","FT","147","Cup","Belgium","2026","Round of 64","Liège","Wellen","6220","5989","4","1",,,,,,,"4","1"
"1635533","2026-09-27","9/27/2026 3:00:00 PM","FT","147","Cup","Belgium","2026","Round of 64","Crossing Schaerbeek","Beerschot VA","5770","263","3","5","2","4",,,,,"3","5"
"1635535","2026-09-27","9/27/2026 3:00:00 PM","FT","147","Cup","Belgium","2026","Round of 64","Rochefort","K. Lierse S.K.","5914","6219","3","2",,,,,,,"3","2"
"1636927","2026-09-27","9/27/2026 3:00:00 PM","FT","494","Super League 2","Greece","2026","Regular Season - 4","Ellas Syros","Pyrgos 1968","22244","26587","0","0","0","0",,,,,"0","0"
"1637504","2026-09-27","9/27/2026 3:00:00 PM","FT","96","Taça de Portugal","Portugal","2026","Round of 128","Camacha","Florgrade","4828","22091","0","1","0","0",,,,,"0","1"
"1638366","2026-09-27","9/27/2026 3:00:00 PM","FT","828","Ligue 2","Tunisia","2026","Regular Season - 1","Ariana","Stade Gabesien","10598","985","1","1","0","0",,,,,"1","1"
"1638368","2026-09-27","9/27/2026 3:00:00 PM","FT","828","Ligue 2","Tunisia","2026","Regular Season - 1","Bouchamma","Korba","10643","10617","1","0","1","0",,,,,"1","0"
"1638370","2026-09-27","9/27/2026 3:00:00 PM","FT","828","Ligue 2","Tunisia","2026","Regular Season - 1","CO Medenine","Kalaâ Sport","982","10614","1","2","0","0",,,,,"1","2"
"1638371","2026-09-27","9/27/2026 3:00:00 PM","FT","828","Ligue 2","Tunisia","2026","Regular Season - 1","EGS Gafsa","AS Kasserine","10604","10615","1","2","0","2",,,,,"1","2"
"1638373","2026-09-27","9/27/2026 3:00:00 PM","FT","828","Ligue 2","Tunisia","2026","Regular Season - 1","JS Kairouanaise","Jendouba Sport","993","10611","1","0","1","0",,,,,"1","0"
"1638374","2026-09-27","9/27/2026 3:00:00 PM","FT","828","Ligue 2","Tunisia","2026","Regular Season - 1","Moknine","Redeyef","10624","10665","0","3","0","2",,,,,"0","3"
"1638376","2026-09-27","9/27/2026 3:00:00 PM","FT","828","Ligue 2","Tunisia","2026","Regular Season - 1","Olympique du Kef","Ksour Essef","13357","10649","0","0","0","0",,,,,"0","0"
"1639176","2026-09-27","9/27/2026 3:00:00 PM","FT","143","Copa del Rey","Spain","2026","1/128-finals","San Rafael","Prat","9787","9592","1","5","1","3",,,,,"1","5"
"1639628","2026-09-27","9/27/2026 3:00:00 PM","PEN","47","FA Trophy","England","2026","Final","Southall","Carshalton Athletic","8941","7707","2","2","0","2",,,,,"2","2"
"1641139","2026-09-27","9/27/2026 3:00:00 PM","FT","268","Primera División","Uruguay","2026","Clausura - 8","Central Espanol","Liverpool Montevideo","2368","2358","1","2","0","1",,,,,"1","2"
"1641890","2026-09-27","9/27/2026 3:00:00 PM","FT","134","Torneo Federal A","Argentina","2026","Final","Circulo Deportivo","Sol de Mayo","8399","1941","1","1","1","0",,,,,"1","1"
"1642871","2026-09-27","9/27/2026 3:00:00 PM","FT","667","Friendlies Clubs","World","2026","Club Friendly","AEK Larnaca","Nea Salamis","614","3401","2","1","2","1",,,,,"2","1"
"1569944","2026-09-27","9/27/2026 3:15:00 PM","FT","141","Segunda División","Spain","2026","Regular Season - 7","Mallorca","Almeria","798","723","0","1","0","1",,,,,"0","1"
"1562283","2026-09-27","9/27/2026 3:30:00 PM","FT","350","4. liga - Divizie A","Czech-Republic","2026","Group A - 8","Milevsko","Spartak Soběslav","26127","7360","1","2","1","1",,,,,"1","2"
"1562286","2026-09-27","9/27/2026 3:30:00 PM","FT","350","4. liga - Divizie A","Czech-Republic","2026","Group A - 8","Strakonice","Slavoj Český Krumlov","21499","19432","2","3","1","1",,,,,"2","3"
"1562516","2026-09-27","9/27/2026 3:30:00 PM","FT","352","4. liga - Divizie C","Czech-Republic","2026","Group C - 8","Dvůr Králové","Přepeře","7286","7336","1","0","0","0",,,,,"1","0"
"1562518","2026-09-27","9/27/2026 3:30:00 PM","FT","352","4. liga - Divizie C","Czech-Republic","2026","Group C - 8","Kolín","Turnov","7309","19437","1","2","0","1",,,,,"1","2"
"1562521","2026-09-27","9/27/2026 3:30:00 PM","FT","352","4. liga - Divizie C","Czech-Republic","2026","Group C - 8","Svitavy","Trutnov","26128","7367","1","3","0","2",,,,,"1","3"
"1562770","2026-09-27","9/27/2026 3:30:00 PM","FT","685","3. liga - CFL B","Czech-Republic","2026","Group B - 8","Sokol Zápy","Baník Souš","7356","7271","3","1","1","1",,,,,"3","1"
"1607967","2026-09-27","9/27/2026 3:30:00 PM","FT","1238","Regionalliga - South","Austria","2026","South - 9","Treibach","Austria Klagenfurt","4962","1405","3","0","2","0",,,,,"3","0"
"1613960","2026-09-27","9/27/2026 3:30:00 PM","FT","443","Tercera División RFEF - Group 5","Spain","2026","Group 5 - 4","Peralada","Atlètic Lleida","9676","24574","3","0","1","0",,,,,"3","0"
"1616404","2026-09-27","9/27/2026 3:30:00 PM","FT","451","Tercera División RFEF - Group 13","Spain","2026","Group 13 - 4","Algar","Balsicas Atlético","20438","22180","1","2","1","1",,,,,"1","2"
"1617320","2026-09-27","9/27/2026 3:30:00 PM","FT","454","Tercera División RFEF - Group 16","Spain","2026","Group 16 - 4","Anguiano","Alfaro","9861","9860","1","2","0","1",,,,,"1","2"
"1575079","2026-09-27","9/27/2026 3:45:00 PM","FT","91","Eredivisie Women","Netherlands","2026","Regular Season - 6","Heerenveen W","Utrecht W","1897","21940","2","0","2","0",,,,,"2","0"
"1536472","2026-09-27","9/27/2026 4:00:00 PM","FT","652","Second League - Group 2","Russia","2026","Group 2 - 25","Cherepovets","Dinamo Vologda","24450","19447","1","2","0","0",,,,,"1","2"
"1572058","2026-09-27","9/27/2026 4:00:00 PM","FT","875","Segunda División RFEF - Group 1","Spain","2026","Group 1 - 4","Arosa","Deportivo Alavés II","9605","9582","2","5","1","2",,,,,"2","5"
"1572059","2026-09-27","9/27/2026 4:00:00 PM","FT","875","Segunda División RFEF - Group 1","Spain","2026","Group 1 - 4","Bergantiños","Portugalete","9383","9408","3","2","1","1",,,,,"3","2"
"1572060","2026-09-27","9/27/2026 4:00:00 PM","FT","875","Segunda División RFEF - Group 1","Spain","2026","Group 1 - 4","Coruxo","Gernika","9385","5263","1","1","1","0",,,,,"1","1"
"1572063","2026-09-27","9/27/2026 4:00:00 PM","FT","875","Segunda División RFEF - Group 1","Spain","2026","Group 1 - 4","Marino de Luanco","Basconia","9401","9656","1","2","1","2",,,,,"1","2"
"1572365","2026-09-27","9/27/2026 4:00:00 PM","FT","876","Segunda División RFEF - Group 2","Spain","2026","Group 2 - 4","Espanyol II","Arnedo","9590","9862","5","0","4","0",,,,,"5","0"
"1572366","2026-09-27","9/27/2026 4:00:00 PM","FT","876","Segunda División RFEF - Group 2","Spain","2026","Group 2 - 4","Girona II","Osasuna II","15343","9584","3","2","1","2",,,,,"3","2"
"1572368","2026-09-27","9/27/2026 4:00:00 PM","FT","876","Segunda División RFEF - Group 2","Spain","2026","Group 2 - 4","Náxara","Barbastro","9868","9879","0","0","0","0",,,,,"0","0"
"1572369","2026-09-27","9/27/2026 4:00:00 PM","FT","876","Segunda División RFEF - Group 2","Spain","2026","Group 2 - 4","SD Logroñés","Olot","9411","9403","0","2","0","0",,,,,"0","2"
"1572370","2026-09-27","9/27/2026 4:00:00 PM","FT","876","Segunda División RFEF - Group 2","Spain","2026","Group 2 - 4","Calamocha","Tudelano","9885","5279","0","3","0","1",,,,,"0","3"
"1573283","2026-09-27","9/27/2026 4:00:00 PM","FT","879","Segunda División RFEF - Group 5","Spain","2026","Group 5 - 4","CF Talavera","Real Valladolid II","5253","9587","2","1","1","0",,,,,"2","1"
"1573288","2026-09-27","9/27/2026 4:00:00 PM","FT","879","Segunda División RFEF - Group 5","Spain","2026","Group 5 - 4","Real Ávila","Getafe II","9736","9572","1","0","1","0",,,,,"1","0"
"1573289","2026-09-27","9/27/2026 4:00:00 PM","FT","879","Segunda División RFEF - Group 5","Spain","2026","Group 5 - 4","Salamanca UDS","RSD Alcalá","9588","9714","3","0","2","0",,,,,"3","0"
"1592866","2026-09-27","9/27/2026 4:00:00 PM","FT","1200","Liga MX U21","Mexico","2026","Regular Season - 10","Club Leon U21","Juarez U21","26830","26834","1","0","0","0",,,,,"1","0"
"1592867","2026-09-27","9/27/2026 4:00:00 PM","FT","1200","Liga MX U21","Mexico","2026","Regular Season - 10","Necaxa U21","Club America U21","26837","26829","1","0","1","0",,,,,"1","0"
"1592868","2026-09-27","9/27/2026 4:00:00 PM","PEN","1200","Liga MX U21","Mexico","2026","Regular Season - 10","UNAM Pumas U21","Atl. San Luis U21","26844","26827","1","1","1","1",,,"4","5","1","1"
"1602129","2026-09-27","9/27/2026 4:00:00 PM","FT","570","Premier League","Ghana","2026","Regular Season - 4","Asante Kotoko","Aduana Stars","6411","8079","0","2","0","1",,,,,"0","2"
"1602130","2026-09-27","9/27/2026 4:00:00 PM","FT","570","Premier League","Ghana","2026","Regular Season - 4","Ashanti Gold","Debibi United","8056","21071","2","1","1","1",,,,,"2","1"
"1602131","2026-09-27","9/27/2026 4:00:00 PM","FT","570","Premier League","Ghana","2026","Regular Season - 4","Bechem United","Dreams","8099","4450","1","0","1","0",,,,,"1","0"
"1602132","2026-09-27","9/27/2026 4:00:00 PM","FT","570","Premier League","Ghana","2026","Regular Season - 4","Berekum Chelsea","Vision","12244","22782","1","1","0","0",,,,,"1","1"
"1602133","2026-09-27","9/27/2026 4:00:00 PM","FT","570","Premier League","Ghana","2026","Regular Season - 4","Bibiani Gold Stars","Port City","17993","26805","0","2","0","2",,,,,"0","2"
"1602135","2026-09-27","9/27/2026 4:00:00 PM","FT","570","Premier League","Ghana","2026","Regular Season - 4","Medeama","Basake Holy Stars","12255","22763","4","1","4","1",,,,,"4","1"
"1602136","2026-09-27","9/27/2026 4:00:00 PM","FT","570","Premier League","Ghana","2026","Regular Season - 4","Swedru All Blacks","Samartex","21093","20022","1","1","1","0",,,,,"1","1"
"1602137","2026-09-27","9/27/2026 4:00:00 PM","FT","570","Premier League","Ghana","2026","Regular Season - 4","Young Apostles","Heart of Lions","22783","13882","1","2","0","1",,,,,"1","2"
"1605932","2026-09-27","9/27/2026 4:00:00 PM","FT","460","Campeonato de Portugal Prio - Group D","Portugal","2026","Group D - 3","Aljustrelense","Alcochetense","4722","6348","0","2","0","1",,,,,"0","2"
"1613042","2026-09-27","9/27/2026 4:00:00 PM","FT","440","Tercera División RFEF - Group 2","Spain","2026","Group 2 - 4","Langreo","Praviano","5265","9631","3","2","1","0",,,,,"3","2"
"1613343","2026-09-27","9/27/2026 4:00:00 PM","FT","441","Tercera División RFEF - Group 3","Spain","2026","Group 3 - 4","Castro","Atlético Mineros","15336","22132","0","2","0","2",,,,,"0","2"
"1613349","2026-09-27","9/27/2026 4:00:00 PM","FT","441","Tercera División RFEF - Group 3","Spain","2026","Group 3 - 4","Tropezón","Revilla","9651","15337","2","0","0","0",,,,,"2","0"
"1614878","2026-09-27","9/27/2026 4:00:00 PM","FT","446","Tercera División RFEF - Group 8","Spain","2026","Group 8 - 4","Palencia CF","UD Santa Marta","17538","9738","3","0","2","0",,,,,"3","0"
"1615490","2026-09-27","9/27/2026 4:00:00 PM","FT","448","Tercera División RFEF - Group 10","Spain","2026","Group 10 - 4","Linense","Conil","9596","9757","3","1","3","0",,,,,"3","1"
"1616409","2026-09-27","9/27/2026 4:00:00 PM","FT","451","Tercera División RFEF - Group 13","Spain","2026","Group 13 - 4","UCAM Murcia II","San Javier","9822","28116","1","1","1","1",,,,,"1","1"
"1617020","2026-09-27","9/27/2026 4:00:00 PM","FT","453","Tercera División RFEF - Group 15","Spain","2026","Group 15 - 4","Cantolagua","Valle Egüés","15321","9858","0","3","0","0",,,,,"0","3"
"1617322","2026-09-27","9/27/2026 4:00:00 PM","FT","454","Tercera División RFEF - Group 16","Spain","2026","Group 16 - 4","Calahorra","Calasancio","9581","9865","5","0","3","0",,,,,"5","0"
"1617324","2026-09-27","9/27/2026 4:00:00 PM","FT","454","Tercera División RFEF - Group 16","Spain","2026","Group 16 - 4","Comillas","Pradejón","8154","9870","0","2","0","1",,,,,"0","2"
"1617325","2026-09-27","9/27/2026 4:00:00 PM","FT","454","Tercera División RFEF - Group 16","Spain","2026","Group 16 - 4","Haro Deportivo","Yagüe","9389","9876","3","0","1","0",,,,,"3","0"
"1617328","2026-09-27","9/27/2026 4:00:00 PM","FT","454","Tercera División RFEF - Group 16","Spain","2026","Group 16 - 4","Vianés","Oyonesa","9874","9869","2","2","0","0",,,,,"2","2"
"1617627","2026-09-27","9/27/2026 4:00:00 PM","FT","455","Tercera División RFEF - Group 17","Spain","2026","Group 17 - 4","Belchite 97","Illueca","9880","9391","0","3","0","1",,,,,"0","3"
"1617628","2026-09-27","9/27/2026 4:00:00 PM","FT","455","Tercera División RFEF - Group 17","Spain","2026","Group 17 - 4","Binéfar","Caspe","9881","17615","2","2","0","1",,,,,"2","2"
"1617630","2026-09-27","9/27/2026 4:00:00 PM","FT","455","Tercera División RFEF - Group 17","Spain","2026","Group 17 - 4","CDJ Tamarite","Cuarte","9884","9886","2","1","0","1",,,,,"2","1"
"1620667","2026-09-27","9/27/2026 4:00:00 PM","FT","415","Championnat National","Benin","2026","Regular Season - 1","Buffles","Ayema","5457","5456","3","1","1","0",,,,,"3","1"
"1620668","2026-09-27","9/27/2026 4:00:00 PM","FT","415","Championnat National","Benin","2026","Regular Season - 1","Damissa","Cavaliers","16422","16420","0","0","0","0",,,,,"0","0"
"1620669","2026-09-27","9/27/2026 4:00:00 PM","FT","415","Championnat National","Benin","2026","Regular Season - 1","Djeffa","Panthères","16423","5465","2","1","0","0",,,,,"2","1"
"1620670","2026-09-27","9/27/2026 4:00:00 PM","FT","415","Championnat National","Benin","2026","Regular Season - 1","Hodio","AS Cotonou","16427","16418","3","0","1","0",,,,,"3","0"
"1628522","2026-09-27","9/27/2026 4:00:00 PM","FT","399","NPFL","Nigeria","2027","Regular Season - 6","Abia Warriors","Bendel Insurance","5171","5173","3","0","3","0",,,,,"3","0"
"1628523","2026-09-27","9/27/2026 4:00:00 PM","FT","399","NPFL","Nigeria","2027","Regular Season - 6","Ikorodu City","Enugu Rangers","24512","5176","2","0","1","0",,,,,"2","0"
"1628524","2026-09-27","9/27/2026 4:00:00 PM","FT","399","NPFL","Nigeria","2027","Regular Season - 6","Kano Pillars","Enyimba","5183","5177","0","0","0","0",,,,,"0","0"
"1628525","2026-09-27","9/27/2026 4:00:00 PM","FT","399","NPFL","Nigeria","2027","Regular Season - 6","Katsina United","Doma United","5184","20809","2","1","1","1",,,,,"2","1"
"1628526","2026-09-27","9/27/2026 4:00:00 PM","FT","399","NPFL","Nigeria","2027","Regular Season - 6","Kun Khalifat FC","Kwara United","26401","5185","1","0","0","0",,,,,"1","0"
"1628527","2026-09-27","9/27/2026 4:00:00 PM","FT","399","NPFL","Nigeria","2027","Regular Season - 6","Nasarawa United","Niger Tornadoes","5188","5189","1","0","1","0",,,,,"1","0"
"1628528","2026-09-27","9/27/2026 4:00:00 PM","FT","399","NPFL","Nigeria","2027","Regular Season - 6","Plateau United","Inter Lagos","5190","28168","2","0","0","0",,,,,"2","0"
"1628530","2026-09-27","9/27/2026 4:00:00 PM","FT","399","NPFL","Nigeria","2027","Regular Season - 6","Warri Wolves","Shooting Stars","5508","5504","1","0","1","0",,,,,"1","0"
"1630805","2026-09-27","9/27/2026 4:00:00 PM","FT","1196","Division One League","Ghana","2026","Regular Season - 2","Bectero Sasana","Dormaa","28282","26795","1","0","0","0",,,,,"1","0"
"1630806","2026-09-27","9/27/2026 4:00:00 PM","FT","1196","Division One League","Ghana","2026","Regular Season - 2","Ebusua Dwarfs","Ebony FC","12245","26796","1","2","0","1",,,,,"1","2"
"1630807","2026-09-27","9/27/2026 4:00:00 PM","FT","1196","Division One League","Ghana","2026","Regular Season - 2","Fettehman United","Skyy","28286","21090","2","0","0","0",,,,,"2","0"
"1630808","2026-09-27","9/27/2026 4:00:00 PM","FT","1196","Division One League","Ghana","2026","Regular Season - 2","Future Stars","Ebiemo FC","23627","28283","1","0","1","0",,,,,"1","0"
"1630809","2026-09-27","9/27/2026 4:00:00 PM","FT","1196","Division One League","Ghana","2026","Regular Season - 2","Golden Warriors","Okwawu","26797","26803","0","1","0","1",,,,,"0","1"
"1630811","2026-09-27","9/27/2026 4:00:00 PM","FT","1196","Division One League","Ghana","2026","Regular Season - 2","Inter Allies","Great Olympics","12250","12248","1","0","0","0",,,,,"1","0"
"1630812","2026-09-27","9/27/2026 4:00:00 PM","FT","1196","Division One League","Ghana","2026","Regular Season - 2","Mighty Royals","Yapei","26802","26809","1","0","0","0",,,,,"1","0"
"1630816","2026-09-27","9/27/2026 4:00:00 PM","FT","1196","Division One League","Ghana","2026","Regular Season - 2","Nukunu","Golden Kicks","28284","21074","0","2","0","1",,,,,"0","2"
"1630817","2026-09-27","9/27/2026 4:00:00 PM","FT","1196","Division One League","Ghana","2026","Regular Season - 2","PAC Academy","Soccer Intellectuals","21085","22777","1","1","1","0",,,,,"1","1"
"1630818","2026-09-27","9/27/2026 4:00:00 PM","FT","1196","Division One League","Ghana","2026","Regular Season - 2","Real Tamale","Kalibi SC","13885","28285","4","1","3","1",,,,,"4","1"
"1630820","2026-09-27","9/27/2026 4:00:00 PM","FT","1196","Division One League","Ghana","2026","Regular Season - 2","Sefwi All Stars","Elmina Sharks","21089","12247","1","1","1","0",,,,,"1","1"
"1630823","2026-09-27","9/27/2026 4:00:00 PM","FT","1196","Division One League","Ghana","2026","Regular Season - 2","Techiman Liberty","KAC Soccer","22780","26800","2","0","0","0",,,,,"2","0"
"1630824","2026-09-27","9/27/2026 4:00:00 PM","FT","1196","Division One League","Ghana","2026","Regular Season - 2","True Democracy","Kotoku Royals","25401","20020","0","0","0","0",,,,,"0","0"
"1630826","2026-09-27","9/27/2026 4:00:00 PM","FT","1196","Division One League","Ghana","2026","Regular Season - 2","WAFA","Home Stars","12256","22768","1","1","1","0",,,,,"1","1"
"1630827","2026-09-27","9/27/2026 4:00:00 PM","FT","1196","Division One League","Ghana","2026","Regular Season - 2","Wa Power","Sankara Nationals","21098","26806","0","1","0","1",,,,,"0","1"
"1640799","2026-09-27","9/27/2026 4:00:00 PM","FT","187","Ligue 2","Algeria","2026","Regular Season - 2","Azazga","JSM Skikda","10810","933","1","0","1","0",,,,,"1","0"
"1641161","2026-09-27","9/27/2026 4:00:00 PM","FT","201","Botola 2","Morocco","2026","Regular Season - 1","USM Oujda","Mouloudia Oujda","17716","1075","2","1","2","1",,,,,"2","1"
"1636932","2026-09-27","9/27/2026 4:15:00 PM","FT","494","Super League 2","Greece","2026","Regular Season - 4","Panserraikos","Olympiakos Piraeus II","2099","18017","4","1","1","1",,,,,"4","1"
"1496338","2026-09-27","9/27/2026 4:30:00 PM","FT","474","2. Division - Group 2","Norway","2026","Regular Season - 21","Hønefoss","Tromsdalen Uil","6998","2158","2","1","1","0",,,,,"2","1"
"1573286","2026-09-27","9/27/2026 4:30:00 PM","FT","879","Segunda División RFEF - Group 5","Spain","2026","Group 5 - 4","Numancia","Guadalajara","717","9900","1","0","0","0",,,,,"1","0"
"1607690","2026-09-27","9/27/2026 4:30:00 PM","FT","44","FA WSL","England","2026","Regular Season - 4","Chelsea W","Arsenal W","1853","1850","1","0","1","0",,,,,"1","0"
"1608293","2026-09-27","9/27/2026 4:30:00 PM","FT","138","Serie C - Girone A","Italy","2026","Girone A - 7","Athletic Carpi","Arzignano Valchiampo","17825","6378","0","3","0","2",,,,,"0","3"
"1608300","2026-09-27","9/27/2026 4:30:00 PM","FT","138","Serie C - Girone A","Italy","2026","Girone A - 7","Renate","Treviso","875","22319","0","1","0","0",,,,,"0","1"
"1608674","2026-09-27","9/27/2026 4:30:00 PM","FT","942","Serie C - Girone B","Italy","2026","Girone B - 7","Perugia","Reggiana","524","880","1","0","1","0",,,,,"1","0"
"1608680","2026-09-27","9/27/2026 4:30:00 PM","FT","942","Serie C - Girone B","Italy","2026","Girone B - 7","Vis Pesaro","Guidonia Montecelio 1937","1708","882","2","1","2","1",,,,,"2","1"
"1609060","2026-09-27","9/27/2026 4:30:00 PM","FT","943","Serie C - Girone C","Italy","2026","Girone C - 7","Scafatese","Team Altamura","24701","9549","2","0","1","0",,,,,"2","0"
"1613344","2026-09-27","9/27/2026 4:30:00 PM","FT","441","Tercera División RFEF - Group 3","Spain","2026","Group 3 - 4","Cayón","Sámano","15339","9648","1","1","0","0",,,,,"1","1"
"1613345","2026-09-27","9/27/2026 4:30:00 PM","FT","441","Tercera División RFEF - Group 3","Spain","2026","Group 3 - 4","Barquereño","Bezana","8152","9639","0","2","0","1",,,,,"0","2"
"1613350","2026-09-27","9/27/2026 4:30:00 PM","FT","441","Tercera División RFEF - Group 3","Spain","2026","Group 3 - 4","Vimenor","Torina","9652","9650","0","0","0","0",,,,,"0","0"
"1614267","2026-09-27","9/27/2026 4:30:00 PM","FT","444","Tercera División RFEF - Group 6","Spain","2026","Group 6 - 4","Utiel","Roda","22141","9684","1","1","1","1",,,,,"1","1"
"1615181","2026-09-27","9/27/2026 4:30:00 PM","FT","447","Tercera División RFEF - Group 9","Spain","2026","Group 9 - 4","Granada II","Cantoria","9599","28108","2","0","0","0",,,,,"2","0"
"1615795","2026-09-27","9/27/2026 4:30:00 PM","FT","449","Tercera División RFEF - Group 11","Spain","2026","Group 11 - 4","Migjorn","Binissalem","24579","9774","1","0","0","0",,,,,"1","0"
"1616403","2026-09-27","9/27/2026 4:30:00 PM","FT","451","Tercera División RFEF - Group 13","Spain","2026","Group 13 - 4","Bullas Deportivo","Santomera","28115","24655","1","2","0","1",,,,,"1","2"
"1617629","2026-09-27","9/27/2026 4:30:00 PM","FT","455","Tercera División RFEF - Group 17","Spain","2026","Group 17 - 4","Brea","Andorra CF","9883","17498","3","0","2","0",,,,,"3","0"
"1617632","2026-09-27","9/27/2026 4:30:00 PM","FT","455","Tercera División RFEF - Group 17","Spain","2026","Group 17 - 4","Épila","La Almunia","15329","20287","1","3","1","2",,,,,"1","3"
"1617939","2026-09-27","9/27/2026 4:30:00 PM","FT","456","Tercera División RFEF - Group 18","Spain","2026","Group 18 - 4","Torrijos","Quintanar del Rey","9909","9906","2","0","2","0",,,,,"2","0"
"1632807","2026-09-27","9/27/2026 4:30:00 PM","FT","291","Azadegan League","Iran","2026","Regular Season - 3","Novin Ahvaz","Shahin Bandar Ameri","28321","16468","2","2","2","2",,,,,"2","2"
"1638391","2026-09-27","9/27/2026 4:30:00 PM","FT","267","Copa Chile","Chile","2026","Round of 16","Antofagasta","Deportes Iquique","2327","2319","4","1","1","1",,,,,"4","1"
"1638754","2026-09-27","9/27/2026 4:30:00 PM","FT","1103","Premiership Women","Northern-Ireland","2026","Group Stage","Glentoran BU W","Lisburn Ladies W","16840","23261","4","0","3","0",,,,,"4","0"
"1639182","2026-09-27","9/27/2026 4:30:00 PM","FT","143","Copa del Rey","Spain","2026","1/128-finals","Talayuela","Alcazar","28414","28409","1","2","1","1",,,,,"1","2"
"1640815","2026-09-27","9/27/2026 4:30:00 PM","FT","386","Ligue 1","Ivory-Coast","2026","Regular Season - 1","Adiake","SOL","28441","6346","0","1","0","0",,,,,"0","1"
"1640816","2026-09-27","9/27/2026 4:30:00 PM","FT","386","Ligue 1","Ivory-Coast","2026","Regular Season - 1","Bouaké","AFAD","4516","4511","2","1","1","0",,,,,"2","1"
"1640817","2026-09-27","9/27/2026 4:30:00 PM","FT","386","Ligue 1","Ivory-Coast","2026","Regular Season - 1","San-Pédro","Zoman","4521","22584","0","1","0","0",,,,,"0","1"
"1640818","2026-09-27","9/27/2026 4:30:00 PM","FT","386","Ligue 1","Ivory-Coast","2026","Regular Season - 1","US Tchologo","ISCA","26341","25587","0","0","0","0",,,,,"0","0"
"1641850","2026-09-27","9/27/2026 4:30:00 PM","FT","423","Ligue 1","Burkina-Faso","2026","Regular Season - 2","Douanes","Sporting Cascades","13978","22017","0","1","0","0",,,,,"0","1"
"1641851","2026-09-27","9/27/2026 4:30:00 PM","FT","423","Ligue 1","Burkina-Faso","2026","Regular Season - 2","ASFB","RCK","8564","8561","1","0","0","0",,,,,"1","0"
"1641852","2026-09-27","9/27/2026 4:30:00 PM","FT","423","Ligue 1","Burkina-Faso","2026","Regular Season - 2","USFA","Salitas","8570","8072","3","0","2","0",,,,,"3","0"
"1637934","2026-09-27","9/27/2026 4:55:00 PM","FT","25","Gulf Cup of Nations","World","2026","Group Stage - 2","Yemen","Qatar","1550","1569","0","1","0","0",,,,,"0","1"
"1528896","2026-09-27","9/27/2026 5:00:00 PM","FT","5","UEFA Nations League","World","2026","League A - 2","Serbia","Netherlands","14","1118","1","2","0","1",,,,,"1","2"
"1528897","2026-09-27","9/27/2026 5:00:00 PM","FT","5","UEFA Nations League","World","2026","League A - 2","Denmark","Wales","21","767","2","0","0","0",,,,,"2","0"
"1528898","2026-09-27","9/27/2026 5:00:00 PM","FT","5","UEFA Nations League","World","2026","League B - 2","Austria","Kosovo","775","1111","3","1","2","0",,,,,"3","1"
"1534096","2026-09-27","9/27/2026 5:00:00 PM","FT","1182","Northern Super League","Canada","2026","Regular season","Halifax Tides W","Montreal Roses W","25898","25899","0","0","0","0",,,,,"0","0"
"1545604","2026-09-27","9/27/2026 5:00:00 PM","FT","5","UEFA Nations League","World","2026","League D - 2","Gibraltar","Andorra","1093","1110","0","0","0","0",,,,,"0","0"
"1568185","2026-09-27","9/27/2026 5:00:00 PM","FT","783","III Liga - Group 4","Poland","2026","Group IV - 10","KSZO 1929","Hetman Zamosc","6943","12789","1","2","0","0",,,,,"1","2"
"1571577","2026-09-27","9/27/2026 5:00:00 PM","FT","173","Second League","Bulgaria","2026","Regular Season - 11","Fratria","Spartak Pleven","21836","1418","3","0","1","0",,,,,"3","0"
"1571578","2026-09-27","9/27/2026 5:00:00 PM","FT","173","Second League","Bulgaria","2026","Regular Season - 11","Hebar 1918","Dobrudzha","4659","1427","1","2","1","1",,,,,"1","2"
"1571580","2026-09-27","9/27/2026 5:00:00 PM","PST","173","Second League","Bulgaria","2026","Regular Season - 11","Ludogorets II","Etar Veliko Tarnovo","1409","855",,,,,,,,,,
"1572371","2026-09-27","9/27/2026 5:00:00 PM","FT","876","Segunda División RFEF - Group 2","Spain","2026","Group 2 - 4","Utebo","Reddis","9891","22136","0","1","0","0",,,,,"0","1"
"1572669","2026-09-27","9/27/2026 5:00:00 PM","FT","877","Segunda División RFEF - Group 3","Spain","2026","Group 3 - 4","Alcoyano","Deportiva Minera","9686","9811","2","0","0","0",,,,,"2","0"
"1572677","2026-09-27","9/27/2026 5:00:00 PM","FT","877","Segunda División RFEF - Group 3","Spain","2026","Group 3 - 4","Yeclano","Elche II","5283","9691","1","0","0","0",,,,,"1","0"
"1572977","2026-09-27","9/27/2026 5:00:00 PM","FT","878","Segunda División RFEF - Group 4","Spain","2026","Group 4 - 4","Puente Genil","Marbella","9764","5267","0","0","0","0",,,,,"0","0"
"1573285","2026-09-27","9/27/2026 5:00:00 PM","FT","879","Segunda División RFEF - Group 5","Spain","2026","Group 5 - 4","Navalcarnero","Conquense","5271","5257","1","3","0","0",,,,,"1","3"
"1573287","2026-09-27","9/27/2026 5:00:00 PM","FT","879","Segunda División RFEF - Group 5","Spain","2026","Group 5 - 4","Calvo Sotelo","Atlético Tordesillas","9899","9724","1","0","0","0",,,,,"1","0"
"1573594","2026-09-27","9/27/2026 5:00:00 PM","FT","142","Primera División Femenina","Spain","2026","Regular Season - 5","Deportivo de La Coruña W","Espanyol W","6376","1919","1","1","0","1",,,,,"1","1"
"1590704","2026-09-27","9/27/2026 5:00:00 PM","FT","553","3. Lig - Group 2","Turkey","2026","3. Lig Group 2 - 4","Bucaspor 1928","Altay","7396","3566","1","2","0","1",,,,,"1","2"
"1590706","2026-09-27","9/27/2026 5:00:00 PM","FT","553","3. Lig - Group 2","Turkey","2026","3. Lig Group 2 - 4","Denizli İYG","Kepezspor","26470","6529","0","0","0","0",,,,,"0","0"
"1590707","2026-09-27","9/27/2026 5:00:00 PM","FT","553","3. Lig - Group 2","Turkey","2026","3. Lig Group 2 - 4","Eskişehirspor","Balıkesirspor","3572","3568","7","1","3","0",,,,,"7","1"
"1591013","2026-09-27","9/27/2026 5:00:00 PM","FT","554","3. Lig - Group 3","Turkey","2026","3. Lig Group 3 - 4","Yeşilyurt Belediyespor","Adanaspor","6541","3564","8","0","4","0",,,,,"8","0"
"1591015","2026-09-27","9/27/2026 5:00:00 PM","FT","554","3. Lig - Group 3","Turkey","2026","3. Lig Group 3 - 4","Niğde Belediyesispor","Bitlis Özgüzelderespor","22445","6513","2","1","0","0",,,,,"2","1"
"1591016","2026-09-27","9/27/2026 5:00:00 PM","FT","554","3. Lig - Group 3","Turkey","2026","3. Lig Group 3 - 4","Yeni Mersin Idmanyurdu","Diyarbekirspor","6546","7398","2","1","1","1",,,,,"2","1"
"1591314","2026-09-27","9/27/2026 5:00:00 PM","FT","205","2. Lig","Turkey","2026","2. Lig White Group - 4","Adana Demirspor","Erbaaspor","3563","7401","0","3","0","1",,,,,"0","3"
"1591315","2026-09-27","9/27/2026 5:00:00 PM","FT","205","2. Lig","Turkey","2026","2. Lig White Group - 4","Aliağa FAŞ","Şanlıurfaspor","21993","3613","2","1","0","0",,,,,"2","1"
"1591321","2026-09-27","9/27/2026 5:00:00 PM","FT","205","2. Lig","Turkey","2026","2. Lig White Group - 4","Muş Sport Klübü","68 Aksaray Belediyespor","6536","6507","3","2","1","2",,,,,"3","2"
"1591623","2026-09-27","9/27/2026 5:00:00 PM","FT","205","2. Lig","Turkey","2026","2. Lig Red Group - 4","Sakaryaspor","Kütahyaspor","3602","11092","2","0","1","0",,,,,"2","0"
"1594143","2026-09-27","9/27/2026 5:00:00 PM","FT","635","NB III - Northwest","Hungary","2026","Northwest - 9","Haladás VSE","Pápai Perutz","17285","5129","4","0","1","0",,,,,"4","0"
"1605395","2026-09-27","9/27/2026 5:00:00 PM","FT","457","Campeonato de Portugal Prio - Group A","Portugal","2026","Group A - 4","Os Limianos","Rebordosa","4776","6365","1","1","0","0",,,,,"1","1"
"1610746","2026-09-27","9/27/2026 5:00:00 PM","FT","948","1a Divisão - Women","Portugal","2026","Regular Season - 3","Torreense W","Marítimo W","20512","20510","8","0","1","0",,,,,"8","0"
"1611072","2026-09-27","9/27/2026 5:00:00 PM","FT","316","1st League - FBiH","Bosnia","2026","FBiH - 7","GOŠK Gabela","Sloboda Tuzla","3356","3360","0","2","0","0",,,,,"0","2"
"1612733","2026-09-27","9/27/2026 5:00:00 PM","FT","439","Tercera División RFEF - Group 1","Spain","2026","Group 1 - 4","Boiro","Villalbés","22566","9618","1","1","1","0",,,,,"1","1"
"1612734","2026-09-27","9/27/2026 5:00:00 PM","FT","439","Tercera División RFEF - Group 1","Spain","2026","Group 1 - 4","Celtiga","Estradense","26533","9611","2","0","1","0",,,,,"2","0"
"1612735","2026-09-27","9/27/2026 5:00:00 PM","FT","439","Tercera División RFEF - Group 1","Spain","2026","Group 1 - 4","Lalin","Barco","28095","9608","1","1","1","0",,,,,"1","1"
"1612737","2026-09-27","9/27/2026 5:00:00 PM","FT","439","Tercera División RFEF - Group 1","Spain","2026","Group 1 - 4","Portonovo SD","Silva","28096","9615","4","2","2","0",,,,,"4","2"
"1613955","2026-09-27","9/27/2026 5:00:00 PM","FT","443","Tercera División RFEF - Group 5","Spain","2026","Group 5 - 4","Badalona","San Cristóbal","5250","9678","4","0","4","0",,,,,"4","0"
"1614261","2026-09-27","9/27/2026 5:00:00 PM","FT","444","Tercera División RFEF - Group 6","Spain","2026","Group 6 - 4","Crevillente","Saguntino","9690","9699","2","2","0","2",,,,,"2","2"
"1614264","2026-09-27","9/27/2026 5:00:00 PM","FT","444","Tercera División RFEF - Group 6","Spain","2026","Group 6 - 4","Ontinyent 1931","Buñol","22139","15524","3","0","1","0",,,,,"3","0"
"1614874","2026-09-27","9/27/2026 5:00:00 PM","FT","446","Tercera División RFEF - Group 8","Spain","2026","Group 8 - 4","Guijuelo","Bembibre","9388","9725","1","2","0","1",,,,,"1","2"
"1615484","2026-09-27","9/27/2026 5:00:00 PM","FT","448","Tercera División RFEF - Group 10","Spain","2026","Group 10 - 4","Betis C","Xerez Deportivo","28109","9771","2","0","1","0",,,,,"2","0"
"1616405","2026-09-27","9/27/2026 5:00:00 PM","FT","451","Tercera División RFEF - Group 13","Spain","2026","Group 13 - 4","Cotillas CD","Atlético Pulpileño","28418","9808","1","2","1","1",,,,,"1","2"
"1616713","2026-09-27","9/27/2026 5:00:00 PM","FT","452","Tercera División RFEF - Group 14","Spain","2026","Group 14 - 4","Jaraíz","Villafranca","18094","9479","2","1","1","0",,,,,"2","1"
"1617933","2026-09-27","9/27/2026 5:00:00 PM","FT","456","Tercera División RFEF - Group 18","Spain","2026","Group 18 - 4","CD Villa","Socuéllamos","28123","9414","2","0","1","0",,,,,"2","0"
"1617938","2026-09-27","9/27/2026 5:00:00 PM","FT","456","Tercera División RFEF - Group 18","Spain","2026","Group 18 - 4","Toledo","La Solana","9908","9903","4","0","2","0",,,,,"4","0"
"1617940","2026-09-27","9/27/2026 5:00:00 PM","FT","456","Tercera División RFEF - Group 18","Spain","2026","Group 18 - 4","Villarrobledo","Noblejas","9602","24653","2","0","1","0",,,,,"2","0"
"1625900","2026-09-27","9/27/2026 5:00:00 PM","FT","433","Serie D - Girone H","Italy","2026","Group H - 5","Nardò","Martina Franca","9536","19975","0","3","0","1",,,,,"0","3"
"1636667","2026-09-27","9/27/2026 5:00:00 PM","FT","200","Botola Pro","Morocco","2026","Regular Season - 1","Moghreb Tetouan","Renaissance Berkane","965","962","0","0","0","0",,,,,"0","0"
"1639179","2026-09-27","9/27/2026 5:00:00 PM","FT","143","Copa del Rey","Spain","2026","1/128-finals","Maracena","Tavernes","9750","28415","1","1","1","1",,,,,"1","1"
"1640282","2026-09-27","9/27/2026 5:00:00 PM","FT","269","Segunda División","Uruguay","2026","2nd Phase - 20","Atenas","Plaza Colonia","2364","2355","0","0","0","0",,,,,"0","0"
"1640826","2026-09-27","9/27/2026 5:00:00 PM","FT","10","Friendlies","World","2026","Friendly International","France U21","Japan U18","8194","22431","1","3","0","1",,,,,"1","3"
"1641159","2026-09-27","9/27/2026 5:00:00 PM","FT","201","Botola 2","Morocco","2026","Regular Season - 1","Chabab Ben Guerir","Riadi Salmi","3450","3456","2","0","2","0",,,,,"2","0"
"1641160","2026-09-27","9/27/2026 5:00:00 PM","FT","201","Botola 2","Morocco","2026","Regular Season - 1","El Massira","Stade Marocain","3451","15549","2","1","2","0",,,,,"2","1"
"1641729","2026-09-27","9/27/2026 5:00:00 PM","PEN","920","World Cup - U20 - Women","World","2026","Final","Spain U20 W","Korea DPR U20 W","19078","23206","0","0","0","0","0","0","4","3","0","0"
"1642872","2026-09-27","9/27/2026 5:00:00 PM","PEN","667","Friendlies Clubs","World","2026","Club Friendly","Borac Banja Luka","Vojvodina","3364","702","1","1","0","0",,,,,"1","1"
"1570756","2026-09-27","9/27/2026 5:15:00 PM","FT","435","Primera División RFEF - Group 1","Spain","2026","Group 1 - 5","Mérida AD","UD Logroñés","10140","5280","3","5","1","2",,,,,"3","5"
"1570764","2026-09-27","9/27/2026 5:15:00 PM","FT","435","Primera División RFEF - Group 1","Spain","2026","Group 1 - 5","Pontevedra","Ponferradina","9407","4907","1","1","1","0",,,,,"1","1"
"1571137","2026-09-27","9/27/2026 5:15:00 PM","FT","436","Primera División RFEF - Group 2","Spain","2026","Group 2 - 5","Antequera","Real Jaén","9742","5274","2","0","0","0",,,,,"2","0"
"1613342","2026-09-27","9/27/2026 5:15:00 PM","FT","441","Tercera División RFEF - Group 3","Spain","2026","Group 3 - 4","Atlético Albericia","Solares","9637","9647","0","2","0","0",,,,,"0","2"
"1569937","2026-09-27","9/27/2026 5:30:00 PM","FT","141","Segunda División","Spain","2026","Regular Season - 7","Burgos","Eldense","9580","9692","1","0","1","0",,,,,"1","0"
"1569940","2026-09-27","9/27/2026 5:30:00 PM","FT","141","Segunda División","Spain","2026","Regular Season - 7","Eibar","Las Palmas","545","534","3","2","2","1",,,,,"3","2"
"1590170","2026-09-27","9/27/2026 5:30:00 PM","FT","211","First NL","Croatia","2026","Regular Season - 7","HNK Cibalia","Dugopolje","1021","1471","1","0","0","0",,,,,"1","0"
"1616711","2026-09-27","9/27/2026 5:30:00 PM","FT","452","Tercera División RFEF - Group 14","Spain","2026","Group 14 - 4","Gévora","Atlético Pueblonuevo","25032","20279","3","1","1","0",,,,,"3","1"
"1616712","2026-09-27","9/27/2026 5:30:00 PM","FT","452","Tercera División RFEF - Group 14","Spain","2026","Group 14 - 4","Guadiana","Cabeza Buey","28117","26552","1","1","1","0",,,,,"1","1"
"1628998","2026-09-27","9/27/2026 5:30:00 PM","FT","10","Friendlies","World","2026","Friendly International","Malta","Liechtenstein","1112","1107","2","0","1","0",,,,,"2","0"
"1571143","2026-09-27","9/27/2026 6:00:00 PM","FT","436","Primera División RFEF - Group 2","Spain","2026","Group 2 - 5","Teruel","Huesca","5278","726","1","1","1","0",,,,,"1","1"
"1572672","2026-09-27","9/27/2026 6:00:00 PM","FT","877","Segunda División RFEF - Group 3","Spain","2026","Group 3 - 4","Lorca Deportiva","Castellonense","9400","22138","1","0","0","0",,,,,"1","0"
"1572975","2026-09-27","9/27/2026 6:00:00 PM","FT","878","Segunda División RFEF - Group 4","Spain","2026","Group 4 - 4","Antoniano","Ciudad de Lucena","7522","9756","0","3","0","1",,,,,"0","3"
"1572976","2026-09-27","9/27/2026 6:00:00 PM","FT","878","Segunda División RFEF - Group 4","Spain","2026","Group 4 - 4","Atlético Central","Sevilla Atletico","24723","730","2","0","2","0",,,,,"2","0"
"1572982","2026-09-27","9/27/2026 6:00:00 PM","FT","878","Segunda División RFEF - Group 4","Spain","2026","Group 4 - 4","Recreativo Huelva","Xerez","9410","9770","1","0","1","0",,,,,"1","0"
"1615184","2026-09-27","9/27/2026 6:00:00 PM","FT","447","Tercera División RFEF - Group 9","Spain","2026","Group 9 - 4","Marbelli","Torre del Mar","24960","17558","1","0","0","0",,,,,"1","0"
"1615186","2026-09-27","9/27/2026 6:00:00 PM","FT","447","Tercera División RFEF - Group 9","Spain","2026","Group 9 - 4","Motril","Alhaurino","9751","15357","2","0","0","0",,,,,"2","0"
"1615485","2026-09-27","9/27/2026 6:00:00 PM","FT","448","Tercera División RFEF - Group 10","Spain","2026","Group 10 - 4","Bollullos","San Roque Lepe","20257","9767","1","2","0","1",,,,,"1","2"
"1616402","2026-09-27","9/27/2026 6:00:00 PM","FT","451","Tercera División RFEF - Group 13","Spain","2026","Group 13 - 4","Bala Azul","Alcantarilla","17607","20276","0","1","0","0",,,,,"0","1"
"1616407","2026-09-27","9/27/2026 6:00:00 PM","FT","451","Tercera División RFEF - Group 13","Spain","2026","Group 13 - 4","Unión Molinense","Mazarrón FC","20278","9816","3","2","0","2",,,,,"3","2"
"1616714","2026-09-27","9/27/2026 6:00:00 PM","FT","452","Tercera División RFEF - Group 14","Spain","2026","Group 14 - 4","Puebla Calzada","Quintana","24613","28119","1","2","0","2",,,,,"1","2"
"1616715","2026-09-27","9/27/2026 6:00:00 PM","FT","452","Tercera División RFEF - Group 14","Spain","2026","Group 14 - 4","Santa Amalia","Moralo","20448","9836","1","1","0","1",,,,,"1","1"
"1635978","2026-09-27","9/27/2026 6:00:00 PM","FT","1242","Primera Premier","Mexico","2026","Regular Season - 5","H2O Purepechas","Los Cabos United","28340","19908","0","1","0","1",,,,,"0","1"
"1640066","2026-09-27","9/27/2026 6:00:00 PM","FT","10","Friendlies","World","2026","Friendly International","Jordan","Syria","1548","1565","1","1","1","0",,,,,"1","1"
"1641756","2026-09-27","9/27/2026 6:00:00 PM","FT","538","Africa Cup of Nations U20","World","2026","Qualification - 2","Tunisia U20","Morocco U20","11049","11039","0","0","0","0",,,,,"0","0"
"1642873","2026-09-27","9/27/2026 6:00:00 PM","FT","667","Friendlies Clubs","World","2026","Club Friendly","Drita","Bashkimi Kumanovo","14281","22153","1","1","1","1",,,,,"1","1"
"1615183","2026-09-27","9/27/2026 6:30:00 PM","FT","447","Tercera División RFEF - Group 9","Spain","2026","Group 9 - 4","Mancha Real","Ciudad de Torredonjimeno","9749","9743","1","1","1","0",,,,,"1","1"
"1642245","2026-09-27","9/27/2026 6:45:00 PM","FT","267","Copa Chile","Chile","2026","Round of 16","Everton de Vina","Universidad de Chile","2325","2323","0","1","0","0",,,,,"0","1"
"1499651","2026-09-27","9/27/2026 7:00:00 PM","FT","131","Primera B Metropolitana","Argentina","2026","Regular Season - 37","Argentino Quilmes","Comunicaciones","8376","8008","0","0","0","0",,,,,"0","0"
"1499660","2026-09-27","9/27/2026 7:00:00 PM","FT","131","Primera B Metropolitana","Argentina","2026","Regular Season - 37","Villa Dalmine","UAI Urquiza","481","1956","0","0","0","0",,,,,"0","0"
"1500123","2026-09-27","9/27/2026 7:00:00 PM","FT","132","Primera C","Argentina","2026","Regular Season - 30","Atletico Atlas","Sportivo Barracas","1937","1931","1","1","0","1",,,,,"1","1"
"1500124","2026-09-27","9/27/2026 7:00:00 PM","FT","132","Primera C","Argentina","2026","Regular Season - 30","Berazategui","Sacachispas","8382","1942","3","0","1","0",,,,,"3","0"
"1500125","2026-09-27","9/27/2026 7:00:00 PM","FT","132","Primera C","Argentina","2026","Regular Season - 30","Canuelas","Fénix","1947","8374","2","1","1","0",,,,,"2","1"
"1517356","2026-09-27","9/27/2026 7:00:00 PM","FT","479","Canadian Premier League","Canada","2026","Group Stage","York United","Pacific FC","2623","2622","3","4","3","4",,,,,"3","4"
"1550981","2026-09-27","9/27/2026 7:00:00 PM","FT","262","Liga MX","Mexico","2026","Apertura - 10","U.N.A.M. - Pumas","Atletico San Luis","2286","2314","2","3","0","1",,,,,"2","3"
"1575031","2026-09-27","9/27/2026 7:00:00 PM","FT","1114","Carioca U20","Brazil","2026","Regular Season - 8","Sampaio Correa FE U20","Boavista U20","23387","23386","3","1","1","1",,,,,"3","1"
"1597993","2026-09-27","9/27/2026 7:00:00 PM","FT","1036","Copa Santa Catarina","Brazil","2026","Group Stage - 5","Metropolitano","Figueirense","7860","137","0","1","0","0",,,,,"0","1"
"1601448","2026-09-27","9/27/2026 7:00:00 PM","FT","163","Liga de Ascenso","Costa-Rica","2026","Regular Season - 9","Quepos Cambute","Municipal Grecia","19738","818","1","0","1","0",,,,,"1","0"
"1603376","2026-09-27","9/27/2026 7:00:00 PM","FT","673","Liga MX Femenil","Mexico","2026","Regular Season - 9","Puebla W","Monterrey W","14882","14879","1","2","0","0",,,,,"1","2"
"1605266","2026-09-27","9/27/2026 7:00:00 PM","FT","1155","Carioca B2","Brazil","2026","Group Stage - 5","Campos AA","7 de Abril","13110","17736","1","2","0","2",,,,,"1","2"
"1605267","2026-09-27","9/27/2026 7:00:00 PM","FT","1155","Carioca B2","Brazil","2026","Group Stage - 5","Friburguense","SE Belford Roxo","12295","22354","2","2","1","2",,,,,"2","2"
"1605268","2026-09-27","9/27/2026 7:00:00 PM","FT","1155","Carioca B2","Brazil","2026","Group Stage - 5","Paraty","Paduano","23638","20007","0","3","0","2",,,,,"0","3"
"1605269","2026-09-27","9/27/2026 7:00:00 PM","FT","1155","Carioca B2","Brazil","2026","Group Stage - 5","Santa Cruz RJ","Cardoso Moreira","23640","27826","1","0","0","0",,,,,"1","0"
"1605270","2026-09-27","9/27/2026 7:00:00 PM","FT","1155","Carioca B2","Brazil","2026","Group Stage - 5","Serra Macaense","Rio de Janeiro","13116","22353","2","1","1","0",,,,,"2","1"
"1610843","2026-09-27","9/27/2026 7:00:00 PM","FT","1037","Paraibano 2","Brazil","2026","Regular Season - 5","Guarabira","Cruzeiro PB","22363","24599","0","0","0","0",,,,,"0","0"
"1610845","2026-09-27","9/27/2026 7:00:00 PM","FT","1037","Paraibano 2","Brazil","2026","Regular Season - 5","Santa Rita","Sport PB","10150","12910","3","0",,,,,,,"3","0"
"1610846","2026-09-27","9/27/2026 7:00:00 PM","FT","1037","Paraibano 2","Brazil","2026","Regular Season - 5","São Paulo Crystal","Auto Esporte","12911","18306","1","3","0","1",,,,,"1","3"
"1626791","2026-09-27","9/27/2026 7:00:00 PM","FT","1154","Catarinense - 3","Brazil","2026","1st Phase - 2","Internacional SC","Caçador","7844","21206","5","0","1","0",,,,,"5","0"
"1630317","2026-09-27","9/27/2026 7:00:00 PM","FT","1150","Gaúcho - 3","Brazil","2026","Regular Season - 4","Panambi","São Paulo RS","28277","7866","1","0","1","0",,,,,"1","0"
"1630318","2026-09-27","9/27/2026 7:00:00 PM","FT","1150","Gaúcho - 3","Brazil","2026","Regular Season - 4","FBC Riograndense RS","SC Rio Grande","25077","25080","2","1","1","1",,,,,"2","1"
"1635840","2026-09-27","9/27/2026 7:00:00 PM","FT","1232","Copa De La Liga","Peru","2026","Semi-finals","Sport Boys","Alianza Atletico","2544","2560","2","5","2","3",,,,,"2","5"
"1635979","2026-09-27","9/27/2026 7:00:00 PM","FT","1242","Primera Premier","Mexico","2026","Regular Season - 5","Montañeses","Inter Playa del Carmen","17788","12793","3","2","1","0",,,,,"3","2"
"1636666","2026-09-27","9/27/2026 7:00:00 PM","FT","200","Botola Pro","Morocco","2026","Regular Season - 1","Maghreb Fès","CR Khemis Zemamra","3453","3449","2","1","0","0",,,,,"2","1"
"1637935","2026-09-27","9/27/2026 7:00:00 PM","FT","25","Gulf Cup of Nations","World","2026","Group Stage - 2","Bahrain","United Arab Emirates","1547","1563","0","3","0","1",,,,,"0","3"
"1638392","2026-09-27","9/27/2026 7:00:00 PM","FT","267","Copa Chile","Chile","2026","Round of 16","Concepción","Curico Unido","5635","2316","2","0","0","0",,,,,"2","0"
"1640221","2026-09-27","9/27/2026 7:00:00 PM","FT","1086","Paulista - U20","Brazil","2026","Round of 32","RB Bragantino U20","Bandeirante U20","18345","23466","5","1","3","1",,,,,"5","1"
"1640270","2026-09-27","9/27/2026 7:00:00 PM","FT","282","Segunda División","Peru","2026","Promotion Group - 1","Alianza Universidad","Bentín Tacna Heroica","2548","22462","2","2","2","2",,,,,"2","2"
"1640819","2026-09-27","9/27/2026 7:00:00 PM","FT","386","Ligue 1","Ivory-Coast","2026","Regular Season - 1","Korhogo","ES Agboville","18179","26340","0","1","0","1",,,,,"0","1"
"1640820","2026-09-27","9/27/2026 7:00:00 PM","FT","386","Ligue 1","Ivory-Coast","2026","Regular Season - 1","SOA","Stella","4520","16588","2","1","1","0",,,,,"2","1"
"1641140","2026-09-27","9/27/2026 7:00:00 PM","FT","268","Primera División","Uruguay","2026","Clausura - 8","Juventud","Cerro","2353","2362","0","0","0","0",,,,,"0","0"
"1641162","2026-09-27","9/27/2026 7:00:00 PM","FT","201","Botola 2","Morocco","2026","Regular Season - 1","Chabab Atl. Khenifra","Ittihad Khemisset","970","3452","1","2","0","1",,,,,"1","2"
"1498830","2026-09-27","9/27/2026 7:30:00 PM","FT","129","Primera Nacional","Argentina","2026","Regular Season - 31","Almagro","Nueva Chicago","482","484","0","1","0","1",,,,,"0","1"
"1498832","2026-09-27","9/27/2026 7:30:00 PM","FT","129","Primera Nacional","Argentina","2026","Regular Season - 31","Atlanta","Agropecuario","1948","462","1","0","1","0",,,,,"1","0"
"1498837","2026-09-27","9/27/2026 7:30:00 PM","FT","129","Primera Nacional","Argentina","2026","Regular Season - 31","Defensores De Belgrano","Ferro Carril Oeste","1067","470","0","1","0","1",,,,,"0","1"
"1498842","2026-09-27","9/27/2026 7:30:00 PM","FT","129","Primera Nacional","Argentina","2026","Regular Season - 31","Los Andes","Deportivo Moron","483","469","2","1","0","1",,,,,"2","1"
"1571142","2026-09-27","9/27/2026 7:30:00 PM","FT","436","Primera División RFEF - Group 2","Spain","2026","Group 2 - 5","Real Madrid II","Alcorcon","9575","711","1","2","1","2",,,,,"1","2"
"1602095","2026-09-27","9/27/2026 7:30:00 PM","FT","1141","Brasiliense B","Brazil","2026","Regular Season - 5","Taguatinga EC","Planaltina DF","24915","22818","0","1",,,,,,,"0","1"
"1608291","2026-09-27","9/27/2026 7:30:00 PM","FT","138","Serie C - Girone A","Italy","2026","Girone A - 7","Albinoleffe","Alcione","879","17824","1","1","0","0",,,,,"1","1"
"1608675","2026-09-27","9/27/2026 7:30:00 PM","FT","942","Serie C - Girone B","Italy","2026","Girone B - 7","Pescara","Spezia","525","515","1","2","0","0",,,,,"1","2"
"1609053","2026-09-27","9/27/2026 7:30:00 PM","FT","943","Serie C - Girone C","Italy","2026","Girone C - 7","Casarano","SS Monopoli","9542","10138","0","1","0","0",,,,,"0","1"
"1609057","2026-09-27","9/27/2026 7:30:00 PM","FT","943","Serie C - Girone C","Italy","2026","Girone C - 7","Foggia","Sorrento","521","9537","2","0","0","0",,,,,"2","0"
"1641280","2026-09-27","9/27/2026 7:30:00 PM","FT","134","Torneo Federal A","Argentina","2026","Quarter-finals","Defensores de Belgrano VR","Alvarado","2426","1962","2","2","1","2",,,,,"2","2"
"1641281","2026-09-27","9/27/2026 7:30:00 PM","FT","134","Torneo Federal A","Argentina","2026","Quarter-finals","Olimpo Bahia Blanca","Gimnasia Chivilcoy","443","25758","2","1","0","0",,,,,"2","1"
"1643244","2026-09-27","9/27/2026 7:30:00 PM","FT","1115","Paraense A3","Brazil","2026","Quarter-finals","Vénus","Pinheirense","10161","25001","2","1",,,,,,,"2","1"
"1528899","2026-09-27","9/27/2026 7:45:00 PM","FT","5","UEFA Nations League","World","2026","League A - 2","Germany","Greece","25","1117","0","1","0","0",,,,,"0","1"
"1528900","2026-09-27","9/27/2026 7:45:00 PM","FT","5","UEFA Nations League","World","2026","League A - 2","Norway","Portugal","1090","27","1","2","0","1",,,,,"1","2"
"1528901","2026-09-27","9/27/2026 7:45:00 PM","FT","5","UEFA Nations League","World","2026","League B - 2","Israel","Rep. Of Ireland","1116","776","0","3","0","3",,,,,"0","3"
"1498834","2026-09-27","9/27/2026 8:00:00 PM","FT","129","Primera Nacional","Argentina","2026","Regular Season - 31","Atletico Mitre","San Telmo","466","1932","0","2","0","1",,,,,"0","2"
"1498844","2026-09-27","9/27/2026 8:00:00 PM","FT","129","Primera Nacional","Argentina","2026","Regular Season - 31","Patronato","San Martin S.J.","444","461","3","0","2","0",,,,,"3","0"
"1520892","2026-09-27","9/27/2026 8:00:00 PM","FT","72","Serie B","Brazil","2026","Regular Season - 30","CRB","Cuiaba","146","1193","3","0","1","0",,,,,"3","0"
"1549645","2026-09-27","9/27/2026 8:00:00 PM","FT","240","Primera B","Colombia","2026","Clausura - 11","Envigado","Depor FC","1129","1468","3","0","0","0",,,,,"3","0"
"1559649","2026-09-27","9/27/2026 8:00:00 PM","FT","339","Liga Nacional","Guatemala","2026","Regular Season - 11","Cobán Imperial","Aurora","3657","10154","3","2","1","1",,,,,"3","2"
"1569945","2026-09-27","9/27/2026 8:00:00 PM","FT","141","Segunda División","Spain","2026","Regular Season - 7","Oviedo","Sporting Gijon","718","731","2","0","1","0",,,,,"2","0"
"1582340","2026-09-27","9/27/2026 8:00:00 PM","FT","1142","Mineiro - 3","Brazil","2026","Regular Season - 2","Santarritense","Venda Nova","27964","27967","0","8","0","3",,,,,"0","8"
"1601443","2026-09-27","9/27/2026 8:00:00 PM","FT","163","Liga de Ascenso","Costa-Rica","2026","Regular Season - 9","AD Sarchí","ADR Jicaral","19737","2043","0","1","0","0",,,,,"0","1"
"1601447","2026-09-27","9/27/2026 8:00:00 PM","FT","163","Liga de Ascenso","Costa-Rica","2026","Regular Season - 9","Guadalupe FC","Pitbulls Santa Barbara FC","821","26343","2","2","1","1",,,,,"2","2"
"1619689","2026-09-27","9/27/2026 8:00:00 PM","FT","964","Copa de la División Profesional","Bolivia","2026","Group Stage - 5","Gualberto Villarroel SJ","Independiente Petrolero","22266","15702","1","3","0","0",,,,,"1","3"
"1639950","2026-09-27","9/27/2026 8:00:00 PM","FT","536","CONCACAF Nations League","World","2025","League B - 1","Guyana","Cayman Islands","5162","8169","2","0","2","0",,,,,"2","0"
"1640283","2026-09-27","9/27/2026 8:00:00 PM","FT","269","Segunda División","Uruguay","2026","2nd Phase - 20","Cerrito","La Luz","2367","18295","1","2","0","1",,,,,"1","2"
"1641784","2026-09-27","9/27/2026 8:00:00 PM","FT","710","Nacional B","Bolivia","2026","Regular Season - 6","Primero Mayo","Ciudad Nueva Santa Cruz","26485","17745","1","2","1","1",,,,,"1","2"
"1641785","2026-09-27","9/27/2026 8:00:00 PM","FT","710","Nacional B","Bolivia","2026","Regular Season - 6","CD Guadalajara","Unión Tarija","26723","26486","1","2",,,,,,,"1","2"
"1641786","2026-09-27","9/27/2026 8:00:00 PM","FT","710","Nacional B","Bolivia","2026","Regular Season - 6","Chaco","Ingenieros","26427","26484","6","1",,,,,,,"6","1"
"1641787","2026-09-27","9/27/2026 8:00:00 PM","FT","710","Nacional B","Bolivia","2026","Regular Season - 6","Deportivo Tigres","CD IN San Juan FC","28291","26596","0","1",,,,,,,"0","1"
"1641788","2026-09-27","9/27/2026 8:00:00 PM","FT","710","Nacional B","Bolivia","2026","Regular Season - 6","EM Huanuni","Deportivo FATIC","15698","15695","2","0","0","0",,,,,"2","0"
"1641789","2026-09-27","9/27/2026 8:00:00 PM","FT","710","Nacional B","Bolivia","2026","Regular Season - 6","Hiska Nacional","26 de Febrero","22267","28288","0","2","0","0",,,,,"0","2"
"1641790","2026-09-27","9/27/2026 8:00:00 PM","FT","710","Nacional B","Bolivia","2026","Regular Season - 6","Independiente CBBA","Atletico Juniors","28292","28289","4","0","2","0",,,,,"4","0"
"1641791","2026-09-27","9/27/2026 8:00:00 PM","FT","710","Nacional B","Bolivia","2026","Regular Season - 6","San Martin de Yacuiba","Universitario Beni","28294","20254","4","1",,,,,,,"4","1"
"1641792","2026-09-27","9/27/2026 8:00:00 PM","FT","710","Nacional B","Bolivia","2026","Regular Season - 6","Club Universitario","Universitario Tarija","3875","24598","4","0","0","0",,,,,"4","0"
"1641793","2026-09-27","9/27/2026 8:00:00 PM","FT","710","Nacional B","Bolivia","2026","Regular Season - 6","Virginia","Municipal Tiquipaya","28295","15704","1","1","1","0",,,,,"1","1"
"1641794","2026-09-27","9/27/2026 8:00:00 PM","FT","710","Nacional B","Bolivia","2026","Regular Season - 6","Wilstermann Cooperativa","Mineros Potosi","17763","28293","2","1","0","0",,,,,"2","1"
"1498839","2026-09-27","9/27/2026 8:30:00 PM","FT","129","Primera Nacional","Argentina","2026","Regular Season - 31","Deportivo Maipu","Temperley","1954","454","1","0","0","0",,,,,"1","0"
"1498843","2026-09-27","9/27/2026 8:30:00 PM","FT","129","Primera Nacional","Argentina","2026","Regular Season - 31","Midland","Tristan Suarez","1963","1965","0","1","0","1",,,,,"0","1"
"1635935","2026-09-27","9/27/2026 8:30:00 PM","FT","300","Segunda División","Venezuela","2026","Regular Season - 24","Aragua FC","Atletico Avila FC","2817","27527","1","0","0","0",,,,,"1","0"
"1635936","2026-09-27","9/27/2026 8:30:00 PM","FT","300","Segunda División","Venezuela","2026","Regular Season - 24","Monagas II","Mineros de Guyana","11371","2824","2","1","1","1",,,,,"2","1"
"1494014","2026-09-27","9/27/2026 9:00:00 PM","FT","489","USL League One","USA","2026","Group Stage","NY Cosmos","Richmond Kickers","9033","4024","3","2","2","1",,,,,"3","2"
"1498846","2026-09-27","9/27/2026 9:00:00 PM","FT","129","Primera Nacional","Argentina","2026","Regular Season - 31","Racing Cordoba","Godoy Cruz","1957","439","2","2","0","1",,,,,"2","2"
"1534097","2026-09-27","9/27/2026 9:00:00 PM","FT","1182","Northern Super League","Canada","2026","Regular season","Calgary Wild W","Vancouver Rise W","25897","25901","3","1","0","1",,,,,"3","1"
"1600683","2026-09-27","9/27/2026 9:00:00 PM","FT","711","Segunda División","Chile","2026","Relegation Group - 6","Colina","Real San Joaquín","5634","18779","1","0","0","0",,,,,"1","0"
"1606321","2026-09-27","9/27/2026 9:00:00 PM","FT","1030","Goiano - 2","Brazil","2026","Regular Season - 15","Goianésia","Mineiros","7873","24769","0","1","0","1",,,,,"0","1"
"1606322","2026-09-27","9/27/2026 9:00:00 PM","FT","1030","Goiano - 2","Brazil","2026","Regular Season - 15","Morrinhos","Crixás EC","18297","26500","2","1","1","1",,,,,"2","1"
"1606323","2026-09-27","9/27/2026 9:00:00 PM","FT","1030","Goiano - 2","Brazil","2026","Regular Season - 15","Rio Verde","Bom Jesus EC","24771","26499","2","2","2","0",,,,,"2","2"
"1606324","2026-09-27","9/27/2026 9:00:00 PM","FT","1030","Goiano - 2","Brazil","2026","Regular Season - 15","Trindade","Grêmio Anápolis","23307","13127","2","0","1","0",,,,,"2","0"
"1610847","2026-09-27","9/27/2026 9:00:00 PM","FT","1037","Paraibano 2","Brazil","2026","Regular Season - 5","Serrano PB","Picuiense","7836","22364","1","1",,,,,,,"1","1"
"1634912","2026-09-27","9/27/2026 9:00:00 PM","FT","759","Liga Mayor","Dominican-Republic","2026","Regular Season - 8","Universidad O&M","Salcedo","16141","25556","1","2","0","2",,,,,"1","2"
"1635937","2026-09-27","9/27/2026 9:00:00 PM","FT","300","Segunda División","Venezuela","2026","Regular Season - 24","Dinamo de Puerto La Cruz","Bolívar","2858","21231","2","1","1","1",,,,,"2","1"
"1636665","2026-09-27","9/27/2026 9:00:00 PM","FT","200","Botola Pro","Morocco","2026","Regular Season - 1","Kawkab Marrakech","Hassania Agadir","971","973","2","3","1","1",,,,,"2","3"
"1638185","2026-09-27","9/27/2026 9:00:00 PM","FT","130","Copa Argentina","Argentina","2026","Quarter-finals","Racing Club","Boca Juniors","436","451","2","3","1","0",,,,,"2","3"
"1640091","2026-09-27","9/27/2026 9:00:00 PM","FT","1229","Liga Women","Peru","2026","Clausura - 11","Alianza Lima W","FBC Melgar W","20518","27775","1","0","0","0",,,,,"1","0"
"1641143","2026-09-27","9/27/2026 9:00:00 PM","PEN","1124","Cearense - 3","Brazil","2026","Final","Acopiara","Vila Real","28315","26142","1","1","0","0",,,"4","1","1","1"
"1642874","2026-09-27","9/27/2026 9:00:00 PM","FT","667","Friendlies Clubs","World","2026","Club Friendly","Uberlandia","Mirassol","1196","7848","0","4","0","2",,,,,"0","4"
"1643245","2026-09-27","9/27/2026 9:00:00 PM","FT","1115","Paraense A3","Brazil","2026","Quarter-finals","Parauapebas","Sport Belem","10689","26858","2","0",,,,,,,"2","0"
"1635841","2026-09-27","9/27/2026 9:15:00 PM","FT","1232","Copa De La Liga","Peru","2026","Semi-finals","ADT","Sporting Cristal","10492","2546","0","1","0","1",,,,,"0","1"
"1640272","2026-09-27","9/27/2026 9:15:00 PM","FT","282","Segunda División","Peru","2026","Promotion Group - 1","Union Comercio","Molinos El Pirata","2552","2556","2","0","1","0",,,,,"2","0"
"1636698","2026-09-27","9/27/2026 9:30:00 PM","FT","243","Liga Pro Serie B","Ecuador","2026","Relegation Group - 5","Santo Domingo","Gualaceo SC","19414","1986","0","1","0","0",,,,,"0","1"
"1637602","2026-09-27","9/27/2026 9:30:00 PM","FT","10","Friendlies","World","2026","Friendly International","Bolivia","Paraguay","2381","2380","0","2","0","1",,,,,"0","2"
"1638393","2026-09-27","9/27/2026 9:30:00 PM","FT","267","Copa Chile","Chile","2026","Round of 16","Universidad de Chile","Everton de Vina","2323","2325","1","1","1","0",,,,,"1","1"
"1641891","2026-09-27","9/27/2026 9:30:00 PM","FT","322","Premier League","Jamaica","2026","Regular Season - 3","Cavalier","Arnett Gardens","3437","3436","3","2","2","1",,,,,"3","2"
"1641892","2026-09-27","9/27/2026 9:30:00 PM","FT","322","Premier League","Jamaica","2026","Regular Season - 3","Dunbeholden","Mount Pleasant Academy","3438","3442","0","2","0","2",,,,,"0","2"
"1641893","2026-09-27","9/27/2026 9:30:00 PM","FT","322","Premier League","Jamaica","2026","Regular Season - 3","Molynes United","Tru-Juice","6407","28416","0","1","0","0",,,,,"0","1"
"1641894","2026-09-27","9/27/2026 9:30:00 PM","FT","322","Premier League","Jamaica","2026","Regular Season - 3","Portmore United","Humble Lions","3443","3440","4","1","0","0",,,,,"4","1"
"1641895","2026-09-27","9/27/2026 9:30:00 PM","FT","322","Premier League","Jamaica","2026","Regular Season - 3","Tivoli Gardens","Chapelton","3445","20597","1","1","1","1",,,,,"1","1"
"1498841","2026-09-27","9/27/2026 10:00:00 PM","FT","129","Primera Nacional","Argentina","2026","Regular Season - 31","Gimnasia Y Tiro","Atletico DE Rafaela","1928","465","1","0","1","0",,,,,"1","0"
"1508562","2026-09-27","9/27/2026 10:00:00 PM","FT","254","NWSL Women","USA","2026","Group Stage","Bay FC W","Orlando Pride W","22943","3000","1","3","1","1",,,,,"1","3"
"1549798","2026-09-27","9/27/2026 10:00:00 PM","FT","239","Primera A","Colombia","2026","Clausura - 12","Jaguares","Alianza Valledupar","1133","1141","1","2","1","1",,,,,"1","2"
"1559650","2026-09-27","9/27/2026 10:00:00 PM","FT","339","Liga Nacional","Guatemala","2026","Regular Season - 11","Mixco","Antigua GFC","3645","3656","3","1","2","0",,,,,"3","1"
"1583774","2026-09-27","9/27/2026 10:00:00 PM","FT","304","Liga Panameña de Fútbol","Panama","2026","Apertura - 10","Union Cocle","Plaza Amador","27364","2883","1","2","0","1",,,,,"1","2"
"1600606","2026-09-27","9/27/2026 10:00:00 PM","FT","370","Primera Division","El-Salvador","2026","Apertura - 12","Alianza","Inca Aruba","4299","28019","1","1","1","0",,,,,"1","1"
"1600609","2026-09-27","9/27/2026 10:00:00 PM","FT","370","Primera Division","El-Salvador","2026","Apertura - 12","Platense","Fuerte San Francisco","19763","22157","0","0","0","0",,,,,"0","0"
"1601445","2026-09-27","9/27/2026 10:00:00 PM","FT","163","Liga de Ascenso","Costa-Rica","2026","Regular Season - 9","AD Cofutpa","Santa Cruz FC","2055","26550","3","1","2","1",,,,,"3","1"
"1641141","2026-09-27","9/27/2026 10:00:00 PM","FT","268","Primera División","Uruguay","2026","Clausura - 8","Defensor Sporting","Danubio","2350","2352","1","0","1","0",,,,,"1","0"
"1619690","2026-09-27","9/27/2026 10:15:00 PM","FT","964","Copa de la División Profesional","Bolivia","2026","Group Stage - 5","Bolívar","Blooming","3702","3701","3","0","0","0",,,,,"3","0"
"1520894","2026-09-27","9/27/2026 10:30:00 PM","FT","72","Serie B","Brazil","2026","Regular Season - 30","Fortaleza EC","Athletic Club","154","13975","2","2","1","1",,,,,"2","2"
"1637847","2026-09-27","9/27/2026 10:30:00 PM","FT","75","Serie C","Brazil","2026","Second Stage - 4","Brusque","Ferroviária","1211","7826","1","1","1","0",,,,,"1","1"
"1639720","2026-09-27","9/27/2026 10:30:00 PM","FT","1138","Paranaense - 3","Brazil","2026","Semi-finals","City London","Cambé","26724","24823","2","1","1","0",,,,,"2","1"
"1549643","2026-09-27","9/27/2026 11:00:00 PM","FT","240","Primera B","Colombia","2026","Clausura - 11","Barranquilla","Real Cundinamarca","1466","22099","0","1","0","1",,,,,"0","1"
"1631741","2026-09-27","9/27/2026 11:00:00 PM","PEN","722","Liga Premier Serie A","Mexico","2026","Apertura - 5","Delfines Coatzacoalcos","Dragones de Oaxaca","28303","26393","3","3","2","0",,,,,"3","3"
"1631743","2026-09-27","9/27/2026 11:00:00 PM","FT","722","Liga Premier Serie A","Mexico","2026","Apertura - 5","Acambaro","Artesanos Metepec","22051","22049","2","3","0","1",,,,,"2","3"
"1631744","2026-09-27","9/27/2026 11:00:00 PM","FT","722","Liga Premier Serie A","Mexico","2026","Apertura - 5","Guerreros","Correcaminos UAT II","26426","17782","3","0","2","0",,,,,"3","0"
"1634910","2026-09-27","9/27/2026 11:00:00 PM","FT","759","Liga Mayor","Dominican-Republic","2026","Regular Season - 8","Cibao","Jarabacoa","8004","16140","3","0","1","0",,,,,"3","0"
"1641282","2026-09-27","9/27/2026 11:00:00 PM","FT","134","Torneo Federal A","Argentina","2026","Quarter-finals","Sol de América","Cipolletti","3982","1949","1","0","0","0",,,,,"1","0"
"1643246","2026-09-27","9/27/2026 11:00:00 PM","FT","1115","Paraense A3","Brazil","2026","Quarter-finals","Tesla","Pedreira","23745","23744","4","1",,,,,,,"4","1"
"1641896","2026-09-27","9/27/2026 11:05:00 PM","FT","322","Premier League","Jamaica","2026","Regular Season - 3","Racing United","Montego Bay United","25020","3441","0","1","0","1",,,,,"0","1"
"1641279","2026-09-27","9/27/2026 11:30:00 PM","FT","134","Torneo Federal A","Argentina","2026","Quarter-finals","Atenas","San Martin Formosa","21043","1935","0","1","0","0",,,,,"0","1"
"1490510","2026-09-28","9/28/2026 12:00:00 AM","FT","253","Major League Soccer","USA","2026","Regular Season - 27","Columbus Crew","Inter Miami","1613","9568","2","1","1","1",,,,,"2","1"
"1494016","2026-09-28","9/28/2026 12:00:00 AM","FT","489","USL League One","USA","2026","Group Stage","One Knoxville","Westchester SC","18905","25488","0","0","0","0",,,,,"0","0"
"1508563","2026-09-28","9/28/2026 12:00:00 AM","FT","254","NWSL Women","USA","2026","Group Stage","Utah Royals W","North Carolina Courage W","3004","2999","2","1","1","1",,,,,"2","1"
"1600610","2026-09-28","9/28/2026 12:00:00 AM","FT","370","Primera Division","El-Salvador","2026","Apertura - 12","Municipal Limeño","FAS","4306","4302","1","3","0","0",,,,,"1","3"
"1638394","2026-09-28","9/28/2026 12:00:00 AM","FT","267","Copa Chile","Chile","2026","Round of 16","Deportes Santa Cruz","O'Higgins","2346","2320","1","3","0","1",,,,,"1","3"
"1639951","2026-09-28","9/28/2026 12:00:00 AM","FT","536","CONCACAF Nations League","World","2025","League A - 1","Haiti","Costa Rica","2386","29","2","0","2","0",,,,,"2","0"
"1640284","2026-09-28","9/28/2026 12:00:00 AM","FT","269","Segunda División","Uruguay","2026","2nd Phase - 20","Sportivo Huracan","Miramar","2377","2373","2","1","0","1",,,,,"2","1"
"1549797","2026-09-28","9/28/2026 12:05:00 AM","FT","239","Primera A","Colombia","2026","Clausura - 12","Fortaleza FC","Deportes Tolima","1147","1142","2","2","0","1",,,,,"2","2"
"1583775","2026-09-28","9/28/2026 12:15:00 AM","FT","304","Liga Panameña de Fútbol","Panama","2026","Apertura - 10","Veraguas","Sporting San Miguelito","15620","2889","1","1","0","1",,,,,"1","1"
"1619691","2026-09-28","9/28/2026 12:30:00 AM","FT","964","Copa de la División Profesional","Bolivia","2026","Group Stage - 5","Real Tomayapo","Real Oruro","15708","20252","2","1","1","1",,,,,"2","1"
"1630314","2026-09-28","9/28/2026 12:30:00 AM","FT","1150","Gaúcho - 3","Brazil","2026","Regular Season - 4","Clube 1992","Futebol Com Vida","26746","23290","1","2","1","2",,,,,"1","2"
"1498840","2026-09-28","9/28/2026 1:00:00 AM","FT","129","Primera Nacional","Argentina","2026","Regular Season - 31","Gimnasia Jujuy","San Martin Tucuman","479","485","2","2","0","2",,,,,"2","2"
"1639952","2026-09-28","9/28/2026 1:00:00 AM","FT","536","CONCACAF Nations League","World","2025","League A - 1","Curaçao","Nicaragua","5530","5164","6","1","5","0",,,,,"6","1"
"1639953","2026-09-28","9/28/2026 1:00:00 AM","FT","536","CONCACAF Nations League","World","2025","League B - 1","Dominica","Puerto Rico","5531","5539","0","2","0","2",,,,,"0","2"
"1603377","2026-09-28","9/28/2026 1:06:00 AM","FT","673","Liga MX Femenil","Mexico","2026","Regular Season - 9","Tigres UANL W","Atlético San Luis W","14884","14874","1","1","0","1",,,,,"1","1"
"1550982","2026-09-28","9/28/2026 2:00:00 AM","FT","262","Liga MX","Mexico","2026","Apertura - 10","Leon","FC Juarez","2289","2298","2","1","0","0",,,,,"2","1"
"1639954","2026-09-28","9/28/2026 2:00:00 AM","FT","536","CONCACAF Nations League","World","2025","League A - 1","Trinidad and Tobago","Dominican Republic","5168","5532","1","2","1","1",,,,,"1","2"
"1641897","2026-09-28","9/28/2026 2:05:00 AM","FT","322","Premier League","Jamaica","2026","Regular Season - 3","Waterhouse","Treasure Beach","3447","22606","2","0","2","0",,,,,"2","0"
"1549706","2026-09-28","9/28/2026 2:10:00 AM","FT","239","Primera A","Colombia","2026","Clausura - 3","Deportivo Cali","Águilas Doradas","1127","1144","2","0","1","0",,,,,"2","0"
"1550983","2026-09-28","9/28/2026 4:10:00 AM","FT","262","Liga MX","Mexico","2026","Apertura - 10","Necaxa","Club America","2288","2287","2","4","2","2",,,,,"2","4"
"1636776","2026-09-28","9/28/2026 10:00:00 AM","FT","1031","Premier League","Bhutan","2026","Regular Season","Tensung","RTC","5590","19005","1","5","1","4",,,,,"1","5"
"1641708","2026-09-28","9/28/2026 10:00:00 AM","FT","1247","FIFA Asean Cup","World","2026","Division 1 - 2","Singapore","Bangladesh","1546","1560","1","0","1","0",,,,,"1","0"
"1638592","2026-09-28","9/28/2026 10:30:00 AM","CANC","10","Friendlies","World","2026","Friendly International","Turkmenistan","Palestine","1539","1562",,,,,,,,,,
"1581920","2026-09-28","9/28/2026 11:00:00 AM","FT","334","Persha Liga","Ukraine","2026","Regular Season - 9","Polissya II","Kolos Kovalivka II","24589","24585","0","3","0","1",,,,,"0","3"
"1629000","2026-09-28","9/28/2026 11:25:00 AM","FT","10","Friendlies","World","2026","Friendly International","Japan","Venezuela","12","2379","2","1","0","0",,,,,"2","1"
"1628999","2026-09-28","9/28/2026 12:00:00 PM","FT","10","Friendlies","World","2026","Friendly International","South Korea","Uruguay","17","7","1","4","0","3",,,,,"1","4"
"1638596","2026-09-28","9/28/2026 1:00:00 PM","FT","10","Friendlies","World","2026","Friendly International","Tajikistan","Palestine","1536","1562","2","4","2","2",,,,,"2","4"
"1642248","2026-09-28","9/28/2026 1:00:00 PM","FT","1015","CAF U23 Cup of Nations","World","2027","Quarter-finals","Kenya U23","Tanzania U23","17125","17127","4","1","2","0",,,,,"4","1"
"1641709","2026-09-28","9/28/2026 1:30:00 PM","FT","1247","FIFA Asean Cup","World","2026","Division 1 - 2","Malaysia","Indonesia","1538","1571","0","0","0","0",,,,,"0","0"
"1554171","2026-09-28","9/28/2026 2:00:00 PM","FT","287","Prva Liga","Serbia","2026","Regular Season - 11","Grafičar","Teleoptik","4252","2645","4","1","3","1",,,,,"4","1"
"1636926","2026-09-28","9/28/2026 2:00:00 PM","FT","494","Super League 2","Greece","2026","Regular Season - 4","Kallithea","Asteras Tripolis II","2095","25017","2","0","0","0",,,,,"2","0"
"1636929","2026-09-28","9/28/2026 2:00:00 PM","FT","494","Super League 2","Greece","2026","Regular Season - 4","Marko","Panthrakikos","12403","2090","2","1","1","0",,,,,"2","1"
"1643247","2026-09-28","9/28/2026 2:00:00 PM","FT","1115","Paraense A3","Brazil","2026","Quarter-finals","Belenense","Gavião","23742","15610","1","0",,,,,,,"1","0"
"1632808","2026-09-28","9/28/2026 2:30:00 PM","FT","291","Azadegan League","Iran","2026","Regular Season - 3","Ario Eslamshahr","Havadar","20801","15541","2","0","1","0",,,,,"2","0"
"1632809","2026-09-28","9/28/2026 2:30:00 PM","FT","291","Azadegan League","Iran","2026","Regular Season - 3","Mes Soongoun","Mes Kerman","22236","2718","1","1","1","0",,,,,"1","1"
"1632810","2026-09-28","9/28/2026 2:30:00 PM","FT","291","Azadegan League","Iran","2026","Regular Season - 3","Saipa","Niroye Zamini","2736","7502","2","1","1","0",,,,,"2","1"
"1638593","2026-09-28","9/28/2026 3:00:00 PM","FT","10","Friendlies","World","2026","Friendly International","England U17","Israel U17","17949","18914","2","1","0","1",,,,,"2","1"
"1640067","2026-09-28","9/28/2026 3:00:00 PM","FT","10","Friendlies","World","2026","Friendly International","Kyrgyzstan","Maldives","1554","1549","5","0","5","0",,,,,"5","0"
"1640827","2026-09-28","9/28/2026 3:00:00 PM","FT","10","Friendlies","World","2026","Friendly International","Serbia U18","Russia U18","22437","25280","0","2","0","1",,,,,"0","2"
"1642249","2026-09-28","9/28/2026 3:00:00 PM","CANC","1015","CAF U23 Cup of Nations","World","2027","Quarter-finals","Comoros U23","Madagascar U23","28453","20550",,,,,,,,,,
"1642250","2026-09-28","9/28/2026 3:00:00 PM","CANC","1015","CAF U23 Cup of Nations","World","2027","Quarter-finals","Ethiopia U23","Andorra U17","17124","17937",,,,,,,,,,
"1642890","2026-09-28","9/28/2026 3:00:00 PM","FT","667","Friendlies Clubs","World","2026","Club Friendlies","Maribor","HNK Gorica","552","1068","1","1","1","1",,,,,"1","1"
"1641854","2026-09-28","9/28/2026 3:40:00 PM","FT","560","Presidents Cup","United-Arab-Emirates","2026","Round of 64","Al Arabi","Al Thaid","9135","9138","2","0","1","0",,,,,"2","0"
"1641855","2026-09-28","9/28/2026 3:40:00 PM","FT","560","Presidents Cup","United-Arab-Emirates","2026","Round of 64","Ittifaq","Al Urooba","26612","9139","1","2","0","1",,,,,"1","2"
"1561148","2026-09-28","9/28/2026 4:00:00 PM","FT","506","2. liga","Slovakia","2026","Regular Season - 10","Žilina II","Humenné","10546","14068","0","0","0","0",,,,,"0","0"
"1598637","2026-09-28","9/28/2026 4:00:00 PM","FT","701","Liga Revelação U23","Portugal","2026","Regular Season - 1","Leixões U23","Vizela U23","15465","17475","2","2","0","0",,,,,"2","2"
"1628529","2026-09-28","9/28/2026 4:00:00 PM","FT","399","NPFL","Nigeria","2027","Regular Season - 6","Ranchers Bees","Rivers United","28169","5192","0","0","0","0",,,,,"0","0"
"1630822","2026-09-28","9/28/2026 4:00:00 PM","FT","1196","Division One League","Ghana","2026","Regular Season - 2","Steadfast","Tamale City","21092","20023","2","1","0","0",,,,,"2","1"
"1639139","2026-09-28","9/28/2026 4:00:00 PM","FT","677","QSL Cup","Qatar","2026","Group Stage - 2","Al Kharaitiyat","Al Wakrah","2894","2900","1","1","0","1",,,,,"1","1"
"1640068","2026-09-28","9/28/2026 4:00:00 PM","FT","10","Friendlies","World","2026","Friendly International","Slovakia U19","Poland U19","10347","10376","1","2","1","0",,,,,"1","2"
"1642251","2026-09-28","9/28/2026 4:00:00 PM","CANC","1015","CAF U23 Cup of Nations","World","2027","Quarter-finals","Sao Tome and Principe U23","Equatorial Guinea U23","28455","28454",,,,,,,,,,
"1642891","2026-09-28","9/28/2026 4:00:00 PM","FT","667","Friendlies Clubs","World","2026","Club Friendlies","Petrovac","Mladost DG","3741","16749","0","1","0","1",,,,,"0","1"
"1632811","2026-09-28","9/28/2026 4:30:00 PM","FT","291","Azadegan League","Iran","2026","Regular Season - 3","Naft Bandar Abbas","Naft Gachsaran","24800","10399","0","0","0","0",,,,,"0","0"
"1632812","2026-09-28","9/28/2026 4:30:00 PM","FT","291","Azadegan League","Iran","2026","Regular Season - 3","Pars Jonoubi JAM","Naft Masjed Soleyman","2702","2707","3","2","2","1",,,,,"3","2"
"1641853","2026-09-28","9/28/2026 4:30:00 PM","FT","423","Ligue 1","Burkina-Faso","2026","Regular Season - 2","Vitesse","ASFA-Yennenga","17923","8563","1","0","0","0",,,,,"1","0"
"1497433","2026-09-28","9/28/2026 5:00:00 PM","FT","779","3. Division - Girone 6","Norway","2026","Regular Season - 21","Raelingen","Lyn II","27278","25499","1","0","1","0",,,,,"1","0"
"1528902","2026-09-28","9/28/2026 5:00:00 PM","FT","5","UEFA Nations League","World","2026","League B - 2","Georgia","Ukraine","1104","772","0","0","0","0",,,,,"0","0"
"1528903","2026-09-28","9/28/2026 5:00:00 PM","FT","5","UEFA Nations League","World","2026","League C - 2","Armenia","Montenegro","1094","1109","2","3","1","2",,,,,"2","3"
"1545605","2026-09-28","9/28/2026 5:00:00 PM","FT","5","UEFA Nations League","World","2026","League C - 2","Latvia","Cyprus","1092","1106","0","0","0","0",,,,,"0","0"
"1545843","2026-09-28","9/28/2026 5:00:00 PM","FT","36","Africa Cup of Nations - Qualification","World","2027","Group Stage - 2","Central African Republic","Burkina Faso","1527","1502","0","1","0","0",,,,,"0","1"
"1545846","2026-09-28","9/28/2026 5:00:00 PM","FT","36","Africa Cup of Nations - Qualification","World","2027","Group Stage - 2","Equatorial Guinea","Sierra Leone","1521","1499","1","0","1","0",,,,,"1","0"
"1545861","2026-09-28","9/28/2026 5:00:00 PM","FT","36","Africa Cup of Nations - Qualification","World","2027","Group Stage - 2","Zimbabwe","Congo DR","1522","1508","1","2","0","2",,,,,"1","2"
"1554170","2026-09-28","9/28/2026 5:00:00 PM","FT","287","Prva Liga","Serbia","2026","Regular Season - 11","Dubočica","Javor","12312","2653","1","1","0","1",,,,,"1","1"
"1554173","2026-09-28","9/28/2026 5:00:00 PM","FT","287","Prva Liga","Serbia","2026","Regular Season - 11","Naftagas","Jedinstvo Ub","19839","12319","3","0","1","0",,,,,"3","0"
"1554319","2026-09-28","9/28/2026 5:00:00 PM","FT","287","Prva Liga","Serbia","2026","Regular Season - 11","OFK Bor 1919","Metalac GM","26409","2647","0","2","0","1",,,,,"0","2"
"1555156","2026-09-28","9/28/2026 5:00:00 PM","FT","382","Liga Leumit","Israel","2026","Regular Season - 7","Hapoel Kfar Saba","Bnei Yehuda","4497","4508","1","2","1","1",,,,,"1","2"
"1555157","2026-09-28","9/28/2026 5:00:00 PM","FT","382","Liga Leumit","Israel","2026","Regular Season - 7","Hapoel Kfar Shalem","Maccabi Kabilio Jaffa","6160","6192","3","1","1","0",,,,,"3","1"
"1555160","2026-09-28","9/28/2026 5:00:00 PM","FT","382","Liga Leumit","Israel","2026","Regular Season - 7","Maccabi Kiryat Gat","Kafr Qasim","6194","4493","0","1","0","0",,,,,"0","1"
"1350168","2026-09-28","9/28/2026 5:30:00 PM","FT","850","UEFA U21 Championship - Qualification","World","2027","Group Stage - 20","Denmark U21","Belarus U21","8189","8182","2","0","0","0",,,,,"2","0"
"1555161","2026-09-28","9/28/2026 5:45:00 PM","FT","382","Liga Leumit","Israel","2026","Regular Season - 7","Maccabi Bnei Raina","Hapoel Ra'anana","6186","4509","1","2","1","2",,,,,"1","2"
"1497067","2026-09-28","9/28/2026 6:00:00 PM","FT","777","3. Division - Girone 4","Norway","2026","Regular Season - 21","Haugesund II","Hinna","18439","6997","2","4","2","2",,,,,"2","4"
"1558948","2026-09-28","9/28/2026 6:00:00 PM","FT","374","2. SNL","Slovenia","2026","Regular Season - 8","Rudar","Dravinja","4361","16302","3","1","2","0",,,,,"3","1"
"1642252","2026-09-28","9/28/2026 6:00:00 PM","FT","1015","CAF U23 Cup of Nations","World","2027","Quarter-finals","Mauritania U23","Congo DR U23","20552","17121","1","0","1","0",,,,,"1","0"
"1642253","2026-09-28","9/28/2026 6:00:00 PM","CANC","1015","CAF U23 Cup of Nations","World","2027","Quarter-finals","Sierra Leone U23","Burkina Faso U23","20559","20542",,,,,,,,,,
"1639140","2026-09-28","9/28/2026 6:15:00 PM","FT","677","QSL Cup","Qatar","2026","Group Stage - 2","Al-Sailiya","Al-Rayyan SC","2898","2897","1","1","0","0",,,,,"1","1"
"1639141","2026-09-28","9/28/2026 6:15:00 PM","FT","677","QSL Cup","Qatar","2026","Group Stage - 2","Al Shahaniya","Al-Duhail SC","2893","2904","1","3","0","1",,,,,"1","3"
"1605265","2026-09-28","9/28/2026 6:45:00 PM","FT","1155","Carioca B2","Brazil","2026","Group Stage - 5","Barra Mansa","Búzios","17926","25962","1","0","1","0",,,,,"1","0"
"1499656","2026-09-28","9/28/2026 7:00:00 PM","FT","131","Primera B Metropolitana","Argentina","2026","Regular Season - 37","Flandria","Dock Sud","471","2429","1","2","0","0",,,,,"1","2"
"1500127","2026-09-28","9/28/2026 7:00:00 PM","FT","132","Primera C","Argentina","2026","Regular Season - 30","Centro Español","Defensores de Cambaceres","8390","8392","2","0","1","0",,,,,"2","0"
"1500132","2026-09-28","9/28/2026 7:00:00 PM","FT","132","Primera C","Argentina","2026","Regular Season - 30","JJ Urquiza","Leandro N. Alem","8378","1940","1","2","1","1",,,,,"1","2"
"1500191","2026-09-28","9/28/2026 7:00:00 PM","FT","132","Primera C","Argentina","2026","Regular Season - 30","Leones de Rosario","Lujan","27282","1958","0","1","0","0",,,,,"0","1"
"1554172","2026-09-28","9/28/2026 7:00:00 PM","FT","287","Prva Liga","Serbia","2026","Regular Season - 11","Loznica","FK Spartak Zdrepceva KRV","12323","2251","2","0","2","0",,,,,"2","0"
"1619150","2026-09-28","9/28/2026 7:00:00 PM","FT","703","Professional Development League","England","2026","Regular Season","Swansea City U21","Queens Park Rangers U21","11912","20085","4","2","3","0",,,,,"4","2"
"1628851","2026-09-28","9/28/2026 7:00:00 PM","FT","871","Premier League Cup","England","2026","Group Stage","Exeter U21","Norwich City U21","24847","7200","1","3","0","2",,,,,"1","3"
"1569943","2026-09-28","9/28/2026 7:30:00 PM","FT","141","Segunda División","Spain","2026","Regular Season - 7","Leganes","Castellón","537","5254","0","2","0","1",,,,,"0","2"
"1528904","2026-09-28","9/28/2026 7:45:00 PM","FT","5","UEFA Nations League","World","2026","League A - 2","Belgium","France","1","2","0","1","0","0",,,,,"0","1"
"1528905","2026-09-28","9/28/2026 7:45:00 PM","FT","5","UEFA Nations League","World","2026","League A - 2","Türkiye","Italy","777","768","1","4","0","3",,,,,"1","4"
"1528906","2026-09-28","9/28/2026 7:45:00 PM","FT","5","UEFA Nations League","World","2026","League B - 2","Northern Ireland","Hungary","771","769","0","0","0","0",,,,,"0","0"
"1528907","2026-09-28","9/28/2026 7:45:00 PM","FT","5","UEFA Nations League","World","2026","League B - 2","Sweden","Poland","5","24","3","1","1","1",,,,,"3","1"
"1528908","2026-09-28","9/28/2026 7:45:00 PM","FT","5","UEFA Nations League","World","2026","League B - 2","Romania","Bosnia & Herzegovina","774","1113","2","4","1","3",,,,,"2","4"
"1545840","2026-09-28","9/28/2026 8:00:00 PM","FT","36","Africa Cup of Nations - Qualification","World","2027","Group Stage - 2","Tunisia","Botswana","28","1520","2","2","1","1",,,,,"2","2"
"1639955","2026-09-28","9/28/2026 8:00:00 PM","FT","536","CONCACAF Nations League","World","2025","League B - 2","Guadeloupe","Barbados","10983","5527","2","2","0","0",,,,,"2","2"
"1632017","2026-09-28","9/28/2026 8:30:00 PM","FT","252","Division Profesional - Clausura","Paraguay","2026","Clausura - 12","Club Sp. San Lorenzo","Deportivo Recoleta","2125","10476","0","0","0","0",,,,,"0","0"
"1640776","2026-09-28","9/28/2026 9:00:00 PM","FT","251","Division Intermedia","Paraguay","2026","Regular Season - 26","Atlético Tembetary","Paraguari AC","10474","27627","2","1","2","0",,,,,"2","1"
"1549646","2026-09-28","9/28/2026 9:30:00 PM","FT","240","Primera B","Colombia","2026","Clausura - 11","Ind. Yumbo","Orsomarso","27411","1469","4","3","1","0",,,,,"4","3"
"1549647","2026-09-28","9/28/2026 10:00:00 PM","FT","240","Primera B","Colombia","2026","Clausura - 11","Internacional Palmira","Leones FC","23326","1143","1","0","1","0",,,,,"1","0"
"1639956","2026-09-28","9/28/2026 10:00:00 PM","FT","536","CONCACAF Nations League","World","2025","League B - 3","Cuba","Bonaire","2388","10982","2","0","1","0",,,,,"2","0"
"1603378","2026-09-28","9/28/2026 10:45:00 PM","FT","673","Liga MX Femenil","Mexico","2026","Regular Season - 9","Atlante W","Pumas UNAM W","28036","14870","0","0","0","0",,,,,"0","0"
"1632014","2026-09-28","9/28/2026 11:00:00 PM","FT","252","Division Profesional - Clausura","Paraguay","2026","Clausura - 12","Libertad Asuncion","Olimpia","1179","1182","0","1","0","1",,,,,"0","1"
"1639957","2026-09-28","9/28/2026 11:00:00 PM","FT","536","CONCACAF Nations League","World","2025","League A - 2","Suriname","Martinique","8171","8117","2","1","0","0",,,,,"2","1"
"1640285","2026-09-28","9/28/2026 11:00:00 PM","FT","269","Segunda División","Uruguay","2026","2nd Phase - 20","Paysandu","Tacuarembo","19410","2374","2","2","1","2",,,,,"2","2"
"1640777","2026-09-28","9/28/2026 11:15:00 PM","FT","251","Division Intermedia","Paraguay","2026","Regular Season - 26","Guairena FC","Fernando De La Mora","2138","2130","0","2","0","0",,,,,"0","2"
"1520890","2026-09-28","9/28/2026 11:30:00 PM","FT","72","Serie B","Brazil","2026","Regular Season - 30","America Mineiro","Juventude","125","152","0","1","0","0",,,,,"0","1"
"1549648","2026-09-29","9/29/2026 12:00:00 AM","FT","240","Primera B","Colombia","2026","Clausura - 11","Quindio","Bogota FC","1461","1458","1","0","0","0",,,,,"1","0"
"1603379","2026-09-29","9/29/2026 12:00:00 AM","FT","673","Liga MX Femenil","Mexico","2026","Regular Season - 9","León W","América W","14877","14868","0","5","0","2",,,,,"0","5"
"1641142","2026-09-29","9/29/2026 12:00:00 AM","FT","268","Primera División","Uruguay","2026","Clausura - 8","Wanderers","Albion FC","2360","2378","2","1","2","0",,,,,"2","1"
"1639958","2026-09-29","9/29/2026 1:00:00 AM","FT","536","CONCACAF Nations League","World","2025","League A - 2","Jamaica","Honduras","2385","4672","0","1","0","1",,,,,"0","1"
"1639959","2026-09-29","9/29/2026 1:00:00 AM","FT","536","CONCACAF Nations League","World","2025","League B - 3","St. Kitts and Nevis","Grenada","5536","5533","3","0","2","0",,,,,"3","0"
"1639960","2026-09-29","9/29/2026 1:00:00 AM","FT","536","CONCACAF Nations League","World","2025","League B - 2","St. Lucia","Bermuda","5540","5158","5","2","3","1",,,,,"5","2"
"1583776","2026-09-29","9/29/2026 2:00:00 AM","FT","304","Liga Panameña de Fútbol","Panama","2026","Apertura - 10","Alianza FC","Independiente de La Chorrera","2881","2890","2","0","0","0",,,,,"2","0"
"1601444","2026-09-29","9/29/2026 2:00:00 AM","FT","163","Liga de Ascenso","Costa-Rica","2026","Regular Season - 9","Cariari Pococi","CS Uruguay","2052","2058","1","1","1","0",,,,,"1","1"
"1603380","2026-09-29","9/29/2026 2:06:00 AM","FT","673","Liga MX Femenil","Mexico","2026","Regular Season - 9","Necaxa W","Toluca W","14880","14885","0","4","0","1",,,,,"0","4"
"1639961","2026-09-29","9/29/2026 3:00:00 AM","FT","536","CONCACAF Nations League","World","2025","League A - 2","Guatemala","El Salvador","5161","5159","6","0","3","0",,,,,"6","0"
"1635980","2026-09-29","9/29/2026 3:05:00 AM","FT","1242","Primera Premier","Mexico","2026","Regular Season - 5","Jaguares de Chiapas","Racing de Veracruz","2293","22046","1","1","0","1",,,,,"1","1"
"1641081","2026-09-29","9/29/2026 5:00:00 AM","FT","666","Friendlies Women","World","2026","Friendly International Women","Papua New Guinea W","Solomon Islands W","19932","19934","5","1","2","0",,,,,"5","1"
"1642007","2026-09-29","9/29/2026 7:00:00 AM","FT","1245","Asian Games Women","World","2026","Semi-finals","Korea DPR W","China W","21343","1723","2","0","0","0",,,,,"2","0"
"1641082","2026-09-29","9/29/2026 8:00:00 AM","FT","666","Friendlies Women","World","2026","Friendly International Women","Fiji W","New Caledonia W","19418","22603","1","0","0","0",,,,,"1","0"
"1640226","2026-09-29","9/29/2026 10:00:00 AM","PST","811","Federation Cup","Bangladesh","2026","Group Stage","Dhaka Wanderers","Bashundhara Kings","25415","5012",,,,,,,,,,
"1640227","2026-09-29","9/29/2026 10:00:00 AM","PST","811","Federation Cup","Bangladesh","2026","Group Stage","Bangladesh Police","City Club","10106","28429",,,,,,,,,,
"1640263","2026-09-29","9/29/2026 10:00:00 AM","FT","1201","IFA Shield","India","2026","Group Stage","ATK Mohun Bagan","NorthEast United","15516","3479","1","1","0","0",,,,,"1","1"
"1641710","2026-09-29","9/29/2026 10:00:00 AM","FT","1247","FIFA Asean Cup","World","2026","Division 1 - 2","Philippines","Pakistan","1555","5535","2","2","2","0",,,,,"2","2"
"1632086","2026-09-29","9/29/2026 10:30:00 AM","FT","890","U20 Elite League","World","2026","Group Stage","France U20","England U20","10287","10309","1","2","0","2",,,,,"1","2"
"1641080","2026-09-29","9/29/2026 10:30:00 AM","FT","666","Friendlies Women","World","2026","Friendly International Women","Botswana W","Namibia W","16925","16939","4","1","2","0",,,,,"4","1"
"1583654","2026-09-29","9/29/2026 11:00:00 AM","FT","10","Friendlies","World","2026","Friendly International","Australia","Brazil","20","6","2","4","2","2",,,,,"2","4"
"1632085","2026-09-29","9/29/2026 11:00:00 AM","FT","890","U20 Elite League","World","2026","Group Stage","Portugal U20","Switzerland U20","10299","25281","1","2","0","2",,,,,"1","2"
"1638186","2026-09-29","9/29/2026 11:00:00 AM","FT","101","J-League Cup","Japan","2026","Round of 64","Ehime FC","FC Tokyo","318","292","0","2","0","1",,,,,"0","2"
"1638187","2026-09-29","9/29/2026 11:00:00 AM","FT","101","J-League Cup","Japan","2026","Round of 64","Fujieda MYFC","Cerezo Osaka","4317","291","1","2","0","1",,,,,"1","2"
"1638188","2026-09-29","9/29/2026 11:00:00 AM","FT","101","J-League Cup","Japan","2026","Round of 64","Consadole Sapporo","Fagiano Okayama","279","310","1","2","0","1",,,,,"1","2"
"1638189","2026-09-29","9/29/2026 11:00:00 AM","FT","101","J-League Cup","Japan","2026","Round of 64","Kanazawa","Shimizu S-pulse","300","283","0","2","0","0",,,,,"0","2"
"1638190","2026-09-29","9/29/2026 11:00:00 AM","FT","101","J-League Cup","Japan","2026","Round of 64","Roasso Kumamoto","Kawasaki Frontale","314","294","0","1","0","0",,,,,"0","1"
"1638191","2026-09-29","9/29/2026 11:00:00 AM","FT","101","J-League Cup","Japan","2026","Round of 64","Kitakyushu","Nagoya Grampus","805","288","1","3","0","2",,,,,"1","3"
"1638192","2026-09-29","9/29/2026 11:00:00 AM","AET","101","J-League Cup","Japan","2026","Round of 64","Osaka","Avispa Fukuoka","7138","316","1","1","0","0","0","1",,,"1","2"
"1638193","2026-09-29","9/29/2026 11:00:00 AM","FT","101","J-League Cup","Japan","2026","Round of 64","Tochigi City","Sanfrecce Hiroshima","7145","282","0","2","0","2",,,,,"0","2"
"1638194","2026-09-29","9/29/2026 11:00:00 AM","FT","101","J-League Cup","Japan","2026","Round of 64","Kataller Toyama","Urawa","4322","287","2","3","0","1",,,,,"2","3"
"1638195","2026-09-29","9/29/2026 11:00:00 AM","FT","101","J-League Cup","Japan","2026","Round of 64","FC Gifu","Yokohama FC","297","307","1","2","1","0",,,,,"1","2"
"1639001","2026-09-29","9/29/2026 11:00:00 AM","FT","101","J-League Cup","Japan","2026","Round of 64","Jubilo Iwata","JEF United Chiba","280","301","4","2","2","1",,,,,"4","2"
"1639002","2026-09-29","9/29/2026 11:00:00 AM","FT","101","J-League Cup","Japan","2026","Round of 64","Fukushima United","Mito Hollyhock","4318","305","0","7","0","5",,,,,"0","7"
"1639003","2026-09-29","9/29/2026 11:00:00 AM","AET","101","J-League Cup","Japan","2026","Round of 64","Sagan Tosu","Tokyo Verdy","295","306","1","1","0","0","1","0",,,"2","1"
"1639004","2026-09-29","9/29/2026 11:00:00 AM","FT","101","J-League Cup","Japan","2026","Round of 64","Gainare Tottori","V-varen Nagasaki","4319","285","2","0","0","0",,,,,"2","0"
"1639005","2026-09-29","9/29/2026 11:00:00 AM","FT","101","J-League Cup","Japan","2026","Round of 64","Matsumoto Yamaga","Albirex Niigata","304","311","1","0","1","0",,,,,"1","0"
"1639006","2026-09-29","9/29/2026 11:00:00 AM","FT","101","J-League Cup","Japan","2026","Round of 64","Montedio Yamagata","Yokohama F. Marinos","312","296","1","2","0","1",,,,,"1","2"
"1640828","2026-09-29","9/29/2026 11:00:00 AM","FT","10","Friendlies","World","2026","Friendly International","USA U19","Wales U19","25282","10353","2","0","1","0",,,,,"2","0"
"1642967","2026-09-29","9/29/2026 11:00:00 AM","FT","10","Friendlies","World","2026","Friendly International","Romania U18","Turkey U18","21477","19075","2","0","1","0",,,,,"2","0"
"1642008","2026-09-29","9/29/2026 11:30:00 AM","FT","1245","Asian Games Women","World","2026","Semi-finals","Japan W","South Korea W","1720","1728","2","0","0","0",,,,,"2","0"
"1642968","2026-09-29","9/29/2026 11:30:00 AM","FT","10","Friendlies","World","2026","Friendly International","Italy U18","Denmark U18","19071","22428","3","1","1","1",,,,,"3","1"
"1642969","2026-09-29","9/29/2026 11:30:00 AM","FT","10","Friendlies","World","2026","Friendly International","Ukraine U17","Turkey U17","17983","17982","0","2",,,,,,,"0","2"
"1528780","2026-09-29","9/29/2026 12:00:00 PM","FT","170","League One","China","2026","Regular Season - 18","Wuxi Wugou","Ningbo Professional","17269","27556","1","0","0","0",,,,,"1","0"
"1598641","2026-09-29","9/29/2026 12:00:00 PM","FT","701","Liga Revelação U23","Portugal","2026","Regular Season - 1","Santa Clara U23","Felgueiras U23","21719","28013","2","2","1","0",,,,,"2","2"
"1632349","2026-09-29","9/29/2026 12:00:00 PM","FT","10","Friendlies","World","2026","Friendly International","Netherlands U17","United States U17","12514","12522","1","2","0","1",,,,,"1","2"
"1559436","2026-09-29","9/29/2026 1:00:00 PM","FT","886","UEFA U17 Championship - Qualification","World","2027","Group Stage - 1","Gibraltar U17","Bosnia-Herzegovina U17","17955","17943","1","9","0","3",,,,,"1","9"
"1559437","2026-09-29","9/29/2026 1:00:00 PM","FT","886","UEFA U17 Championship - Qualification","World","2027","Group Stage - 1","Greece U17","Iceland U17","17956","17957","2","3","2","2",,,,,"2","3"
"1619151","2026-09-29","9/29/2026 1:00:00 PM","FT","703","Professional Development League","England","2026","Regular Season","Charlton Athletic U21","Millwall U21","20082","20095","1","0","0","0",,,,,"1","0"
"1619152","2026-09-29","9/29/2026 1:00:00 PM","FT","703","Professional Development League","England","2026","Regular Season","Coventry City U21","Colchester United U21","20092","20083","1","0","1","0",,,,,"1","0"
"1619153","2026-09-29","9/29/2026 1:00:00 PM","FT","703","Professional Development League","England","2026","Regular Season","Hull City U21","Bolton Wanderers Res.","20084","19877","1","2","0","0",,,,,"1","2"
"1619154","2026-09-29","9/29/2026 1:00:00 PM","FT","703","Professional Development League","England","2026","Regular Season","Peterborough United U21","Fleetwood Town U21","20018","22173","0","1","0","1",,,,,"0","1"
"1619155","2026-09-29","9/29/2026 1:00:00 PM","FT","703","Professional Development League","England","2026","Regular Season","Wigan Athletic U21","Huddersfield Town U21","20097","20017","2","1","1","0",,,,,"2","1"
"1636777","2026-09-29","9/29/2026 1:00:00 PM","FT","1031","Premier League","Bhutan","2026","Regular Season","Drukpa","Transport United","27725","5593","1","1","1","0",,,,,"1","1"
"1642970","2026-09-29","9/29/2026 1:00:00 PM","FT","10","Friendlies","World","2026","Friendly International","Moldova U19","Cyprus U19","10373","10360","0","1","0","0",,,,,"0","1"
"1641711","2026-09-29","9/29/2026 1:30:00 PM","FT","1247","FIFA Asean Cup","World","2026","Division 1 - 2","Thailand","Vietnam","1564","1542","2","0","1","0",,,,,"2","0"
"1642971","2026-09-29","9/29/2026 1:30:00 PM","FT","10","Friendlies","World","2026","Friendly International","Bulgaria U19","Romania U19","10328","10378","0","1","0","0",,,,,"0","1"
"1545841","2026-09-29","9/29/2026 2:00:00 PM","FT","36","Africa Cup of Nations - Qualification","World","2027","Group Stage - 2","Burundi","Algeria","1528","1532","2","2","2","1",,,,,"2","2"
"1545844","2026-09-29","9/29/2026 2:00:00 PM","FT","36","Africa Cup of Nations - Qualification","World","2027","Group Stage - 2","Comoros","Namibia","1524","1493","1","0","0","0",,,,,"1","0"
"1545848","2026-09-29","9/29/2026 2:00:00 PM","FT","36","Africa Cup of Nations - Qualification","World","2027","Group Stage - 2","Ethiopia","Senegal","1506","13","0","1","0","1",,,,,"0","1"
"1545853","2026-09-29","9/29/2026 2:00:00 PM","FT","36","Africa Cup of Nations - Qualification","World","2027","Group Stage - 2","Lesotho","Morocco","1518","31","0","2","0","1",,,,,"0","2"
"1545856","2026-09-29","9/29/2026 2:00:00 PM","FT","36","Africa Cup of Nations - Qualification","World","2027","Group Stage - 2","Mozambique","Sudan","1512","1510","4","1","1","0",,,,,"4","1"
"1545858","2026-09-29","9/29/2026 2:00:00 PM","FT","36","Africa Cup of Nations - Qualification","World","2027","Group Stage - 2","South Sudan","Egypt","1496","32","0","5","0","1",,,,,"0","5"
"1642254","2026-09-29","9/29/2026 2:00:00 PM","FT","1015","CAF U23 Cup of Nations","World","2027","Quarter-finals","Uganda U23","Eswatini U23","17128","20544","0","1",,,,,,,"0","1"
"1642892","2026-09-29","9/29/2026 2:00:00 PM","FT","667","Friendlies Clubs","World","2026","Club Friendlies","Jagiellonia","Suduva Marijampole","336","612","5","0",,,,,,,"5","0"
"1632813","2026-09-29","9/29/2026 2:30:00 PM","FT","291","Azadegan League","Iran","2026","Regular Season - 3","Mes Rafsanjan","Be'sat Kermanshah","2706","20802","1","0","1","0",,,,,"1","0"
"1639247","2026-09-29","9/29/2026 2:30:00 PM","FT","680","Cup","Slovakia","2026","Round of 32","Inter Bratislava","Podbrezová","10547","3548","0","2","0","1",,,,,"0","2"
"1350174","2026-09-29","9/29/2026 3:00:00 PM","FT","850","UEFA U21 Championship - Qualification","World","2027","Group Stage - 20","Slovenia U21","Israel U21","8231","8200","2","3","1","1",,,,,"2","3"
"1545855","2026-09-29","9/29/2026 3:00:00 PM","FT","36","Africa Cup of Nations - Qualification","World","2027","Group Stage - 2","Madagascar","Tanzania","1490","1489","1","1","0","1",,,,,"1","1"
"1589736","2026-09-29","9/29/2026 3:00:00 PM","FT","794","3. SNL - East","Slovenia","2026","East - 10","Podvinci","Ljutomer","16304","20344","2","1","1","0",,,,,"2","1"
"1637603","2026-09-29","9/29/2026 3:00:00 PM","FT","10","Friendlies","World","2026","Friendly International","England U19","Norway U19","10332","10342","2","1","2","0",,,,,"2","1"
"1640508","2026-09-29","9/29/2026 3:30:00 PM","FT","10","Friendlies","World","2026","Friendly International","Serbia U19","Hungary U19","10346","10365","0","4","0","3",,,,,"0","4"
"1641856","2026-09-29","9/29/2026 3:35:00 PM","FT","560","Presidents Cup","United-Arab-Emirates","2026","Round of 64","Al Fujairah SC","Al Jazira Al Hamra","2880","13265","4","1","3","0",,,,,"4","1"
"1641857","2026-09-29","9/29/2026 3:40:00 PM","PEN","560","Presidents Cup","United-Arab-Emirates","2026","Round of 64","Palm City","Dibba Al Hisn","27995","9140","1","1","0","1",,,"3","5","1","1"
"1350171","2026-09-29","9/29/2026 4:00:00 PM","FT","850","UEFA U21 Championship - Qualification","World","2027","Group Stage - 20","Iceland U21","Switzerland U21","8199","8226","5","1","2","0",,,,,"5","1"
"1639142","2026-09-29","9/29/2026 4:00:00 PM","FT","677","QSL Cup","Qatar","2026","Group Stage - 2","Al-Khor","UMM Salal","2901","2899","0","2","0","0",,,,,"0","2"
"1632087","2026-09-29","9/29/2026 4:30:00 PM","FT","890","U20 Elite League","World","2026","Group Stage","Germany U20","Italy U20","10310","10289","3","0","1","0",,,,,"3","0"
"1350170","2026-09-29","9/29/2026 5:00:00 PM","FT","850","UEFA U21 Championship - Qualification","World","2027","Group Stage - 20","Estonia U21","France U21","8191","8194","0","2","0","1",,,,,"0","2"
"1350173","2026-09-29","9/29/2026 5:00:00 PM","FT","850","UEFA U21 Championship - Qualification","World","2027","Group Stage - 20","Norway U21","Bosnia-Herzegovina U21","8214","8184","6","1","2","1",,,,,"6","1"
"1528912","2026-09-29","9/29/2026 5:00:00 PM","FT","5","UEFA Nations League","World","2026","League C - 2","Finland","Belarus","1099","1100","0","0","0","0",,,,,"0","0"
"1528914","2026-09-29","9/29/2026 5:00:00 PM","FT","5","UEFA Nations League","World","2026","League C - 2","Moldova","Faroe Islands","1114","1098","1","1","0","1",,,,,"1","1"
"1545842","2026-09-29","9/29/2026 5:00:00 PM","FT","36","Africa Cup of Nations - Qualification","World","2027","Group Stage - 2","Cape Verde Islands","Rwanda","1533","1514","1","2","1","1",,,,,"1","2"
"1545850","2026-09-29","9/29/2026 5:00:00 PM","FT","36","Africa Cup of Nations - Qualification","World","2027","Group Stage - 2","Ghana","Gambia","1504","1492","2","4","2","2",,,,,"2","4"
"1545852","2026-09-29","9/29/2026 5:00:00 PM","FT","36","Africa Cup of Nations - Qualification","World","2027","Group Stage - 2","Guinea-Bissau","Nigeria","1513","19","3","0","1","0",,,,,"3","0"
"1545859","2026-09-29","9/29/2026 5:00:00 PM","FT","36","Africa Cup of Nations - Qualification","World","2027","Group Stage - 2","Uganda","Libya","1519","1526","1","0","1","0",,,,,"1","0"
"1545860","2026-09-29","9/29/2026 5:00:00 PM","FT","36","Africa Cup of Nations - Qualification","World","2027","Group Stage - 2","Zambia","Togo","1507","1534","2","0","1","0",,,,,"2","0"
"1554175","2026-09-29","9/29/2026 5:00:00 PM","FT","287","Prva Liga","Serbia","2026","Regular Season - 11","FK Vozdovac","Napredak","2658","2655","0","0","0","0",,,,,"0","0"
"1582133","2026-09-29","9/29/2026 5:00:00 PM","FT","638","Kvindeliga","Denmark","2026","Regular Season - 9","Odense Q W","AGF W","13984","14243","1","0","1","0",,,,,"1","0"
"1632084","2026-09-29","9/29/2026 5:00:00 PM","FT","890","U20 Elite League","World","2026","Group Stage","Poland U20","Czechia U20","10298","18047","2","0","0","0",,,,,"2","0"
"1632350","2026-09-29","9/29/2026 5:00:00 PM","FT","10","Friendlies","World","2026","Friendly International","Russia","Iran","4","22","2","0","2","0",,,,,"2","0"
"1640046","2026-09-29","9/29/2026 5:00:00 PM","FT","667","Friendlies Clubs","World","2026","Club Friendlies","Hertha Zehlendorf","Hertha BSC","12786","159","1","3","1","1",,,,,"1","3"
"1545839","2026-09-29","9/29/2026 6:00:00 PM","FT","36","Africa Cup of Nations - Qualification","World","2027","Group Stage - 2","Benin","Mauritania","1516","1491","2","1","1","0",,,,,"2","1"
"1586219","2026-09-29","9/29/2026 6:00:00 PM","FT","83","Regionalliga - Bayern","Germany","2026","Bayern - 9","SpVgg Unterhaching","Buchbach","1314","9326","2","2","2","1",,,,,"2","2"
"1636788","2026-09-29","9/29/2026 6:00:00 PM","FT","737","Svenska Cupen - Women","Sweden","2026","Round 2","Hu Ge W","Uppsala W","28064","11082","0","3","0","3",,,,,"0","3"
"1636790","2026-09-29","9/29/2026 6:00:00 PM","FT","737","Svenska Cupen - Women","Sweden","2026","Round 2","Jitex W","Vittsjö W","16005","11083","1","5","0","2",,,,,"1","5"
"1636792","2026-09-29","9/29/2026 6:00:00 PM","AET","737","Svenska Cupen - Women","Sweden","2026","Round 2","Linköping W","Norrköping W","11080","16008","2","2","1","1","0","1",,,"2","3"
"1639143","2026-09-29","9/29/2026 6:15:00 PM","FT","677","QSL Cup","Qatar","2026","Group Stage - 2","Al-Markhiya","Al Ahli Doha","2908","2896","1","1","0","0",,,,,"1","1"
"1639144","2026-09-29","9/29/2026 6:15:00 PM","FT","677","QSL Cup","Qatar","2026","Group Stage - 2","Al Waab","Lusail City","7577","7527","1","1","1","0",,,,,"1","1"
"1642972","2026-09-29","9/29/2026 6:15:00 PM","FT","10","Friendlies","World","2026","Friendly International","Portugal U18","Uzbekistan U18","19073","27067","2","0","0","0",,,,,"2","0"
"1580209","2026-09-29","9/29/2026 6:30:00 PM","FT","744","Oberliga - Schleswig-Holstein","Germany","2026","Schleswig-Holstein - 7","Hohenwestedt","Eckernförder SV","21943","16068","1","2","0","1",,,,,"1","2"
"1637936","2026-09-29","9/29/2026 6:30:00 PM","FT","25","Gulf Cup of Nations","World","2026","Group Stage - 3","Saudi Arabia","Iraq","23","1567","2","0","0","0",,,,,"2","0"
"1637937","2026-09-29","9/29/2026 6:30:00 PM","FT","25","Gulf Cup of Nations","World","2026","Group Stage - 3","Oman","Kuwait","1552","1570","3","1","0","1",,,,,"3","1"
"1566303","2026-09-29","9/29/2026 6:45:00 PM","FT","745","Oberliga - Hamburg","Germany","2026","Hamburg - 3","Teutonia Ottensen","Buchholz","12878","12746","6","3","2","1",,,,,"6","3"
"1350169","2026-09-29","9/29/2026 7:00:00 PM","FT","850","UEFA U21 Championship - Qualification","World","2027","Group Stage - 20","Belgium U21","Wales U21","8183","8229","1","0","1","0",,,,,"1","0"
"1350172","2026-09-29","9/29/2026 7:00:00 PM","FT","850","UEFA U21 Championship - Qualification","World","2027","Group Stage - 20","Republic of Ireland U21","Kazakhstan U21","8217","8202","4","3","2","2",,,,,"4","3"
"1500129","2026-09-29","9/29/2026 7:00:00 PM","FT","132","Primera C","Argentina","2026","Regular Season - 30","Deportivo Muñiz","El Porvenir","8393","8384","3","2","1","2",,,,,"3","2"
"1585266","2026-09-29","9/29/2026 7:00:00 PM","FT","43","National League","England","2026","Regular Season - 11","Boreham Wood","Kidderminster Harriers","1830","4695","3","1","2","0",,,,,"3","1"
"1612056","2026-09-29","9/29/2026 7:00:00 PM","FT","906","Reserve League","Argentina","2026","Clausura - 11","Banfield Res.","Atlético Tucumán Res.","18679","18678","1","1","0","0",,,,,"1","1"
"1612060","2026-09-29","9/29/2026 7:00:00 PM","FT","906","Reserve League","Argentina","2026","Clausura - 11","Estudiantes La Plata Res","Defensa y Justicia Res.","18685","18684","2","0","1","0",,,,,"2","0"
"1612068","2026-09-29","9/29/2026 7:00:00 PM","FT","906","Reserve League","Argentina","2026","Clausura - 11","San Lorenzo Res.","Aldosivi Res.","18697","18676","3","2","1","0",,,,,"3","2"
"1612071","2026-09-29","9/29/2026 7:00:00 PM","FT","906","Reserve League","Argentina","2026","Clausura - 11","Tigre Res.","Gimnasia La Plata Res.","18700","18686","2","1","2","0",,,,,"2","1"
"1640220","2026-09-29","9/29/2026 7:00:00 PM","FT","1086","Paulista - U20","Brazil","2026","Round of 32","Juventus U20","Gremio Prudente U20","13021","23475","4","0","3","0",,,,,"4","0"
"1641763","2026-09-29","9/29/2026 7:00:00 PM","FT","1067","Torneo Promocional Amateur","Argentina","2026","Semi-finals","Deportivo Metalurgico","SAT Moreno","23098","23106","1","1","1","1",,,,,"1","1"
"1641764","2026-09-29","9/29/2026 7:00:00 PM","FT","1067","Torneo Promocional Amateur","Argentina","2026","Semi-finals","Uribelarrea","Defensores Glew","27796","23097","0","0","0","0",,,,,"0","0"
"1642255","2026-09-29","9/29/2026 7:00:00 PM","FT","1015","CAF U23 Cup of Nations","World","2027","Quarter-finals","Tunisia U23","Benin U23","20562","20540","2","0","0","0",,,,,"2","0"
"1496497","2026-09-29","9/29/2026 7:15:00 PM","FT","774","3. Division - Girone 1","Norway","2026","Regular Season - 17","Union Carl Berner","KFUM II","23423","21420","1","1","0","0",,,,,"1","1"
"1597354","2026-09-29","9/29/2026 7:30:00 PM","FT","60","Non League Premier - Southern South","England","2026","Regular Season - 9","Wimborne Town","Yate Town","7758","7762","4","0","3","0",,,,,"4","0"
"1612055","2026-09-29","9/29/2026 7:30:00 PM","FT","906","Reserve League","Argentina","2026","Clausura - 11","Atl. Rafaela 2","Ferro 2","27412","26250","3","2","2","0",,,,,"3","2"
"1528909","2026-09-29","9/29/2026 7:45:00 PM","FT","5","UEFA Nations League","World","2026","League A - 2","Spain","Croatia","9","3","4","1","2","1",,,,,"4","1"
"1528910","2026-09-29","9/29/2026 7:45:00 PM","FT","5","UEFA Nations League","World","2026","League A - 2","Czechia","England","770","10","0","2","0","0",,,,,"0","2"
"1528911","2026-09-29","9/29/2026 7:45:00 PM","FT","5","UEFA Nations League","World","2026","League C - 2","San Marino","Albania","1115","778","0","3","0","2",,,,,"0","3"
"1528913","2026-09-29","9/29/2026 7:45:00 PM","FT","5","UEFA Nations League","World","2026","League C - 2","Slovakia","Kazakhstan","773","1095","2","1","1","1",,,,,"2","1"
"1528915","2026-09-29","9/29/2026 7:45:00 PM","FT","5","UEFA Nations League","World","2026","League C - 2","Bulgaria","Estonia","1103","1101","0","0","0","0",,,,,"0","0"
"1545606","2026-09-29","9/29/2026 7:45:00 PM","FT","5","UEFA Nations League","World","2026","League C - 2","Luxembourg","Iceland","1102","18","0","3","0","2",,,,,"0","3"
"1545651","2026-09-29","9/29/2026 7:45:00 PM","FT","5","UEFA Nations League","World","2026","League B - 2","Scotland","Switzerland","1108","15","0","3","0","1",,,,,"0","3"
"1545661","2026-09-29","9/29/2026 7:45:00 PM","FT","5","UEFA Nations League","World","2026","League B - 2","Slovenia","FYR Macedonia","1091","1105","2","0","0","0",,,,,"2","0"
"1575955","2026-09-29","9/29/2026 7:45:00 PM","FT","110","Premier League","Wales","2026","Regular Season - 9","Cardiff MET","Haverfordwest County AFC","353","2194","1","0","0","0",,,,,"1","0"
"1585257","2026-09-29","9/29/2026 7:45:00 PM","FT","43","National League","England","2026","Regular Season - 11","AFC Fylde","Carlisle","1839","1371","0","2","0","1",,,,,"0","2"
"1585258","2026-09-29","9/29/2026 7:45:00 PM","FT","43","National League","England","2026","Regular Season - 11","Barrow","Scunthorpe","1819","1340","3","0","0","0",,,,,"3","0"
"1585259","2026-09-29","9/29/2026 7:45:00 PM","FT","43","National League","England","2026","Regular Season - 11","FC Halifax Town","Boston United","1841","8146","1","1","0","1",,,,,"1","1"
"1585260","2026-09-29","9/29/2026 7:45:00 PM","FT","43","National League","England","2026","Regular Season - 11","Forest Green","Wealdstone","1378","8663","1","1","1","1",,,,,"1","1"
"1585261","2026-09-29","9/29/2026 7:45:00 PM","FT","43","National League","England","2026","Regular Season - 11","Gateshead","Altrincham","1823","4700","0","1","0","1",,,,,"0","1"
"1585262","2026-09-29","9/29/2026 7:45:00 PM","FT","43","National League","England","2026","Regular Season - 11","Hartlepool","Harrogate Town","1366","1842","0","1","0","0",,,,,"0","1"
"1585263","2026-09-29","9/29/2026 7:45:00 PM","FT","43","National League","England","2026","Regular Season - 11","AFC Hornchurch","Aldershot Town","7690","1818","2","1","1","1",,,,,"2","1"
"1585264","2026-09-29","9/29/2026 7:45:00 PM","FT","43","National League","England","2026","Regular Season - 11","Woking","Solihull Moors","1836","1834","2","4","2","3",,,,,"2","4"
"1585265","2026-09-29","9/29/2026 7:45:00 PM","FT","43","National League","England","2026","Regular Season - 11","Yeovil Town","Worthing","1377","7761","1","1","0","1",,,,,"1","1"
"1587754","2026-09-29","9/29/2026 7:45:00 PM","FT","50","National League - North","England","2026","National League North - 5","Brackley Town","South Shields","4701","7746","3","2","2","1",,,,,"3","2"
"1588265","2026-09-29","9/29/2026 7:45:00 PM","FT","51","National League - South","England","2026","National League South - 1","Slough Town","Ebbsfleet United","4685","1840","1","1","0","0",,,,,"1","1"
"1593559","2026-09-29","9/29/2026 7:45:00 PM","FT","182","Challenge Cup","Scotland","2026","Group Stage - 2","Forfar Athletic","Formartine United","4250","6768","2","0","2","0",,,,,"2","0"
"1595942","2026-09-29","9/29/2026 7:45:00 PM","FT","58","Non League Premier - Isthmian","England","2026","Regular Season - 5","Maldon & Tiptree","Cray Wanderers","7654","7711","1","5","0","3",,,,,"1","5"
"1595982","2026-09-29","9/29/2026 7:45:00 PM","FT","58","Non League Premier - Isthmian","England","2026","Regular Season - 9","Dartford","Whitehawk","4690","4713","2","1","1","1",,,,,"2","1"
"1595983","2026-09-29","9/29/2026 7:45:00 PM","FT","58","Non League Premier - Isthmian","England","2026","Regular Season - 9","Dulwich Hamlet","Aveley","8149","7207","2","0","1","0",,,,,"2","0"
"1596441","2026-09-29","9/29/2026 7:45:00 PM","FT","59","Non League Premier - Northern","England","2026","Regular Season - 10","Alfreton Town","Guiseley AFC","4677","1824","1","0","1","0",,,,,"1","0"
"1596445","2026-09-29","9/29/2026 7:45:00 PM","FT","59","Non League Premier - Northern","England","2026","Regular Season - 10","AFC Emley","Workington","11936","7265","1","3","1","0",,,,,"1","3"
"1596446","2026-09-29","9/29/2026 7:45:00 PM","FT","59","Non League Premier - Northern","England","2026","Regular Season - 10","Ilkeston Town","Rylands","7236","8918","0","1","0","0",,,,,"0","1"
"1596451","2026-09-29","9/29/2026 7:45:00 PM","FT","59","Non League Premier - Northern","England","2026","Regular Season - 10","Whitby Town","Lancaster City","7757","7726","1","2","1","1",,,,,"1","2"
"1596892","2026-09-29","9/29/2026 7:45:00 PM","FT","931","Non League Premier - Southern Central","England","2026","Regular Season - 9","Alvechurch","Stourbridge","7692","4710","0","0","0","0",,,,,"0","0"
"1596893","2026-09-29","9/29/2026 7:45:00 PM","FT","931","Non League Premier - Southern Central","England","2026","Regular Season - 9","Banbury United","Stratford Town","7696","7750","2","3","1","1",,,,,"2","3"
"1596894","2026-09-29","9/29/2026 7:45:00 PM","FT","931","Non League Premier - Southern Central","England","2026","Regular Season - 9","Bishop's Stortford","Bury Town","7701","7622","1","2","0","1",,,,,"1","2"
"1596895","2026-09-29","9/29/2026 7:45:00 PM","FT","931","Non League Premier - Southern Central","England","2026","Regular Season - 9","Bromsgrove Sporting","Leamington","7705","8656","1","1","1","1",,,,,"1","1"
"1596896","2026-09-29","9/29/2026 7:45:00 PM","FT","931","Non League Premier - Southern Central","England","2026","Regular Season - 9","Halesowen Town","Rushall Olympic","7644","7743","1","0","1","0",,,,,"1","0"
"1596897","2026-09-29","9/29/2026 7:45:00 PM","FT","931","Non League Premier - Southern Central","England","2026","Regular Season - 9","Hitchin Town","Leighton Town","4682","8846","1","0","1","0",,,,,"1","0"
"1596898","2026-09-29","9/29/2026 7:45:00 PM","FT","931","Non League Premier - Southern Central","England","2026","Regular Season - 9","Kettering Town","Anstey Nomads","8654","8681","4","1","4","1",,,,,"4","1"
"1596899","2026-09-29","9/29/2026 7:45:00 PM","FT","931","Non League Premier - Southern Central","England","2026","Regular Season - 9","Needham Market","Stamford","7735","4709","4","0","4","0",,,,,"4","0"
"1596900","2026-09-29","9/29/2026 7:45:00 PM","FT","931","Non League Premier - Southern Central","England","2026","Regular Season - 9","Peterborough Sports","Redditch United","7737","7741","2","2","0","1",,,,,"2","2"
"1596901","2026-09-29","9/29/2026 7:45:00 PM","FT","931","Non League Premier - Southern Central","England","2026","Regular Season - 9","Racing Club Warwick","Worcester City","8904","9010","2","2","0","1",,,,,"2","2"
"1596902","2026-09-29","9/29/2026 7:45:00 PM","FT","931","Non League Premier - Southern Central","England","2026","Regular Season - 9","Real Bedford","Leiston","21712","7727","3","2","0","0",,,,,"3","2"
"1597355","2026-09-29","9/29/2026 7:45:00 PM","FT","60","Non League Premier - Southern South","England","2026","Regular Season - 9","Bath City","Malvern Town","8657","8870","2","1","0","1",,,,,"2","1"
"1597356","2026-09-29","9/29/2026 7:45:00 PM","FT","60","Non League Premier - Southern South","England","2026","Regular Season - 9","Chertsey Town","Poole Town","7627","7738","1","3","1","0",,,,,"1","3"
"1597357","2026-09-29","9/29/2026 7:45:00 PM","FT","60","Non League Premier - Southern South","England","2026","Regular Season - 9","Evesham United","Chippenham Town","7640","8147","2","0","1","0",,,,,"2","0"
"1597358","2026-09-29","9/29/2026 7:45:00 PM","FT","60","Non League Premier - Southern South","England","2026","Regular Season - 9","Gloucester City","Plymouth Parkway","8653","8899","1","1","0","1",,,,,"1","1"
"1597359","2026-09-29","9/29/2026 7:45:00 PM","FT","60","Non League Premier - Southern South","England","2026","Regular Season - 9","Hanworth Villa","Chichester City","8811","7628","2","1","2","0",,,,,"2","1"
"1597360","2026-09-29","9/29/2026 7:45:00 PM","FT","60","Non League Premier - Southern South","England","2026","Regular Season - 9","Havant & Wville","Hanwell Town","1843","7645","1","1","0","1",,,,,"1","1"
"1597361","2026-09-29","9/29/2026 7:45:00 PM","FT","60","Non League Premier - Southern South","England","2026","Regular Season - 9","Sholing","Berkhamsted","7668","7214","2","0","0","0",,,,,"2","0"
"1597362","2026-09-29","9/29/2026 7:45:00 PM","FT","60","Non League Premier - Southern South","England","2026","Regular Season - 9","Uxbridge","Basingstoke Town","7257","7615","2","1","1","0",,,,,"2","1"
"1545845","2026-09-29","9/29/2026 8:00:00 PM","FT","36","Africa Cup of Nations - Qualification","World","2027","Group Stage - 2","Congo","Cameroon","1517","1530","1","1","1","0",,,,,"1","1"
"1545849","2026-09-29","9/29/2026 8:00:00 PM","FT","36","Africa Cup of Nations - Qualification","World","2027","Group Stage - 2","Gabon","Niger","1503","1505","2","0","0","0",,,,,"2","0"
"1545854","2026-09-29","9/29/2026 8:00:00 PM","FT","36","Africa Cup of Nations - Qualification","World","2027","Group Stage - 2","Liberia","Mali","1525","1500","0","1","0","0",,,,,"0","1"
"1545857","2026-09-29","9/29/2026 8:00:00 PM","FT","36","Africa Cup of Nations - Qualification","World","2027","Group Stage - 2","Somalia","Ivory Coast","8050","1501","0","2","0","0",,,,,"0","2"
"1619692","2026-09-29","9/29/2026 8:00:00 PM","FT","964","Copa de la División Profesional","Bolivia","2026","Group Stage - 6","Universitario de Vinto","Guabirá","17762","3704","3","1","1","1",,,,,"3","1"
"1639962","2026-09-29","9/29/2026 8:00:00 PM","FT","536","CONCACAF Nations League","World","2025","League C - 1","British Virgin Islands","Turks and Caicos Islands","8168","5169","0","3","0","1",,,,,"0","3"
"1598660","2026-09-29","9/29/2026 8:15:00 PM","FT","701","Liga Revelação U23","Portugal","2026","Regular Season - 3","Rio Ave U23","Penafiel U23","15468","28015","1","0","1","0",,,,,"1","0"
"1639963","2026-09-29","9/29/2026 9:00:00 PM","FT","536","CONCACAF Nations League","World","2025","League C - 3","US Virgin Islands","Bahamas","8172","5157","3","1","2","0",,,,,"3","1"
"1549712","2026-09-29","9/29/2026 9:30:00 PM","FT","239","Primera A","Colombia","2026","Clausura - 3","Deportivo Pereira","Santa Fe","1462","1139","1","2","1","1",,,,,"1","2"
"1600613","2026-09-29","9/29/2026 10:00:00 PM","FT","370","Primera Division","El-Salvador","2026","Apertura - 13","Atletico Balboa","Cacahuatique","28018","24530","0","2","0","1",,,,,"0","2"
"1639964","2026-09-29","9/29/2026 10:00:00 PM","FT","536","CONCACAF Nations League","World","2025","League B - 4","French Guyana","Sint Maarten","8118","10985","1","0","0","0",,,,,"1","0"
"1642246","2026-09-29","9/29/2026 10:00:00 PM","FT","267","Copa Chile","Chile","2026","Quarter-finals","D. Puerto Montt","Colo Colo","2342","2315","0","1","0","0",,,,,"0","1"
"1619693","2026-09-29","9/29/2026 11:00:00 PM","FT","964","Copa de la División Profesional","Bolivia","2026","Group Stage - 6","Real Potosí","ABB","3708","17743","3","1","2","0",,,,,"3","1"
"1520891","2026-09-29","9/29/2026 11:30:00 PM","FT","72","Serie B","Brazil","2026","Regular Season - 30","Botafogo SP","Ponte Preta","2618","139","2","0","2","0",,,,,"2","0"
"1549650","2026-09-30","9/30/2026 12:00:00 AM","FT","240","Primera B","Colombia","2026","Clausura - 11","Union Magdalena","Real Cartagena","1465","1459","1","1","1","1",,,,,"1","1"
"1639965","2026-09-30","9/30/2026 12:00:00 AM","FT","536","CONCACAF Nations League","World","2025","League C - 2","Anguilla","Aruba","8150","8167","0","2","0","0",,,,,"0","2"
"1619694","2026-09-30","9/30/2026 1:00:00 AM","FT","964","Copa de la División Profesional","Bolivia","2026","Group Stage - 6","Aurora","San Antonio Bulo Bulo","3637","17760","2","2","1","1",,,,,"2","2"
"1629002","2026-09-30","9/30/2026 1:00:00 AM","FT","10","Friendlies","World","2026","Friendly International","USA","Chile","2384","2383","4","2","1","1",,,,,"4","2"
"1550632","2026-09-30","9/30/2026 1:30:00 AM","FT","667","Friendlies Clubs","World","2026","Club Friendlies","San Antonio","SV Darmstadt 98","4017","181","0","7","0","4",,,,,"0","7"
"1629001","2026-09-30","9/30/2026 2:00:00 AM","FT","10","Friendlies","World","2026","Friendly International","Mexico","Peru","16","30","1","1","0","1",,,,,"1","1"
"1549719","2026-09-30","9/30/2026 2:05:00 AM","FT","239","Primera A","Colombia","2026","Clausura - 4","Independiente Medellin","Millonarios","1128","1125","2","2","1","2",,,,,"2","2"
"1639966","2026-09-30","9/30/2026 3:00:00 AM","FT","536","CONCACAF Nations League","World","2025","League B - 4","Belize","St. Vincent / Grenadines","5528","5541","0","1","0","1",,,,,"0","1"
"1640509","2026-09-30","9/30/2026 5:00:00 AM","FT","10","Friendlies","World","2026","Friendly International","Papua New Guinea","Solomon Islands","8175","5165","1","1","0","1",,,,,"1","1"
"1640418","2026-09-30","9/30/2026 6:00:00 AM","FT","764","Premier League","Mongolia","2027","Regular Season - 5","Ulaangom City","Hunters","26667","24722","2","4","0","3",,,,,"2","4"
"1642010","2026-09-30","9/30/2026 7:00:00 AM","FT","803","Asian Games","World","2026","Semi-finals","Korea Republic U23","China PR U23","10177","10932","2","1","1","1",,,,,"2","1"
"1640510","2026-09-30","9/30/2026 8:00:00 AM","FT","10","Friendlies","World","2026","Friendly International","Fiji","New Caledonia","5160","5163","2","1","0","1",,,,,"2","1"
"1642893","2026-09-30","9/30/2026 8:30:00 AM","FT","667","Friendlies Clubs","World","2026","Club Friendlies","Arges Pitesti","Cetate Deva","2592","6853","2","1","1","0",,,,,"2","1"
"1640417","2026-09-30","9/30/2026 9:00:00 AM","FT","764","Premier League","Mongolia","2027","Regular Season - 5","Khovd","Ulaanbaatar","18104","16854","0","4","0","0",,,,,"0","4"
"1632351","2026-09-30","9/30/2026 10:00:00 AM","FT","10","Friendlies","World","2026","Friendly International","South Korea U18","England U18","22592","21466","1","2","0","0",,,,,"1","2"
"1640069","2026-09-30","9/30/2026 10:00:00 AM","FT","10","Friendlies","World","2026","Friendly International","Poland U17","Georgia U17","17970","17953","3","1","1","1",,,,,"3","1"
"1640262","2026-09-30","9/30/2026 10:00:00 AM","FT","1201","IFA Shield","India","2026","Group Stage","East Bengal II","Minerva Punjab","21137","3466","0","1","0","1",,,,,"0","1"
"1641712","2026-09-30","9/30/2026 10:00:00 AM","FT","1247","FIFA Asean Cup","World","2026","Division 2 - 3","Timor-Leste","Cambodia","5537","1543","2","2","1","2",,,,,"2","2"
"1642974","2026-09-30","9/30/2026 10:00:00 AM","FT","10","Friendlies","World","2026","Friendly International","Republic of Ireland U17","Czechia U17","17972","17947","3","2","2","0",,,,,"3","2"
"1642975","2026-09-30","9/30/2026 10:00:00 AM","FT","10","Friendlies","World","2026","Friendly International","Scotland U19","Ukraine U19","10345","10352","0","2","0","1",,,,,"0","2"
"1642976","2026-09-30","9/30/2026 10:00:00 AM","FT","10","Friendlies","World","2026","Friendly International","Sweden U19","Czechia U19","10380","10330","2","1","1","0",,,,,"2","1"
"1642973","2026-09-30","9/30/2026 10:15:00 AM","FT","10","Friendlies","World","2026","Friendly International","Finland U19","Germany U19","10333","10336","1","2","1","1",,,,,"1","2"
"1643188","2026-09-30","9/30/2026 11:00:00 AM","FT","10","Friendlies","World","2026","Friendly International","USA U18","Ireland U18","22342","27060","1","1",,,,,,,"1","1"
"1642011","2026-09-30","9/30/2026 11:30:00 AM","PEN","803","Asian Games","World","2026","Semi-finals","Uzbekistan U23","Japan U23","10963","10176","1","1","1","0","0","0","8","9","1","1"
"1621351","2026-09-30","9/30/2026 1:00:00 PM","FT","496","Liga Alef","Israel","2026","North - 5","Maccabi Neve Sha'anan","Tira","6197","6210","2","3","1","2",,,,,"2","3"
"1636778","2026-09-30","9/30/2026 1:00:00 PM","FT","1031","Premier League","Bhutan","2026","Regular Season","Bhutan U19","Thimphu","5433","5591","1","1","0","0",,,,,"1","1"
"1638594","2026-09-30","9/30/2026 1:00:00 PM","CANC","10","Friendlies","World","2026","Friendly International","Mauritius","Djibouti","1497","1535",,,,,,,,,,
"1641713","2026-09-30","9/30/2026 1:00:00 PM","FT","1247","FIFA Asean Cup","World","2026","Division 2 - 3","Hong Kong","Brunei","4460","5538","2","0","0","0",,,,,"2","0"
"1642977","2026-09-30","9/30/2026 1:00:00 PM","FT","10","Friendlies","World","2026","Friendly International","Austria U19","Denmark U19","10326","10331","1","0","1","0",,,,,"1","0"
"1643237","2026-09-30","9/30/2026 1:00:00 PM","FT","666","Friendlies Women","World","2026","Friendly International Women","Ethiopia W","Seychelles W","16928","19933","16","0","7","0",,,,,"16","0"
"1621345","2026-09-30","9/30/2026 1:30:00 PM","FT","496","Liga Alef","Israel","2026","North - 5","Hapoel Ironi Arraba","Hapoel Migdal HaEmek","22334","6164","1","1","1","0",,,,,"1","1"
"1621628","2026-09-30","9/30/2026 1:30:00 PM","FT","496","Liga Alef","Israel","2026","South - 5","Shimshon Tel Aviv","Hapoel Ramat HaSharon","6208","4490","1","2","0","0",,,,,"1","2"
"1559377","2026-09-30","9/30/2026 2:00:00 PM","FT","356","Second League","Montenegro","2026","Regular Season - 9","Mladost Lješkopolje","Jedinstvo","3750","3747","1","1","0","1",,,,,"1","1"
"1559378","2026-09-30","9/30/2026 2:00:00 PM","FT","356","Second League","Montenegro","2026","Regular Season - 9","Iskra","Grbalj","3738","3737","0","1","0","1",,,,,"0","1"
"1559379","2026-09-30","9/30/2026 2:00:00 PM","FT","356","Second League","Montenegro","2026","Regular Season - 9","Mogren","Lovćen","10701","3739","1","2","1","1",,,,,"1","2"
"1559380","2026-09-30","9/30/2026 2:00:00 PM","FT","356","Second League","Montenegro","2026","Regular Season - 9","Rudar","Berane","2258","3743","4","0","1","0",,,,,"4","0"
"1575009","2026-09-30","9/30/2026 2:00:00 PM","FT","1114","Carioca U20","Brazil","2026","Regular Season - 5","Madureira U20","Vasco da Gama U20","20762","12979","0","1","0","0",,,,,"0","1"
"1621626","2026-09-30","9/30/2026 2:00:00 PM","FT","496","Liga Alef","Israel","2026","South - 5","Maccabi Kiryat Malachi","Hapoel Herzliya","6195","6153","0","0","0","0",,,,,"0","0"
"1624049","2026-09-30","9/30/2026 2:00:00 PM","FT","426","Serie D - Girone A","Italy","2026","Group A - 4","Alessandria","Imperia","878","17811","2","1","0","0",,,,,"2","1"
"1640070","2026-09-30","9/30/2026 2:00:00 PM","FT","10","Friendlies","World","2026","Friendly International","Seychelles","Sri Lanka","1515","5166","0","2","0","1",,,,,"0","2"
"1642256","2026-09-30","9/30/2026 2:00:00 PM","FT","1015","CAF U23 Cup of Nations","World","2027","Quarter-finals","Djibouti U23","South Sudan U23","17122","17126","0","3","0","0",,,,,"0","3"
"1636732","2026-09-30","9/30/2026 2:30:00 PM","FT","347","Cup","Czech-Republic","2026","Round of 32","Vsetín","Bohemians 1905","7377","3714","0","5","0","2",,,,,"0","5"
"1641758","2026-09-30","9/30/2026 2:30:00 PM","FT","538","Africa Cup of Nations U20","World","2026","Qualification - 3","Morocco U20","Algeria U20","11039","11017","3","1","0","0",,,,,"3","1"
"1642978","2026-09-30","9/30/2026 2:30:00 PM","FT","10","Friendlies","World","2026","Friendly International","Albania U19","Lithuania U19","10354","10370","3","2","1","0",,,,,"3","2"
"1535646","2026-09-30","9/30/2026 3:00:00 PM","FT","915","1. Division Women","Norway","2026","Regular Season - 15","Bryne W","Kolbotn W","27218","15952","1","0","0","0",,,,,"1","0"
"1624030","2026-09-30","9/30/2026 3:00:00 PM","FT","426","Serie D - Girone A","Italy","2026","Group A - 1","Chisola","Borgosesia","19970","9429","2","2","0","2",,,,,"2","2"
"1637883","2026-09-30","9/30/2026 3:00:00 PM","FT","105","NM Cupen","Norway","2027","Round of 64","Follo","Sarpsborg 08 FF","6985","333","0","2","0","1",,,,,"0","2"
"1638412","2026-09-30","9/30/2026 3:00:00 PM","FT","1191","UEFA Europa Cup - Women","World","2026","1st Qualifying Round - Finals","Aktobe W","Ajax W","26159","1898","1","0","0","0",,,,,"1","0"
"1638415","2026-09-30","9/30/2026 3:00:00 PM","FT","1191","UEFA Europa Cup - Women","World","2026","1st Qualifying Round - Finals","Farul Constanţa W","Sparta Praha W","22192","10925","0","4","0","1",,,,,"0","4"
"1642979","2026-09-30","9/30/2026 3:00:00 PM","FT","10","Friendlies","World","2026","Friendly International","Botswana U23","Mozambique U23","20541","20554","0","2","0","0",,,,,"0","2"
"1642980","2026-09-30","9/30/2026 3:00:00 PM","FT","10","Friendlies","World","2026","Friendly International","Netherlands U18","Norway U18","22435","21474","2","1","0","0",,,,,"2","1"
"1643189","2026-09-30","9/30/2026 3:00:00 PM","FT","10","Friendlies","World","2026","Friendly International","South Africa U23","Algeria U23","10195","10186","0","1","0","0",,,,,"0","1"
"1535719","2026-09-30","9/30/2026 3:30:00 PM","FT","915","1. Division Women","Norway","2026","Regular Season - 18","Arna-Bjørnar W","Frigg Oslo FK W","15954","27637","5","0","0","0",,,,,"5","0"
"1621347","2026-09-30","9/30/2026 3:30:00 PM","FT","496","Liga Alef","Israel","2026","North - 5","Hapoel Bnei Musmus","Maccabi K. Ata Bialik","6149","20291","1","0","0","0",,,,,"1","0"
"1621350","2026-09-30","9/30/2026 3:30:00 PM","FT","496","Liga Alef","Israel","2026","North - 5","Ironi Nesher","Beitar Nahariya","4502","6134","4","1","3","0",,,,,"4","1"
"1559381","2026-09-30","9/30/2026 4:00:00 PM","FT","356","Second League","Montenegro","2026","Regular Season - 9","Zeta","Kom","676","3749","1","3","0","0",,,,,"1","3"
"1602117","2026-09-30","9/30/2026 4:00:00 PM","FT","570","Premier League","Ghana","2026","Regular Season - 2","Medeama","Port City","12255","26805","1","0","1","0",,,,,"1","0"
"1628482","2026-09-30","9/30/2026 4:00:00 PM","FT","399","NPFL","Nigeria","2027","Regular Season - 2","Enyimba","Shooting Stars","5177","5504","4","2","3","0",,,,,"4","2"
"1628484","2026-09-30","9/30/2026 4:00:00 PM","FT","399","NPFL","Nigeria","2027","Regular Season - 2","Katsina United","Rivers United","5184","5192","1","1","0","0",,,,,"1","1"
"1628489","2026-09-30","9/30/2026 4:00:00 PM","FT","399","NPFL","Nigeria","2027","Regular Season - 2","Sporting Lagos","Ikorodu City","22585","24512","0","0","0","0",,,,,"0","0"
"1628490","2026-09-30","9/30/2026 4:00:00 PM","FT","399","NPFL","Nigeria","2027","Regular Season - 2","Warri Wolves","Enugu Rangers","5508","5176","0","1","0","1",,,,,"0","1"
"1642981","2026-09-30","9/30/2026 4:00:00 PM","FT","10","Friendlies","World","2026","Friendly International","Canada U18","Spain U18","26529","19074","0","2","0","0",,,,,"0","2"
"1350175","2026-09-30","9/30/2026 5:00:00 PM","FT","850","UEFA U21 Championship - Qualification","World","2027","Group Stage - 20","Faroe Islands U21","Luxembourg U21","8192","8207","0","1","0","0",,,,,"0","1"
"1350177","2026-09-30","9/30/2026 5:00:00 PM","FT","850","UEFA U21 Championship - Qualification","World","2027","Group Stage - 20","Czech Republic U21","Bulgaria U21","8188","8185","1","0","0","0",,,,,"1","0"
"1350179","2026-09-30","9/30/2026 5:00:00 PM","FT","850","UEFA U21 Championship - Qualification","World","2027","Group Stage - 21","Romania U21","Finland U21","8218","8193","0","2","0","1",,,,,"0","2"
"1350182","2026-09-30","9/30/2026 5:00:00 PM","FT","850","UEFA U21 Championship - Qualification","World","2027","Group Stage - 21","Poland U21","Sweden U21","8215","8225","3","0","1","0",,,,,"3","0"
"1350183","2026-09-30","9/30/2026 5:00:00 PM","FT","850","UEFA U21 Championship - Qualification","World","2027","Group Stage - 21","Malta U21","Germany U21","8208","8196","1","4","1","2",,,,,"1","4"
"1536640","2026-09-30","9/30/2026 5:00:00 PM","FT","650","Second League - Group 3","Russia","2026","Group 3 - 17","Ryazan","Zenit Penza","6823","16866","2","0","1","0",,,,,"2","0"
"1545847","2026-09-30","9/30/2026 5:00:00 PM","FT","36","Africa Cup of Nations - Qualification","World","2027","Group Stage - 2","Eritrea","South Africa","1498","1531","0","5","0","2",,,,,"0","5"
"1610878","2026-09-30","9/30/2026 5:00:00 PM","FT","10","Friendlies","World","2026","Friendly International","Lithuania","Andorra","1097","1110","3","0","2","0",,,,,"3","0"
"1637866","2026-09-30","9/30/2026 5:00:00 PM","FT","105","NM Cupen","Norway","2027","Round of 64","Flint","Sandefjord","6983","332","0","1","0","0",,,,,"0","1"
"1637884","2026-09-30","9/30/2026 5:00:00 PM","FT","105","NM Cupen","Norway","2027","Round of 64","Hønefoss","KFUM Oslo","6998","2143","0","2","0","1",,,,,"0","2"
"1638413","2026-09-30","9/30/2026 5:00:00 PM","FT","1191","UEFA Europa Cup - Women","World","2026","1st Qualifying Round - Finals","Brann W","HJK W","18380","13990","4","0","1","0",,,,,"4","0"
"1638417","2026-09-30","9/30/2026 5:00:00 PM","FT","1191","UEFA Europa Cup - Women","World","2026","1st Qualifying Round - Finals","Fortuna Hjørring W","PSV/Eindhoven W","10890","1895","0","0","0","0",,,,,"0","0"
"1638420","2026-09-30","9/30/2026 5:00:00 PM","FT","1191","UEFA Europa Cup - Women","World","2026","1st Qualifying Round - Finals","Spartak Myjava W","PAOK W","15982","10915","1","1","1","0",,,,,"1","1"
"1638423","2026-09-30","9/30/2026 5:00:00 PM","FT","1191","UEFA Europa Cup - Women","World","2026","1st Qualifying Round - Finals","Rosenborg W","Slovan Liberec W","15956","14846","4","1","3","1",,,,,"4","1"
"1638427","2026-09-30","9/30/2026 5:00:00 PM","FT","1191","UEFA Europa Cup - Women","World","2026","1st Qualifying Round - Finals","Vålerenga W","Feyenoord W","15535","16853","2","1","0","0",,,,,"2","1"
"1642257","2026-09-30","9/30/2026 5:00:00 PM","FT","1015","CAF U23 Cup of Nations","World","2027","Quarter-finals","Angola U23","Namibia U23","20539","20555","1","1","0","0",,,,,"1","1"
"1642258","2026-09-30","9/30/2026 5:00:00 PM","FT","1015","CAF U23 Cup of Nations","World","2027","Quarter-finals","Rwanda U23","Sudan U23","20557","20560","3","0","1","0",,,,,"3","0"
"1642259","2026-09-30","9/30/2026 5:00:00 PM","FT","1015","CAF U23 Cup of Nations","World","2027","Quarter-finals","Togo U23","Libya U23","20561","20549","1","1","0","0",,,,,"1","1"
"1642260","2026-09-30","9/30/2026 5:00:00 PM","FT","1015","CAF U23 Cup of Nations","World","2027","Quarter-finals","Zimbabwe U23","Mauritius U23","28456","20553","2","0","1","0",,,,,"2","0"
"1642894","2026-09-30","9/30/2026 5:00:00 PM","FT","667","Friendlies Clubs","World","2026","Club Friendlies","Kalsdorf","Grazer AK","4946","4256","1","5","1","2",,,,,"1","5"
"1589715","2026-09-30","9/30/2026 5:30:00 PM","FT","794","3. SNL - East","Slovenia","2026","East - 7","Dobrovce","Hajdina","6720","20135","0","3","0","2",,,,,"0","3"
"1638418","2026-09-30","9/30/2026 5:30:00 PM","FT","1191","UEFA Europa Cup - Women","World","2026","1st Qualifying Round - Finals","Eintracht Frankfurt W","FH W","14014","14848","4","1","0","1",,,,,"4","1"
"1638425","2026-09-30","9/30/2026 5:30:00 PM","FT","1191","UEFA Europa Cup - Women","World","2026","1st Qualifying Round - Finals","Sturm Graz W","VfL Wolfsburg W","10232","1863","0","2","0","1",,,,,"0","2"
"1642982","2026-09-30","9/30/2026 5:30:00 PM","FT","10","Friendlies","World","2026","Friendly International","Portugal U19","Netherlands U19","10343","10340","6","1","2","1",,,,,"6","1"
"1638289","2026-09-30","9/30/2026 5:45:00 PM","FT","525","UEFA Champions League Women","World","2026","League Stage - 2","Roma W","Barcelona W","1892","1918","0","6","0","2",,,,,"0","6"
"1638305","2026-09-30","9/30/2026 5:45:00 PM","FT","525","UEFA Champions League Women","World","2026","League Stage - 2","Häcken W","Juventus W","16483","1886","0","3","0","0",,,,,"0","3"
"1638326","2026-09-30","9/30/2026 5:45:00 PM","FT","525","UEFA Champions League Women","World","2026","League Stage - 2","Paris FC W","Arsenal W","1676","1850","2","2","0","1",,,,,"2","2"
"1621627","2026-09-30","9/30/2026 5:50:00 PM","FT","496","Liga Alef","Israel","2026","South - 5","Nordia Jerusalem","Hapoel Hadera","6201","4500","0","4","0","0",,,,,"0","4"
"1621352","2026-09-30","9/30/2026 5:55:00 PM","FT","496","Liga Alef","Israel","2026","North - 5","Hapoel Nazareth Illit","Tzeirey Tamra","4487","20110","2","3","1","1",,,,,"2","3"
"1350180","2026-09-30","9/30/2026 6:00:00 PM","FT","850","UEFA U21 Championship - Qualification","World","2027","Group Stage - 21","Kosovo U21","Cyprus U21","8203","8187","2","1","0","0",,,,,"2","1"
"1601041","2026-09-30","9/30/2026 6:00:00 PM","FT","594","Division 2 - Norrland","Sweden","2026","Norrland - Relegation Round","Umeå FC Akademi","IFK Umeå","12593","12587","6","0","3","0",,,,,"6","0"
"1621621","2026-09-30","9/30/2026 6:00:00 PM","FT","496","Liga Alef","Israel","2026","South - 5","Hapoel Mahane Yehuda","Dimona","6163","6142","2","3","0","2",,,,,"2","3"
"1621625","2026-09-30","9/30/2026 6:00:00 PM","FT","496","Liga Alef","Israel","2026","South - 5","Maccabi Ashdod","Holon Yermiyahu","6184","6171","2","0","1","0",,,,,"2","0"
"1636793","2026-09-30","9/30/2026 6:00:00 PM","FT","737","Svenska Cupen - Women","Sweden","2026","Round 2","Örebro SK W","Eskilstuna United W","16028","11077","0","7","0","3",,,,,"0","7"
"1636795","2026-09-30","9/30/2026 6:00:00 PM","FT","737","Svenska Cupen - Women","Sweden","2026","Round 2","Sunnanå W","Piteå W","19018","10900","0","6","0","4",,,,,"0","6"
"1638414","2026-09-30","9/30/2026 6:00:00 PM","FT","1191","UEFA Europa Cup - Women","World","2026","1st Qualifying Round - Finals","Czarni Sosnowiec W","Breidablik W","16838","10914","1","0","0","0",,,,,"1","0"
"1638416","2026-09-30","9/30/2026 6:00:00 PM","FT","1191","UEFA Europa Cup - Women","World","2026","1st Qualifying Round - Finals","Fenerbahce W","Minsk W","27868","10895","1","0","1","0",,,,,"1","0"
"1638419","2026-09-30","9/30/2026 6:00:00 PM","FT","1191","UEFA Europa Cup - Women","World","2026","1st Qualifying Round - Finals","Malmö FF W","St. Pölten W","21698","10227","3","0","2","0",,,,,"3","0"
"1638422","2026-09-30","9/30/2026 6:00:00 PM","FT","1191","UEFA Europa Cup - Women","World","2026","1st Qualifying Round - Finals","Real Sociedad W","Hearts W","1912","23295","4","0","3","0",,,,,"4","0"
"1641757","2026-09-30","9/30/2026 6:00:00 PM","FT","538","Africa Cup of Nations U20","World","2026","Qualification - 3","Egypt U20","Tunisia U20","11027","11049","2","1","2","0",,,,,"2","1"
"1643190","2026-09-30","9/30/2026 6:00:00 PM","FT","10","Friendlies","World","2026","Friendly International","Konyaspor","Palestine","607","1562","2","2",,,,,,,"2","2"
"1643191","2026-09-30","9/30/2026 6:00:00 PM","FT","10","Friendlies","World","2026","Friendly International","Luxembourg U19","North Macedonia U19","10371","10341","1","0","0","0",,,,,"1","0"
"1587488","2026-09-30","9/30/2026 6:30:00 PM","FT","87","Regionalliga - West","Germany","2026","West - 10","Wiedenbrück","Sportfreunde Siegen","12897","13935","1","3","0","2",,,,,"1","3"
"1621346","2026-09-30","9/30/2026 6:30:00 PM","FT","496","Liga Alef","Israel","2026","North - 5","Hapoel Beit Shean","Ironi Baka El Garbiya","6330","6175","2","1","0","0",,,,,"2","1"
"1637938","2026-09-30","9/30/2026 6:30:00 PM","FT","25","Gulf Cup of Nations","World","2026","Group Stage - 3","United Arab Emirates","Qatar","1563","1569","1","1","1","1",,,,,"1","1"
"1637939","2026-09-30","9/30/2026 6:30:00 PM","FT","25","Gulf Cup of Nations","World","2026","Group Stage - 3","Bahrain","Yemen","1547","1550","2","5","1","4",,,,,"2","5"
"1641152","2026-09-30","9/30/2026 6:30:00 PM","FT","735","Copa Federacion","Spain","2026","Quarter-finals","Sestao River","Terrassa","9413","9681","4","1","1","1",,,,,"4","1"
"1592238","2026-09-30","9/30/2026 6:45:00 PM","FT","747","Oberliga - Westfalen","Germany","2026","Westfalen - 8","Verl II","Gievenbeck","24431","14693","6","0","1","0",,,,,"6","0"
"1544051","2026-09-30","9/30/2026 7:00:00 PM","FT","1128","Brasileiro U17","Brazil","2026","Regular Season - 19","Athletico PR U17","Cruzeiro U17","24469","24476","1","2","1","1",,,,,"1","2"
"1544052","2026-09-30","9/30/2026 7:00:00 PM","FT","1128","Brasileiro U17","Brazil","2026","Regular Season - 19","Atlético Mineiro U17","Juventude U17","24471","25797","4","1","1","0",,,,,"4","1"
"1544053","2026-09-30","9/30/2026 7:00:00 PM","FT","1128","Brasileiro U17","Brazil","2026","Regular Season - 19","Bahia U17","Fluminense U17","24472","24479","1","0","1","0",,,,,"1","0"
"1544054","2026-09-30","9/30/2026 7:00:00 PM","FT","1128","Brasileiro U17","Brazil","2026","Regular Season - 19","Botafogo U17","RB Bragantino U17","24473","24485","0","3","0","2",,,,,"0","3"
"1544055","2026-09-30","9/30/2026 7:00:00 PM","FT","1128","Brasileiro U17","Brazil","2026","Regular Season - 19","Corinthians U17","Atletico GO U17","24475","24470","8","0","4","0",,,,,"8","0"
"1544056","2026-09-30","9/30/2026 7:00:00 PM","FT","1128","Brasileiro U17","Brazil","2026","Regular Season - 19","Flamengo RJ U17","America MG U17","24478","24468","1","0",,,,,,,"1","0"
"1544057","2026-09-30","9/30/2026 7:00:00 PM","FT","1128","Brasileiro U17","Brazil","2026","Regular Season - 19","Fortaleza U17","Internacional U17","24480","24483","2","1","1","0",,,,,"2","1"
"1544058","2026-09-30","9/30/2026 7:00:00 PM","FT","1128","Brasileiro U17","Brazil","2026","Regular Season - 19","Gremio U17","Sao Paulo U17","24482","24487","0","2","0","1",,,,,"0","2"
"1544059","2026-09-30","9/30/2026 7:00:00 PM","FT","1128","Brasileiro U17","Brazil","2026","Regular Season - 19","Palmeiras U17","Vasco U17","24484","25807","5","0","2","0",,,,,"5","0"
"1544060","2026-09-30","9/30/2026 7:00:00 PM","FT","1128","Brasileiro U17","Brazil","2026","Regular Season - 19","Santos U17","Vitoria U17","24486","27733","5","0","2","0",,,,,"5","0"
"1574365","2026-09-30","9/30/2026 7:00:00 PM","FT","510","1. Liga Promotion","Switzerland","2026","Regular Season - 10","Kreuzlingen","Brühl","14504","10587","3","0","1","0",,,,,"3","0"
"1578093","2026-09-30","9/30/2026 7:00:00 PM","FT","149","Second Amateur Division - VFV A","Belgium","2026","VFV A - 5","Diksmuide","Voorde Appelterre","14157","5975","1","0","1","0",,,,,"1","0"
"1578095","2026-09-30","9/30/2026 7:00:00 PM","FT","149","Second Amateur Division - VFV A","Belgium","2026","VFV A - 5","VW Hamme","Oostkamp","5966","5890","0","2","0","1",,,,,"0","2"
"1578098","2026-09-30","9/30/2026 7:00:00 PM","FT","149","Second Amateur Division - VFV A","Belgium","2026","VFV A - 5","RFC Wetteren","Londerzeel","5905","5862","1","1",,,,,,,"1","1"
"1578331","2026-09-30","9/30/2026 7:00:00 PM","FT","150","Second Amateur Division - VFV B","Belgium","2026","VFV B - 5","De Kempen","Diegem Sport","5773","5776","1","1","0","1",,,,,"1","1"
"1578334","2026-09-30","9/30/2026 7:00:00 PM","FT","150","Second Amateur Division - VFV B","Belgium","2026","VFV B - 5","Wellen","Racing Mechelen","5989","5906","2","3","2","0",,,,,"2","3"
"1578338","2026-09-30","9/30/2026 7:00:00 PM","FT","150","Second Amateur Division - VFV B","Belgium","2026","VFV B - 5","Sint-Truiden II","Nijlen","24388","5883","1","2",,,,,,,"1","2"
"1579820","2026-09-30","9/30/2026 7:00:00 PM","FT","487","First Amateur Division","Belgium","2026","ACFF - 6","RWDM","Rochefort","6224","5914","1","1","1","1",,,,,"1","1"
"1579822","2026-09-30","9/30/2026 7:00:00 PM","FT","487","First Amateur Division","Belgium","2026","ACFF - 6","Sporting Charleroi II","Habay-la-Neuve","19959","5814","0","0","0","0",,,,,"0","0"
"1579823","2026-09-30","9/30/2026 7:00:00 PM","FT","487","First Amateur Division","Belgium","2026","ACFF - 6","Flénu","Olympic Charleroi","19779","6221","3","4","0","2",,,,,"3","4"
"1579953","2026-09-30","9/30/2026 7:00:00 PM","FT","487","First Amateur Division","Belgium","2026","VV - 5","Houtvenne","Mandel United","5829","5868","2","1","1","1",,,,,"2","1"
"1579954","2026-09-30","9/30/2026 7:00:00 PM","FT","487","First Amateur Division","Belgium","2026","VV - 5","Spouwen-Mopertingen","Heist","5934","6217","3","1","2","1",,,,,"3","1"
"1579958","2026-09-30","9/30/2026 7:00:00 PM","FT","487","First Amateur Division","Belgium","2026","VV - 5","Merelbeke","Dessel Sport","5871","6216","1","1","0","0",,,,,"1","1"
"1579959","2026-09-30","9/30/2026 7:00:00 PM","FT","487","First Amateur Division","Belgium","2026","VV - 5","Roeselare Daisel","Thes Sport","16980","6227","0","1","0","0",,,,,"0","1"
"1579960","2026-09-30","9/30/2026 7:00:00 PM","FT","487","First Amateur Division","Belgium","2026","VV - 5","Zelzate","Knokke","6001","5847","0","0","0","0",,,,,"0","0"
"1582863","2026-09-30","9/30/2026 7:00:00 PM","FT","148","Second Amateur Division - ACFF","Belgium","2026","ACFF - 6","Huy","Crossing Schaerbeek","5832","5770","2","2","2","1",,,,,"2","2"
"1612062","2026-09-30","9/30/2026 7:00:00 PM","FT","906","Reserve League","Argentina","2026","Clausura - 11","Independiente Riva. Res.","Belgrano Córdoba Res.","22938","20817","3","3","2","3",,,,,"3","3"
"1612063","2026-09-30","9/30/2026 7:00:00 PM","FT","906","Reserve League","Argentina","2026","Clausura - 11","Instituto Res.","Racing Club Res.","20818","18694","2","2","1","0",,,,,"2","2"
"1612064","2026-09-30","9/30/2026 7:00:00 PM","FT","906","Reserve League","Argentina","2026","Clausura - 11","Platense Res.","Huracán Res.","18693","18688","1","1","0","0",,,,,"1","1"
"1612065","2026-09-30","9/30/2026 7:00:00 PM","FT","906","Reserve League","Argentina","2026","Clausura - 11","Quilmes 2","Estudiantes Rio Cuarto 2","27413","27271","1","1","0","0",,,,,"1","1"
"1612067","2026-09-30","9/30/2026 7:00:00 PM","FT","906","Reserve League","Argentina","2026","Clausura - 11","Rosario Central Res.","Unión Santa Fe Res.","18696","18701","2","0","1","0",,,,,"2","0"
"1612640","2026-09-30","9/30/2026 7:00:00 PM","FT","697","WSL Cup","England","2026","Group Stage","Birmingham City W","Liverpool W","1845","1847","3","4","1","1",,,,,"3","4"
"1612641","2026-09-30","9/30/2026 7:00:00 PM","FT","697","WSL Cup","England","2026","Group Stage","Crystal Palace W","Charlton Athletic W","15409","15402","3","0","1","0",,,,,"3","0"
"1612642","2026-09-30","9/30/2026 7:00:00 PM","FT","697","WSL Cup","England","2026","Group Stage","Durham W","Manchester United W","15403","4898","1","5","1","1",,,,,"1","5"
"1612643","2026-09-30","9/30/2026 7:00:00 PM","FT","697","WSL Cup","England","2026","Group Stage","West Ham W","Southampton W","1856","15454","3","1","0","1",,,,,"3","1"
"1621629","2026-09-30","9/30/2026 7:00:00 PM","FT","496","Liga Alef","Israel","2026","South - 5","Tzeirey Tira","FC Jerusalem","7609","17996","0","2","0","1",,,,,"0","2"
"1623271","2026-09-30","9/30/2026 7:00:00 PM","FT","1039","Premier League International Cup","World","2026","Group Stage","Leicester City U21","Real Sociedad II","7195","9585","0","4","0","2",,,,,"0","4"
"1623272","2026-09-30","9/30/2026 7:00:00 PM","FT","1039","Premier League International Cup","World","2026","Group Stage","Middlesbrough U21","Juventus U21","11910","26593","1","0","0","0",,,,,"1","0"
"1623273","2026-09-30","9/30/2026 7:00:00 PM","FT","1039","Premier League International Cup","World","2026","Group Stage","Nottingham Forest U21","Sporting CP B","19746","761","2","4","2","1",,,,,"2","4"
"1627224","2026-09-30","9/30/2026 7:00:00 PM","FT","1088","Pernambucano - U20","Brazil","2026","Regular Season - 7","America PE U20","Serrano PE U20","23488","23498","2","2","1","2",,,,,"2","2"
"1627225","2026-09-30","9/30/2026 7:00:00 PM","FT","1088","Pernambucano - U20","Brazil","2026","Regular Season - 7","Guarany U20","Jaguar U20","26779","23496","1","5",,,,,,,"1","5"
"1627226","2026-09-30","9/30/2026 7:00:00 PM","FT","1088","Pernambucano - U20","Brazil","2026","Regular Season - 7","Nautico U20","Petrolina U20","13029","13043","1","0","0","0",,,,,"1","0"
"1627227","2026-09-30","9/30/2026 7:00:00 PM","FT","1088","Pernambucano - U20","Brazil","2026","Regular Season - 7","Sport Recife U20","Academica Vitoria U20","12971","28228","3","0","0","0",,,,,"3","0"
"1630320","2026-09-30","9/30/2026 7:00:00 PM","FT","1150","Gaúcho - 3","Brazil","2026","Regular Season - 5","EC Novo Horizonte","Clube 1992","26747","26746","0","2","0","1",,,,,"0","2"
"1630321","2026-09-30","9/30/2026 7:00:00 PM","NS","1150","Gaúcho - 3","Brazil","2026","Regular Season - 5","Futebol Com Vida","Panambi","23290","28277",,,,,,,,,,
"1630322","2026-09-30","9/30/2026 7:00:00 PM","FT","1150","Gaúcho - 3","Brazil","2026","Regular Season - 5","Real","Farroupilha","10149","25078","4","0","2","0",,,,,"4","0"
"1636783","2026-09-30","9/30/2026 7:00:00 PM","FT","737","Svenska Cupen - Women","Sweden","2026","Round 2","Älvsjö AIK W","Djurgården W","16010","11076","1","4","0","1",,,,,"1","4"
"1638421","2026-09-30","9/30/2026 7:00:00 PM","FT","1191","UEFA Europa Cup - Women","World","2026","1st Qualifying Round - Finals","Rangers W","Hammarby W","20374","15630","0","3","0","1",,,,,"0","3"
"1641795","2026-09-30","9/30/2026 7:00:00 PM","FT","735","Copa Federacion","Spain","2026","Quarter-finals","Navalcarnero","Real Murcia","5271","5275","3","1","0","0",,,,,"3","1"
"1643203","2026-09-30","9/30/2026 7:00:00 PM","FT","667","Friendlies Clubs","World","2026","Club Friendlies","Seuzach","FC Winterthur","16374","2180","1","4","1","2",,,,,"1","4"
"1610113","2026-09-30","9/30/2026 7:15:00 PM","FT","600","1. Liga Classic - Group 2","Switzerland","2026","Group 2 - 9","FC Wohlen","Schötz","2183","12708","1","5","1","1",,,,,"1","5"
"1350178","2026-09-30","9/30/2026 7:30:00 PM","FT","850","UEFA U21 Championship - Qualification","World","2027","Group Stage - 21","Scotland U21","Azerbaijan U21","8221","8181","5","2","3","1",,,,,"5","2"
"1578337","2026-09-30","9/30/2026 7:30:00 PM","FT","150","Second Amateur Division - VFV B","Belgium","2026","VFV B - 5","Rotselaar","Rupel Boom","21811","6225","3","1",,,,,,,"3","1"
"1579956","2026-09-30","9/30/2026 7:30:00 PM","FT","487","First Amateur Division","Belgium","2026","VV - 5","Harelbeke","Hoogstraten","5817","5825","3","3","2","2",,,,,"3","3"
"1612644","2026-09-30","9/30/2026 7:30:00 PM","FT","697","WSL Cup","England","2026","Group Stage","Aston Villa W","Newcastle United W","14219","15515","3","1","1","1",,,,,"3","1"
"1612645","2026-09-30","9/30/2026 7:30:00 PM","FT","697","WSL Cup","England","2026","Group Stage","Ipswich Town W","London City Lionesses W","15422","15406","0","1","0","0",,,,,"0","1"
"1641150","2026-09-30","9/30/2026 7:30:00 PM","FT","735","Copa Federacion","Spain","2026","Quarter-finals","Recreativo Huelva","Conil","9410","9757","2","1","1","0",,,,,"2","1"
"1643192","2026-09-30","9/30/2026 7:30:00 PM","FT","10","Friendlies","World","2026","Friendly International","Spain U20","Mexico U20","26086","10293","2","0","1","0",,,,,"2","0"
"1585267","2026-09-30","9/30/2026 7:45:00 PM","FT","43","National League","England","2026","Regular Season - 11","Eastleigh","Southend","1822","1341","1","1","0","1",,,,,"1","1"
"1585268","2026-09-30","9/30/2026 7:45:00 PM","FT","43","National League","England","2026","Regular Season - 11","Tamworth","Sutton Utd","7752","1835","2","0","0","0",,,,,"2","0"
"1595988","2026-09-30","9/30/2026 7:45:00 PM","FT","58","Non League Premier - Isthmian","England","2026","Regular Season - 9","Whyteleafe","Brentwood Town","7262","7216","1","2","1","1",,,,,"1","2"
"1597363","2026-09-30","9/30/2026 7:45:00 PM","FT","60","Non League Premier - Southern South","England","2026","Regular Season - 9","Frome Town","Taunton Town","7226","4711","2","2","2","1",,,,,"2","2"
"1597364","2026-09-30","9/30/2026 7:45:00 PM","FT","60","Non League Premier - Southern South","England","2026","Regular Season - 9","Gosport Borough","Bracknell Town","7717","7619","1","1","0","0",,,,,"1","1"
"1612646","2026-09-30","9/30/2026 7:45:00 PM","FT","697","WSL Cup","England","2026","Group Stage","Brighton W","Tottenham Hotspur W","1857","4899","0","1","0","1",,,,,"0","1"
"1638424","2026-09-30","9/30/2026 7:45:00 PM","FT","1191","UEFA Europa Cup - Women","World","2026","1st Qualifying Round - Finals","Sporting CP W","Brøndby W","20511","10883","2","2","1","1",,,,,"2","2"
"1350176","2026-09-30","9/30/2026 8:00:00 PM","FT","850","UEFA U21 Championship - Qualification","World","2027","Group Stage - 20","Portugal U21","Gibraltar U21","8216","8197","4","0","2","0",,,,,"4","0"
"1619695","2026-09-30","9/30/2026 8:00:00 PM","FT","964","Copa de la División Profesional","Bolivia","2026","Group Stage - 6","Real Oruro","Always Ready","20252","3700","2","2","1","0",,,,,"2","2"
"1638256","2026-09-30","9/30/2026 8:00:00 PM","FT","930","Copa Uruguay","Uruguay","2026","Group Stage - 3","Cerro Largo","Rentistas","2369","2371","1","0","0","0",,,,,"1","0"
"1638257","2026-09-30","9/30/2026 8:00:00 PM","FT","930","Copa Uruguay","Uruguay","2026","Group Stage - 3","Defensor Sporting","Plaza Colonia","2350","2355","0","1","0","1",,,,,"0","1"
"1638322","2026-09-30","9/30/2026 8:00:00 PM","FT","525","UEFA Champions League Women","World","2026","League Stage - 2","Lyon W","Chelsea W","1674","1853","0","0","0","0",,,,,"0","0"
"1638337","2026-09-30","9/30/2026 8:00:00 PM","FT","525","UEFA Champions League Women","World","2026","League Stage - 2","SL Benfica W","Bayern Munich W","15495","1860","0","3","0","0",,,,,"0","3"
"1638426","2026-09-30","9/30/2026 8:00:00 PM","FT","1191","UEFA Europa Cup - Women","World","2026","1st Qualifying Round - Finals","Torreense W","Metalist 1925 W","20512","26298","4","1","1","0",,,,,"4","1"
"1641858","2026-09-30","9/30/2026 8:30:00 PM","FT","300","Segunda División","Venezuela","2026","Regular Season - 32","Club Atletico Barinas","Fundación Lara Deportiva","27528","10091","1","2","1","2",,,,,"1","2"
"1641859","2026-09-30","9/30/2026 8:30:00 PM","FT","300","Segunda División","Venezuela","2026","Regular Season - 32","Atletico el Vigia FC","Zamora FC B","2832","2841","4","3","1","1",,,,,"4","3"
"1549493","2026-09-30","9/30/2026 9:00:00 PM","FT","281","Primera División","Peru","2026","Clausura - 10","Cienciano","Club Deportivo Los Chankas","2562","2572","1","1","0","0",,,,,"1","1"
"1634899","2026-09-30","9/30/2026 9:00:00 PM","FT","759","Liga Mayor","Dominican-Republic","2026","Regular Season - 5","Salcedo","Delfines Del Este","25556","16139","1","0","1","0",,,,,"1","0"
"1639171","2026-09-30","9/30/2026 9:00:00 PM","PEN","501","Copa Paraguay","Paraguay","2026","Round of 16","Independiente F.b.c.","Nacional Asuncion","1186","1175","2","2","1","1","0","0","4","3","2","2"
"1641860","2026-09-30","9/30/2026 9:00:00 PM","FT","300","Segunda División","Venezuela","2026","Regular Season - 32","Yaracuyanos FC","Puerto Cabello II","2829","25902","3","0","1","0",,,,,"3","0"
"1511688","2026-09-30","9/30/2026 10:00:00 PM","FT","266","Primera B","Chile","2026","Regular Season - 25","Union San Felipe","San Luis","2340","2322","0","1","0","0",,,,,"0","1"
"1600612","2026-09-30","9/30/2026 10:30:00 PM","FT","370","Primera Division","El-Salvador","2026","Apertura - 13","Águila","Inter","4310","26154","2","1","0","0",,,,,"2","1"
"1642012","2026-09-30","9/30/2026 10:30:00 PM","FT","1203","Piauiense - 2","Brazil","2026","Semi-finals","River AC","Picos","2221","13095","2","1","2","0",,,,,"2","1"
"1612058","2026-09-30","9/30/2026 11:00:00 PM","FT","906","Reserve League","Argentina","2026","Clausura - 11","Central Córdoba SdE Res.","Newell's Old Boys Res.","18682","18691","1","1","0","0",,,,,"1","1"
"1630323","2026-09-30","9/30/2026 11:00:00 PM","FT","1150","Gaúcho - 3","Brazil","2026","Regular Season - 5","São Paulo RS","FBC Riograndense RS","7866","25077","3","1","2","0",,,,,"3","1"
"1610849","2026-09-30","9/30/2026 11:30:00 PM","FT","1037","Paraibano 2","Brazil","2026","Regular Season - 6","Cruzeiro PB","Femar","24599","28058","3","1","1","1",,,,,"3","1"
"1610850","2026-09-30","9/30/2026 11:30:00 PM","NS","1037","Paraibano 2","Brazil","2026","Regular Season - 6","Santa Rita","São Paulo Crystal","10150","12911",,,,,,,,,,
"1619696","2026-09-30","9/30/2026 11:30:00 PM","FT","964","Copa de la División Profesional","Bolivia","2026","Group Stage - 6","Real Tomayapo","Nacional Potosí","15708","3706","1","1","0","0",,,,,"1","1"
"1630319","2026-09-30","9/30/2026 11:30:00 PM","FT","1150","Gaúcho - 3","Brazil","2026","Regular Season - 5","Cruz A.","SC Rio Grande","28276","25080","4","0","2","0",,,,,"4","0"
"1639310","2026-09-30","9/30/2026 11:30:00 PM","FT","501","Copa Paraguay","Paraguay","2026","Round of 16","Cerro Porteno","Rubio NU","1176","1185","2","1","1","0",,,,,"2","1"
"1493716","2026-10-01","10/1/2026 12:00:00 AM","FT","255","USL Championship","USA","2026","Group Stage","Brooklyn","Detroit City","27252","9043","1","3","0","0",,,,,"1","3"
"1493718","2026-10-01","10/1/2026 12:00:00 AM","FT","255","USL Championship","USA","2026","Group Stage","Miami FC","Sporting JAX","9030","25959","4","1","2","1",,,,,"4","1"
"1493923","2026-10-01","10/1/2026 12:00:00 AM","FT","489","USL League One","USA","2026","Group Stage","Chattanooga Red Wolves","Spokane Velocity","9016","22785","0","1","0","0",,,,,"0","1"
"1517357","2026-10-01","10/1/2026 12:00:00 AM","FT","479","Canadian Premier League","Canada","2026","Group Stage","Atlético Ottawa","Cavalry FC","10169","2619","3","2","0","1",,,,,"3","2"
"1611274","2026-10-01","10/1/2026 12:00:00 AM","FT","268","Primera División","Uruguay","2026","Clausura - 1","Atletico Torque","Penarol","2365","2348","1","1","1","1",,,,,"1","1"
"1631695","2026-10-01","10/1/2026 12:00:00 AM","FT","722","Liga Premier Serie A","Mexico","2026","Apertura - 1","Correcaminos UAT II","Héroes de Zaci","17782","26526","3","0","2","0",,,,,"3","0"
"1641861","2026-10-01","10/1/2026 12:00:00 AM","FT","300","Segunda División","Venezuela","2026","Regular Season - 32","Deportivo Lara","Real Frontera","2812","2847","4","0","1","0",,,,,"4","0"
"1643184","2026-10-01","10/1/2026 12:00:00 AM","FT","267","Copa Chile","Chile","2026","Quarter-finals","Concepción","O'Higgins","5635","2320","0","1","0","0",,,,,"0","1"
"1610848","2026-10-01","10/1/2026 12:15:00 AM","FT","1037","Paraibano 2","Brazil","2026","Regular Season - 6","Auto Esporte","Picuiense","18306","22364","4","0",,,,,,,"4","0"
"1490500","2026-10-01","10/1/2026 12:30:00 AM","FT","253","Major League Soccer","USA","2026","Regular Season - 27","New York Red Bulls","St. Louis City","1602","20787","0","3","0","1",,,,,"0","3"
"1493719","2026-10-01","10/1/2026 12:30:00 AM","FT","255","USL Championship","USA","2026","Group Stage","Rhode Island","Indy Eleven","22855","3996","1","0","1","0",,,,,"1","0"
"1637822","2026-10-01","10/1/2026 12:30:00 AM","FT","667","Friendlies Clubs","World","2026","Club Friendlies","DC United","SC Paderborn 07","1615","185","0","1","0","1",,,,,"0","1"
"1493717","2026-10-01","10/1/2026 1:00:00 AM","FT","255","USL Championship","USA","2026","Group Stage","FC Tulsa","New Mexico United","4022","4003","1","0","1","0",,,,,"1","0"
"1600614","2026-10-01","10/1/2026 1:00:00 AM","FT","370","Primera Division","El-Salvador","2026","Apertura - 13","Alianza","Platense","4299","19763","2","1","1","1",,,,,"2","1"
"1640511","2026-10-01","10/1/2026 1:00:00 AM","FT","10","Friendlies","World","2026","Friendly International","Argentina","Bolivia","26","2381","4","0","2","0",,,,,"4","0"
"1619697","2026-10-01","10/1/2026 1:30:00 AM","FT","964","Copa de la División Profesional","Bolivia","2026","Group Stage - 6","Oriente Petrolero","The Strongest","3707","3711","1","1","1","1",,,,,"1","1"
"1549703","2026-10-01","10/1/2026 2:00:00 AM","FT","239","Primera A","Colombia","2026","Clausura - 3","Atletico Nacional","Junior","1137","1135","3","1","2","1",,,,,"3","1"
"1643204","2026-10-01","10/1/2026 2:00:00 AM","FT","667","Friendlies Clubs","World","2026","Club Friendlies","Alianza Lima","Palestino","2553","2318","1","2","1","2",,,,,"1","2"
"1493720","2026-10-01","10/1/2026 3:00:00 AM","FT","255","USL Championship","USA","2026","Group Stage","Sacramento Republic","Las Vegas Lights","4015","3998","3","2","1","1",,,,,"3","2"
"1600615","2026-10-01","10/1/2026 3:00:00 AM","PST","370","Primera Division","El-Salvador","2026","Apertura - 13","FAS","Isidro Metapán","4302","4304",,,,,,,,,,
"1640071","2026-10-01","10/1/2026 3:00:00 AM","FT","10","Friendlies","World","2026","Friendly International","Cook Islands","Tahiti","8174","5167","3","2","2","2",,,,,"3","2"
"1640419","2026-10-01","10/1/2026 6:00:00 AM","FT","764","Premier League","Mongolia","2027","Regular Season - 5","Khovd Western","Deren","26669","16185","1","5","0","3",,,,,"1","5"
"1632353","2026-10-01","10/1/2026 7:10:00 AM","PEN","916","Kirin Cup","World","2026","Semi-finals","Panama","New Zealand","11","4673","1","1","1","1","0","0","3","5","1","1"
"1637962","2026-10-01","10/1/2026 9:00:00 AM","FT","1199","League Cup","Hong-Kong","2026","Round of 32","North District","Southern District","6401","4456","2","1","0","0",,,,,"2","1"
"1640436","2026-10-01","10/1/2026 9:00:00 AM","FT","764","Premier League","Mongolia","2027","Regular Season - 5","Erchim","Central Stallions","8027","22067","1","4","0","1",,,,,"1","4"
"1638595","2026-10-01","10/1/2026 10:30:00 AM","FT","10","Friendlies","World","2026","Friendly International","Venezuela U17","England U17","21213","17949","0","1",,,,,,,"0","1"
"1640072","2026-10-01","10/1/2026 10:30:00 AM","FT","10","Friendlies","World","2026","Friendly International","Poland U19","Kazakhstan U19","10376","10367","3","0","1","0",,,,,"3","0"
"1642983","2026-10-01","10/1/2026 10:30:00 AM","FT","10","Friendlies","World","2026","Friendly International","Slovakia U19","Switzerland U19","10347","10350","2","1","1","1",,,,,"2","1"
"1643205","2026-10-01","10/1/2026 11:00:00 AM","FT","667","Friendlies Clubs","World","2026","Club Friendlies","Olimpija Ljubljana","NK Slaven Belupo","677","1018","2","1","1","1",,,,,"2","1"
"1643339","2026-10-01","10/1/2026 11:10:00 AM","PEN","916","Kirin Cup","World","2026","Semi-finals","Japan","Ecuador","12","2382","0","0","0","0","0","0","5","4","0","0"
"1642984","2026-10-01","10/1/2026 11:45:00 AM","FT","10","Friendlies","World","2026","Friendly International","France U19","Turkey U19","10334","10351","2","1","2","0",,,,,"2","1"
"1637963","2026-10-01","10/1/2026 12:00:00 PM","PEN","1199","League Cup","Hong-Kong","2026","Round of 32","Shatin","Hong Kong FC","4471","4462","2","2","1","2",,,"4","5","2","2"
"1642330","2026-10-01","10/1/2026 12:00:00 PM","FT","276","FKF Premier League","Kenya","2025","Final","Mombasa Elite","Kariobangi Sharks","19485","2468","2","1","0","0",,,,,"2","1"
"1642895","2026-10-01","10/1/2026 12:30:00 PM","FT","667","Friendlies Clubs","World","2026","Club Friendlies","AS Eupen","Alemannia Aachen","739","4259","3","1",,,,,,,"3","1"
"1642896","2026-10-01","10/1/2026 12:30:00 PM","FT","667","Friendlies Clubs","World","2026","Club Friendlies","Stuttgart II","Würzburger Kickers","12867","784","3","3","1","2",,,,,"3","3"
"1642897","2026-10-01","10/1/2026 1:00:00 PM","FT","667","Friendlies Clubs","World","2026","Club Friendlies","SSV Jahn Regensburg","WSG Wattens","177","1398","0","6","0","1",,,,,"0","6"
"1594850","2026-10-01","10/1/2026 1:30:00 PM","FT","887","Second League","Egypt","2026","Regular Season - 7","El Seka El Hadid","El Entag EL Harby","18031","1034","5","4","3","2",,,,,"5","4"
"1594852","2026-10-01","10/1/2026 1:30:00 PM","FT","887","Second League","Egypt","2026","Regular Season - 7","El Mansura","Masar","16432","25468","2","0","0","0",,,,,"2","0"
"1594853","2026-10-01","10/1/2026 1:30:00 PM","FT","887","Second League","Egypt","2026","Regular Season - 7","La Viena FC","AL Nasr SC","16436","2617","1","3","0","0",,,,,"1","3"
"1594854","2026-10-01","10/1/2026 1:30:00 PM","FT","887","Second League","Egypt","2026","Regular Season - 7","Pharco","Tersana","15736","15739","0","1","0","0",,,,,"0","1"
"1641714","2026-10-01","10/1/2026 1:30:00 PM","FT","1247","FIFA Asean Cup","World","2026","Division 1 - 3","Indonesia","Bangladesh","1571","1560","9","2","6","1",,,,,"9","2"
"1641715","2026-10-01","10/1/2026 1:30:00 PM","FT","1247","FIFA Asean Cup","World","2026","Division 1 - 3","Malaysia","Singapore","1538","1546","6","0","2","0",,,,,"6","0"
"1643206","2026-10-01","10/1/2026 2:00:00 PM","FT","667","Friendlies Clubs","World","2026","Club Friendlies","Dunajska Streda","Puskas Academy","2257","2391","2","1","1","0",,,,,"2","1"
"1636369","2026-10-01","10/1/2026 2:15:00 PM","FT","302","League Cup","United-Arab-Emirates","2026","Group Stage - 2","Sharjah FC","Al-Dhafra","2874","2873","2","1","1","0",,,,,"2","1"
"1636370","2026-10-01","10/1/2026 2:15:00 PM","FT","302","League Cup","United-Arab-Emirates","2026","Group Stage - 2","Dubai United","Hatta SC","22321","2869","3","2","0","1",,,,,"3","2"
"1621895","2026-10-01","10/1/2026 2:30:00 PM","FT","496","Liga Alef","Israel","2026","North - 5","Hapoel Ihud Bnei Jatt","Maccabi Nujeidat Ahmed","6155","6198","2","0","1","0",,,,,"2","0"
"1636199","2026-10-01","10/1/2026 2:30:00 PM","FT","1197","FA Cup","Oman","2026","Group Stage - 5","Al Nasr","Smail","2878","15962","3","3","3","1",,,,,"3","3"
"1643193","2026-10-01","10/1/2026 2:30:00 PM","FT","10","Friendlies","World","2026","Friendly International","Croatia U19","Italy U19","10329","10338","0","1","0","0",,,,,"0","1"
"1640073","2026-10-01","10/1/2026 3:00:00 PM","FT","10","Friendlies","World","2026","Friendly International","Maldives","Lebanon","1549","1551","0","6","0","3",,,,,"0","6"
"1640512","2026-10-01","10/1/2026 3:00:00 PM","FT","10","Friendlies","World","2026","Friendly International","Uzbekistan","Syria","1568","1565","4","1","2","0",,,,,"4","1"
"1642985","2026-10-01","10/1/2026 3:00:00 PM","FT","10","Friendlies","World","2026","Friendly International","Faroe Islands U19","Slovenia U19","10362","10348","1","2","1","1",,,,,"1","2"
"1642986","2026-10-01","10/1/2026 3:00:00 PM","FT","10","Friendlies","World","2026","Friendly International","Norway U19","Uruguay U18","10342","27068","1","2","0","1",,,,,"1","2"
"1643194","2026-10-01","10/1/2026 3:00:00 PM","FT","10","Friendlies","World","2026","Friendly International","Germany U17","Israel U17","17954","18914","3","2","1","1",,,,,"3","2"
"1643207","2026-10-01","10/1/2026 3:00:00 PM","FT","667","Friendlies Clubs","World","2026","Club Friendlies","VfL Wolfsburg","Havelse","161","9342","4","1","3","0",,,,,"4","1"
"1636200","2026-10-01","10/1/2026 3:25:00 PM","FT","1197","FA Cup","Oman","2026","Group Stage - 5","Al Musannah","Ibri","11384","15960","2","2","1","1",,,,,"2","2"
"1636201","2026-10-01","10/1/2026 3:25:00 PM","FT","1197","FA Cup","Oman","2026","Group Stage - 5","Bahla","Fanja","7505","7506","4","0","1","0",,,,,"4","0"
"1350188","2026-10-01","10/1/2026 4:00:00 PM","FT","850","UEFA U21 Championship - Qualification","World","2027","Group Stage - 22","Greece U21","Latvia U21","8198","8204","4","2","3","1",,,,,"4","2"
"1639145","2026-10-01","10/1/2026 4:00:00 PM","FT","677","QSL Cup","Qatar","2026","Group Stage - 2","Al-Gharafa","Al Mesaimeer","2903","2915","4","2","3","0",,,,,"4","2"
"1628900","2026-10-01","10/1/2026 4:30:00 PM","FT","496","Liga Alef","Israel","2026","South - 5","Maccabi Yavne","Ironi Beit Shemesh","6200","22856","5","1","3","0",,,,,"5","1"
"1640047","2026-10-01","10/1/2026 4:30:00 PM","FT","667","Friendlies Clubs","World","2026","Club Friendlies","VfB Stuttgart","SpVgg Greuther Fürth","172","178","5","0","3","0",,,,,"5","0"
"1636371","2026-10-01","10/1/2026 4:45:00 PM","FT","302","League Cup","United-Arab-Emirates","2026","Group Stage - 2","Baniyas SC","Al Wahda FC","2877","2875","3","1","2","0",,,,,"3","1"
"1350186","2026-10-01","10/1/2026 5:00:00 PM","FT","850","UEFA U21 Championship - Qualification","World","2027","Group Stage - 21","North Macedonia U21","Montenegro U21","8212","8210","1","1","0","1",,,,,"1","1"
"1528916","2026-10-01","10/1/2026 5:00:00 PM","FT","5","UEFA Nations League","World","2026","League D - 3","Azerbaijan","Liechtenstein","1096","1107","0","0","0","0",,,,,"0","0"
"1545851","2026-10-01","10/1/2026 5:00:00 PM","FT","36","Africa Cup of Nations - Qualification","World","2027","Group Stage - 2","Guinea","Kenya","1509","1511","1","0","1","0",,,,,"1","0"
"1555163","2026-10-01","10/1/2026 5:00:00 PM","FT","382","Liga Leumit","Israel","2026","Regular Season - 8","Bnei Yehuda","Maccabi Kiryat Gat","4508","6194","2","1","1","0",,,,,"2","1"
"1555164","2026-10-01","10/1/2026 5:00:00 PM","FT","382","Liga Leumit","Israel","2026","Regular Season - 8","Hapoel Afula","Hapoel Rishon LeZion","4483","4491","2","2","1","1",,,,,"2","2"
"1555165","2026-10-01","10/1/2026 5:00:00 PM","FT","382","Liga Leumit","Israel","2026","Regular Season - 8","Hapoel Ra'anana","Kafr Qasim","4509","4493","1","2","0","1",,,,,"1","2"
"1555166","2026-10-01","10/1/2026 5:00:00 PM","FT","382","Liga Leumit","Israel","2026","Regular Season - 8","Kiryat Yam SC","Hapoel Kfar Saba","20105","4497","2","0","1","0",,,,,"2","0"
"1555167","2026-10-01","10/1/2026 5:00:00 PM","FT","382","Liga Leumit","Israel","2026","Regular Season - 8","Maccabi Bnei Raina","Hapoel Kfar Shalem","6186","6160","1","2","0","1",,,,,"1","2"
"1555168","2026-10-01","10/1/2026 5:00:00 PM","FT","382","Liga Leumit","Israel","2026","Regular Season - 8","Maccabi Kabilio Jaffa","Hapoel Acre","6192","4482","1","0","0","0",,,,,"1","0"
"1555169","2026-10-01","10/1/2026 5:00:00 PM","FT","382","Liga Leumit","Israel","2026","Regular Season - 8","Maccabi Ahi Nazareth","Ironi Modi'in","4494","6179","1","2","0","1",,,,,"1","2"
"1555170","2026-10-01","10/1/2026 5:00:00 PM","FT","382","Liga Leumit","Israel","2026","Regular Season - 8","Ashdod","Maccabi Herzliya","4507","4503","1","0","1","0",,,,,"1","0"
"1568189","2026-10-01","10/1/2026 5:00:00 PM","FT","783","III Liga - Group 4","Poland","2026","Group IV - 11","Podlasie Biała Podlaska","Star Starachowice","16269","21660","2","2","0","1",,,,,"2","2"
"1602139","2026-10-01","10/1/2026 5:00:00 PM","FT","570","Premier League","Ghana","2026","Regular Season - 5","Asante Kotoko","Karela","6411","12251","1","0","1","0",,,,,"1","0"
"1621622","2026-10-01","10/1/2026 5:00:00 PM","FT","496","Liga Alef","Israel","2026","South - 5","Hapoel Sderot","Hapoel Azor","6167","6146","0","0","0","0",,,,,"0","0"
"1637885","2026-10-01","10/1/2026 5:00:00 PM","FT","105","NM Cupen","Norway","2027","Round of 64","Rana","Bodo/Glimt","16229","327","2","6","2","2",,,,,"2","6"
"1638129","2026-10-01","10/1/2026 5:00:00 PM","FT","105","NM Cupen","Norway","2027","Round of 64","Bærum","Lillestrom","6974","321","1","5","0","2",,,,,"1","5"
"1638130","2026-10-01","10/1/2026 5:00:00 PM","FT","105","NM Cupen","Norway","2027","Round of 64","Madla","Viking","7009","759","0","3","0","0",,,,,"0","3"
"1642987","2026-10-01","10/1/2026 5:00:00 PM","FT","10","Friendlies","World","2026","Friendly International","Brazil U20","United States U20","16200","10306","2","0","0","0",,,,,"2","0"
"1642988","2026-10-01","10/1/2026 5:00:00 PM","FT","10","Friendlies","World","2026","Friendly International","Morocco U23","Mali U23","10179","20551","1","1","1","1",,,,,"1","1"
"1643208","2026-10-01","10/1/2026 5:00:00 PM","FT","667","Friendlies Clubs","World","2026","Club Friendlies","Trabzonspor","Drogheda United","998","3850","0","1","0","0",,,,,"0","1"
"1350185","2026-10-01","10/1/2026 5:30:00 PM","FT","850","UEFA U21 Championship - Qualification","World","2027","Group Stage - 21","Armenia U21","Italy U21","8179","8201","0","1","0","0",,,,,"0","1"
"1621348","2026-10-01","10/1/2026 5:30:00 PM","NS","496","Liga Alef","Israel","2026","North - 5","Tzeirei Umm al-Fahm","Hapoel Tirat HaCarmel","20706","6169",,,,,,,,,,
"1621349","2026-10-01","10/1/2026 5:30:00 PM","FT","496","Liga Alef","Israel","2026","North - 5","Hapoel Umm al-Fahm","Hapoel Ironi Karmiel","4492","20101","0","0","0","0",,,,,"0","0"
"1621623","2026-10-01","10/1/2026 5:30:00 PM","FT","496","Liga Alef","Israel","2026","South - 5","Kfar Saba 1928","Hapoel Marmorek","24788","4498","2","2","2","1",,,,,"2","2"
"1638293","2026-10-01","10/1/2026 5:45:00 PM","FT","525","UEFA Champions League Women","World","2026","League Stage - 2","Austria Wien W","Inter Milano W","17575","7533","1","1","1","0",,,,,"1","1"
"1638315","2026-10-01","10/1/2026 5:45:00 PM","FT","525","UEFA Champions League Women","World","2026","League Stage - 2","Køge W","Servette Chênois W","13982","15548","5","1","3","0",,,,,"5","1"
"1350184","2026-10-01","10/1/2026 6:00:00 PM","FT","850","UEFA U21 Championship - Qualification","World","2027","Group Stage - 21","Hungary U21","Lithuania U21","16500","8206","2","1","1","1",,,,,"2","1"
"1642898","2026-10-01","10/1/2026 6:00:00 PM","NS","667","Friendlies Clubs","World","2026","Club Friendlies","FC Liefering","TSV St. Johann","1400","4994",,,,,,,,,,
"1619348","2026-10-01","10/1/2026 6:15:00 PM","FT","1227","Premier League Women","Saudi-Arabia","2027","Regular Season - 4","Al-Ula W","Al Hilal W","27716","27713","1","3",,,,,,,"1","3"
"1639146","2026-10-01","10/1/2026 6:15:00 PM","FT","677","QSL Cup","Qatar","2026","Group Stage - 2","Qatar SC","Al Bidda SC","2907","2925","1","0","1","0",,,,,"1","0"
"1639147","2026-10-01","10/1/2026 6:15:00 PM","FT","677","QSL Cup","Qatar","2026","Group Stage - 2","Al Shamal","Muaither SC","2916","2902","2","1","1","0",,,,,"2","1"
"1641151","2026-10-01","10/1/2026 6:30:00 PM","FT","735","Copa Federacion","Spain","2026","Quarter-finals","UD Santa Marta","Salamanca UDS","9738","9588","1","2","1","2",,,,,"1","2"
"1605272","2026-10-01","10/1/2026 7:00:00 PM","FT","1155","Carioca B2","Brazil","2026","Group Stage - 6","SE Belford Roxo","Santa Cruz RJ","22354","23640","3","0","2","0",,,,,"3","0"
"1605273","2026-10-01","10/1/2026 7:00:00 PM","FT","1155","Carioca B2","Brazil","2026","Group Stage - 6","Búzios","Paraty","25962","23638","3","2","1","0",,,,,"3","2"
"1605274","2026-10-01","10/1/2026 7:00:00 PM","NS","1155","Carioca B2","Brazil","2026","Group Stage - 6","Cardoso Moreira","Serra Macaense","27826","13116",,,,,,,,,,
"1605275","2026-10-01","10/1/2026 7:00:00 PM","FT","1155","Carioca B2","Brazil","2026","Group Stage - 6","Rio de Janeiro","Barra Mansa","22353","17926","2","0","0","0",,,,,"2","0"
"1605276","2026-10-01","10/1/2026 7:00:00 PM","FT","1155","Carioca B2","Brazil","2026","Group Stage - 6","Paduano","Campos AA","20007","13110","1","1",,,,,,,"1","1"
"1612057","2026-10-01","10/1/2026 7:00:00 PM","FT","906","Reserve League","Argentina","2026","Clausura - 11","Barracas Central Res.","Gimnasia Mendoza 2","18680","27272","0","0","0","0",,,,,"0","0"
"1612059","2026-10-01","10/1/2026 7:00:00 PM","FT","906","Reserve League","Argentina","2026","Clausura - 11","Colón Res.","Deportivo Riestra Res.","18683","22937","0","1","0","0",,,,,"0","1"
"1612061","2026-10-01","10/1/2026 7:00:00 PM","FT","906","Reserve League","Argentina","2026","Clausura - 11","Independiente Res.","Boca Juniors Res.","18689","18681","2","1","0","1",,,,,"2","1"
"1612069","2026-10-01","10/1/2026 7:00:00 PM","FT","906","Reserve League","Argentina","2026","Clausura - 11","San Martín San Juan Res.","Lanús Res.","25592","18690","0","2","0","1",,,,,"0","2"
"1631747","2026-10-01","10/1/2026 7:00:00 PM","NS","722","Liga Premier Serie A","Mexico","2026","Apertura - 6","Héroes de Zaci","Acatlan","26526","24949",,,,,,,,,,
"1642899","2026-10-01","10/1/2026 7:00:00 PM","CANC","667","Friendlies Clubs","World","2026","Club Friendlies","Real Betis","AD Ceuta FC","543","10139",,,,,,,,,,
"1350181","2026-10-01","10/1/2026 7:15:00 PM","FT","850","UEFA U21 Championship - Qualification","World","2027","Group Stage - 21","San Marino U21","Spain U21","8220","8224","0","13","0","5",,,,,"0","13"
"1350187","2026-10-01","10/1/2026 7:45:00 PM","FT","850","UEFA U21 Championship - Qualification","World","2027","Group Stage - 21","Northern Ireland U21","Georgia U21","8213","8195","1","1","0","0",,,,,"1","1"
"1528917","2026-10-01","10/1/2026 7:45:00 PM","FT","5","UEFA Nations League","World","2026","League A - 3","Germany","Serbia","25","14","2","0","1","0",,,,,"2","0"
"1528918","2026-10-01","10/1/2026 7:45:00 PM","FT","5","UEFA Nations League","World","2026","League A - 3","Greece","Netherlands","1117","1118","2","2","2","0",,,,,"2","2"
"1528919","2026-10-01","10/1/2026 7:45:00 PM","FT","5","UEFA Nations League","World","2026","League A - 3","Denmark","Portugal","21","27","2","4","1","2",,,,,"2","4"
"1528920","2026-10-01","10/1/2026 7:45:00 PM","FT","5","UEFA Nations League","World","2026","League A - 3","Wales","Norway","767","1090","2","1","1","1",,,,,"2","1"
"1528921","2026-10-01","10/1/2026 7:45:00 PM","FT","5","UEFA Nations League","World","2026","League B - 3","Rep. Of Ireland","Austria","776","775","2","2","2","0",,,,,"2","2"
"1528922","2026-10-01","10/1/2026 7:45:00 PM","FT","5","UEFA Nations League","World","2026","League B - 3","Israel","Kosovo","1116","1111","0","0","0","0",,,,,"0","0"
"1545607","2026-10-01","10/1/2026 7:45:00 PM","FT","5","UEFA Nations League","World","2026","League D - 3","Malta","Gibraltar","1112","1093","1","1","0","0",,,,,"1","1"
"1574751","2026-10-01","10/1/2026 7:45:00 PM","FT","63","Ligue 3","France","2026","Regular Season - 9","Bastia","Orleans","1305","103","1","1","0","0",,,,,"1","1"
"1612072","2026-10-01","10/1/2026 7:45:00 PM","FT","906","Reserve League","Argentina","2026","Clausura - 11","Vélez Sársfield Res.","Argentinos Juniors Res.","18702","18677","1","1","0","0",,,,,"1","1"
"1601401","2026-10-01","10/1/2026 8:00:00 PM","NS","163","Liga de Ascenso","Costa-Rica","2026","Regular Season - 3","Cariari Pococi","Santa Ana","2052","2057",,,,,,,,,,
"1610852","2026-10-01","10/1/2026 8:00:00 PM","FT","1037","Paraibano 2","Brazil","2026","Regular Season - 6","Spartax","Sport PB","22366","12910","1","1",,,,,,,"1","1"
"1638321","2026-10-01","10/1/2026 8:00:00 PM","FT","525","UEFA Champions League Women","World","2026","League Stage - 2","Manchester City W","Real Madrid W","1854","15224","1","1","0","1",,,,,"1","1"
"1638330","2026-10-01","10/1/2026 8:00:00 PM","FT","525","UEFA Champions League Women","World","2026","League Stage - 2","Paris Saint Germain W","OH Leuven W","1667","1790","5","0","1","0",,,,,"5","0"
"1639967","2026-10-01","10/1/2026 8:00:00 PM","FT","536","CONCACAF Nations League","World","2025","League C - 1","British Virgin Islands","Montserrat","8168","8170","0","2","0","2",,,,,"0","2"
"1612070","2026-10-01","10/1/2026 9:00:00 PM","FT","906","Reserve League","Argentina","2026","Clausura - 11","Talleres Córdoba Res.","Godoy Cruz Res.","18699","18687","3","1","0","0",,,,,"3","1"
"1635842","2026-10-01","10/1/2026 9:00:00 PM","FT","1232","Copa De La Liga","Peru","2026","Semi-finals","Sporting Cristal","ADT","2546","10492","5","0","2","0",,,,,"5","0"
"1639968","2026-10-01","10/1/2026 9:00:00 PM","FT","536","CONCACAF Nations League","World","2025","League C - 3","US Virgin Islands","Saint Martin","8172","10984","0","5","0","1",,,,,"0","5"
"1549614","2026-10-01","10/1/2026 9:30:00 PM","FT","240","Primera B","Colombia","2026","Clausura - 7","Envigado","Orsomarso","1129","1469","0","0","0","0",,,,,"0","0"
"1636701","2026-10-01","10/1/2026 9:30:00 PM","NS","243","Liga Pro Serie B","Ecuador","2026","Relegation Group - 6","Cumbayá","Santo Domingo","16476","19414",,,,,,,,,,
"1639969","2026-10-01","10/1/2026 10:00:00 PM","FT","536","CONCACAF Nations League","World","2025","League B - 1","Dominica","Guyana","5531","5162","1","5","0","2",,,,,"1","5"
"1600616","2026-10-01","10/1/2026 10:30:00 PM","FT","370","Primera Division","El-Salvador","2026","Apertura - 13","Fuerte San Francisco","Firpo","22157","4303","0","3","0","1",,,,,"0","3"
"1612066","2026-10-01","10/1/2026 11:00:00 PM","FT","906","Reserve League","Argentina","2026","Clausura - 11","River Plate Res.","Sarmiento Res.","18695","18698","1","0","0","0",,,,,"1","0"
"1632245","2026-10-01","10/1/2026 11:00:00 PM","PEN","1112","Cearense U20","Brazil","2026","Final","Fortaleza U20","Ceará U20","13009","12956","2","2","1","1","0","0","2","4","2","2"
"1639172","2026-10-01","10/1/2026 11:00:00 PM","PEN","501","Copa Paraguay","Paraguay","2026","Round of 16","Olimpia","Sportivo Luqueno","1182","1183","1","1","0","0","0","0","2","4","1","1"
"1639970","2026-10-01","10/1/2026 11:00:00 PM","FT","536","CONCACAF Nations League","World","2025","League A - 1","Curaçao","Trinidad and Tobago","5530","5168","1","0","0","0",,,,,"1","0"
"1642013","2026-10-01","10/1/2026 11:00:00 PM","FT","1203","Piauiense - 2","Brazil","2026","Semi-finals","Flamengo PI","Comercial PI","13093","12294","1","0","1","0",,,,,"1","0"
"1610851","2026-10-01","10/1/2026 11:30:00 PM","FT","1037","Paraibano 2","Brazil","2026","Regular Season - 6","Serrano PB","Guarabira","7836","22363","2","0",,,,,,,"2","0"
"1619698","2026-10-01","10/1/2026 11:30:00 PM","FT","964","Copa de la División Profesional","Bolivia","2026","Group Stage - 6","Bolívar","Gualberto Villarroel SJ","3702","22266","3","2","1","0",,,,,"3","2"
"1639971","2026-10-02","10/2/2026 12:00:00 AM","FT","536","CONCACAF Nations League","World","2025","League C - 2","Anguilla","Antigua and Barbuda","8150","5526","0","3","0","1",,,,,"0","3"
"1520900","2026-10-02","10/2/2026 12:30:00 AM","FT","72","Serie B","Brazil","2026","Regular Season - 31","Athletic Club","Sport Recife","13975","123","1","2","1","2",,,,,"1","2"
"1520908","2026-10-02","10/2/2026 1:00:00 AM","FT","72","Serie B","Brazil","2026","Regular Season - 31","Novorizontino","Goias","7834","151","3","0","1","0",,,,,"3","0"
"1600617","2026-10-02","10/2/2026 1:00:00 AM","FT","370","Primera Division","El-Salvador","2026","Apertura - 13","Inca Aruba","Municipal Limeño","28019","4306","2","1","2","1",,,,,"2","1"
"1639972","2026-10-02","10/2/2026 1:00:00 AM","FT","536","CONCACAF Nations League","World","2025","League B - 1","Cayman Islands","Puerto Rico","8169","5539","0","3","0","2",,,,,"0","3"
"1639973","2026-10-02","10/2/2026 1:00:00 AM","FT","536","CONCACAF Nations League","World","2025","League A - 1","Dominican Republic","Haiti","5532","2386","1","4","0","1",,,,,"1","4"
"1637268","2026-10-02","10/2/2026 1:15:00 AM","FT","130","Copa Argentina","Argentina","2026","Quarter-finals","Platense","Estudiantes L.P.","1064","450","1","0","0","0",,,,,"1","0"
"1619699","2026-10-02","10/2/2026 1:30:00 AM","FT","964","Copa de la División Profesional","Bolivia","2026","Group Stage - 6","Blooming","Independiente Petrolero","3701","15702","0","1","0","0",,,,,"0","1"
"1601401","2026-10-02","10/2/2026 2:00:00 AM","FT","163","Liga de Ascenso","Costa-Rica","2026","Regular Season - 3","Cariari Pococi","Santa Ana","2052","2057","1","2","0","1",,,,,"1","2"
"1490463","2026-10-02","10/2/2026 2:30:00 AM","FT","253","Major League Soccer","USA","2026","Regular Season - 24","Seattle Sounders","Sporting Kansas City","1595","1611","2","1","0","1",,,,,"2","1"
"1639974","2026-10-02","10/2/2026 3:00:00 AM","FT","536","CONCACAF Nations League","World","2025","League A - 1","Nicaragua","Costa Rica","5164","29","0","3","0","0",,,,,"0","3"
"1643166","2026-10-02","10/2/2026 7:00:00 AM","FT","1245","Asian Games Women","World","2026","3rd place","China W","South Korea W","1723","1728","0","1","0","1",,,,,"0","1"
"1643215","2026-10-02","10/2/2026 9:00:00 AM","FT","667","Friendlies Clubs","World","2026","Club Friendlies","Lokomotiv Plovdiv","Arda Kardzhali","858","1430","2","0","1","0",,,,,"2","0"
"1642915","2026-10-02","10/2/2026 9:30:00 AM","FT","667","Friendlies Clubs","World","2026","Club Friendlies","Petrolul Ploiesti","CS Afumati","2598","2608","3","2","0","1",,,,,"3","2"
"1640101","2026-10-02","10/2/2026 10:00:00 AM","FT","398","Premier League","Bangladesh","2027","Regular Season - 2","Chattogram","Bangladesh Police","28428","10106","0","3","0","2",,,,,"0","3"
"1640102","2026-10-02","10/2/2026 10:00:00 AM","FT","398","Premier League","Bangladesh","2027","Regular Season - 2","Fakirerpool","Mohammedan Dhaka","25416","5014","0","1","0","1",,,,,"0","1"
"1640106","2026-10-02","10/2/2026 10:00:00 AM","FT","398","Premier League","Bangladesh","2027","Regular Season - 2","PWD Sports Club","Brothers Union","26882","5013","1","1","0","1",,,,,"1","1"
"1641716","2026-10-02","10/2/2026 10:00:00 AM","FT","1247","FIFA Asean Cup","World","2026","Division 1 - 3","Thailand","Philippines","1564","1555","1","2","0","1",,,,,"1","2"
"1641717","2026-10-02","10/2/2026 10:00:00 AM","FT","1247","FIFA Asean Cup","World","2026","Division 1 - 3","Vietnam","Pakistan","1542","5535","4","2","0","1",,,,,"4","2"
"1642900","2026-10-02","10/2/2026 10:00:00 AM","FT","667","Friendlies Clubs","World","2026","Club Friendlies","Admira Wacker","Austria Vienna","1023","601","1","6","0","3",,,,,"1","6"
"1642901","2026-10-02","10/2/2026 10:00:00 AM","FT","667","Friendlies Clubs","World","2026","Club Friendlies","Gornik Zabrze","Odra Opole","340","3488","0","2","0","2",,,,,"0","2"
"1642902","2026-10-02","10/2/2026 10:00:00 AM","FT","667","Friendlies Clubs","World","2026","Club Friendlies","Saint Etienne","FC Sion","1063","630","5","1","4","1",,,,,"5","1"
"1642903","2026-10-02","10/2/2026 10:00:00 AM","FT","667","Friendlies Clubs","World","2026","Club Friendlies","Sudtirol","Wacker Innsbruck","1578","1073","2","3","0","0",,,,,"2","3"
"1643209","2026-10-02","10/2/2026 10:00:00 AM","FT","667","Friendlies Clubs","World","2026","Club Friendlies","Zbrojovka Brno","Skalica","3733","10542","5","1","3","1",,,,,"5","1"
"1643210","2026-10-02","10/2/2026 10:00:00 AM","FT","667","Friendlies Clubs","World","2026","Club Friendlies","Pardubice","Viktoria Žižkov","3724","3729","4","1","4","0",,,,,"4","1"
"1643211","2026-10-02","10/2/2026 10:00:00 AM","FT","667","Friendlies Clubs","World","2026","Club Friendlies","Komárno","Ajka","10535","4714","4","2","2","1",,,,,"4","2"
"1643212","2026-10-02","10/2/2026 10:00:00 AM","FT","667","Friendlies Clubs","World","2026","Club Friendlies","Zlin","Prostějov","603","3725","1","2","0","0",,,,,"1","2"
"1643468","2026-10-02","10/2/2026 10:00:00 AM","FT","667","Friendlies Clubs","World","2026","Club Friendlies","Hradec Králové","Kladno","3723","7307","2","0","2","0",,,,,"2","0"
"1643469","2026-10-02","10/2/2026 10:00:00 AM","FT","667","Friendlies Clubs","World","2026","Club Friendlies","Mlada Boleslav","Příbram","640","3718","3","1","2","1",,,,,"3","1"
"1643470","2026-10-02","10/2/2026 10:00:00 AM","FT","667","Friendlies Clubs","World","2026","Club Friendlies","Ružomberok","Opava","3549","3717","1","1","0","0",,,,,"1","1"
"1643480","2026-10-02","10/2/2026 10:00:00 AM","FT","667","Friendlies Clubs","World","2026","Club Friendlies","Annecy","Servette FC","3012","2184","2","1",,,,,,,"2","1"
"1640498","2026-10-02","10/2/2026 10:30:00 AM","FT","667","Friendlies Clubs","World","2026","Club Friendlies","SV Wehen","Karlsruher SC","1319","785","1","2","1","1",,,,,"1","2"
"1642904","2026-10-02","10/2/2026 10:30:00 AM","FT","667","Friendlies Clubs","World","2026","Club Friendlies","FC Lugano","Hellas Verona","606","504","1","3","0","2",,,,,"1","3"
"1642905","2026-10-02","10/2/2026 10:30:00 AM","FT","667","Friendlies Clubs","World","2026","Club Friendlies","Raków Częstochowa","Polonia Bytom","3491","12835","4","1","2","1",,,,,"4","1"
"1520560","2026-10-02","10/2/2026 11:00:00 AM","FT","295","K3 League","South-Korea","2026","Regular Season - 23","Daejeon Korail","Gangneung City","7068","7075","2","1","1","0",,,,,"2","1"
"1533781","2026-10-02","10/2/2026 11:00:00 AM","FT","660","WK-League","South-Korea","2026","Regular Season - 25","Incheon Red Angels W","Hwacheon KSPO W","14377","14376","0","3","0","1",,,,,"0","3"
"1533782","2026-10-02","10/2/2026 11:00:00 AM","FT","660","WK-League","South-Korea","2026","Regular Season - 25","Gumi Sportstoto W","Suwon FMC W","14374","14379","0","1","0","0",,,,,"0","1"
"1555727","2026-10-02","10/2/2026 11:00:00 AM","FT","100","J3 League","Japan","2026","Regular Season - 9","Biwako Shiga","Roasso Kumamoto","7117","314","0","0","0","0",,,,,"0","0"
"1568513","2026-10-02","10/2/2026 11:00:00 AM","FT","782","III Liga - Group 3","Poland","2026","Group III - 11","Zagłębie Lubin II","Górnik Polkowice","6963","9132","1","1","0","1",,,,,"1","1"
"1593027","2026-10-02","10/2/2026 11:00:00 AM","FT","336","Druha Liga","Ukraine","2026","Regular Season - 9","Penuel","Atlet","26189","26187","1","1","0","0",,,,,"1","1"
"1630089","2026-10-02","10/2/2026 11:00:00 AM","FT","1241","U19 league","Serbia","2026","Regular Season - 8","IMT Novi Beograd U19","Usce U19","24982","28271","7","1","4","0",,,,,"7","1"
"1640497","2026-10-02","10/2/2026 11:00:00 AM","FT","667","Friendlies Clubs","World","2026","Club Friendlies","1. FC Nürnberg","FC Ingolstadt 04","171","184","3","1","3","0",,,,,"3","1"
"1640829","2026-10-02","10/2/2026 11:00:00 AM","FT","10","Friendlies","World","2026","Friendly International","Wales U19","Norway U19","10353","10342","0","2","0","2",,,,,"0","2"
"1641094","2026-10-02","10/2/2026 11:00:00 AM","FT","667","Friendlies Clubs","World","2026","Club Friendlies","IF Elfsborg","BK Hacken","372","367","0","1","0","1",,,,,"0","1"
"1642906","2026-10-02","10/2/2026 11:00:00 AM","FT","667","Friendlies Clubs","World","2026","Club Friendlies","Aarhus","Vendsyssel FF","406","399","2","1","1","0",,,,,"2","1"
"1642907","2026-10-02","10/2/2026 11:00:00 AM","FT","667","Friendlies Clubs","World","2026","Club Friendlies","AC Horsens","Vejle","404","395","2","1","0","1",,,,,"2","1"
"1642908","2026-10-02","10/2/2026 11:00:00 AM","FT","667","Friendlies Clubs","World","2026","Club Friendlies","Radomiak Radom","Pogoń Grod. Mazowiecki","4248","14750","7","2","4","1",,,,,"7","2"
"1642909","2026-10-02","10/2/2026 11:00:00 AM","FT","667","Friendlies Clubs","World","2026","Club Friendlies","Sparta Praha","Vysočina Jihlava","628","3731","5","3","3","1",,,,,"5","3"
"1642910","2026-10-02","10/2/2026 11:00:00 AM","FT","667","Friendlies Clubs","World","2026","Club Friendlies","Wisla Plock","Unia Skierniewice","341","6961","3","1","1","0",,,,,"3","1"
"1642916","2026-10-02","10/2/2026 11:00:00 AM","FT","667","Friendlies Clubs","World","2026","Club Friendlies","Piast Gliwice","Wisla Krakow","349","338","3","4","0","2",,,,,"3","4"
"1642989","2026-10-02","10/2/2026 11:00:00 AM","FT","10","Friendlies","World","2026","Friendly International","Turkey U18","Uzbekistan U18","19075","27067","2","0","1","0",,,,,"2","0"
"1643213","2026-10-02","10/2/2026 11:00:00 AM","FT","667","Friendlies Clubs","World","2026","Club Friendlies","Wieczysta Kraków","Puszcza Niepołomice","17115","3490","4","3","2","3",,,,,"4","3"
"1643471","2026-10-02","10/2/2026 11:00:00 AM","FT","667","Friendlies Clubs","World","2026","Club Friendlies","Dunkerque","RAAL La Louvière","1304","5902","0","4","0","1",,,,,"0","4"
"1643472","2026-10-02","10/2/2026 11:00:00 AM","FT","667","Friendlies Clubs","World","2026","Club Friendlies","FC Gomel","Belshina","389","3384","1","0","0","0",,,,,"1","0"
"1643473","2026-10-02","10/2/2026 11:00:00 AM","FT","667","Friendlies Clubs","World","2026","Club Friendlies","Le Havre","Boulogne","111","1299","6","1","3","0",,,,,"6","1"
"1640513","2026-10-02","10/2/2026 11:30:00 AM","NS","10","Friendlies","World","2026","Friendly International","Hungary U18","Algeria U18","22498","19068",,,,,,,,,,
"1642990","2026-10-02","10/2/2026 11:30:00 AM","FT","10","Friendlies","World","2026","Friendly International","Croatia U18","Denmark U18","22340","22428","4","2","2","1",,,,,"4","2"
"1643167","2026-10-02","10/2/2026 11:30:00 AM","PEN","1245","Asian Games Women","World","2026","Final","Korea DPR W","Japan W","21343","1720","2","2","0","1","0","0","3","5","2","2"
"1643474","2026-10-02","10/2/2026 11:30:00 AM","FT","667","Friendlies Clubs","World","2026","Club Friendlies","Juventus","Cremonese","496","520","0","1","0","1",,,,,"0","1"
"1536477","2026-10-02","10/2/2026 12:00:00 PM","FT","652","Second League - Group 2","Russia","2026","Group 2 - 26","Zvezda St. Petersburg","Tver","6840","14120","1","8","1","4",,,,,"1","8"
"1581927","2026-10-02","10/2/2026 12:00:00 PM","FT","334","Persha Liga","Ukraine","2026","Regular Season - 10","SK Poltava","Chernihiv","17165","14433","3","2","1","1",,,,,"3","2"
"1629003","2026-10-02","10/2/2026 12:00:00 PM","FT","10","Friendlies","World","2026","Friendly International","South Korea","Venezuela","17","2379","0","0","0","0",,,,,"0","0"
"1640048","2026-10-02","10/2/2026 12:00:00 PM","FT","667","Friendlies Clubs","World","2026","Club Friendlies","1. FC Heidenheim","Würzburger Kickers","180","784","3","1","2","0",,,,,"3","1"
"1642911","2026-10-02","10/2/2026 12:00:00 PM","FT","667","Friendlies Clubs","World","2026","Club Friendlies","FC Augsburg","Hertha BSC","170","159","2","2","1","0",,,,,"2","2"
"1642912","2026-10-02","10/2/2026 12:00:00 PM","FT","667","Friendlies Clubs","World","2026","Club Friendlies","Sturm Graz","Floridsdorfer AC","637","1395","3","1","2","1",,,,,"3","1"
"1643214","2026-10-02","10/2/2026 12:00:00 PM","CANC","667","Friendlies Clubs","World","2026","Club Friendlies","Debreceni VSC","FK Košice","2392","10534",,,,,,,,,,
"1643475","2026-10-02","10/2/2026 12:00:00 PM","FT","667","Friendlies Clubs","World","2026","Club Friendlies","VfL Bochum","VfL Osnabrück","176","1324","4","1","2","0",,,,,"4","1"
"1643476","2026-10-02","10/2/2026 12:00:00 PM","FT","667","Friendlies Clubs","World","2026","Club Friendlies","Corvinul Hunedoara","Viitorul Şelimbăr","20034","6927","2","0","1","0",,,,,"2","0"
"1643477","2026-10-02","10/2/2026 12:00:00 PM","FT","667","Friendlies Clubs","World","2026","Club Friendlies","Kolding IF","Odense","4676","405","5","4","2","2",,,,,"5","4"
"1643478","2026-10-02","10/2/2026 12:00:00 PM","FT","667","Friendlies Clubs","World","2026","Club Friendlies","Nyiregyhaza","Zemplín Michalovce","2403","3552","1","1","0","0",,,,,"1","1"
"1637224","2026-10-02","10/2/2026 12:30:00 PM","AWD","1243","Super League Women","South-Africa","2026","Group Stage","TS Galaxy W","Diepkloof W","28360","28352",,,,,,,,,"0","0"
"1637598","2026-10-02","10/2/2026 12:35:00 PM","FT","10","Friendlies","World","2026","Friendly International","China","Palestine","1566","1562","0","5","0","3",,,,,"0","5"
"1637604","2026-10-02","10/2/2026 12:35:00 PM","CANC","10","Friendlies","World","2026","Friendly International","China","Turkmenistan","1566","1539",,,,,,,,,,
"1619156","2026-10-02","10/2/2026 1:00:00 PM","FT","703","Professional Development League","England","2026","Regular Season","Fleetwood Town U21","Sheffield Wednesday U21","22173","20096","3","1","2","0",,,,,"3","1"
"1629096","2026-10-02","10/2/2026 1:00:00 PM","PST","276","FKF Premier League","Kenya","2026","Regular Season - 5","APS Bomet","Murang'a SEAL","19476","19486",,,,,,,,,,
"1629097","2026-10-02","10/2/2026 1:00:00 PM","PST","276","FKF Premier League","Kenya","2026","Regular Season - 5","GOR Mahia","KCB","2467","2476",,,,,,,,,,
"1629098","2026-10-02","10/2/2026 1:00:00 PM","PST","276","FKF Premier League","Kenya","2026","Regular Season - 5","AFC Leopards","Homeboyz","2472","2462",,,,,,,,,,
"1629099","2026-10-02","10/2/2026 1:00:00 PM","PST","276","FKF Premier League","Kenya","2026","Regular Season - 5","Migori Youth","Mombasa Elite","19484","19485",,,,,,,,,,
"1629100","2026-10-02","10/2/2026 1:00:00 PM","PST","276","FKF Premier League","Kenya","2026","Regular Season - 5","Nairobi United","Bandari","22231","2460",,,,,,,,,,
"1629101","2026-10-02","10/2/2026 1:00:00 PM","PST","276","FKF Premier League","Kenya","2026","Regular Season - 5","Posta Rangers FC","3K","2459","24667",,,,,,,,,,
"1629102","2026-10-02","10/2/2026 1:00:00 PM","PST","276","FKF Premier League","Kenya","2026","Regular Season - 5","Shabana","Police","19489","8560",,,,,,,,,,
"1629103","2026-10-02","10/2/2026 1:00:00 PM","PST","276","FKF Premier League","Kenya","2026","Regular Season - 5","Tusker","Mara Sugar","2475","19483",,,,,,,,,,
"1629104","2026-10-02","10/2/2026 1:00:00 PM","PST","276","FKF Premier League","Kenya","2026","Regular Season - 5","Ulinzi Stars","Mathare United","2474","2463",,,,,,,,,,
"1632859","2026-10-02","10/2/2026 1:00:00 PM","FT","784","Liga III - Serie 1","Romania","2026","Group 1 - 7","Aerostar Bacau","Paşcani","2593","6887","5","0","2","0",,,,,"5","0"
"1632862","2026-10-02","10/2/2026 1:00:00 PM","FT","784","Liga III - Serie 1","Romania","2026","Group 1 - 7","Odorheiu Secuiesc","Târgu Secuiesc","6883","6909","1","3","0","2",,,,,"1","3"
"1632993","2026-10-02","10/2/2026 1:00:00 PM","FT","785","Liga III - Serie 2","Romania","2026","Group 2 - 7","Kids Tâmpa Braşov","Corona Braşov","16292","16291","0","2","0","1",,,,,"0","2"
"1632994","2026-10-02","10/2/2026 1:00:00 PM","FT","785","Liga III - Serie 2","Romania","2026","Group 2 - 7","Sepsi II","Olimpic Zărneşti","16294","14588","1","4","1","3",,,,,"1","4"
"1633123","2026-10-02","10/2/2026 1:00:00 PM","FT","786","Liga III - Serie 3","Romania","2026","Group 3 - 7","Râmnicu Sărat","Flacăra Moreni","6897","6862","1","5","1","2",,,,,"1","5"
"1633126","2026-10-02","10/2/2026 1:00:00 PM","FT","786","Liga III - Serie 3","Romania","2026","Group 3 - 7","Urban Titu","Blejoi","24379","7461","1","1","0","1",,,,,"1","1"
"1633256","2026-10-02","10/2/2026 1:00:00 PM","FT","787","Liga III - Serie 4","Romania","2026","Group 4 - 7","Dunarea Calarasi","Agigea","2582","24359","0","0","0","0",,,,,"0","0"
"1633257","2026-10-02","10/2/2026 1:00:00 PM","FT","787","Liga III - Serie 4","Romania","2026","Group 4 - 7","Înainte Modelu","Unirea Braniştea","6932","19186","0","1","0","1",,,,,"0","1"
"1633258","2026-10-02","10/2/2026 1:00:00 PM","FT","787","Liga III - Serie 4","Romania","2026","Group 4 - 7","FC Oţelul II","Portul Constanta","26676","28330","2","1","1","0",,,,,"2","1"
"1633386","2026-10-02","10/2/2026 1:00:00 PM","FT","788","Liga III - Serie 5","Romania","2026","Group 5 - 7","Axi Adunații-Copăceni","Progresul Spartac","24361","6892","2","1","1","1",,,,,"2","1"
"1633388","2026-10-02","10/2/2026 1:00:00 PM","FT","788","Liga III - Serie 5","Romania","2026","Group 5 - 7","Dinamo Bucureşti II","Oxigen Bucuresti","16286","28327","1","2","1","1",,,,,"1","2"
"1633390","2026-10-02","10/2/2026 1:00:00 PM","FT","788","Liga III - Serie 5","Romania","2026","Group 5 - 7","FCSB II","Omega Sport","16287","28326","1","2","1","1",,,,,"1","2"
"1633391","2026-10-02","10/2/2026 1:00:00 PM","FT","788","Liga III - Serie 5","Romania","2026","Group 5 - 7","Voluntari II","Alexandria","16289","6842","0","2","0","0",,,,,"0","2"
"1633518","2026-10-02","10/2/2026 1:00:00 PM","FT","789","Liga III - Serie 6","Romania","2026","Group 6 - 7","Academica Balș","Vulturii Fărcăşeşti","26204","21684","3","2","2","0",,,,,"3","2"
"1633519","2026-10-02","10/2/2026 1:00:00 PM","FT","789","Liga III - Serie 6","Romania","2026","Group 6 - 7","CS Drobeta-Turnu Severin","Filiaşi","28322","6861","3","0","1","0",,,,,"3","0"
"1633522","2026-10-02","10/2/2026 1:00:00 PM","FT","789","Liga III - Serie 6","Romania","2026","Group 6 - 7","Petrolul Hartiesti","CSM Targu Jiu","28328","26679","1","6","0","2",,,,,"1","6"
"1633523","2026-10-02","10/2/2026 1:00:00 PM","FT","789","Liga III - Serie 6","Romania","2026","Group 6 - 7","Unirea Bascov","Jiul Petroşani","6912","14586","1","1","0","0",,,,,"1","1"
"1633652","2026-10-02","10/2/2026 1:00:00 PM","FT","790","Liga III - Serie 7","Romania","2026","Group 7 - 7","Poli Timisoara 2","Metalurgistul Cugir","28329","6876","1","1","1","1",,,,,"1","1"
"1633654","2026-10-02","10/2/2026 1:00:00 PM","FT","790","Liga III - Serie 7","Romania","2026","Group 7 - 7","Universitatea Alba Iulia","Unirea Sântana","14596","26682","0","1","0","1",,,,,"0","1"
"1633782","2026-10-02","10/2/2026 1:00:00 PM","FT","791","Liga III - Serie 8","Romania","2026","Group 8 - 7","Academica Recea","Sighetu Marmaţiei","21662","14593","1","0","0","0",,,,,"1","0"
"1633783","2026-10-02","10/2/2026 1:00:00 PM","FT","791","Liga III - Serie 8","Romania","2026","Group 8 - 7","Sânmartin","Minaur Baia Mare","7490","6878","0","4","0","3",,,,,"0","4"
"1633786","2026-10-02","10/2/2026 1:00:00 PM","FT","791","Liga III - Serie 8","Romania","2026","Group 8 - 7","Unirea Dej","Unirea Tășnad","6914","6917","0","0","0","0",,,,,"0","0"
"1633787","2026-10-02","10/2/2026 1:00:00 PM","FT","791","Liga III - Serie 8","Romania","2026","Group 8 - 7","Viitorul Cluj","Transilvania Sport Academy","19851","28325","4","2","0","2",,,,,"4","2"
"1637651","2026-10-02","10/2/2026 1:00:00 PM","FT","275","Liga 2","Indonesia","2026","Regular Season - 4","Dejan","Persipura Jayapura","24994","2440","1","3","0","0",,,,,"1","3"
"1642914","2026-10-02","10/2/2026 1:00:00 PM","FT","667","Friendlies Clubs","World","2026","Club Friendlies","Lille","Zulte Waregem","79","600","2","1","2","1",,,,,"2","1"
"1642917","2026-10-02","10/2/2026 1:00:00 PM","FT","667","Friendlies Clubs","World","2026","Club Friendlies","Sigma Olomouc","Žilina","2250","3554","4","0","1","0",,,,,"4","0"
"1643216","2026-10-02","10/2/2026 1:00:00 PM","FT","667","Friendlies Clubs","World","2026","Club Friendlies","Mladost DG","Mornar","16749","3740","1","5","0","2",,,,,"1","5"
"1643479","2026-10-02","10/2/2026 1:00:00 PM","FT","667","Friendlies Clubs","World","2026","Club Friendlies","Anderlecht","Reims","554","93","3","0","2","0",,,,,"3","0"
"1643482","2026-10-02","10/2/2026 1:00:00 PM","FT","667","Friendlies Clubs","World","2026","Club Friendlies","Neman","Dinamo Brest","387","386","1","2","0","0",,,,,"1","2"
"1643483","2026-10-02","10/2/2026 1:00:00 PM","FT","667","Friendlies Clubs","World","2026","Club Friendlies","Shakhtar Donetsk","Kryvbas KR","550","6489","3","0","2","0",,,,,"3","0"
"1643484","2026-10-02","10/2/2026 1:00:00 PM","FT","667","Friendlies Clubs","World","2026","Club Friendlies","Sochaux","Neuchatel Xamax FC","115","1015","2","1","1","1",,,,,"2","1"
"1643485","2026-10-02","10/2/2026 1:00:00 PM","FT","667","Friendlies Clubs","World","2026","Club Friendlies","Start","Brann","334","319","2","1","1","1",,,,,"2","1"
"1594851","2026-10-02","10/2/2026 1:30:00 PM","FT","887","Second League","Egypt","2026","Regular Season - 7","Dayrout","Ismaily SC","18022","1030","2","2","1","1",,,,,"2","2"
"1594855","2026-10-02","10/2/2026 1:30:00 PM","FT","887","Second League","Egypt","2026","Regular Season - 7","Baladiyyat Al Mehalla","Team","18036","25472","3","1","0","0",,,,,"3","1"
"1594856","2026-10-02","10/2/2026 1:30:00 PM","FT","887","Second League","Egypt","2026","Regular Season - 7","El Dakhleya","Maleyet Kafr El Zayiat","1032","25467","2","1","1","1",,,,,"2","1"
"1594857","2026-10-02","10/2/2026 1:30:00 PM","FT","887","Second League","Egypt","2026","Regular Season - 7","Proxy","Itesalat","20461","18032","0","3","0","1",,,,,"0","3"
"1594858","2026-10-02","10/2/2026 1:30:00 PM","FT","887","Second League","Egypt","2026","Regular Season - 7","Tanta SC","Haras El Hodood","1045","1576","0","2","0","0",,,,,"0","2"
"1595144","2026-10-02","10/2/2026 1:30:00 PM","FT","887","Second League","Egypt","2026","Regular Season - 7","Kahraba Ismailia","Mega Sport","20458","28011","2","0","2","0",,,,,"2","0"
"1642918","2026-10-02","10/2/2026 1:30:00 PM","FT","667","Friendlies Clubs","World","2026","Club Friendlies","Grasshoppers","Yverdon Sport","1013","6653","2","3","0","0",,,,,"2","3"
"1642919","2026-10-02","10/2/2026 1:30:00 PM","FT","667","Friendlies Clubs","World","2026","Club Friendlies","Lask Linz","First Vienna","1026","4990","2","1","1","0",,,,,"2","1"
"1575032","2026-10-02","10/2/2026 2:00:00 PM","FT","1114","Carioca U20","Brazil","2026","Regular Season - 9","Bangu U20","Nova Iguaçu U20","22831","13032","1","1","0","0",,,,,"1","1"
"1599245","2026-10-02","10/2/2026 2:00:00 PM","FT","676","Central Youth League","Poland","2026","Regular Season - 9","Zagłębie Lubin U19","Wisła Kraków U19","20244","20595","2","2","0","1",,,,,"2","2"
"1640074","2026-10-02","10/2/2026 2:00:00 PM","FT","10","Friendlies","World","2026","Friendly International","Congo DR","Uganda","1508","1519","0","2","0","1",,,,,"0","2"
"1642913","2026-10-02","10/2/2026 2:00:00 PM","FT","667","Friendlies Clubs","World","2026","Club Friendlies","HNK Gorica","Bravo","1068","4359","3","3","1","1",,,,,"3","3"
"1642920","2026-10-02","10/2/2026 2:00:00 PM","FT","667","Friendlies Clubs","World","2026","Club Friendlies","Podbeskidzie","Třinec","3489","3727","0","3",,,,,,,"0","3"
"1642921","2026-10-02","10/2/2026 2:00:00 PM","FT","667","Friendlies Clubs","World","2026","Club Friendlies","Ried","SKU Amstetten","1028","1404","3","3","0","1",,,,,"3","3"
"1643097","2026-10-02","10/2/2026 2:00:00 PM","FT","1107","Mineiro U20","Brazil","2026","Semi-finals","Boston City U20","Nacional de Muriae U20","23645","27643","2","3","1","2",,,,,"2","3"
"1643217","2026-10-02","10/2/2026 2:00:00 PM","CANC","667","Friendlies Clubs","World","2026","Club Friendlies","Botev Plovdiv","Septemvri Sofia","634","856",,,,,,,,,,
"1643414","2026-10-02","10/2/2026 2:00:00 PM","FT","847","Premier League","Eswatini","2026","Regular Season - 2","Green Mamba","Tabankulu","6421","26848","2","0","0","0",,,,,"2","0"
"1643415","2026-10-02","10/2/2026 2:00:00 PM","FT","847","Premier League","Eswatini","2026","Regular Season - 2","Royal Leopards","Ezulwini United","16822","22544","3","1","0","1",,,,,"3","1"
"1643486","2026-10-02","10/2/2026 2:00:00 PM","FT","667","Friendlies Clubs","World","2026","Club Friendlies","Auxerre","Clermont Foot","108","99","4","3","1","0",,,,,"4","3"
"1643487","2026-10-02","10/2/2026 2:00:00 PM","FT","667","Friendlies Clubs","World","2026","Club Friendlies","Frosinone","Benevento","512","506","2","1","2","0",,,,,"2","1"
"1643488","2026-10-02","10/2/2026 2:00:00 PM","FT","667","Friendlies Clubs","World","2026","Club Friendlies","Partizani","Drenica Skënderaj","708","14392","2","1","2","0",,,,,"2","1"
"1643489","2026-10-02","10/2/2026 2:00:00 PM","FT","667","Friendlies Clubs","World","2026","Club Friendlies","FK Rabotnicki","Tikveš","663","4348","1","1","0","1",,,,,"1","1"
"1643490","2026-10-02","10/2/2026 2:00:00 PM","FT","667","Friendlies Clubs","World","2026","Club Friendlies","Táborsko","Vlašim","3726","3730","2","1","2","0",,,,,"2","1"
"1636372","2026-10-02","10/2/2026 2:15:00 PM","FT","302","League Cup","United-Arab-Emirates","2026","Group Stage - 2","Al Ain","Ajman","2865","2879","2","3","1","1",,,,,"2","3"
"1636373","2026-10-02","10/2/2026 2:15:00 PM","FT","302","League Cup","United-Arab-Emirates","2026","Group Stage - 2","Al-Wasl FC","Al-Ittihad Kalba","2872","2876","4","0","0","0",,,,,"4","0"
"1636202","2026-10-02","10/2/2026 2:30:00 PM","FT","1197","FA Cup","Oman","2026","Group Stage - 5","Dhofar","Oman Club","5330","5334","0","1","0","0",,,,,"0","1"
"1637652","2026-10-02","10/2/2026 2:30:00 PM","FT","275","Liga 2","Indonesia","2026","Regular Season - 4","Persiraja Banda Aceh","Sumsel United","4242","26647","1","2","0","1",,,,,"1","2"
"1642922","2026-10-02","10/2/2026 2:30:00 PM","FT","667","Friendlies Clubs","World","2026","Club Friendlies","Wolfsberger AC","Voitsberg","1025","8332","2","1","2","0",,,,,"2","1"
"1642991","2026-10-02","10/2/2026 2:30:00 PM","FT","10","Friendlies","World","2026","Friendly International","Albania U19","Lithuania U19","10354","10370","2","1","0","1",,,,,"2","1"
"1642992","2026-10-02","10/2/2026 2:30:00 PM","FT","10","Friendlies","World","2026","Friendly International","Turkey U17","Korea Republic U17","17982","12512","6","3","2","2",,,,,"6","3"
"1528923","2026-10-02","10/2/2026 3:00:00 PM","FT","5","UEFA Nations League","World","2026","League C - 3","Kazakhstan","Moldova","1095","1114","1","2","0","1",,,,,"1","2"
"1534458","2026-10-02","10/2/2026 3:00:00 PM","FT","117","1. Division","Belarus","2026","Regular Season - 27","BATE II","Ostrovets FC","23272","13149","1","1","0","1",,,,,"1","1"
"1556427","2026-10-02","10/2/2026 3:00:00 PM","FT","361","1 Lyga","Lithuania","2026","Regular Season - 21","Minija","Kauno Žalgiris II","3864","13971","5","0","3","0",,,,,"5","0"
"1632088","2026-10-02","10/2/2026 3:00:00 PM","FT","890","U20 Elite League","World","2026","Group Stage","Portugal U20","Czechia U20","10299","18047","5","0","3","0",,,,,"5","0"
"1633387","2026-10-02","10/2/2026 3:00:00 PM","FT","788","Liga III - Serie 5","Romania","2026","Group 5 - 7","Cetatea","LPS HD Clinceni","19174","23382","2","2","2","2",,,,,"2","2"
"1637225","2026-10-02","10/2/2026 3:00:00 PM","FT","1243","Super League Women","South-Africa","2026","Group Stage","Copperbelt Ladies W","Stellenbosch W","28351","28359","2","2","0","1",,,,,"2","2"
"1639575","2026-10-02","10/2/2026 3:00:00 PM","FT","667","Friendlies Clubs","World","2026","Club Friendlies","Karviná","Stal Rzeszów","3716","6957","1","1","1","1",,,,,"1","1"
"1641095","2026-10-02","10/2/2026 3:00:00 PM","FT","667","Friendlies Clubs","World","2026","Club Friendlies","Eintracht Frankfurt","Eintracht Braunschweig","169","744","4","0","1","0",,,,,"4","0"
"1641991","2026-10-02","10/2/2026 3:00:00 PM","FT","187","Ligue 2","Algeria","2026","Regular Season - 3","USM Annaba","Paradou AC","1069","915","2","1","1","1",,,,,"2","1"
"1641992","2026-10-02","10/2/2026 3:00:00 PM","FT","187","Ligue 2","Algeria","2026","Regular Season - 3","CA Batna","MSP Batna","922","10712","0","1","0","0",,,,,"0","1"
"1641994","2026-10-02","10/2/2026 3:00:00 PM","PST","187","Ligue 2","Algeria","2026","Regular Season - 3","MO Bejaia","IRB Nezla","920","20696",,,,,,,,,,
"1641995","2026-10-02","10/2/2026 3:00:00 PM","FT","187","Ligue 2","Algeria","2026","Regular Season - 3","MO Constantine","CR Béni Thour","10713","10735","2","1","1","1",,,,,"2","1"
"1641997","2026-10-02","10/2/2026 3:00:00 PM","FT","187","Ligue 2","Algeria","2026","Regular Season - 3","Teleghma","NC Magra","10806","1071","1","2","0","2",,,,,"1","2"
"1641998","2026-10-02","10/2/2026 3:00:00 PM","FT","187","Ligue 2","Algeria","2026","Regular Season - 3","US Chaouia","Khroub","10708","936","0","0","0","0",,,,,"0","0"
"1642261","2026-10-02","10/2/2026 3:00:00 PM","FT","1015","CAF U23 Cup of Nations","World","2027","Quarter-finals","Seychelles U23","Botswana U23","20558","20541","1","2","1","1",,,,,"1","2"
"1642993","2026-10-02","10/2/2026 3:00:00 PM","FT","10","Friendlies","World","2026","Friendly International","Saudi Arabia U18","Italy U18","27070","19071","0","2","0","2",,,,,"0","2"
"1643195","2026-10-02","10/2/2026 3:00:00 PM","FT","10","Friendlies","World","2026","Friendly International","Montenegro U19","Israel U19","10374","10366","0","2","0","2",,,,,"0","2"
"1643218","2026-10-02","10/2/2026 3:00:00 PM","FT","667","Friendlies Clubs","World","2026","Club Friendlies","FC Noah","Dinamo Batumi","3684","705","2","2",,,,,,,"2","2"
"1636203","2026-10-02","10/2/2026 3:25:00 PM","FT","1197","FA Cup","Oman","2026","Group Stage - 5","Al-Shabab","Saham","5329","5335","2","1","1","1",,,,,"2","1"
"1534465","2026-10-02","10/2/2026 3:30:00 PM","FT","117","1. Division","Belarus","2026","Regular Season - 27","Volna","Lida","3395","3387","0","2","0","1",,,,,"0","2"
"1636204","2026-10-02","10/2/2026 3:30:00 PM","FT","1197","FA Cup","Oman","2026","Group Stage - 5","Al-Nahda","Sohar","5327","5336","2","1","0","0",,,,,"2","1"
"1642923","2026-10-02","10/2/2026 3:30:00 PM","FT","667","Friendlies Clubs","World","2026","Club Friendlies","FC Aarau","BSC Young Boys","2177","565","1","2","0","1",,,,,"1","2"
"1642924","2026-10-02","10/2/2026 3:30:00 PM","FT","667","Friendlies Clubs","World","2026","Club Friendlies","Luckenwalde","Magdeburg II","12809","21525","3","1","1","0",,,,,"3","1"
"1643219","2026-10-02","10/2/2026 3:30:00 PM","FT","667","Friendlies Clubs","World","2026","Club Friendlies","WSPG Wels","Austria Salzburg","22213","5000","3","3","2","1",,,,,"3","3"
"1643220","2026-10-02","10/2/2026 3:30:00 PM","FT","667","Friendlies Clubs","World","2026","Club Friendlies","Zrinjski","Jadran LP","588","5708","2","1","0","0",,,,,"2","1"
"1643491","2026-10-02","10/2/2026 3:30:00 PM","FT","667","Friendlies Clubs","World","2026","Club Friendlies","Pendikspor","Galatasaray","3601","645","3","3","3","0",,,,,"3","3"
"1592793","2026-10-02","10/2/2026 4:00:00 PM","FT","1200","Liga MX U21","Mexico","2026","Regular Season - 2","Guadalajara Chivas U21","Juarez U21","26833","26834","1","0","1","0",,,,,"1","0"
"1629898","2026-10-02","10/2/2026 4:00:00 PM","FT","657","Cup","Estonia","2026","Round of 16","Tammeka","Viimsi","3530","14340","4","1","2","0",,,,,"4","1"
"1630828","2026-10-02","10/2/2026 4:00:00 PM","FT","1196","Division One League","Ghana","2026","Regular Season - 3","7th Wave","Home Stars","28281","22768","0","0","0","0",,,,,"0","0"
"1630829","2026-10-02","10/2/2026 4:00:00 PM","FT","1196","Division One League","Ghana","2026","Regular Season - 3","Accra Lions","Inter Allies","17992","12250","0","2","0","1",,,,,"0","2"
"1630843","2026-10-02","10/2/2026 4:00:00 PM","FT","1196","Division One League","Ghana","2026","Regular Season - 3","Nsuopun Fidelity","New Edubiase","25396","13879","1","0","1","0",,,,,"1","0"
"1630844","2026-10-02","10/2/2026 4:00:00 PM","FT","1196","Division One League","Ghana","2026","Regular Season - 3","Nukunu","WAFA","28284","12256","0","1","0","1",,,,,"0","1"
"1630851","2026-10-02","10/2/2026 4:00:00 PM","FT","1196","Division One League","Ghana","2026","Regular Season - 3","Yapei","Techiman Liberty","26809","22780","0","0","0","0",,,,,"0","0"
"1632992","2026-10-02","10/2/2026 4:00:00 PM","FT","785","Liga III - Serie 2","Romania","2026","Group 2 - 7","Inter Sibiu","Valenii de Munte","26845","26208","2","1","1","1",,,,,"2","1"
"1642994","2026-10-02","10/2/2026 4:00:00 PM","FT","10","Friendlies","World","2026","Friendly International","Mauritius","Sri Lanka","1497","5166","3","0","2","0",,,,,"3","0"
"1643481","2026-10-02","10/2/2026 4:00:00 PM","FT","667","Friendlies Clubs","World","2026","Club Friendlies","Koper","Orijent 1919","4374","6256","1","0",,,,,,,"1","0"
"1619349","2026-10-02","10/2/2026 4:05:00 PM","FT","1227","Premier League Women","Saudi-Arabia","2027","Regular Season - 4","Al Qadisiya W","Neom SC W","27715","27718","2","0",,,,,,,"2","0"
"1568196","2026-10-02","10/2/2026 4:30:00 PM","FT","783","III Liga - Group 4","Poland","2026","Group IV - 11","Wisłoka Dębica","Pogoń-Sokół Lubaczów","16274","24323","2","1","1","0",,,,,"2","1"
"1642926","2026-10-02","10/2/2026 4:30:00 PM","FT","667","Friendlies Clubs","World","2026","Club Friendlies","Red Bull Salzburg","FC BW Linz","571","1394","1","2","1","1",,,,,"1","2"
"1643340","2026-10-02","10/2/2026 4:30:00 PM","FT","423","Ligue 1","Burkina-Faso","2026","Regular Season - 3","Salitas","Réal du Faso","8072","20029","1","3","0","1",,,,,"1","3"
"1643492","2026-10-02","10/2/2026 4:30:00 PM","FT","667","Friendlies Clubs","World","2026","Club Friendlies","Brondby","Sirius","407","370","1","1","0","1",,,,,"1","1"
"1636374","2026-10-02","10/2/2026 4:45:00 PM","FT","302","League Cup","United-Arab-Emirates","2026","Group Stage - 2","Khorfakkan","Al-Jazira","4912","2871","0","2","0","0",,,,,"0","2"
"1636375","2026-10-02","10/2/2026 4:45:00 PM","FT","302","League Cup","United-Arab-Emirates","2026","Group Stage - 2","Shabab Al Ahli Dubai","Al Nasr","2870","10155","1","1","0","1",,,,,"1","1"
"1350191","2026-10-02","10/2/2026 5:00:00 PM","FT","850","UEFA U21 Championship - Qualification","World","2027","Group Stage - 22","Slovenia U21","Netherlands U21","8231","8211","2","4","1","2",,,,,"2","4"
"1350192","2026-10-02","10/2/2026 5:00:00 PM","FT","850","UEFA U21 Championship - Qualification","World","2027","Group Stage - 22","Ukraine U21","Croatia U21","8228","8186","1","0","1","0",,,,,"1","0"
"1350193","2026-10-02","10/2/2026 5:00:00 PM","FT","850","UEFA U21 Championship - Qualification","World","2027","Group Stage - 22","Austria U21","Denmark U21","8180","8189","1","1","0","0",,,,,"1","1"
"1497073","2026-10-02","10/2/2026 5:00:00 PM","FT","777","3. Division - Girone 4","Norway","2026","Regular Season - 22","Hinna","Staal Jørpeland","6997","12860","2","4","2","1",,,,,"2","4"
"1528930","2026-10-02","10/2/2026 5:00:00 PM","FT","5","UEFA Nations League","World","2026","League C - 3","Cyprus","Armenia","1106","1094","2","0","2","0",,,,,"2","0"
"1545608","2026-10-02","10/2/2026 5:00:00 PM","FT","5","UEFA Nations League","World","2026","League C - 3","Latvia","Montenegro","1092","1109","1","2","0","1",,,,,"1","2"
"1562291","2026-10-02","10/2/2026 5:00:00 PM","FT","350","4. liga - Divizie A","Czech-Republic","2026","Group A - 9","Hluboka nad Vltavou","Křimice","21982","26228","1","1","1","1",,,,,"1","1"
"1577951","2026-10-02","10/2/2026 5:00:00 PM","FT","349","3. liga - MSFL","Czech-Republic","2026","MSFL - 10","Hranice","Líšeň II","7300","21650","1","1","0","0",,,,,"1","1"
"1579374","2026-10-02","10/2/2026 5:00:00 PM","FT","686","4. liga - Divizie F","Czech-Republic","2026","Group F - 10","Hlučín","Nový Jičín","7296","7323","1","1","0","1",,,,,"1","1"
"1612509","2026-10-02","10/2/2026 5:00:00 PM","FT","640","Kansallinen Liiga","Finland","2026","Relegation Play-Off - 8","PK-35 Vantaa W","Honka W","10920","13996","1","1","0","1",,,,,"1","1"
"1636718","2026-10-02","10/2/2026 5:00:00 PM","FT","347","Cup","Czech-Republic","2026","Round of 32","Dukla Praha","FK Jablonec","3715","1122","0","1","0","1",,,,,"0","1"
"1637605","2026-10-02","10/2/2026 5:00:00 PM","FT","10","Friendlies","World","2026","Friendly International","England U19","USA U19","10332","25282","2","1","1","1",,,,,"2","1"
"1638579","2026-10-02","10/2/2026 5:00:00 PM","FT","667","Friendlies Clubs","World","2026","Club Friendlies","Teplice","Dynamo Dresden","3720","183","2","0","1","0",,,,,"2","0"
"1640786","2026-10-02","10/2/2026 5:00:00 PM","FT","200","Botola Pro","Morocco","2026","Regular Season - 2","FUS Rabat","Amal Tiznit","977","18753","0","1","0","0",,,,,"0","1"
"1642927","2026-10-02","10/2/2026 5:00:00 PM","FT","667","Friendlies Clubs","World","2026","Club Friendlies","Rapid","Genoa","6231","495","2","0","0","0",,,,,"2","0"
"1642928","2026-10-02","10/2/2026 5:00:00 PM","FT","667","Friendlies Clubs","World","2026","Club Friendlies","Grenoble","Stade Lausanne-Ouchy","101","4269","0","0","0","0",,,,,"0","0"
"1642929","2026-10-02","10/2/2026 5:00:00 PM","FT","667","Friendlies Clubs","World","2026","Club Friendlies","1. FC Kaiserslautern","SG Sonnenhof Grossaspach","745","1317","1","1","1","0",,,,,"1","1"
"1642995","2026-10-02","10/2/2026 5:00:00 PM","FT","10","Friendlies","World","2026","Friendly International","Serbia U21","Russia U21","8222","8219","1","3","0","3",,,,,"1","3"
"1643221","2026-10-02","10/2/2026 5:00:00 PM","FT","667","Friendlies Clubs","World","2026","Club Friendlies","Teuta Durrës","FK Kukesi","3320","577","5","0",,,,,,,"5","0"
"1643493","2026-10-02","10/2/2026 5:00:00 PM","FT","667","Friendlies Clubs","World","2026","Club Friendlies","Dijon","Estac Troyes","89","110","2","2","2","0",,,,,"2","2"
"1643494","2026-10-02","10/2/2026 5:00:00 PM","FT","667","Friendlies Clubs","World","2026","Club Friendlies","Guingamp","Le Mans","90","1298","2","1","2","0",,,,,"2","1"
"1642996","2026-10-02","10/2/2026 5:15:00 PM","FT","10","Friendlies","World","2026","Friendly International","Portugal U18","Romania U18","19073","21477","2","2","1","0",,,,,"2","2"
"1496710","2026-10-02","10/2/2026 5:30:00 PM","FT","775","3. Division - Girone 2","Norway","2026","Regular Season - 22","Molde II","Herd","12817","6996","6","2","1","2",,,,,"6","2"
"1556387","2026-10-02","10/2/2026 5:30:00 PM","FT","361","1 Lyga","Lithuania","2026","Regular Season - 16","Garliava","Dainava","16674","3859","2","1","1","0",,,,,"2","1"
"1566107","2026-10-02","10/2/2026 5:30:00 PM","FT","644","3. liga - West","Slovakia","2026","West - 9","MŠK Senec","Spartak Myjava","14044","12859","0","1","0","0",,,,,"0","1"
"1593143","2026-10-02","10/2/2026 5:30:00 PM","FT","82","Frauen Bundesliga","Germany","2026","Regular Season - 6","Bayer Leverkusen W","Werder Bremen W","1859","1870","3","2","0","2",,,,,"3","2"
"1640049","2026-10-02","10/2/2026 5:30:00 PM","FT","667","Friendlies Clubs","World","2026","Club Friendlies","FC Saarbrücken","Nancy","1639","102","2","1","0","0",,,,,"2","1"
"1495963","2026-10-02","10/2/2026 6:00:00 PM","FT","104","1. Division","Norway","2026","Regular Season - 24","Ranheim","Egersund","322","6976","5","0","3","0",,,,,"5","0"
"1496712","2026-10-02","10/2/2026 6:00:00 PM","FT","775","3. Division - Girone 2","Norway","2026","Regular Season - 22","Rosenborg II","Melhus","10113","16223","1","4","0","1",,,,,"1","4"
"1501495","2026-10-02","10/2/2026 6:00:00 PM","FT","736","Elitettan","Sweden","2026","Regular Season - 21","Jitex W","Linköping W","16005","11080","2","1","0","1",,,,,"2","1"
"1504566","2026-10-02","10/2/2026 6:00:00 PM","FT","564","Ettan - Södra","Sweden","2026","Södra - 25","Kristianstad","AFC Malmo","11675","27669","0","1","0","1",,,,,"0","1"
"1504567","2026-10-02","10/2/2026 6:00:00 PM","FT","564","Ettan - Södra","Sweden","2026","Södra - 25","Lund","Laholm","6687","12657","0","1","0","0",,,,,"0","1"
"1505285","2026-10-02","10/2/2026 6:00:00 PM","FT","563","Ettan - Norra","Sweden","2026","Norra - 25","Karlberg","Sollentuna","6682","6699","3","2","2","2",,,,,"3","2"
"1510872","2026-10-02","10/2/2026 6:00:00 PM","FT","593","Division 2 - Norra Svealand","Sweden","2026","Norra Svealand - 24","Kungsängen","Sunnersta","12582","23659","2","1","1","0",,,,,"2","1"
"1511030","2026-10-02","10/2/2026 6:00:00 PM","FT","597","Division 2 - Södra Götaland","Sweden","2026","Södra Götaland - 24","Staffanstorp United","Sölvesborg","26891","12660","4","0","1","0",,,,,"4","0"
"1511066","2026-10-02","10/2/2026 6:00:00 PM","FT","597","Division 2 - Södra Götaland","Sweden","2026","Södra Götaland - 24","Lilla Torg","Nosaby","27849","12616","2","3","1","2",,,,,"2","3"
"1511236","2026-10-02","10/2/2026 6:00:00 PM","FT","595","Division 2 - Södra Svealand","Sweden","2026","Södra Svealand - 24","Smedby","Nyköping","12650","6691","1","1","1","0",,,,,"1","1"
"1511414","2026-10-02","10/2/2026 6:00:00 PM","FT","596","Division 2 - Västra Götaland","Sweden","2026","Västra Götaland - 24","Hestrafor","Onsala","25576","12606","0","1","0","0",,,,,"0","1"
"1511415","2026-10-02","10/2/2026 6:00:00 PM","FT","596","Division 2 - Västra Götaland","Sweden","2026","Västra Götaland - 24","Lindome","Galtabacks","6686","27309","4","3","1","0",,,,,"4","3"
"1511418","2026-10-02","10/2/2026 6:00:00 PM","FT","596","Division 2 - Västra Götaland","Sweden","2026","Västra Götaland - 24","Torslanda","Kongahälla","12620","22935","2","0","2","0",,,,,"2","0"
"1566361","2026-10-02","10/2/2026 6:00:00 PM","FT","745","Oberliga - Hamburg","Germany","2026","Hamburg - 10","Vorwärts-Wacker 04","Tus Dassendorf","20895","1662","2","4","1","2",,,,,"2","4"
"1566368","2026-10-02","10/2/2026 6:00:00 PM","FT","745","Oberliga - Hamburg","Germany","2026","Hamburg - 10","Niendorfer TSV","Concordia","12821","16085","1","2","1","2",,,,,"1","2"
"1566800","2026-10-02","10/2/2026 6:00:00 PM","FT","938","Oberliga - Bayern Nord","Germany","2026","Bayern Nord - 13","DJK Bamberg","Eintracht Bamberg","17027","12757","1","1","0","1",,,,,"1","1"
"1566802","2026-10-02","10/2/2026 6:00:00 PM","FT","938","Oberliga - Bayern Nord","Germany","2026","Bayern Nord - 13","Weiden","Viktoria Aschaffenburg","19760","9336","1","1","0","0",,,,,"1","1"
"1567084","2026-10-02","10/2/2026 6:00:00 PM","FT","939","Oberliga - Bayern Süd","Germany","2026","Bayern Süd - 13","1860 München II","1860 Rosenheim","12724","9322","4","0","1","0",,,,,"4","0"
"1568509","2026-10-02","10/2/2026 6:00:00 PM","FT","782","III Liga - Group 3","Poland","2026","Group III - 11","Polonia Nysa","Miedź Legnica II","14145","12815","1","2","0","1",,,,,"1","2"
"1570771","2026-10-02","10/2/2026 6:00:00 PM","FT","435","Primera División RFEF - Group 1","Spain","2026","Group 1 - 6","Real Avilés","Lugo","9632","716","1","2","1","0",,,,,"1","2"
"1574114","2026-10-02","10/2/2026 6:00:00 PM","FT","221","Regionalliga - Ost","Austria","2026","Ost - 10","Gloggnitz","Traiskirchen","4941","4961","1","0","0","0",,,,,"1","0"
"1575806","2026-10-02","10/2/2026 6:00:00 PM","FT","122","2. Division","Denmark","2026","Regular Season - 10","Fremad Amager","B 93","2065","6009","0","3","0","2",,,,,"0","3"
"1575807","2026-10-02","10/2/2026 6:00:00 PM","FT","122","2. Division","Denmark","2026","Regular Season - 10","Naestved","Nykobing FC","2066","2064","1","1","0","0",,,,,"1","1"
"1575808","2026-10-02","10/2/2026 6:00:00 PM","FT","122","2. Division","Denmark","2026","Regular Season - 10","VSK Århus","Brabrand","6064","2071","0","2","0","1",,,,,"0","2"
"1581784","2026-10-02","10/2/2026 6:00:00 PM","FT","739","AXA Women’s Super League","Switzerland","2026","Regular Season - 8","Grasshopper W","Zürich W","16039","10909","4","1","4","0",,,,,"4","1"
"1582454","2026-10-02","10/2/2026 6:00:00 PM","FT","753","Oberliga - Baden-Württemberg","Germany","2026","Baden-Württemberg - 10","1. FC Muhlhausen","CFR Pforzheim","27968","1659","0","2","0","1",,,,,"0","2"
"1586241","2026-10-02","10/2/2026 6:00:00 PM","FT","83","Regionalliga - Bayern","Germany","2026","Bayern - 12","Buchbach","Eltersdorf","9326","12762","0","2","0","0",,,,,"0","2"
"1586247","2026-10-02","10/2/2026 6:00:00 PM","FT","83","Regionalliga - Bayern","Germany","2026","Bayern - 12","SpVgg Unterhaching","FC Schweinfurt 05","1314","1635","1","1","0","0",,,,,"1","1"
"1587181","2026-10-02","10/2/2026 6:00:00 PM","FT","86","Regionalliga - SudWest","Germany","2026","Sudwest - 10","SV Sandhausen","Kaiserslautern II","189","12800","1","1","0","0",,,,,"1","1"
"1587182","2026-10-02","10/2/2026 6:00:00 PM","FT","86","Regionalliga - SudWest","Germany","2026","Sudwest - 10","Stuttgarter Kickers","Kickers Offenbach","12868","1628","2","0","0","0",,,,,"2","0"
"1598928","2026-10-02","10/2/2026 6:00:00 PM","FT","752","Oberliga - Rheinland-Pfalz / Saar","Germany","2026","Rheinland-Pfalz/Saar - 11","Hertha Wiesbach","Diefflen","12785","14655","1","1","1","1",,,,,"1","1"
"1599739","2026-10-02","10/2/2026 6:00:00 PM","FT","68","National 2 - Group B","France","2026","Group B - 6","Bayonne","Les Herbiers","10166","1308","0","1","0","0",,,,,"0","1"
"1599745","2026-10-02","10/2/2026 6:00:00 PM","FT","68","National 2 - Group B","France","2026","Group B - 6","Stade Briochin","Lorient II","3229","9240","1","3","0","2",,,,,"1","3"
"1607969","2026-10-02","10/2/2026 6:00:00 PM","FT","1238","Regionalliga - South","Austria","2026","South - 9","Allerheiligen","Kalsdorf","4934","4946","3","0","1","0",,,,,"3","0"
"1607970","2026-10-02","10/2/2026 6:00:00 PM","FT","1238","Regionalliga - South","Austria","2026","South - 9","Deutschlandsberger SC","Weiz","4972","4996","0","0","0","0",,,,,"0","0"
"1607971","2026-10-02","10/2/2026 6:00:00 PM","FT","1238","Regionalliga - South","Austria","2026","South - 9","Gleisdorf 09","Tillmitsch","4940","21533","0","0","0","0",,,,,"0","0"
"1607972","2026-10-02","10/2/2026 6:00:00 PM","FT","1238","Regionalliga - South","Austria","2026","South - 9","SV Lafnitz","Hartberg (Am)","1402","28052","3","3","2","2",,,,,"3","3"
"1607973","2026-10-02","10/2/2026 6:00:00 PM","FT","1238","Regionalliga - South","Austria","2026","South - 10","Velden","Treibach","21390","4962","2","1","1","1",,,,,"2","1"
"1607974","2026-10-02","10/2/2026 6:00:00 PM","FT","1238","Regionalliga - South","Austria","2026","South - 10","Völkermarkt","Wolfsberg","4987","4967","4","1","1","0",,,,,"4","1"
"1608083","2026-10-02","10/2/2026 6:00:00 PM","FT","1239","Regionalliga - North","Austria","2026","North - 11","Seekirchen","Gurten","4958","4942","0","0","0","0",,,,,"0","0"
"1642930","2026-10-02","10/2/2026 6:00:00 PM","FT","667","Friendlies Clubs","World","2026","Club Friendlies","Laval","Rennes","433","94","1","0","0","0",,,,,"1","0"
"1643196","2026-10-02","10/2/2026 6:00:00 PM","FT","10","Friendlies","World","2026","Friendly International","Luxembourg U19","North Macedonia U19","10371","10341","4","1",,,,,,,"4","1"
"1643495","2026-10-02","10/2/2026 6:00:00 PM","FT","667","Friendlies Clubs","World","2026","Club Friendlies","Deportivo La Coruna","FC Porto","544","212","1","3","1","0",,,,,"1","3"
"1574116","2026-10-02","10/2/2026 6:10:00 PM","FT","221","Regionalliga - Ost","Austria","2026","Ost - 10","Favoritner AC","Mannsdorf-Großenzersdorf","8367","4952","1","1","0","0",,,,,"1","1"
"1619350","2026-10-02","10/2/2026 6:15:00 PM","FT","1227","Premier League Women","Saudi-Arabia","2027","Regular Season - 4","Al Ahli SC W","Al Nassr W","27712","24884","0","5",,,,,,,"0","5"
"1350189","2026-10-02","10/2/2026 6:30:00 PM","FT","850","UEFA U21 Championship - Qualification","World","2027","Group Stage - 22","Andorra U21","Moldova U21","8178","8209","0","0","0","0",,,,,"0","0"
"1511417","2026-10-02","10/2/2026 6:30:00 PM","FT","596","Division 2 - Västra Götaland","Sweden","2026","Västra Götaland - 24","Qviding FIF","Landvetter IS","6693","18424","0","1","0","0",,,,,"0","1"
"1566362","2026-10-02","10/2/2026 6:30:00 PM","FT","745","Oberliga - Hamburg","Germany","2026","Hamburg - 10","Harksheide","HEBC","19470","16078","0","3","0","0",,,,,"0","3"
"1566363","2026-10-02","10/2/2026 6:30:00 PM","FT","745","Oberliga - Hamburg","Germany","2026","Hamburg - 10","Victoria Hamburg","Sasel","12890","16083","2","2","2","1",,,,,"2","2"
"1566801","2026-10-02","10/2/2026 6:30:00 PM","FT","938","Oberliga - Bayern Nord","Germany","2026","Bayern Nord - 13","Kornburg","Nordlingen","19759","14512","5","0","2","0",,,,,"5","0"
"1567085","2026-10-02","10/2/2026 6:30:00 PM","FT","939","Oberliga - Bayern Süd","Germany","2026","Bayern Süd - 13","Sportfreunde Schwaig","Kottern","20870","12807","0","0","0","0",,,,,"0","0"
"1574117","2026-10-02","10/2/2026 6:30:00 PM","FT","221","Regionalliga - Ost","Austria","2026","Ost - 10","Oberwart","SV Horn","11200","1397","3","1","1","1",,,,,"3","1"
"1574118","2026-10-02","10/2/2026 6:30:00 PM","FT","221","Regionalliga - Ost","Austria","2026","Ost - 10","Krems / Rehberg","Wiener SC","25119","4965","4","3","3","2",,,,,"4","3"
"1586587","2026-10-02","10/2/2026 6:30:00 PM","FT","84","Regionalliga - Nord","Germany","2026","North - 12","VfB Lübeck","Eimsbütteler TV","1625","13947","0","0","0","0",,,,,"0","0"
"1587489","2026-10-02","10/2/2026 6:30:00 PM","FT","87","Regionalliga - West","Germany","2026","West - 11","Borussia M'gladbach II","Bochum II","9368","24430","2","3","2","3",,,,,"2","3"
"1587491","2026-10-02","10/2/2026 6:30:00 PM","FT","87","Regionalliga - West","Germany","2026","West - 11","Bonner SC","Westfalia Rhynern","1637","14826","2","1","1","1",,,,,"2","1"
"1588981","2026-10-02","10/2/2026 6:30:00 PM","PST","748","Oberliga - Niedersachsen","Germany","2026","Niedersachsen - 9","BW Lohne","Schwarz-Weiß Rehden","14629","9345",,,,,,,,,,
"1592529","2026-10-02","10/2/2026 6:30:00 PM","FT","751","Oberliga - Niederrhein","Germany","2026","Niederrhein - 8","Germania Ratingen","Scherpenberg","14689","14780","2","0","0","0",,,,,"2","0"
"1592530","2026-10-02","10/2/2026 6:30:00 PM","FT","751","Oberliga - Niederrhein","Germany","2026","Niederrhein - 8","KFC Uerdingen 05","SSVg Velbert","1322","12847","1","2","0","1",,,,,"1","2"
"1592531","2026-10-02","10/2/2026 6:30:00 PM","FT","751","Oberliga - Niederrhein","Germany","2026","Niederrhein - 8","Wuppertaler SV","SF Baumberg","9375","12844","4","0","1","0",,,,,"4","0"
"1592533","2026-10-02","10/2/2026 6:30:00 PM","FT","751","Oberliga - Niederrhein","Germany","2026","Niederrhein - 8","Monheim","SW Essen","12818","14523","1","1","0","0",,,,,"1","1"
"1598925","2026-10-02","10/2/2026 6:30:00 PM","FT","752","Oberliga - Rheinland-Pfalz / Saar","Germany","2026","Rheinland-Pfalz/Saar - 11","TuS Koblenz","Eisbachtal","1648","16108","3","2","0","1",,,,,"3","2"
"1608084","2026-10-02","10/2/2026 6:30:00 PM","FT","1239","Regionalliga - North","Austria","2026","North - 11","Pinzgau Saalfelden","Bad Schallerbach","4980","8294","0","3","0","1",,,,,"0","3"
"1511231","2026-10-02","10/2/2026 7:00:00 PM","FT","595","Division 2 - Södra Svealand","Sweden","2026","Södra Svealand - 24","Farsta","Fittja","20835","26890","2","1","1","1",,,,,"2","1"
"1566364","2026-10-02","10/2/2026 7:00:00 PM","FT","745","Oberliga - Hamburg","Germany","2026","Hamburg - 10","Norderstedt II","Altona 93","28012","9338","1","4","1","1",,,,,"1","4"
"1575036","2026-10-02","10/2/2026 7:00:00 PM","FT","1114","Carioca U20","Brazil","2026","Regular Season - 9","Flamengo U20","Sampaio Correa FE U20","11054","23387","3","0","1","0",,,,,"3","0"
"1582341","2026-10-02","10/2/2026 7:00:00 PM","FT","1142","Mineiro - 3","Brazil","2026","Regular Season - 3","Inter de Minas","Santarritense","24920","27964","7","1","5","0",,,,,"7","1"
"1592532","2026-10-02","10/2/2026 7:00:00 PM","FT","751","Oberliga - Niederrhein","Germany","2026","Niederrhein - 8","BW Dingden","SC St. Tönis","26165","19466","1","0","0","0",,,,,"1","0"
"1592534","2026-10-02","10/2/2026 7:00:00 PM","FT","751","Oberliga - Niederrhein","Germany","2026","Niederrhein - 8","Viktoria Jüchen-Garz.","Sonsbeck","23678","14555","3","2","0","1",,,,,"3","2"
"1599740","2026-10-02","10/2/2026 7:00:00 PM","FT","68","National 2 - Group B","France","2026","Group B - 6","Chauray","Avranches","3037","1303","0","2","0","0",,,,,"0","2"
"1605271","2026-10-02","10/2/2026 7:00:00 PM","FT","1155","Carioca B2","Brazil","2026","Group Stage - 6","7 de Abril","Friburguense","17736","12295","1","2","1","2",,,,,"1","2"
"1610325","2026-10-02","10/2/2026 7:00:00 PM","FT","746","Oberliga - Mittelrhein","Germany","2026","Mittelrhein - 6","Düren Merzenich","TuS BW Königsdorf","12754","14800","5","3","3","0",,,,,"5","3"
"1640787","2026-10-02","10/2/2026 7:00:00 PM","FT","200","Botola Pro","Morocco","2026","Regular Season - 2","Widad Témara","UTS Rabat","3458","14806","0","1","0","1",,,,,"0","1"
"1641277","2026-10-02","10/2/2026 7:00:00 PM","FT","1107","Mineiro U20","Brazil","2026","Semi-finals","Coimbra U20","Atlético Mineiro U20","22833","12952","1","3","0","1",,,,,"1","3"
"1643098","2026-10-02","10/2/2026 7:00:00 PM","PEN","1107","Mineiro U20","Brazil","2026","Semi-finals","América Mineiro U20","Itabirito U20","12981","25889","3","1",,,"0","0",,,"3","1"
"1643248","2026-10-02","10/2/2026 7:00:00 PM","NS","1115","Paraense A3","Brazil","2026","Quarter-finals","Gavião","Belenense","15610","23742",,,,,,,,,,
"1569953","2026-10-02","10/2/2026 7:30:00 PM","FT","141","Segunda División","Spain","2026","Regular Season - 8","Eldense","Oviedo","9692","718","4","1","0","1",,,,,"4","1"
"1580759","2026-10-02","10/2/2026 7:30:00 PM","FT","111","FAW Championship","Wales","2026","South - 10","Carmarthen Town","Llantwit Major","359","2196","1","2","1","1",,,,,"1","2"
"1580760","2026-10-02","10/2/2026 7:30:00 PM","FT","111","FAW Championship","Wales","2026","South - 10","llanelli AFC","Baglan Dragons","355","20358","1","2","1","0",,,,,"1","2"
"1581138","2026-10-02","10/2/2026 7:30:00 PM","FT","750","Oberliga - Hessen","Germany","2026","Hessen - 12","Eintracht Stadtallendorf","Friedberg","12761","14489","2","1","1","0",,,,,"2","1"
"1599967","2026-10-02","10/2/2026 7:30:00 PM","FT","69","National 2 - Group C","France","2026","Group C - 6","Istres","Chateauroux","3267","107","0","0","0","0",,,,,"0","0"
"1611709","2026-10-02","10/2/2026 7:30:00 PM","FT","518","Reserve Pro League","Belgium","2026","Regular Season - 1","Sp. Hasselt U21","Kortrijk U21","28081","19584","1","3","1","2",,,,,"1","3"
"1639494","2026-10-02","10/2/2026 7:30:00 PM","FT","181","FA Cup","Scotland","2026","1st Round","Cumnock Juniors","Auchinleck Talbot","17768","6728","2","0","0","0",,,,,"2","0"
"1642931","2026-10-02","10/2/2026 7:30:00 PM","FT","667","Friendlies Clubs","World","2026","Club Friendlies","Sevilla","Aston Villa","536","66","1","3","0","0",,,,,"1","3"
"1350190","2026-10-02","10/2/2026 7:45:00 PM","FT","850","UEFA U21 Championship - Qualification","World","2027","Group Stage - 22","England U21","Slovakia U21","8190","8223","0","0","0","0",,,,,"0","0"
"1492777","2026-10-02","10/2/2026 7:45:00 PM","FT","357","Premier Division","Ireland","2026","Regular Season - 33","Dundalk","Bohemians","584","3840","1","2","0","1",,,,,"1","2"
"1492985","2026-10-02","10/2/2026 7:45:00 PM","FT","358","First Division","Ireland","2026","Regular Season - 34","Athlone Town","Cork City","3846","653","2","1","2","1",,,,,"2","1"
"1492986","2026-10-02","10/2/2026 7:45:00 PM","FT","358","First Division","Ireland","2026","Regular Season - 34","Bray Wanderers","Cobh Ramblers","3847","3849","1","4","0","3",,,,,"1","4"
"1492987","2026-10-02","10/2/2026 7:45:00 PM","FT","358","First Division","Ireland","2026","Regular Season - 34","Finn Harps","Kerry","3841","11328","1","2","1","0",,,,,"1","2"
"1492989","2026-10-02","10/2/2026 7:45:00 PM","FT","358","First Division","Ireland","2026","Regular Season - 34","Wexford","Longford Town","3855","3853","3","3","2","0",,,,,"3","3"
"1528924","2026-10-02","10/2/2026 7:45:00 PM","FT","5","UEFA Nations League","World","2026","League A - 3","France","Italy","2","768","1","1","0","0",,,,,"1","1"
"1528925","2026-10-02","10/2/2026 7:45:00 PM","FT","5","UEFA Nations League","World","2026","League A - 3","Belgium","Türkiye","1","777","3","0","1","0",,,,,"3","0"
"1528926","2026-10-02","10/2/2026 7:45:00 PM","FT","5","UEFA Nations League","World","2026","League B - 3","Hungary","Georgia","769","1104","1","0","1","0",,,,,"1","0"
"1528927","2026-10-02","10/2/2026 7:45:00 PM","FT","5","UEFA Nations League","World","2026","League B - 3","Ukraine","Northern Ireland","772","771","0","3","0","2",,,,,"0","3"
"1528928","2026-10-02","10/2/2026 7:45:00 PM","FT","5","UEFA Nations League","World","2026","League B - 3","Poland","Romania","24","774","6","0","1","0",,,,,"6","0"
"1528929","2026-10-02","10/2/2026 7:45:00 PM","FT","5","UEFA Nations League","World","2026","League B - 3","Bosnia & Herzegovina","Sweden","1113","5","1","1","0","0",,,,,"1","1"
"1528931","2026-10-02","10/2/2026 7:45:00 PM","FT","5","UEFA Nations League","World","2026","League C - 3","Faroe Islands","Slovakia","1098","773","1","1","0","1",,,,,"1","1"
"1564884","2026-10-02","10/2/2026 7:45:00 PM","FT","407","Championship","Northern-Ireland","2026","Regular Season - 10","Strabane Athletic","Armagh City","22541","11110","0","0","0","0",,,,,"0","0"
"1580519","2026-10-02","10/2/2026 7:45:00 PM","FT","111","FAW Championship","Wales","2026","North - 10","Denbigh Town","Holyhead Hotspur","6451","6457","2","4","2","1",,,,,"2","4"
"1580761","2026-10-02","10/2/2026 7:45:00 PM","FT","111","FAW Championship","Wales","2026","South - 10","Caerau (Ely)","Afan Lido","5610","2200","2","0","0","0",,,,,"2","0"
"1551819","2026-10-02","10/2/2026 8:00:00 PM","FT","89","Eerste Divisie","Netherlands","2026","Regular Season - 9","Helmond Sport","Heracles","424","206","2","2","1","2",,,,,"2","2"
"1619700","2026-10-02","10/2/2026 8:00:00 PM","FT","964","Copa de la División Profesional","Bolivia","2026","Group Stage - 7","San Antonio Bulo Bulo","ABB","17760","17743","0","2","0","1",,,,,"0","2"
"1639975","2026-10-02","10/2/2026 8:00:00 PM","FT","536","CONCACAF Nations League","World","2025","League B - 2","St. Lucia","Guadeloupe","5540","10983","3","0","2","0",,,,,"3","0"
"1640778","2026-10-02","10/2/2026 8:00:00 PM","FT","251","Division Intermedia","Paraguay","2026","Regular Season - 27","Encarnación","Resistencia","23155","2135","0","3","0","1",,,,,"0","3"
"1492988","2026-10-02","10/2/2026 8:15:00 PM","FT","358","First Division","Ireland","2026","Regular Season - 34","Treaty United","UCD","16498","3844","0","4","0","3",,,,,"0","4"
"1571152","2026-10-02","10/2/2026 8:15:00 PM","FT","436","Primera División RFEF - Group 2","Spain","2026","Group 2 - 6","Real Madrid II","Atlético Madrid II","9575","9570","3","2","1","1",,,,,"3","2"
"1601454","2026-10-02","10/2/2026 9:00:00 PM","FT","163","Liga de Ascenso","Costa-Rica","2026","Regular Season - 10","Futbol Consultants Moravia","AD Carmelita","2054","814","0","3","0","1",,,,,"0","3"
"1616109","2026-10-02","10/2/2026 9:00:00 PM","FT","450","Tercera División RFEF - Group 12","Spain","2026","Group 12 - 5","Real Unión de Tenerife","Laguna de Duero","20375","22143","1","0","0","0",,,,,"1","0"
"1640788","2026-10-02","10/2/2026 9:00:00 PM","FT","200","Botola Pro","Morocco","2026","Regular Season - 2","Ittihad Tanger","Moghreb Tetouan","974","965","1","1","0","1",,,,,"1","1"
"1632435","2026-10-02","10/2/2026 9:30:00 PM","FT","243","Liga Pro Serie B","Ecuador","2026","Promotion Group - 6","Deportivo Cuenca Juniors","Ind. Juniors","26031","2238","0","2","0","1",,,,,"0","2"
"1632437","2026-10-02","10/2/2026 9:30:00 PM","FT","243","Liga Pro Serie B","Ecuador","2026","Promotion Group - 6","San Antonio","Cuniburo","23310","21103","0","0","0","0",,,,,"0","0"
"1639976","2026-10-02","10/2/2026 10:00:00 PM","FT","536","CONCACAF Nations League","World","2025","League B - 3","St. Kitts and Nevis","Cuba","5536","2388","3","3","1","2",,,,,"3","3"
"1500140","2026-10-02","10/2/2026 10:30:00 PM","FT","132","Primera C","Argentina","2026","Regular Season - 31","Defensores de Cambaceres","Victoriano Arenas","8392","1964","0","1","0","1",,,,,"0","1"
"1582342","2026-10-02","10/2/2026 10:30:00 PM","FT","1142","Mineiro - 3","Brazil","2026","Regular Season - 3","Sao Joao del Rei","Betim 2","27965","27961","0","1","0","0",,,,,"0","1"
"1631620","2026-10-02","10/2/2026 10:30:00 PM","FT","872","Liga Premier Serie B","Mexico","2026","Apertura - 4","Huracanes Izcalli","Atletico Hidalgo","17806","26524","6","1","4","0",,,,,"6","1"
"1631753","2026-10-02","10/2/2026 10:30:00 PM","FT","722","Liga Premier Serie A","Mexico","2026","Apertura - 6","Calor de San Pedro","Acambaro","17804","22051","3","2","2","1",,,,,"3","2"
"1640779","2026-10-02","10/2/2026 10:30:00 PM","FT","251","Division Intermedia","Paraguay","2026","Regular Season - 27","Sportivo Carapeguá","Deportivo Capiata","20786","1180","1","1","1","0",,,,,"1","1"
"1498856","2026-10-02","10/2/2026 11:00:00 PM","FT","129","Primera Nacional","Argentina","2026","Regular Season - 32","Ferro Carril Oeste","Deportivo Madryn","470","1929","0","2","0","0",,,,,"0","2"
"1549651","2026-10-02","10/2/2026 11:00:00 PM","FT","240","Primera B","Colombia","2026","Clausura - 12","Depor FC","Real Cundinamarca","1468","22099","1","2","1","1",,,,,"1","2"
"1639977","2026-10-02","10/2/2026 11:00:00 PM","FT","536","CONCACAF Nations League","World","2025","League A - 2","Suriname","Guatemala","8171","5161","0","0","0","0",,,,,"0","0"
"1493161","2026-10-02","10/2/2026 11:15:00 PM","FT","128","Liga Profesional Argentina","Argentina","2026","Clausura - 11","Independiente","Instituto Cordoba","453","478","1","4","1","1",,,,,"1","4"
"1520909","2026-10-02","10/2/2026 11:30:00 PM","FT","72","Serie B","Brazil","2026","Regular Season - 31","São Bernardo","CRB","7865","146","3","1","0","0",,,,,"3","1"
"1606328","2026-10-02","10/2/2026 11:30:00 PM","FT","1030","Goiano - 2","Brazil","2026","Regular Season - 16","Mineiros","Morrinhos","24769","18297","1","0",,,,,,,"1","0"
