fixture_id,date,kickoff,status,league_id,league,country,season,round,home,away,home_id,away_id,ft_home,ft_away,ht_home,ht_away,et_home,et_away,pen_home,pen_away,goals_home,goals_away
1493721,2026-10-04,2026-10-04T00:00:00+01:00,1H,255,USL Championship,USA,2026,Group Stage,Brooklyn,Rhode Island,27252,22855,,,0,2,,,,,0,2
1493723,2026-10-04,2026-10-04T00:00:00+01:00,1H,255,USL Championship,USA,2026,Group Stage,Detroit City,Birmingham Legion,9043,3989,,,1,0,,,,,1,0
1493727,2026-10-04,2026-10-04T00:00:00+01:00,1H,255,USL Championship,USA,2026,Group Stage,Lexington,El Paso Locomotive,20808,3993,,,1,0,,,,,1,0
1494020,2026-10-04,2026-10-04T00:00:00+01:00,1H,489,USL League One,USA,2026,Group Stage,Naples,NY Cosmos,25485,9033,,,1,0,,,,,1,0
1494025,2026-10-04,2026-10-04T00:00:00+01:00,1H,489,USL League One,USA,2026,Group Stage,Westchester SC,Alta,25488,25838,,,2,0,,,,,2,0
1511610,2026-10-04,2026-10-04T00:00:00+01:00,1H,266,Primera B,Chile,2026,Regular Season - 16,Deportes Santa Cruz,San Marcos de Arica,2346,2345,,,1,2,,,,,1,2
1600619,2026-10-04,2026-10-04T00:00:00+01:00,1H,370,Primera Division,El-Salvador,2026,Apertura - 14,Isidro Metapán,Atletico Balboa,4304,28018,,,0,0,,,,,0,0
1601452,2026-10-04,2026-10-04T00:00:00+01:00,1H,163,Liga de Ascenso,Costa-Rica,2026,Regular Season - 10,Aserri FC,Quepos Cambute,2056,19738,,,1,0,,,,,1,0
1603385,2026-10-04,2026-10-04T00:00:00+01:00,1H,673,Liga MX Femenil,Mexico,2026,Regular Season - 10,Querétaro W,Atlético San Luis W,14871,14874,,,0,1,,,,,0,1
1635984,2026-10-04,2026-10-04T00:00:00+01:00,1H,1242,Primera Premier,Mexico,2026,Regular Season - 6,Tapachula,Chapulineros,24954,26525,,,1,2,,,,,1,2
1635985,2026-10-04,2026-10-04T00:00:00+01:00,1H,1242,Primera Premier,Mexico,2026,Regular Season - 6,Inter Playa del Carmen,Deportiva Venados,12793,19907,,,0,0,,,,,0,0
1607641,2026-10-04,2026-10-04T00:10:00+01:00,1H,241,Copa Colombia,Colombia,2026,Round of 16,Barranquilla,Millonarios,1466,1125,,,1,1,,,,,1,1
1583781,2026-10-04,2026-10-04T00:15:00+01:00,1H,304,Liga Panameña de Fútbol,Panama,2026,Apertura - 11,Veraguas,Tauro FC,15620,2885,,,2,0,,,,,2,0
1493732,2026-10-04,2026-10-04T00:30:00+01:00,1H,255,USL Championship,USA,2026,Group Stage,Tampa Bay Rowdies,Miami FC,4021,9030,,,0,1,,,,,0,1
1494021,2026-10-04,2026-10-04T00:30:00+01:00,1H,489,USL League One,USA,2026,Group Stage,Fort Wayne,Forward Madison,16679,9025,,,0,0,,,,,0,0
1494023,2026-10-04,2026-10-04T00:30:00+01:00,1H,489,USL League One,USA,2026,Group Stage,Sarasota Paradise,Charlotte Independence,21289,3991,,,0,0,,,,,0,0
1619704,2026-10-04,2026-10-04T00:30:00+01:00,1H,964,Copa de la División Profesional,Bolivia,2026,Group Stage - 7,The Strongest,Universitario de Vinto,3711,17762,,,0,0,,,,,0,0
1643510,2026-10-04,2026-10-04T00:30:00+01:00,NS,667,Friendlies Clubs,World,2026,Club Friendlies,Monterrey,Toluca,2282,2281,,,,,,,,,,
1493724,2026-10-04,2026-10-04T01:00:00+01:00,NS,255,USL Championship,USA,2026,Group Stage,FC Tulsa,Sacramento Republic,4022,4015,,,0,0,,,,,,
1631624,2026-10-04,2026-10-04T01:00:00+01:00,NS,872,Liga Premier Serie B,Mexico,2026,Apertura - 4,Deportivo Ayense,Racing de Veracruz 2,22054,28302,,,,,,,,,,
1631754,2026-10-04,2026-10-04T01:00:00+01:00,NS,722,Liga Premier Serie A,Mexico,2026,Apertura - 6,Dragones de Oaxaca,Real Refineros,26393,28307,,,,,,,,,,
1635981,2026-10-04,2026-10-04T01:00:00+01:00,NS,1242,Primera Premier,Mexico,2026,Regular Season - 6,Tigres de Alica,H2O Purepechas,24952,28340,,,,,,,,,,
1635986,2026-10-04,2026-10-04T01:00:00+01:00,NS,1242,Primera Premier,Mexico,2026,Regular Season - 6,Lobos ULMX,Tritons Vallarta,17787,17790,,,,,,,,,,
1638959,2026-10-04,2026-10-04T01:00:00+01:00,NS,396,Primera Division,Nicaragua,2026,Apertura - 10,Walter Ferretti,Jalapa,4648,10160,,,0,0,,,,,,
1639024,2026-10-04,2026-10-04T01:00:00+01:00,NS,955,National League - National,New-Zealand,2026,Championship Group - 2,Auckland United,Napier City Rovers,20649,20642,,,,,,,,,,
1640514,2026-10-04,2026-10-04T01:00:00+01:00,NS,10,Friendlies,World,2026,Friendly International,Argentina,Burkina Faso,26,1502,,,,,,,,,,
1508568,2026-10-04,2026-10-04T01:45:00+01:00,NS,254,NWSL Women,USA,2026,Group Stage,Portland Thorns W,Boston Legacy W,3001,27377,,,,,,,,,,
1493722,2026-10-04,2026-10-04T02:00:00+01:00,NS,255,USL Championship,USA,2026,Group Stage,Colorado Springs,Oakland Roots,3992,10874,,,,,,,,,,
1494024,2026-10-04,2026-10-04T02:00:00+01:00,NS,489,USL League One,USA,2026,Group Stage,Spokane Velocity,Portland Hearts of Pine,22785,25486,,,,,,,,,,
1581436,2026-10-04,2026-10-04T02:00:00+01:00,NS,263,Liga de Expansión MX,Mexico,2026,Apertura - 11,Durango,Mineros de Zacatecas,15941,2299,,,,,,,,,,
1581437,2026-10-04,2026-10-04T02:00:00+01:00,NS,263,Liga de Expansión MX,Mexico,2026,Apertura - 11,Monarcas,Tlaxcala,2284,14280,,,,,,,,,,
1581438,2026-10-04,2026-10-04T02:00:00+01:00,NS,263,Liga de Expansión MX,Mexico,2026,Apertura - 11,Cancún,Tapatío,14276,14278,,,,,,,,,,
1581480,2026-10-04,2026-10-04T02:00:00+01:00,NS,263,Liga de Expansión MX,Mexico,2026,Apertura - 11,Piratas,Alebrijes de Oaxaca,27935,2300,,,,,,,,,,
1600620,2026-10-04,2026-10-04T02:00:00+01:00,NS,370,Primera Division,El-Salvador,2026,Apertura - 14,Alianza,Firpo,4299,4303,,,,,,,,,,
1635987,2026-10-04,2026-10-04T02:00:00+01:00,NS,1242,Primera Premier,Mexico,2026,Regular Season - 6,Los Cabos United,Cordobés,19908,24939,,,,,,,,,,
1639025,2026-10-04,2026-10-04T02:00:00+01:00,NS,955,National League - National,New-Zealand,2026,Championship Group - 2,Cashmere Technical,Wellington Phoenix II,20651,2535,,,,,,,,,,
1603386,2026-10-04,2026-10-04T02:06:00+01:00,NS,673,Liga MX Femenil,Mexico,2026,Regular Season - 10,Tijuana W,Atlante W,14872,28036,,,,,,,,,,
1549653,2026-10-04,2026-10-04T02:20:00+01:00,NS,240,Primera B,Colombia,2026,Clausura - 12,Real Cartagena,Popayan,1459,1460,,,,,,,,,,
1583779,2026-10-04,2026-10-04T02:30:00+01:00,NS,304,Liga Panameña de Fútbol,Panama,2026,Apertura - 11,Plaza Amador,Deportivo Universitario,2883,2888,,,,,,,,,,
1601455,2026-10-04,2026-10-04T02:30:00+01:00,NS,163,Liga de Ascenso,Costa-Rica,2026,Regular Season - 10,Municipal Grecia,Santa Cruz FC,818,26550,,,,,,,,,,
1493730,2026-10-04,2026-10-04T03:00:00+01:00,NS,255,USL Championship,USA,2026,Group Stage,Orange County SC,Monterey Bay,4007,18375,,,,,,,,,,
1559660,2026-10-04,2026-10-04T03:00:00+01:00,NS,339,Liga Nacional,Guatemala,2026,Regular Season - 12,Xelajú,Deportivo San Pedro,3667,27883,,,,,,,,,,
1629004,2026-10-04,2026-10-04T03:00:00+01:00,NS,10,Friendlies,World,2026,Friendly International,USA,Mexico,2384,16,,,,,,,,,,
1639983,2026-10-04,2026-10-04T03:00:00+01:00,NS,536,CONCACAF Nations League,World,2025,League B - 4,Belize,French Guyana,5528,8118,,,,,,,,,,
1493726,2026-10-04,2026-10-04T03:30:00+01:00,NS,255,USL Championship,USA,2026,Group Stage,Las Vegas Lights,San Antonio,3998,4017,,,,,,,,,,
1603387,2026-10-04,2026-10-04T04:10:00+01:00,NS,673,Liga MX Femenil,Mexico,2026,Regular Season - 10,Necaxa W,Cruz Azul W,14880,14875,,,,,,,,,,
1583874,2026-10-04,2026-10-04T05:00:00+01:00,NS,1025,Second League A - Division A Gold,Russia,2026,Fall Season Gold - 12,Dinamo Vladivostok,Volgar Astrakhan,16856,2004,,,,,,,,,,
1606681,2026-10-04,2026-10-04T05:00:00+01:00,NS,99,J2 League,Japan,2026,Regular Season - 9,Consadole Sapporo,Iwaki,279,7127,,,,,,,,,,
1606682,2026-10-04,2026-10-04T05:00:00+01:00,NS,99,J2 League,Japan,2026,Regular Season - 9,Vanraure Hachinohe,Yokohama FC,4326,307,,,,,,,,,,
1520565,2026-10-04,2026-10-04T06:00:00+01:00,NS,295,K3 League,South-Korea,2026,Regular Season - 23,Dangjin Citizen,Gyeongju HNP,18653,7083,,,,,,,,,,
1520566,2026-10-04,2026-10-04T06:00:00+01:00,NS,295,K3 League,South-Korea,2026,Regular Season - 23,Mokpo City,Busan Transportation,7096,7056,,,,,,,,,,
1555725,2026-10-04,2026-10-04T06:00:00+01:00,NS,100,J3 League,Japan,2026,Regular Season - 9,Kamatamare Sanuki,Tochigi SC,317,315,,,,,,,,,,
1569849,2026-10-04,2026-10-04T06:00:00+01:00,NS,1234,K4 League,South-Korea,2026,Regular Season - 23,Jincheon,Jungnang Chorus Mustang,27863,7092,,,,,,,,,,
1569850,2026-10-04,2026-10-04T06:00:00+01:00,NS,1234,K4 League,South-Korea,2026,Regular Season - 23,Seosan Pioneer,Pyeongchang United,27865,18656,,,,,,,,,,
1606683,2026-10-04,2026-10-04T06:00:00+01:00,NS,99,J2 League,Japan,2026,Regular Season - 9,Blaublitz Akita,Sagan Tosu,4315,295,,,,,,,,,,
1640420,2026-10-04,2026-10-04T06:00:00+01:00,NS,764,Premier League,Mongolia,2027,Regular Season - 6,Central Stallions,Khovd Western,22067,26669,,,,,,,,,,
1569851,2026-10-04,2026-10-04T07:00:00+01:00,NS,1234,K4 League,South-Korea,2026,Regular Season - 23,Pyeongtaek Citizen,Sejong SA,7101,25720,,,,,,,,,,
1606684,2026-10-04,2026-10-04T07:00:00+01:00,NS,99,J2 League,Japan,2026,Regular Season - 9,Vegalta Sendai,Jubilo Iwata,286,280,,,,,,,,,,
1637230,2026-10-04,2026-10-04T08:00:00+01:00,NS,1243,Super League Women,South-Africa,2026,Group Stage,Richmond United W,Mamelodi Sundowns W,28358,25376,,,,,,,,,,
1639094,2026-10-04,2026-10-04T08:00:00+01:00,NS,765,PFL,Philippines,2027,Group Stage,Manila Digger,Dynamic Herb Cebu,21576,18265,,,,,,,,,,
1599244,2026-10-04,2026-10-04T09:00:00+01:00,NS,676,Central Youth League,Poland,2026,Regular Season - 9,Stal Rzeszów U19,Raków Częstochowa U19,24519,20594,,,,,,,,,,
1634001,2026-10-04,2026-10-04T09:00:00+01:00,NS,653,Second League - Group 4,Russia,2026,Group 4 - 6,Ural II,Nosta,12887,6818,,,,,,,,,,
1637964,2026-10-04,2026-10-04T09:00:00+01:00,NS,1199,League Cup,Hong-Kong,2026,Round of 32,BC Rangers,Wofoo Tai Po,26471,4457,,,,,,,,,,
1637965,2026-10-04,2026-10-04T09:00:00+01:00,NS,1199,League Cup,Hong-Kong,2026,Round of 32,Kowloon City,Eastern District,20392,4467,,,,,,,,,,
1640421,2026-10-04,2026-10-04T09:00:00+01:00,NS,764,Premier League,Mongolia,2027,Regular Season - 6,Deren,Khovd,16185,18104,,,,,,,,,,
1640844,2026-10-04,2026-10-04T09:00:00+01:00,NS,734,Diski Challenge,South-Africa,2026,Regular Season - 2,Marumo Gallants U23,Sekhukhune United U23,17717,17719,,,,,,,,,,
1640845,2026-10-04,2026-10-04T09:00:00+01:00,NS,734,Diski Challenge,South-Africa,2026,Regular Season - 2,Polokwane City U23,Golden Arrows U23,22378,15991,,,,,,,,,,
1641018,2026-10-04,2026-10-04T09:00:00+01:00,NS,734,Diski Challenge,South-Africa,2026,Regular Season - 2,Milford FC U23,Kruger United U23,28444,28443,,,,,,,,,,
1562522,2026-10-04,2026-10-04T09:15:00+01:00,NS,352,4. liga - Divizie C,Czech-Republic,2026,Group C - 9,Chlumec nad Cidlinou,Hlinsko,7281,7295,,,,,,,,,,
1562651,2026-10-04,2026-10-04T09:15:00+01:00,NS,348,3. liga - CFL A,Czech-Republic,2026,Group A - 9,Admira Praha,Jiskra Domažlice,7268,7304,,,,,,,,,,
1562652,2026-10-04,2026-10-04T09:15:00+01:00,NS,348,3. liga - CFL A,Czech-Republic,2026,Group A - 9,Bohemians 1905 II,Písek,14473,7334,,,,,,,,,,
1562775,2026-10-04,2026-10-04T09:15:00+01:00,NS,685,3. liga - CFL B,Czech-Republic,2026,Group B - 9,Hradec Králové II,Mladá Boleslav II,14495,12816,,,,,,,,,,
1577954,2026-10-04,2026-10-04T09:15:00+01:00,NS,349,3. liga - MSFL,Czech-Republic,2026,MSFL - 10,Zbrojovka Brno II,Blansko,8633,7276,,,,,,,,,,
1577956,2026-10-04,2026-10-04T09:15:00+01:00,NS,349,3. liga - MSFL,Czech-Republic,2026,MSFL - 10,Karviná II,Zlín II,15134,8625,,,,,,,,,,
1577958,2026-10-04,2026-10-04T09:15:00+01:00,NS,349,3. liga - MSFL,Czech-Republic,2026,MSFL - 10,Uničov,Polanka nad Odrou,7369,7332,,,,,,,,,,
1561156,2026-10-04,2026-10-04T09:30:00+01:00,NS,506,2. liga,Slovakia,2026,Regular Season - 11,Petržalka,Malženice,10538,14058,,,,,,,,,,
1562656,2026-10-04,2026-10-04T09:30:00+01:00,NS,348,3. liga - CFL A,Czech-Republic,2026,Group A - 9,Viktoria Plzeň II,Dukla Praha II,8620,15132,,,,,,,,,,
1565737,2026-10-04,2026-10-04T09:30:00+01:00,NS,646,3. liga - Center,Slovakia,2026,Central - 9,Ružomberok II,Banská Byst II,10541,26242,,,,,,,,,,
1566109,2026-10-04,2026-10-04T09:30:00+01:00,NS,644,3. liga - West,Slovakia,2026,West - 9,Trenčín II,Nitra,26247,3547,,,,,,,,,,
1566111,2026-10-04,2026-10-04T09:30:00+01:00,NS,644,3. liga - West,Slovakia,2026,West - 9,DAC II,Komárno II,26244,26245,,,,,,,,,,
1589726,2026-10-04,2026-10-04T09:30:00+01:00,NS,794,3. SNL - East,Slovenia,2026,East - 8,Videm,Šampion Celje,6725,6726,,,,,,,,,,
1637658,2026-10-04,2026-10-04T09:30:00+01:00,NS,275,Liga 2,Indonesia,2026,Regular Season - 4,Barito Putera,Persela Lamongan,2453,2450,,,,,,,,,,
1637659,2026-10-04,2026-10-04T09:30:00+01:00,NS,275,Liga 2,Indonesia,2026,Regular Season - 4,Deltras,Persiba Balikpapan,15771,2457,,,,,,,,,,
1566365,2026-10-04,2026-10-04T09:45:00+01:00,NS,745,Oberliga - Hamburg,Germany,2026,Hamburg - 10,Paloma,ETSV Hamburg,12828,20851,,,,,,,,,,
1497257,2026-10-04,2026-10-04T10:00:00+01:00,NS,778,3. Division - Girone 5,Norway,2026,Regular Season - 22,Skjervøy,Fauske Sprint,7024,27277,,,,,,,,,,
1536482,2026-10-04,2026-10-04T10:00:00+01:00,NS,652,Second League - Group 2,Russia,2026,Group 2 - 26,Yenisey II,Chertanovo Moscow,17724,2014,,,,,,,,,,
1555724,2026-10-04,2026-10-04T10:00:00+01:00,NS,100,J3 League,Japan,2026,Regular Season - 9,Kagoshima United,Fukushima United,2236,4318,,,,,,,,,,
1562777,2026-10-04,2026-10-04T10:00:00+01:00,NS,685,3. liga - CFL B,Czech-Republic,2026,Group B - 9,Teplice II,Neratovice-Byškovice,12877,7320,,,,,,,,,,
1567261,2026-10-04,2026-10-04T10:00:00+01:00,NS,939,Oberliga - Bayern Süd,Germany,2026,Bayern Süd - 13,Hankofen-Hailing,Landshut,12780,27898,,,,,,,,,,
1572681,2026-10-04,2026-10-04T10:00:00+01:00,NS,877,Segunda División RFEF - Group 3,Spain,2026,Group 3 - 5,Deportiva Minera,La Nucía,9811,9393,,,,,,,,,,
1594389,2026-10-04,2026-10-04T10:00:00+01:00,NS,1023,NB III - Southeast,Hungary,2026,Southeast - 10,Honvéd II,III. Kerületi TUE,11853,5102,,,,,,,,,,
1607023,2026-10-04,2026-10-04T10:00:00+01:00,NS,1034,2. Frauen Bundesliga,Germany,2026,Regular Season - 8,Ingolstadt W,Bochum W,20483,20473,,,,,,,,,,
1616415,2026-10-04,2026-10-04T10:00:00+01:00,NS,451,Tercera División RFEF - Group 13,Spain,2026,Group 13 - 5,Cartagena LU II,Algar,17715,20438,,,,,,,,,,
1630094,2026-10-04,2026-10-04T10:00:00+01:00,NS,1241,U19 league,Serbia,2026,Regular Season - 8,Partizan U19,Vojvodina U19,22398,28270,,,,,,,,,,
1637228,2026-10-04,2026-10-04T10:00:00+01:00,NS,1243,Super League Women,South-Africa,2026,Group Stage,University of Johannesburg W,Tshwane University W,28363,28361,,,,,,,,,,
1643004,2026-10-04,2026-10-04T10:00:00+01:00,NS,10,Friendlies,World,2026,Friendly International,Brazil U20,Mexico U20,16200,10293,,,,,,,,,,
1593033,2026-10-04,2026-10-04T10:15:00+01:00,NS,336,Druha Liga,Ukraine,2026,Regular Season - 9,Metalurh Zaporizhya,Karbon Cherkasy,5627,26451,,,,,,,,,,
1572686,2026-10-04,2026-10-04T10:30:00+01:00,NS,877,Segunda División RFEF - Group 3,Spain,2026,Group 3 - 5,Valencia II,Peña Deportiva,9594,9405,,,,,,,,,,
1572990,2026-10-04,2026-10-04T10:30:00+01:00,NS,878,Segunda División RFEF - Group 4,Spain,2026,Group 4 - 5,Sevilla Atletico,Badajoz,730,9382,,,,,,,,,,
1581923,2026-10-04,2026-10-04T10:30:00+01:00,NS,334,Persha Liga,Ukraine,2026,Regular Season - 10,Kolos Kovalivka II,Oleksandria,24585,3619,,,,,,,,,,
1582138,2026-10-04,2026-10-04T10:30:00+01:00,NS,638,Kvindeliga,Denmark,2026,Regular Season - 10,Odense Q W,Fortuna Hjørring W,13984,10890,,,,,,,,,,
1614575,2026-10-04,2026-10-04T10:30:00+01:00,NS,445,Tercera División RFEF - Group 7,Spain,2026,Group 7 - 5,Torrejón,Unión Adarve,9717,9719,,,,,,,,,,
1614581,2026-10-04,2026-10-04T10:30:00+01:00,NS,445,Tercera División RFEF - Group 7,Spain,2026,Group 7 - 5,RC Alcobendas,Rayo Vallecano II,28105,9715,,,,,,,,,,
1614583,2026-10-04,2026-10-04T10:30:00+01:00,NS,445,Tercera División RFEF - Group 7,Spain,2026,Group 7 - 5,Trival Valderas,Las Rozas,9718,9395,,,,,,,,,,
1616418,2026-10-04,2026-10-04T10:30:00+01:00,NS,451,Tercera División RFEF - Group 13,Spain,2026,Group 13 - 5,Atlético Pulpileño,Santomera,9808,24655,,,,,,,,,,
1617941,2026-10-04,2026-10-04T10:30:00+01:00,NS,456,Tercera División RFEF - Group 18,Spain,2026,Group 18 - 5,Manchego,Almansa,9905,9896,,,,,,,,,,
1620392,2026-10-04,2026-10-04T10:30:00+01:00,NS,580,Gamma Ethniki - Group 5,Greece,2026,Group 5 - 2,Asteras Stavros,Diagoras Agias,20048,28160,,,,,,,,,,
1643199,2026-10-04,2026-10-04T10:30:00+01:00,NS,10,Friendlies,World,2026,Friendly International,Faroe Islands U19,United Arab Emirates U19,10362,22439,,,,,,,,,,
1572679,2026-10-04,2026-10-04T10:45:00+01:00,NS,877,Segunda División RFEF - Group 3,Spain,2026,Group 3 - 5,Castellonense,Real Murcia II,22138,9820,,,,,,,,,,
1614576,2026-10-04,2026-10-04T10:45:00+01:00,NS,445,Tercera División RFEF - Group 7,Spain,2026,Group 7 - 5,Móstoles,Leganés II,9712,9710,,,,,,,,,,
1639093,2026-10-04,2026-10-04T10:45:00+01:00,NS,765,PFL,Philippines,2027,Group Stage,Davao Aguilas,Tuloy,22754,21580,,,,,,,,,,
1501498,2026-10-04,2026-10-04T11:00:00+01:00,NS,736,Elitettan,Sweden,2026,Regular Season - 21,Umeå W,Husqvarna W,11081,16033,,,,,,,,,,
1511234,2026-10-04,2026-10-04T11:00:00+01:00,NS,595,Division 2 - Södra Svealand,Sweden,2026,Södra Svealand - 24,Nacka Iliria,Karlslund,14510,11660,,,,,,,,,,
1570767,2026-10-04,2026-10-04T11:00:00+01:00,NS,435,Primera División RFEF - Group 1,Spain,2026,Group 1 - 6,Athletic Club II,Extremadura 1924,9579,24612,,,,,,,,,,
1570773,2026-10-04,2026-10-04T11:00:00+01:00,NS,435,Primera División RFEF - Group 1,Spain,2026,Group 1 - 6,UD Logroñés,Deportivo La Coruña II,5280,9610,,,,,,,,,,
1571151,2026-10-04,2026-10-04T11:00:00+01:00,NS,436,Primera División RFEF - Group 2,Spain,2026,Group 2 - 6,Real Murcia,Gimnastic,5275,714,,,,,,,,,,
1571154,2026-10-04,2026-10-04T11:00:00+01:00,NS,436,Primera División RFEF - Group 2,Spain,2026,Group 2 - 6,Villarreal II,Ibiza,9595,9390,,,,,,,,,,
1572678,2026-10-04,2026-10-04T11:00:00+01:00,NS,877,Segunda División RFEF - Group 3,Spain,2026,Group 3 - 5,Atlético Baleares,Poblense,9381,5273,,,,,,,,,,
1572680,2026-10-04,2026-10-04T11:00:00+01:00,NS,877,Segunda División RFEF - Group 3,Spain,2026,Group 3 - 5,Intercity,Yeclano,8160,5283,,,,,,,,,,
1572684,2026-10-04,2026-10-04T11:00:00+01:00,NS,877,Segunda División RFEF - Group 3,Spain,2026,Group 3 - 5,Mallorca II,Alcoyano,9783,9686,,,,,,,,,,
1572988,2026-10-04,2026-10-04T11:00:00+01:00,NS,878,Segunda División RFEF - Group 4,Spain,2026,Group 4 - 5,Recreativo Huelva,Las Palmas II,9410,9574,,,,,,,,,,
1572989,2026-10-04,2026-10-04T11:00:00+01:00,NS,878,Segunda División RFEF - Group 4,Spain,2026,Group 4 - 5,Sanluqueño,Mijas Las Lagunas,9601,22569,,,,,,,,,,
1572992,2026-10-04,2026-10-04T11:00:00+01:00,NS,878,Segunda División RFEF - Group 4,Spain,2026,Group 4 - 5,Xerez,Tenerife II,9770,9802,,,,,,,,,,
1573294,2026-10-04,2026-10-04T11:00:00+01:00,NS,879,Segunda División RFEF - Group 5,Spain,2026,Group 5 - 5,Getafe II,Numancia,9572,717,,,,,,,,,,
1573296,2026-10-04,2026-10-04T11:00:00+01:00,NS,879,Segunda División RFEF - Group 5,Spain,2026,Group 5 - 5,RSD Alcalá,Navalcarnero,9714,5271,,,,,,,,,,
1573297,2026-10-04,2026-10-04T11:00:00+01:00,NS,879,Segunda División RFEF - Group 5,Spain,2026,Group 5 - 5,SS Reyes,Real Ávila,9412,9736,,,,,,,,,,
1573298,2026-10-04,2026-10-04T11:00:00+01:00,NS,879,Segunda División RFEF - Group 5,Spain,2026,Group 5 - 5,Real Valladolid II,Calvo Sotelo,9587,9899,,,,,,,,,,
1573601,2026-10-04,2026-10-04T11:00:00+01:00,NS,142,Primera División Femenina,Spain,2026,Regular Season - 6,Granad. Tenerife W,Edf Logrono W,1913,1923,,,,,,,,,,
1573604,2026-10-04,2026-10-04T11:00:00+01:00,NS,142,Primera División Femenina,Spain,2026,Regular Season - 6,Granada,Eibar W,22018,15225,,,,,,,,,,
1576482,2026-10-04,2026-10-04T11:00:00+01:00,NS,95,Segunda Liga,Portugal,2026,Regular Season - 5,Farense,Chaves,231,223,,,,,,,,,,
1581722,2026-10-04,2026-10-04T11:00:00+01:00,NS,1033,Ekstraliga Women,Poland,2026,Regular Season - 7,Pogon Szczecin W,Rekord Bielsko-Biala W,22259,22261,,,,,,,,,,
1581723,2026-10-04,2026-10-04T11:00:00+01:00,NS,1033,Ekstraliga Women,Poland,2026,Regular Season - 7,Slask Wroclaw W,Czarni Sosnowiec W,22262,16838,,,,,,,,,,
1583877,2026-10-04,2026-10-04T11:00:00+01:00,NS,1025,Second League A - Division A Gold,Russia,2026,Fall Season Gold - 12,Novosibirsk,Dinamo Bryansk,6819,6795,,,,,,,,,,
1591630,2026-10-04,2026-10-04T11:00:00+01:00,NS,205,2. Lig,Turkey,2026,2. Lig Red Group - 5, Kahramanmaraş İstiklal Spor,Ankara Demirspor,24601,3581,,,,,,,,,,
1599242,2026-10-04,2026-10-04T11:00:00+01:00,NS,676,Central Youth League,Poland,2026,Regular Season - 9,Lech Poznań U19,Miedź Legnica U19,7958,20592,,,,,,,,,,
1599243,2026-10-04,2026-10-04T11:00:00+01:00,NS,676,Central Youth League,Poland,2026,Regular Season - 9,Polonia Warszawa U19,Legia Warszawa U19,20593,7987,,,,,,,,,,
1606685,2026-10-04,2026-10-04T11:00:00+01:00,NS,99,J2 League,Japan,2026,Regular Season - 9,Tegevajaro Miyazaki,Omiya Ardija,10409,313,,,,,,,,,,
1612747,2026-10-04,2026-10-04T11:00:00+01:00,NS,439,Tercera División RFEF - Group 1,Spain,2026,Group 1 - 5,Viveiro,Celtiga,15307,26533,,,,,,,,,,
1613048,2026-10-04,2026-10-04T11:00:00+01:00,NS,440,Tercera División RFEF - Group 2,Spain,2026,Group 2 - 5,Sporting Gijón II,Langreo,9577,5265,,,,,,,,,,
1613049,2026-10-04,2026-10-04T11:00:00+01:00,NS,440,Tercera División RFEF - Group 2,Spain,2026,Group 2 - 5,Lealtad,Avilés Stadium,9396,15333,,,,,,,,,,
1613051,2026-10-04,2026-10-04T11:00:00+01:00,NS,440,Tercera División RFEF - Group 2,Spain,2026,Group 2 - 5,Llanes,Condal,9628,9622,,,,,,,,,,
1613052,2026-10-04,2026-10-04T11:00:00+01:00,NS,440,Tercera División RFEF - Group 2,Spain,2026,Group 2 - 5,Praviano,Caudal,9631,9619,,,,,,,,,,
1613657,2026-10-04,2026-10-04T11:00:00+01:00,NS,442,Tercera División RFEF - Group 4,Spain,2026,Group 4 - 5,Deportivo Alavés III,Sodupe,22134,9666,,,,,,,,,,
1613661,2026-10-04,2026-10-04T11:00:00+01:00,NS,442,Tercera División RFEF - Group 4,Spain,2026,Group 4 - 5,Eibar III,Real Sociedad III,25023,9662,,,,,,,,,,
1613964,2026-10-04,2026-10-04T11:00:00+01:00,NS,443,Tercera División RFEF - Group 5,Spain,2026,Group 5 - 5,Cerdanyola del Vallès,Martinenc,9670,28101,,,,,,,,,,
1613967,2026-10-04,2026-10-04T11:00:00+01:00,NS,443,Tercera División RFEF - Group 5,Spain,2026,Group 5 - 5,L'Hospitalet,Mollerussa,9392,18096,,,,,,,,,,
1613968,2026-10-04,2026-10-04T11:00:00+01:00,NS,443,Tercera División RFEF - Group 5,Spain,2026,Group 5 - 5,Montañesa,L'Escala,15345,17528,,,,,,,,,,
1613969,2026-10-04,2026-10-04T11:00:00+01:00,NS,443,Tercera División RFEF - Group 5,Spain,2026,Group 5 - 5,San Cristóbal,Grama,9678,15344,,,,,,,,,,
1614577,2026-10-04,2026-10-04T11:00:00+01:00,NS,445,Tercera División RFEF - Group 7,Spain,2026,Group 7 - 5,Colonia Moscardó,Pozuelo Alarcón,17589,9713,,,,,,,,,,
1614578,2026-10-04,2026-10-04T11:00:00+01:00,NS,445,Tercera División RFEF - Group 7,Spain,2026,Group 7 - 5,Fuenlabrada,Villanueva Pardillo,4906,15353,,,,,,,,,,
1614886,2026-10-04,2026-10-04T11:00:00+01:00,NS,446,Tercera División RFEF - Group 8,Spain,2026,Group 8 - 5,Cristo Atlético,Unionistas II,9728,26546,,,,,,,,,,
1615190,2026-10-04,2026-10-04T11:00:00+01:00,NS,447,Tercera División RFEF - Group 9,Spain,2026,Group 9 - 5,Alhaurino,Melilla,15357,5268,,,,,,,,,,
1615191,2026-10-04,2026-10-04T11:00:00+01:00,NS,447,Tercera División RFEF - Group 9,Spain,2026,Group 9 - 5,Huétor Vega,Mancha Real,9747,9749,,,,,,,,,,
1615194,2026-10-04,2026-10-04T11:00:00+01:00,NS,447,Tercera División RFEF - Group 9,Spain,2026,Group 9 - 5,Torre del Mar,Arenas Armilla,17558,20272,,,,,,,,,,
1615195,2026-10-04,2026-10-04T11:00:00+01:00,NS,447,Tercera División RFEF - Group 9,Spain,2026,Group 9 - 5,UD San Pedro,Motril,17562,9751,,,,,,,,,,
1615494,2026-10-04,2026-10-04T11:00:00+01:00,NS,448,Tercera División RFEF - Group 10,Spain,2026,Group 10 - 5,Utrera,Cádiz II,9769,9598,,,,,,,,,,
1615501,2026-10-04,2026-10-04T11:00:00+01:00,NS,448,Tercera División RFEF - Group 10,Spain,2026,Group 10 - 5,Tomares,Portuense,15528,28111,,,,,,,,,,
1615807,2026-10-04,2026-10-04T11:00:00+01:00,NS,449,Tercera División RFEF - Group 11,Spain,2026,Group 11 - 5,Ibiza Islas Pitiusas,Formentera,9781,9780,,,,,,,,,,
1616411,2026-10-04,2026-10-04T11:00:00+01:00,NS,451,Tercera División RFEF - Group 13,Spain,2026,Group 13 - 5,Águilas II,Unión Molinense,24656,20278,,,,,,,,,,
1616722,2026-10-04,2026-10-04T11:00:00+01:00,NS,452,Tercera División RFEF - Group 14,Spain,2026,Group 14 - 5,Moralo,Gévora,9836,25032,,,,,,,,,,
1617639,2026-10-04,2026-10-04T11:00:00+01:00,NS,455,Tercera División RFEF - Group 17,Spain,2026,Group 17 - 5,CD Sietamo,Belchite 97,28122,9880,,,,,,,,,,
1617942,2026-10-04,2026-10-04T11:00:00+01:00,NS,456,Tercera División RFEF - Group 18,Spain,2026,Group 18 - 5,Huracán Balazote,San Clemente,15330,17619,,,,,,,,,,
1617947,2026-10-04,2026-10-04T11:00:00+01:00,NS,456,Tercera División RFEF - Group 18,Spain,2026,Group 18 - 5,Socuéllamos,Guadalajara II,9414,26555,,,,,,,,,,
1617949,2026-10-04,2026-10-04T11:00:00+01:00,NS,456,Tercera División RFEF - Group 18,Spain,2026,Group 18 - 5,Villarrubia,Torrijos,9417,9909,,,,,,,,,,
1620505,2026-10-04,2026-10-04T11:00:00+01:00,NS,581,Gamma Ethniki - Group 6,Greece,2026,Group 6 - 2,Pallixouriakos,Preveza,5060,12393,,,,,,,,,,
1623504,2026-10-04,2026-10-04T11:00:00+01:00,NS,728,Liga 1 Feminin,Romania,2026,Regular Season - 7,Univ. Craiova W,FC Rapid Bucuresti W,28171,28170,,,,,,,,,,
1630095,2026-10-04,2026-10-04T11:00:00+01:00,NS,1241,U19 league,Serbia,2026,Regular Season - 8,TSC U19,Vozdovac U19,28272,28269,,,,,,,,,,
1633999,2026-10-04,2026-10-04T11:00:00+01:00,NS,653,Second League - Group 4,Russia,2026,Group 4 - 6,Izhevsk,Orenburg II,27650,14141,,,,,,,,,,
1634029,2026-10-04,2026-10-04T11:00:00+01:00,NS,653,Second League - Group 4,Russia,2026,Group 4 - 6,Akron II,Dinamo Barnaul,21535,6794,,,,,,,,,,
1634030,2026-10-04,2026-10-04T11:00:00+01:00,NS,653,Second League - Group 4,Russia,2026,Group 4 - 6,KDV,Khimik Dzerzhinsk,25867,16858,,,,,,,,,,
1638600,2026-10-04,2026-10-04T11:00:00+01:00,NS,10,Friendlies,World,2026,Friendly International,Germany U17,England U17,17954,17949,,,,,,,,,,
1640846,2026-10-04,2026-10-04T11:00:00+01:00,NS,734,Diski Challenge,South-Africa,2026,Regular Season - 2,Kaizer Chiefs U23,Mamelodi Sundowns U23,15992,15993,,,,,,,,,,
1641767,2026-10-04,2026-10-04T11:00:00+01:00,NS,174,Cup,Bulgaria,2026,Round of 64,Belasitsa,Dobrudzha,8540,1427,,,,,,,,,,
1575084,2026-10-04,2026-10-04T11:15:00+01:00,NS,91,Eredivisie Women,Netherlands,2026,Regular Season - 7,Twente W,Utrecht W,1899,21940,,,,,,,,,,
1613046,2026-10-04,2026-10-04T11:15:00+01:00,NS,440,Tercera División RFEF - Group 2,Spain,2026,Group 2 - 5,Astur,Mosconia,25030,9629,,,,,,,,,,
1616717,2026-10-04,2026-10-04T11:15:00+01:00,NS,452,Tercera División RFEF - Group 14,Spain,2026,Group 14 - 5,Azuaga,Guadiana,9826,28117,,,,,,,,,,
1581921,2026-10-04,2026-10-04T11:30:00+01:00,NS,334,Persha Liga,Ukraine,2026,Regular Season - 10,Ahrobiznes Volochysk,UCSA,3620,21957,,,,,,,,,,
1601258,2026-10-04,2026-10-04T11:30:00+01:00,NS,139,Serie A Women,Italy,2026,Regular Season - 2,Napoli W,Como 1907 W,14432,27960,,,,,,,,,,
1606052,2026-10-04,2026-10-04T11:30:00+01:00,NS,460,Campeonato de Portugal Prio - Group D,Portugal,2026,Group D - 1,Santa Clara B,Real,28044,10149,,,,,,,,,,
1608307,2026-10-04,2026-10-04T11:30:00+01:00,NS,138,Serie C - Girone A,Italy,2026,Girone A - 8,Lecco,Union Brescia,6379,26356,,,,,,,,,,
1608310,2026-10-04,2026-10-04T11:30:00+01:00,NS,138,Serie C - Girone A,Italy,2026,Girone A - 8,Treviso,Giana Erminio,22319,865,,,,,,,,,,
1613047,2026-10-04,2026-10-04T11:30:00+01:00,NS,440,Tercera División RFEF - Group 2,Spain,2026,Group 2 - 5,Covadonga,Siero,9623,9634,,,,,,,,,,
1616718,2026-10-04,2026-10-04T11:30:00+01:00,NS,452,Tercera División RFEF - Group 14,Spain,2026,Group 14 - 5,Cabeza Buey,Villanovense,26552,5282,,,,,,,,,,
1616721,2026-10-04,2026-10-04T11:30:00+01:00,NS,452,Tercera División RFEF - Group 14,Spain,2026,Group 14 - 5,Montijo,Jaraíz,9835,18094,,,,,,,,,,
1624675,2026-10-04,2026-10-04T11:30:00+01:00,NS,428,Serie D - Girone C,Italy,2026,Group C - 6,Triestina,FC Obermais,877,17133,,,,,,,,,,
1495403,2026-10-04,2026-10-04T12:00:00+01:00,NS,725,Toppserien,Norway,2026,Regular Season - 18,Hønefoss W,Bodø / Glimt W,18991,22858,,,,,,,,,,
1495404,2026-10-04,2026-10-04T12:00:00+01:00,NS,725,Toppserien,Norway,2026,Regular Season - 18,Lyn W,Haugesund W,15955,25760,,,,,,,,,,
1495405,2026-10-04,2026-10-04T12:00:00+01:00,NS,725,Toppserien,Norway,2026,Regular Season - 18,Molde W,Stabæk W,25761,15953,,,,,,,,,,
1495406,2026-10-04,2026-10-04T12:00:00+01:00,NS,725,Toppserien,Norway,2026,Regular Season - 18,Røa W,LSK Kvinner W,18379,10894,,,,,,,,,,
1496346,2026-10-04,2026-10-04T12:00:00+01:00,NS,474,2. Division - Group 2,Norway,2026,Regular Season - 22,Rana,Eidsvold,16229,6978,,,,,,,,,,
1497076,2026-10-04,2026-10-04T12:00:00+01:00,NS,777,3. Division - Girone 4,Norway,2026,Regular Season - 22,Stabæk II,Haugesund II,16231,18439,,,,,,,,,,
1497256,2026-10-04,2026-10-04T12:00:00+01:00,NS,778,3. Division - Girone 5,Norway,2026,Regular Season - 22,Lillestrøm II,Strømsgodset II,16207,12865,,,,,,,,,,
1501493,2026-10-04,2026-10-04T12:00:00+01:00,NS,736,Elitettan,Sweden,2026,Regular Season - 21,Göteborg W,Alingsås W,10893,16001,,,,,,,,,,
1504568,2026-10-04,2026-10-04T12:00:00+01:00,NS,564,Ettan - Södra,Sweden,2026,Södra - 25,Olympic,Trelleborg,12601,369,,,,,,,,,,
1505290,2026-10-04,2026-10-04T12:00:00+01:00,NS,563,Ettan - Norra,Sweden,2026,Norra - 25,Vasalund,Arlanda,6708,16597,,,,,,,,,,
1510869,2026-10-04,2026-10-04T12:00:00+01:00,NS,593,Division 2 - Norra Svealand,Sweden,2026,Norra Svealand - 24,Angby,Helges,27410,27386,,,,,,,,,,
1510871,2026-10-04,2026-10-04T12:00:00+01:00,NS,593,Division 2 - Norra Svealand,Sweden,2026,Norra Svealand - 24,Korsnäs,Franke,18427,6665,,,,,,,,,,
1511416,2026-10-04,2026-10-04T12:00:00+01:00,NS,596,Division 2 - Västra Götaland,Sweden,2026,Västra Götaland - 24,Astrio,Västra Frölunda,6657,12609,,,,,,,,,,
1561673,2026-10-04,2026-10-04T12:00:00+01:00,NS,109,II Liga - East,Poland,2026,Regular Season - 10,Znicz Pruszków,Stal Stalowa Wola,6964,6958,,,,,,,,,,
1566367,2026-10-04,2026-10-04T12:00:00+01:00,NS,745,Oberliga - Hamburg,Germany,2026,Hamburg - 10,Pinneberg,Süderelbe,27365,14796,,,,,,,,,,
1572991,2026-10-04,2026-10-04T12:00:00+01:00,NS,878,Segunda División RFEF - Group 4,Spain,2026,Group 4 - 5,Tamaraceite,Antoniano,9415,7522,,,,,,,,,,
1574115,2026-10-04,2026-10-04T12:00:00+01:00,NS,221,Regionalliga - Ost,Austria,2026,Ost - 10,Scheiblingkirchen,Leobendorf,4982,4951,,,,,,,,,,
1574628,2026-10-04,2026-10-04T12:00:00+01:00,NS,484,Frauenliga,Austria,2026,Regular Season - 9,Austria Wien W,SK Rapid W,17575,27906,,,,,,,,,,
1593030,2026-10-04,2026-10-04T12:00:00+01:00,NS,336,Druha Liga,Ukraine,2026,Regular Season - 9,Ruh Lviv,Bratslav Vinnytsia,3632,28006,,,,,,,,,,
1594152,2026-10-04,2026-10-04T12:00:00+01:00,NS,635,NB III - Northwest,Hungary,2026,Northwest - 10,1908 SZAC,SC Sopron,5068,7557,,,,,,,,,,
1594391,2026-10-04,2026-10-04T12:00:00+01:00,NS,1023,NB III - Southeast,Hungary,2026,Southeast - 10,Dabas,Csepel,5083,5081,,,,,,,,,,
1601047,2026-10-04,2026-10-04T12:00:00+01:00,NS,594,Division 2 - Norrland,Sweden,2026,Norrland - Relegation Round,Fransta,Storfors,27459,16604,,,,,,,,,,
1609395,2026-10-04,2026-10-04T12:00:00+01:00,NS,699,Women's Championship,England,2026,Regular Season - 5,Durham W,Newcastle United W,15403,15515,,,,,,,,,,
1616105,2026-10-04,2026-10-04T12:00:00+01:00,NS,450,Tercera División RFEF - Group 12,Spain,2026,Group 12 - 5,Marino,Playas Sotavento,9799,25036,,,,,,,,,,
1616111,2026-10-04,2026-10-04T12:00:00+01:00,NS,450,Tercera División RFEF - Group 12,Spain,2026,Group 12 - 5,UD San Fernando,Estrella,9804,20275,,,,,,,,,,
1620504,2026-10-04,2026-10-04T12:00:00+01:00,NS,581,Gamma Ethniki - Group 6,Greece,2026,Group 6 - 2,Levante,Plataria,28408,28164,,,,,,,,,,
1634031,2026-10-04,2026-10-04T12:00:00+01:00,NS,653,Second League - Group 4,Russia,2026,Group 4 - 6,Pobeda Nizhniy Novgorod,Krylya Sovetov II,27651,14140,,,,,,,,,,
1639192,2026-10-04,2026-10-04T12:00:00+01:00,NS,143,Copa del Rey,Spain,2026,1/128-finals,Güímar,Hortaleza,9794,28411,,,,,,,,,,
1641773,2026-10-04,2026-10-04T12:00:00+01:00,NS,174,Cup,Bulgaria,2026,Round of 64,FK Minyor Pernik,Beroe,6392,857,,,,,,,,,,
1641776,2026-10-04,2026-10-04T12:00:00+01:00,NS,174,Cup,Bulgaria,2026,Round of 64,Oborishte,Yantra 2019,1411,8528,,,,,,,,,,
1642961,2026-10-04,2026-10-04T12:00:00+01:00,NS,667,Friendlies Clubs,World,2026,Club Friendlies,Dynamo,Rodina Moskva,1088,6822,,,,,,,,,,
1577619,2026-10-04,2026-10-04T12:30:00+01:00,NS,236,First League,Russia,2026,Regular Season - 21,Veles,Volga Ulyanovsk,6833,6834,,,,,,,,,,
1643436,2026-10-04,2026-10-04T12:30:00+01:00,NS,1201,IFA Shield,India,2026,Semi-finals,ATK Mohun Bagan,Minerva Punjab,15516,3466,,,,,,,,,,
1593148,2026-10-04,2026-10-04T12:45:00+01:00,NS,82,Frauen Bundesliga,Germany,2026,Regular Season - 6,VfL Wolfsburg W,Hamburger SV W,1863,20498,,,,,,,,,,
1636939,2026-10-04,2026-10-04T12:45:00+01:00,NS,494,Super League 2,Greece,2026,Regular Season - 5,Pyrgos 1968,Panionios,26587,622,,,,,,,,,,
1495572,2026-10-04,2026-10-04T13:00:00+01:00,NS,549,Damallsvenskan,Sweden,2026,Regular Season - 21,Djurgården W,AIK W,11076,15629,,,,,,,,,,
1496348,2026-10-04,2026-10-04T13:00:00+01:00,NS,474,2. Division - Group 2,Norway,2026,Regular Season - 22,Tromsdalen Uil,Levanger,2158,2145,,,,,,,,,,
1496526,2026-10-04,2026-10-04T13:00:00+01:00,NS,774,3. Division - Girone 1,Norway,2026,Regular Season - 22,Bærum,IF Ready,6974,6999,,,,,,,,,,
1497074,2026-10-04,2026-10-04T13:00:00+01:00,NS,777,3. Division - Girone 4,Norway,2026,Regular Season - 22,Madla,Brodd,7009,6971,,,,,,,,,,
1510688,2026-10-04,2026-10-04T13:00:00+01:00,NS,592,Division 2 - Norra Götaland,Sweden,2026,Norra Götaland - 24,Ahlafors,Motala,12570,11673,,,,,,,,,,
1511027,2026-10-04,2026-10-04T13:00:00+01:00,NS,597,Division 2 - Södra Götaland,Sweden,2026,Södra Götaland - 24,Berga,Österlen,12612,12619,,,,,,,,,,
1511029,2026-10-04,2026-10-04T13:00:00+01:00,NS,597,Division 2 - Södra Götaland,Sweden,2026,Södra Götaland - 24,Karlskrona,Linero,6683,25572,,,,,,,,,,
1534459,2026-10-04,2026-10-04T13:00:00+01:00,NS,117,1. Division,Belarus,2026,Regular Season - 27,Bumprom,Minsk II,7802,11249,,,,,,,,,,
1535665,2026-10-04,2026-10-04T13:00:00+01:00,NS,915,1. Division Women,Norway,2026,Regular Season - 20,Start W,TIL 2020 W,25762,18989,,,,,,,,,,
1535725,2026-10-04,2026-10-04T13:00:00+01:00,NS,915,1. Division Women,Norway,2026,Regular Season - 20,Kolbotn W,Klepp W,15952,15951,,,,,,,,,,
1535727,2026-10-04,2026-10-04T13:00:00+01:00,NS,915,1. Division Women,Norway,2026,Regular Season - 20,Frigg Oslo FK W,Fyllingsdalen W,27637,20885,,,,,,,,,,
1536479,2026-10-04,2026-10-04T13:00:00+01:00,NS,652,Second League - Group 2,Russia,2026,Group 2 - 26,Dinamo Vologda,Dinamo St. Petersburg,19447,17725,,,,,,,,,,
1536481,2026-10-04,2026-10-04T13:00:00+01:00,NS,652,Second League - Group 2,Russia,2026,Group 2 - 26,Luki-Energiya,Iskra Smolensk,6812,27645,,,,,,,,,,
1554182,2026-10-04,2026-10-04T13:00:00+01:00,NS,287,Prva Liga,Serbia,2026,Regular Season - 12,OFK Vršac,Metalac GM,12329,2647,,,,,,,,,,
1569957,2026-10-04,2026-10-04T13:00:00+01:00,NS,141,Segunda División,Spain,2026,Regular Season - 8,Real Sociedad II,Granada CF,9585,715,,,,,,,,,,
1574632,2026-10-04,2026-10-04T13:00:00+01:00,NS,484,Frauenliga,Austria,2026,Regular Season - 9,St. Pölten W,Sturm Graz W,10227,10232,,,,,,,,,,
1575811,2026-10-04,2026-10-04T13:00:00+01:00,NS,122,2. Division,Denmark,2026,Regular Season - 10,Thisted FC,Roskilde,2069,2067,,,,,,,,,,
1576989,2026-10-04,2026-10-04T13:00:00+01:00,NS,754,Oberliga - Nordost-Nord,Germany,2026,NOFV-Nord - 4,Makkabi,Hansa Rostock II,14722,16119,,,,,,,,,,
1580241,2026-10-04,2026-10-04T13:00:00+01:00,NS,744,Oberliga - Schleswig-Holstein,Germany,2026,Schleswig-Holstein - 11,Oldenburger SV,Heider SV,16073,9343,,,,,,,,,,
1581924,2026-10-04,2026-10-04T13:00:00+01:00,NS,334,Persha Liga,Ukraine,2026,Regular Season - 10,Kulykiv,Probiy Horodenka,24566,24568,,,,,,,,,,
1582137,2026-10-04,2026-10-04T13:00:00+01:00,NS,638,Kvindeliga,Denmark,2026,Regular Season - 10,Nordsjælland W,Køge W,13983,13982,,,,,,,,,,
1583873,2026-10-04,2026-10-04T13:00:00+01:00,NS,1025,Second League A - Division A Gold,Russia,2026,Fall Season Gold - 12,Alaniya Vladikavkaz,FK Sokol Saratov,6787,1995,,,,,,,,,,
1586586,2026-10-04,2026-10-04T13:00:00+01:00,NS,84,Regionalliga - Nord,Germany,2026,North - 12,HSC Hannover,Schöningen,9339,19475,,,,,,,,,,
1587493,2026-10-04,2026-10-04T13:00:00+01:00,NS,87,Regionalliga - West,Germany,2026,West - 11,Rot-weiss Oberhausen,Paderborn II,1658,12827,,,,,,,,,,
1587497,2026-10-04,2026-10-04T13:00:00+01:00,NS,87,Regionalliga - West,Germany,2026,West - 11,Sportfreunde Siegen,Borussia Dortmund II,13935,9367,,,,,,,,,,
1591323,2026-10-04,2026-10-04T13:00:00+01:00,NS,205,2. Lig,Turkey,2026,2. Lig White Group - 5,68 Aksaray Belediyespor,Ankaraspor,6507,780,,,,,,,,,,
1591328,2026-10-04,2026-10-04T13:00:00+01:00,NS,205,2. Lig,Turkey,2026,2. Lig White Group - 5,Kastamonuspor,Arnavutköy Belediyespor,3594,15101,,,,,,,,,,
1591625,2026-10-04,2026-10-04T13:00:00+01:00,NS,205,2. Lig,Turkey,2026,2. Lig Red Group - 5,Adana 01 FK,12 Bingölspor,22009,6504,,,,,,,,,,
1591628,2026-10-04,2026-10-04T13:00:00+01:00,NS,205,2. Lig,Turkey,2026,2. Lig Red Group - 5,İskenderunspor,24 Erzincanspor,7403,7392,,,,,,,,,,
1594394,2026-10-04,2026-10-04T13:00:00+01:00,NS,1023,NB III - Southeast,Hungary,2026,Southeast - 10,Szeged-Csanád II,Hódmezővásárhely,21857,5101,,,,,,,,,,
1604874,2026-10-04,2026-10-04T13:00:00+01:00,NS,599,1. Liga Classic - Group 1,Switzerland,2026,Group 1 - 9,Servette II,Lausanne Sport II,16323,12693,,,,,,,,,,
1607024,2026-10-04,2026-10-04T13:00:00+01:00,NS,1034,2. Frauen Bundesliga,Germany,2026,Regular Season - 8,Borussia Monchengladbach W,Viktoria Berlin W,1864,20504,,,,,,,,,,
1607025,2026-10-04,2026-10-04T13:00:00+01:00,NS,1034,2. Frauen Bundesliga,Germany,2026,Regular Season - 8,Hertha Berlin W,Hoffenheim II W,27444,22296,,,,,,,,,,
1607026,2026-10-04,2026-10-04T13:00:00+01:00,NS,1034,2. Frauen Bundesliga,Germany,2026,Regular Season - 8,Carl Zeiss Jena  W,SC Sand W,16849,1862,,,,,,,,,,
1607027,2026-10-04,2026-10-04T13:00:00+01:00,NS,1034,2. Frauen Bundesliga,Germany,2026,Regular Season - 8,Turbine Potsdam W,Eintracht Frankfurt II W,1869,22293,,,,,,,,,,
1607028,2026-10-04,2026-10-04T13:00:00+01:00,NS,1034,2. Frauen Bundesliga,Germany,2026,Regular Season - 8,SGS Essen W,Meppen W,1868,14013,,,,,,,,,,
1607144,2026-10-04,2026-10-04T13:00:00+01:00,NS,1034,2. Frauen Bundesliga,Germany,2026,Regular Season - 8,FC Koln II W,Andernach W,28045,20495,,,,,,,,,,
1618379,2026-10-04,2026-10-04T13:00:00+01:00,NS,92,Derde Divisie,Netherlands,2026,Regular Season - 8,Blauw Geel,UNA,1263,1284,,,,,,,,,,
1618380,2026-10-04,2026-10-04T13:00:00+01:00,NS,92,Derde Divisie,Netherlands,2026,Regular Season - 8,Gemert,FC Lisse,1230,1257,,,,,,,,,,
1620507,2026-10-04,2026-10-04T13:00:00+01:00,NS,581,Gamma Ethniki - Group 6,Greece,2026,Group 6 - 2,Tilikratis,Agios Matthaios,5066,15250,,,,,,,,,,
1626521,2026-10-04,2026-10-04T13:00:00+01:00,NS,432,Serie D - Girone G,Italy,2026,Group G - 6,Afragolese,Ossese,17841,28212,,,,,,,,,,
1636933,2026-10-04,2026-10-04T13:00:00+01:00,NS,494,Super League 2,Greece,2026,Regular Season - 5,Asteras Tripolis II,Anagennisi Karditsas,25017,2094,,,,,,,,,,
1637446,2026-10-04,2026-10-04T13:00:00+01:00,NS,1244,B-Liga Women,Denmark,2026,Regular Season - 8,Esbjerg W,Thy ThistedQ W,28371,13985,,,,,,,,,,
1637660,2026-10-04,2026-10-04T13:00:00+01:00,NS,275,Liga 2,Indonesia,2026,Regular Season - 4,Semen Padang,PSPS,2456,4236,,,,,,,,,,
1640507,2026-10-04,2026-10-04T13:00:00+01:00,NS,10,Friendlies,World,2026,Friendly International,Kyrgyzstan,Lebanon,1554,1551,,,,,,,,,,
1641766,2026-10-04,2026-10-04T13:00:00+01:00,NS,174,Cup,Bulgaria,2026,Round of 64,Bdin,Montana,8519,1424,,,,,,,,,,
1641768,2026-10-04,2026-10-04T13:00:00+01:00,NS,174,Cup,Bulgaria,2026,Round of 64,Benkovski Isperih,Akademik Svishtov,21835,8518,,,,,,,,,,
1641772,2026-10-04,2026-10-04T13:00:00+01:00,NS,174,Cup,Bulgaria,2026,Round of 64,Lokomotiv Mezdra,Pirin Blagoevgrad,8523,1428,,,,,,,,,,
1641774,2026-10-04,2026-10-04T13:00:00+01:00,NS,174,Cup,Bulgaria,2026,Round of 64,Natsional Sofia,Lokomotiv G. Oryahovitsa,22250,1420,,,,,,,,,,
1641775,2026-10-04,2026-10-04T13:00:00+01:00,NS,174,Cup,Bulgaria,2026,Round of 64,Neftochimic Burgas,Sportist Svoge,1425,8550,,,,,,,,,,
1641777,2026-10-04,2026-10-04T13:00:00+01:00,NS,174,Cup,Bulgaria,2026,Round of 64,Rodopa Smolyan,Nesebar,8536,1410,,,,,,,,,,
1641778,2026-10-04,2026-10-04T13:00:00+01:00,NS,174,Cup,Bulgaria,2026,Round of 64,Spartak Plovdiv,Botev Ihtiman,14568,6390,,,,,,,,,,
1641779,2026-10-04,2026-10-04T13:00:00+01:00,NS,174,Cup,Bulgaria,2026,Round of 64,Chavdar Troyan,Marek,14565,8543,,,,,,,,,,
1641780,2026-10-04,2026-10-04T13:00:00+01:00,NS,174,Cup,Bulgaria,2026,Round of 64,Volov Shumen,Chernomorets 1919 Burgas,8551,8530,,,,,,,,,,
1641781,2026-10-04,2026-10-04T13:00:00+01:00,NS,174,Cup,Bulgaria,2026,Round of 64,Yambol 1915,Hebar 1918,8539,4659,,,,,,,,,,
1641782,2026-10-04,2026-10-04T13:00:00+01:00,NS,174,Cup,Bulgaria,2026,Round of 64,Zagorets,Rilski Sportist,6399,8547,,,,,,,,,,
1642482,2026-10-04,2026-10-04T13:00:00+01:00,NS,583,Gamma Ethniki - Group 8,Greece,2026,Group 8 - 2,Vyrona,Apollon Kalyt.,26591,26588,,,,,,,,,,
1642962,2026-10-04,2026-10-04T13:00:00+01:00,NS,667,Friendlies Clubs,World,2026,Club Friendlies,CSKA Moscow,Arsenal Tula,555,1077,,,,,,,,,,
1643003,2026-10-04,2026-10-04T13:00:00+01:00,NS,10,Friendlies,World,2026,Friendly International,Denmark U20,United States U20,22429,10306,,,,,,,,,,
1571150,2026-10-04,2026-10-04T13:15:00+01:00,NS,436,Primera División RFEF - Group 2,Spain,2026,Group 2 - 6,Huesca,Europa Fc,726,593,,,,,,,,,,
1495959,2026-10-04,2026-10-04T13:30:00+01:00,NS,104,1. Division,Norway,2026,Regular Season - 24,Bryne,Lyn,2142,7006,,,,,,,,,,
1551826,2026-10-04,2026-10-04T13:30:00+01:00,NS,89,Eerste Divisie,Netherlands,2026,Regular Season - 9,VVV Venlo,Roda,204,414,,,,,,,,,,
1566369,2026-10-04,2026-10-04T13:30:00+01:00,NS,745,Oberliga - Hamburg,Germany,2026,Hamburg - 10,Nikola Tesla,Buchholz,26174,12746,,,,,,,,,,
1573870,2026-10-04,2026-10-04T13:30:00+01:00,NS,223,Regionalliga - West,Austria,2026,West - 10,Swarovski Tirol II,Lauterach,8344,8255,,,,,,,,,,
1581142,2026-10-04,2026-10-04T13:30:00+01:00,NS,750,Oberliga - Hessen,Germany,2026,Hessen - 12,TuBa Pohlheim,FC Gießen,19284,9362,,,,,,,,,,
1591631,2026-10-04,2026-10-04T13:30:00+01:00,NS,205,2. Lig,Turkey,2026,2. Lig Red Group - 5,Kütahyaspor,Yeni Orduspor,11092,7426,,,,,,,,,,
1598929,2026-10-04,2026-10-04T13:30:00+01:00,NS,752,Oberliga - Rheinland-Pfalz / Saar,Germany,2026,Rheinland-Pfalz/Saar - 11,Ahrweiler,Pirmasens,19204,9365,,,,,,,,,,
1604875,2026-10-04,2026-10-04T13:30:00+01:00,NS,599,1. Liga Classic - Group 1,Switzerland,2026,Group 1 - 9,Coffrane,Sion II,17413,10590,,,,,,,,,,
1608682,2026-10-04,2026-10-04T13:30:00+01:00,NS,942,Serie C - Girone B,Italy,2026,Girone B - 8,Campobasso FC,Torres,9510,9534,,,,,,,,,,
1608685,2026-10-04,2026-10-04T13:30:00+01:00,NS,942,Serie C - Girone B,Italy,2026,Girone B - 8,Guidonia Montecelio 1937,Pineto,882,9514,,,,,,,,,,
1608688,2026-10-04,2026-10-04T13:30:00+01:00,NS,942,Serie C - Girone B,Italy,2026,Girone B - 8,Pianese,Ravenna,6381,1705,,,,,,,,,,
1609064,2026-10-04,2026-10-04T13:30:00+01:00,NS,943,Serie C - Girone C,Italy,2026,Girone C - 8,Cosenza,Foggia,10137,521,,,,,,,,,,
1610116,2026-10-04,2026-10-04T13:30:00+01:00,NS,600,1. Liga Classic - Group 2,Switzerland,2026,Group 2 - 9,Bassecourt,Thun II,6614,16348,,,,,,,,,,
1610117,2026-10-04,2026-10-04T13:30:00+01:00,NS,600,1. Liga Classic - Group 2,Switzerland,2026,Group 2 - 9,Delémont,Grasshopper II,12702,12704,,,,,,,,,,
1618381,2026-10-04,2026-10-04T13:30:00+01:00,NS,92,Derde Divisie,Netherlands,2026,Regular Season - 8,GOES,UDI '19,3892,3938,,,,,,,,,,
1639092,2026-10-04,2026-10-04T13:30:00+01:00,NS,765,PFL,Philippines,2027,Group Stage,Maharlika,Philippine Army,16191,21578,,,,,,,,,,
1495402,2026-10-04,2026-10-04T14:00:00+01:00,NS,725,Toppserien,Norway,2026,Regular Season - 18,Brann W,Fortuna Ålesund W,18380,18985,,,,,,,,,,
1495573,2026-10-04,2026-10-04T14:00:00+01:00,NS,549,Damallsvenskan,Sweden,2026,Regular Season - 21,Häcken W,Uppsala W,16483,11082,,,,,,,,,,
1495574,2026-10-04,2026-10-04T14:00:00+01:00,NS,549,Damallsvenskan,Sweden,2026,Regular Season - 21,Hammarby W,Brommapojkarna W,15630,16004,,,,,,,,,,
1495575,2026-10-04,2026-10-04T14:00:00+01:00,NS,549,Damallsvenskan,Sweden,2026,Regular Season - 21,Malmö FF W,Rosengård W,21698,11075,,,,,,,,,,
1496168,2026-10-04,2026-10-04T14:00:00+01:00,NS,473,2. Division - Group 1,Norway,2026,Regular Season - 22,Sandviken,Arendal,14545,2155,,,,,,,,,,
1511028,2026-10-04,2026-10-04T14:00:00+01:00,NS,597,Division 2 - Södra Götaland,Sweden,2026,Södra Götaland - 24,IFK Trelleborg,Räppe,20839,12617,,,,,,,,,,
1528937,2026-10-04,2026-10-04T14:00:00+01:00,NS,5,UEFA Nations League,World,2026,League D - 4,Azerbaijan,Lithuania,1096,1097,,,,,,,,,,
1536478,2026-10-04,2026-10-04T14:00:00+01:00,NS,652,Second League - Group 2,Russia,2026,Group 2 - 26,Baltika II,Kosmos Dolgoprudny,25868,19452,,,,,,,,,,
1558955,2026-10-04,2026-10-04T14:00:00+01:00,NS,374,2. SNL,Slovenia,2026,Regular Season - 9,Bistrica,Rudar,6718,4361,,,,,,,,,,
1559382,2026-10-04,2026-10-04T14:00:00+01:00,NS,356,Second League,Montenegro,2026,Regular Season - 10,Berane,Jedinstvo,3743,3747,,,,,,,,,,
1559385,2026-10-04,2026-10-04T14:00:00+01:00,NS,356,Second League,Montenegro,2026,Regular Season - 10,Mogren,Kom,10701,3749,,,,,,,,,,
1565738,2026-10-04,2026-10-04T14:00:00+01:00,NS,646,3. liga - Center,Slovakia,2026,Central - 9,Baník Kalinovo,Sokol Medzibrod,14080,15050,,,,,,,,,,
1565919,2026-10-04,2026-10-04T14:00:00+01:00,NS,645,3. liga - East,Slovakia,2026,East - 9,Raslavice,Spišská Nová Ves,17258,10555,,,,,,,,,,
1565920,2026-10-04,2026-10-04T14:00:00+01:00,NS,645,3. liga - East,Slovakia,2026,East - 9,Snina,Slávia TU Košice,14075,14074,,,,,,,,,,
1566110,2026-10-04,2026-10-04T14:00:00+01:00,NS,644,3. liga - West,Slovakia,2026,West - 9,Beluša,Nové Zámky,14053,14061,,,,,,,,,,
1568191,2026-10-04,2026-10-04T14:00:00+01:00,NS,783,III Liga - Group 4,Poland,2026,Group IV - 11,Hetman Zamosc,Chełmianka Chełm,12789,6936,,,,,,,,,,
1578105,2026-10-04,2026-10-04T14:00:00+01:00,NS,149,Second Amateur Division - VFV A,Belgium,2026,VFV A - 6,Londerzeel,VW Hamme,5862,5966,,,,,,,,,,
1578344,2026-10-04,2026-10-04T14:00:00+01:00,NS,150,Second Amateur Division - VFV B,Belgium,2026,VFV B - 6,Rupel Boom,Sint-Truiden II,6225,24388,,,,,,,,,,
1578345,2026-10-04,2026-10-04T14:00:00+01:00,NS,150,Second Amateur Division - VFV B,Belgium,2026,VFV B - 6,Diegem Sport,Tongeren,5776,19787,,,,,,,,,,
1578346,2026-10-04,2026-10-04T14:00:00+01:00,NS,150,Second Amateur Division - VFV B,Belgium,2026,VFV B - 6,Eendracht Termien,Wilrijk,5786,21831,,,,,,,,,,
1579132,2026-10-04,2026-10-04T14:00:00+01:00,NS,353,4. liga - Divizie D,Czech-Republic,2026,Group D - 10,Chotebor,Havlíčkův Brod,26124,7292,,,,,,,,,,
1579135,2026-10-04,2026-10-04T14:00:00+01:00,NS,353,4. liga - Divizie D,Czech-Republic,2026,Group D - 10,Velká Bíteš,Bedrichov,7371,27927,,,,,,,,,,
1579136,2026-10-04,2026-10-04T14:00:00+01:00,NS,353,4. liga - Divizie D,Czech-Republic,2026,Group D - 10,Žďár nad Sázavou,Sokol Tasovice,7389,7355,,,,,,,,,,
1579137,2026-10-04,2026-10-04T14:00:00+01:00,NS,353,4. liga - Divizie D,Czech-Republic,2026,Group D - 10,Znojmo,Humpolec,3734,7301,,,,,,,,,,
1579252,2026-10-04,2026-10-04T14:00:00+01:00,NS,354,4. liga - Divizie E,Czech-Republic,2026,Group E - 10,Kozlovice,Břeclav,7311,8631,,,,,,,,,,
1579253,2026-10-04,2026-10-04T14:00:00+01:00,NS,354,4. liga - Divizie E,Czech-Republic,2026,Group E - 10,Sokol Lanžhot,Holešov,7351,16876,,,,,,,,,,
1579256,2026-10-04,2026-10-04T14:00:00+01:00,NS,354,4. liga - Divizie E,Czech-Republic,2026,Group E - 10,Strání,Šternberk,7363,19440,,,,,,,,,,
1579257,2026-10-04,2026-10-04T14:00:00+01:00,NS,354,4. liga - Divizie E,Czech-Republic,2026,Group E - 10,Tatran Všechovice,Prostejov B,7366,27928,,,,,,,,,,
1579373,2026-10-04,2026-10-04T14:00:00+01:00,NS,686,4. liga - Divizie F,Czech-Republic,2026,Group F - 10,Frydek-Mistek B,Zabreh,27930,26129,,,,,,,,,,
1579375,2026-10-04,2026-10-04T14:00:00+01:00,NS,686,4. liga - Divizie F,Czech-Republic,2026,Group F - 10,Kravare,Pustá Polom,21912,24188,,,,,,,,,,
1579376,2026-10-04,2026-10-04T14:00:00+01:00,NS,686,4. liga - Divizie F,Czech-Republic,2026,Group F - 10,Šumperk,Bílovec,7387,16875,,,,,,,,,,
1579830,2026-10-04,2026-10-04T14:00:00+01:00,NS,487,First Amateur Division,Belgium,2026,ACFF - 7,Onhaye,Sporting Charleroi II,5888,19959,,,,,,,,,,
1579967,2026-10-04,2026-10-04T14:00:00+01:00,NS,487,First Amateur Division,Belgium,2026,VV - 6,Knokke,Oud-Heverlee Leuven II,5847,19957,,,,,,,,,,
1579968,2026-10-04,2026-10-04T14:00:00+01:00,NS,487,First Amateur Division,Belgium,2026,VV - 6,Tienen,Merelbeke,5951,5871,,,,,,,,,,
1580937,2026-10-04,2026-10-04T14:00:00+01:00,NS,64,Feminine Division 1,France,2026,Regular Season - 4,FC Fleury 91 W,Paris Saint Germain W,1677,1667,,,,,,,,,,
1581143,2026-10-04,2026-10-04T14:00:00+01:00,NS,750,Oberliga - Hessen,Germany,2026,Hessen - 12,Eddersheim,Hummetroth,12755,26171,,,,,,,,,,
1581144,2026-10-04,2026-10-04T14:00:00+01:00,NS,750,Oberliga - Hessen,Germany,2026,Hessen - 12,1960 Hanau,Hadamar,21947,14550,,,,,,,,,,
1581786,2026-10-04,2026-10-04T14:00:00+01:00,NS,739,AXA Women’s Super League,Switzerland,2026,Regular Season - 8,St. Gallen W,Servette Chênois W,16041,15548,,,,,,,,,,
1582455,2026-10-04,2026-10-04T14:00:00+01:00,NS,753,Oberliga - Baden-Württemberg,Germany,2026,Baden-Württemberg - 10,Karlsruhe II,Balingen,26166,9360,,,,,,,,,,
1582875,2026-10-04,2026-10-04T14:00:00+01:00,NS,148,Second Amateur Division - ACFF,Belgium,2026,ACFF - 7,Acren-Lessines,Union Namur,5737,5964,,,,,,,,,,
1582876,2026-10-04,2026-10-04T14:00:00+01:00,NS,148,Second Amateur Division - ACFF,Belgium,2026,ACFF - 7,RUS Binche,Ganshoren,20403,5806,,,,,,,,,,
1582877,2026-10-04,2026-10-04T14:00:00+01:00,NS,148,Second Amateur Division - ACFF,Belgium,2026,ACFF - 7,AS Eupen II,Richelle United,24386,5913,,,,,,,,,,
1582878,2026-10-04,2026-10-04T14:00:00+01:00,NS,148,Second Amateur Division - ACFF,Belgium,2026,ACFF - 7,Jette,Braine,5836,5764,,,,,,,,,,
1582879,2026-10-04,2026-10-04T14:00:00+01:00,NS,148,Second Amateur Division - ACFF,Belgium,2026,ACFF - 7,Crossing Schaerbeek,Stade Verviers,5770,22256,,,,,,,,,,
1582880,2026-10-04,2026-10-04T14:00:00+01:00,NS,148,Second Amateur Division - ACFF,Belgium,2026,ACFF - 7,SG-Tertre-Hautrage,Huy,5917,5832,,,,,,,,,,
1583875,2026-10-04,2026-10-04T14:00:00+01:00,NS,1025,Second League A - Division A Gold,Russia,2026,Fall Season Gold - 12,Mashuk-KMV,Dinamo Kirov,6814,21538,,,,,,,,,,
1588983,2026-10-04,2026-10-04T14:00:00+01:00,PST,748,Oberliga - Niedersachsen,Germany,2026,Niedersachsen - 9,Drochtersen/Assel II,Lüneburger SK Hansa,27988,1645,,,,,,,,,,
1588984,2026-10-04,2026-10-04T14:00:00+01:00,PST,748,Oberliga - Niedersachsen,Germany,2026,Niedersachsen - 9,Hemmingen,Germania Egestorf,27989,1632,,,,,,,,,,
1588985,2026-10-04,2026-10-04T14:00:00+01:00,PST,748,Oberliga - Niedersachsen,Germany,2026,Niedersachsen - 9,Borussia Hildesheim,Wilhelmshaven,12742,13941,,,,,,,,,,
1588986,2026-10-04,2026-10-04T14:00:00+01:00,NS,748,Oberliga - Niedersachsen,Germany,2026,Niedersachsen - 9,Nordhorn,Meppen II,27990,21951,,,,,,,,,,
1588988,2026-10-04,2026-10-04T14:00:00+01:00,NS,748,Oberliga - Niedersachsen,Germany,2026,Niedersachsen - 9,Vorsfelde,Eintracht Braunschw. II,19287,24467,,,,,,,,,,
1592239,2026-10-04,2026-10-04T14:00:00+01:00,NS,747,Oberliga - Westfalen,Germany,2026,Westfalen - 9,Erkenschwick,Verl II,14667,24431,,,,,,,,,,
1592240,2026-10-04,2026-10-04T14:00:00+01:00,NS,747,Oberliga - Westfalen,Germany,2026,Westfalen - 9,Gievenbeck,Hiltrup,14693,14704,,,,,,,,,,
1592242,2026-10-04,2026-10-04T14:00:00+01:00,NS,747,Oberliga - Westfalen,Germany,2026,Westfalen - 9,Maaslingen,Eintracht Rheine,28002,14663,,,,,,,,,,
1592244,2026-10-04,2026-10-04T14:00:00+01:00,NS,747,Oberliga - Westfalen,Germany,2026,Westfalen - 9,Schermbeck,Sprockhovel,14779,14527,,,,,,,,,,
1592245,2026-10-04,2026-10-04T14:00:00+01:00,NS,747,Oberliga - Westfalen,Germany,2026,Westfalen - 9,Westfalia Kinderhaus,Arminia II,17114,26186,,,,,,,,,,
1592535,2026-10-04,2026-10-04T14:00:00+01:00,NS,751,Oberliga - Niederrhein,Germany,2026,Niederrhein - 8,Schonnebeck,Fortuna Düsseldorf II,12848,9369,,,,,,,,,,
1598931,2026-10-04,2026-10-04T14:00:00+01:00,NS,752,Oberliga - Rheinland-Pfalz / Saar,Germany,2026,Rheinland-Pfalz/Saar - 11,Gonsenheim,FV Engers 07,12773,12767,,,,,,,,,,
1598932,2026-10-04,2026-10-04T14:00:00+01:00,NS,752,Oberliga - Rheinland-Pfalz / Saar,Germany,2026,Rheinland-Pfalz/Saar - 11,Gau-Odernheim,Schott Mainz,26168,14524,,,,,,,,,,
1601254,2026-10-04,2026-10-04T14:00:00+01:00,NS,139,Serie A Women,Italy,2026,Regular Season - 2,AC Milan W,Juventus W,1893,1886,,,,,,,,,,
1605572,2026-10-04,2026-10-04T14:00:00+01:00,NS,458,Campeonato de Portugal Prio - Group B,Portugal,2026,Group B - 3,Castro Daire,Estrela Calheta,6353,28053,,,,,,,,,,
1606177,2026-10-04,2026-10-04T14:00:00+01:00,PST,177,Third League - Southeast,Bulgaria,2026,Southeast - 9,Botev Plovdiv II,Yambol 1915,16963,8539,,,,,,,,,,
1607691,2026-10-04,2026-10-04T14:00:00+01:00,NS,44,FA WSL,England,2026,Regular Season - 5,Tottenham Hotspur W,London City Lionesses W,4899,15406,,,,,,,,,,
1607693,2026-10-04,2026-10-04T14:00:00+01:00,NS,44,FA WSL,England,2026,Regular Season - 5,Aston Villa W,Crystal Palace W,14219,15409,,,,,,,,,,
1607694,2026-10-04,2026-10-04T14:00:00+01:00,NS,44,FA WSL,England,2026,Regular Season - 5,Brighton W,Charlton Athletic W,1857,15402,,,,,,,,,,
1607695,2026-10-04,2026-10-04T14:00:00+01:00,NS,44,FA WSL,England,2026,Regular Season - 5,Everton W,Birmingham City W,1855,1845,,,,,,,,,,
1607696,2026-10-04,2026-10-04T14:00:00+01:00,NS,44,FA WSL,England,2026,Regular Season - 5,West Ham W,Chelsea W,1856,1853,,,,,,,,,,
1607976,2026-10-04,2026-10-04T14:00:00+01:00,NS,1238,Regionalliga - South,Austria,2026,South - 10,Wolfsberger AC II,Austria Klagenfurt,8253,1405,,,,,,,,,,
1609396,2026-10-04,2026-10-04T14:00:00+01:00,NS,699,Women's Championship,England,2026,Regular Season - 5,Bristol City W,Southampton W,1846,15454,,,,,,,,,,
1609397,2026-10-04,2026-10-04T14:00:00+01:00,NS,699,Women's Championship,England,2026,Regular Season - 5,Nottingham Forest W,Burnley W,15450,15439,,,,,,,,,,
1609398,2026-10-04,2026-10-04T14:00:00+01:00,NS,699,Women's Championship,England,2026,Regular Season - 5,Sheffield United W,Ipswich Town W,15407,15422,,,,,,,,,,
1609399,2026-10-04,2026-10-04T14:00:00+01:00,NS,699,Women's Championship,England,2026,Regular Season - 5,Sunderland W,Leicester City FC W,1848,15404,,,,,,,,,,
1609400,2026-10-04,2026-10-04T14:00:00+01:00,NS,699,Women's Championship,England,2026,Regular Season - 5,Wolverhampton W,Watford W,15433,15457,,,,,,,,,,
1610326,2026-10-04,2026-10-04T14:00:00+01:00,NS,746,Oberliga - Mittelrhein,Germany,2026,Mittelrhein - 6,Hennef 05,Fortuna Köln II,12784,14681,,,,,,,,,,
1610327,2026-10-04,2026-10-04T14:00:00+01:00,NS,746,Oberliga - Mittelrhein,Germany,2026,Mittelrhein - 6,SSV Merten,Eintracht Hohkeppel,14770,19465,,,,,,,,,,
1610328,2026-10-04,2026-10-04T14:00:00+01:00,NS,746,Oberliga - Mittelrhein,Germany,2026,Mittelrhein - 6,Porz,Wegberg-Beeck,14751,14148,,,,,,,,,,
1612511,2026-10-04,2026-10-04T14:00:00+01:00,NS,640,Kansallinen Liiga,Finland,2026,Relegation Play-Off - 8,JyPK W,HJS Akatemia W,13992,28085,,,,,,,,,,
1619565,2026-10-04,2026-10-04T14:00:00+01:00,NS,566,Ligue A,Burundi,2026,Regular Season - 5,Royal Vision,Vital'O,24755,12186,,,,,,,,,,
1619567,2026-10-04,2026-10-04T14:00:00+01:00,NS,566,Ligue A,Burundi,2026,Regular Season - 5,Bumamuru,Flambeau du Centre,12177,12179,,,,,,,,,,
1619568,2026-10-04,2026-10-04T14:00:00+01:00,NS,566,Ligue A,Burundi,2026,Regular Season - 5,Kayanza United,Inter Star,12181,12180,,,,,,,,,,
1619569,2026-10-04,2026-10-04T14:00:00+01:00,NS,566,Ligue A,Burundi,2026,Regular Season - 5,Le Messager Ngozi,Panthere Noir,8104,28130,,,,,,,,,,
1620171,2026-10-04,2026-10-04T14:00:00+01:00,NS,578,Gamma Ethniki - Group 3,Greece,2026,Group 3 - 2,Anagennisi Artas,Naousa,12387,24858,,,,,,,,,,
1620172,2026-10-04,2026-10-04T14:00:00+01:00,NS,578,Gamma Ethniki - Group 3,Greece,2026,Group 3 - 2,Eordaikos,Doxa Mascholouriou,15479,28156,,,,,,,,,,
1620173,2026-10-04,2026-10-04T14:00:00+01:00,NS,578,Gamma Ethniki - Group 3,Greece,2026,Group 3 - 2,Kastoria,Makedonikos Siatista,20398,28157,,,,,,,,,,
1620174,2026-10-04,2026-10-04T14:00:00+01:00,NS,578,Gamma Ethniki - Group 3,Greece,2026,Group 3 - 2,Thyella Katsikas,PAS Giannina,15255,950,,,,,,,,,,
1620175,2026-10-04,2026-10-04T14:00:00+01:00,NS,578,Gamma Ethniki - Group 3,Greece,2026,Group 3 - 2,Veria,Vatolakkos,961,28158,,,,,,,,,,
1620281,2026-10-04,2026-10-04T14:00:00+01:00,NS,579,Gamma Ethniki - Group 4,Greece,2026,Group 4 - 2,Digenis Neochori,Anthoupoli,12382,24871,,,,,,,,,,
1620282,2026-10-04,2026-10-04T14:00:00+01:00,NS,579,Gamma Ethniki - Group 4,Greece,2026,Group 4 - 2,Ermis Exochi,Elassona,26583,6302,,,,,,,,,,
1620283,2026-10-04,2026-10-04T14:00:00+01:00,NS,579,Gamma Ethniki - Group 4,Greece,2026,Group 4 - 2,Ethnikos Neou Keramidiou,Feraios,5041,28159,,,,,,,,,,
1620284,2026-10-04,2026-10-04T14:00:00+01:00,NS,579,Gamma Ethniki - Group 4,Greece,2026,Group 4 - 2,Iraklis Larissa,Trikala,12383,2091,,,,,,,,,,
1620285,2026-10-04,2026-10-04T14:00:00+01:00,NS,579,Gamma Ethniki - Group 4,Greece,2026,Group 4 - 2,Sarakinos,Pierikos,26584,12384,,,,,,,,,,
1620391,2026-10-04,2026-10-04T14:00:00+01:00,NS,580,Gamma Ethniki - Group 5,Greece,2026,Group 5 - 2,Karystos,Nea Artaki,26589,6312,,,,,,,,,,
1620393,2026-10-04,2026-10-04T14:00:00+01:00,NS,580,Gamma Ethniki - Group 5,Greece,2026,Group 5 - 2,Katsantonis Agrafon,A. Schimatari,28161,26585,,,,,,,,,,
1620394,2026-10-04,2026-10-04T14:00:00+01:00,NS,580,Gamma Ethniki - Group 5,Greece,2026,Group 5 - 2,Tamynaikos Aliveriou,Fokikos,28163,13912,,,,,,,,,,
1620395,2026-10-04,2026-10-04T14:00:00+01:00,NS,580,Gamma Ethniki - Group 5,Greece,2026,Group 5 - 2,Thiva,Kifissos,24880,28162,,,,,,,,,,
1620502,2026-10-04,2026-10-04T14:00:00+01:00,NS,581,Gamma Ethniki - Group 6,Greece,2026,Group 6 - 2,Aris Filiates,Panegialios,24872,2097,,,,,,,,,,
1620503,2026-10-04,2026-10-04T14:00:00+01:00,NS,581,Gamma Ethniki - Group 6,Greece,2026,Group 6 - 2,Atromitos Patras,Lefkimmi,6298,12389,,,,,,,,,,
1620506,2026-10-04,2026-10-04T14:00:00+01:00,NS,581,Gamma Ethniki - Group 6,Greece,2026,Group 6 - 2,Panagriniakos,Panachaiki FC,15254,2106,,,,,,,,,,
1624064,2026-10-04,2026-10-04T14:00:00+01:00,NS,426,Serie D - Girone A,Italy,2026,Group A - 6,Biellese,Gozzano,26505,1714,,,,,,,,,,
1624065,2026-10-04,2026-10-04T14:00:00+01:00,NS,426,Serie D - Girone A,Italy,2026,Group A - 6,Borgosesia,Sestri Levante,9429,17815,,,,,,,,,,
1624066,2026-10-04,2026-10-04T14:00:00+01:00,NS,426,Serie D - Girone A,Italy,2026,Group A - 6,Celle Varazze,Chisola,26507,19970,,,,,,,,,,
1624067,2026-10-04,2026-10-04T14:00:00+01:00,NS,426,Serie D - Girone A,Italy,2026,Group A - 6,Derthona,Alessandria,17810,878,,,,,,,,,,
1624068,2026-10-04,2026-10-04T14:00:00+01:00,NS,426,Serie D - Girone A,Italy,2026,Group A - 6,Fezzanese,Valenzana,9433,26514,,,,,,,,,,
1624069,2026-10-04,2026-10-04T14:00:00+01:00,NS,426,Serie D - Girone A,Italy,2026,Group A - 6,Ligorna,Saluzzo,9437,17814,,,,,,,,,,
1624070,2026-10-04,2026-10-04T14:00:00+01:00,NS,426,Serie D - Girone A,Italy,2026,Group A - 6,Sanremese,Bra,9439,9430,,,,,,,,,,
1624277,2026-10-04,2026-10-04T14:00:00+01:00,NS,426,Serie D - Girone A,Italy,2026,Group A - 6,Asti,Millesimo,17808,28192,,,,,,,,,,
1624278,2026-10-04,2026-10-04T14:00:00+01:00,NS,426,Serie D - Girone A,Italy,2026,Group A - 6,Lascaris,Imperia,28191,17811,,,,,,,,,,
1624369,2026-10-04,2026-10-04T14:00:00+01:00,NS,427,Serie D - Girone B,Italy,2026,Group B - 6,Brusaporto,Pro Palazzolo,9445,22329,,,,,,,,,,
1624371,2026-10-04,2026-10-04T14:00:00+01:00,NS,427,Serie D - Girone B,Italy,2026,Group B - 6,Virtus Ciserano Bergamo,Virtus Verona,9462,1707,,,,,,,,,,
1624372,2026-10-04,2026-10-04T14:00:00+01:00,NS,427,Serie D - Girone B,Italy,2026,Group B - 6,Club Milano,Leon,22307,17904,,,,,,,,,,
1624373,2026-10-04,2026-10-04T14:00:00+01:00,NS,427,Serie D - Girone B,Italy,2026,Group B - 6,Piacenza,Scanzorosciate,872,9457,,,,,,,,,,
1624374,2026-10-04,2026-10-04T14:00:00+01:00,NS,427,Serie D - Girone B,Italy,2026,Group B - 6,Rovato Vertovese,Real Calepina,26519,17140,,,,,,,,,,
1624375,2026-10-04,2026-10-04T14:00:00+01:00,NS,427,Serie D - Girone B,Italy,2026,Group B - 6,Villa Valle,Fiorenzuola,9460,9485,,,,,,,,,,
1624584,2026-10-04,2026-10-04T14:00:00+01:00,NS,427,Serie D - Girone B,Italy,2026,Group B - 6,Caldiero Terme,Nibbiano & Valtidone,9465,28193,,,,,,,,,,
1624585,2026-10-04,2026-10-04T14:00:00+01:00,NS,427,Serie D - Girone B,Italy,2026,Group B - 6,Pavonese,Milan II,28194,24205,,,,,,,,,,
1624671,2026-10-04,2026-10-04T14:00:00+01:00,NS,428,Serie D - Girone C,Italy,2026,Group C - 6,Brian Lignano,Luparense,24683,9473,,,,,,,,,,
1624672,2026-10-04,2026-10-04T14:00:00+01:00,NS,428,Serie D - Girone C,Italy,2026,Group C - 6,Este,Conegliano,9471,26508,,,,,,,,,,
1624673,2026-10-04,2026-10-04T14:00:00+01:00,NS,428,Serie D - Girone C,Italy,2026,Group C - 6,Legnago Salus,Bassano Virtus,9472,881,,,,,,,,,,
1624674,2026-10-04,2026-10-04T14:00:00+01:00,NS,428,Serie D - Girone C,Italy,2026,Group C - 6,Mestre,Campodarsego,1704,1592,,,,,,,,,,
1624866,2026-10-04,2026-10-04T14:00:00+01:00,NS,428,Serie D - Girone C,Italy,2026,Group C - 6,Clodiense,Sandona,9469,28196,,,,,,,,,,
1624976,2026-10-04,2026-10-04T14:00:00+01:00,NS,434,Serie D - Girone I,Italy,2026,Group I - 6,Gela,AC Palermo,26510,26521,,,,,,,,,,
1624977,2026-10-04,2026-10-04T14:00:00+01:00,NS,434,Serie D - Girone I,Italy,2026,Group I - 6,Igea Virtus,Nissa,22310,24694,,,,,,,,,,
1624979,2026-10-04,2026-10-04T14:00:00+01:00,NS,434,Serie D - Girone I,Italy,2026,Group I - 6,Milazzo,Siracusa,26522,894,,,,,,,,,,
1624981,2026-10-04,2026-10-04T14:00:00+01:00,NS,434,Serie D - Girone I,Italy,2026,Group I - 6,Vigor Lamezia,CastrumFavara,26516,24763,,,,,,,,,,
1625171,2026-10-04,2026-10-04T14:00:00+01:00,NS,434,Serie D - Girone I,Italy,2026,Group I - 6,Calcio Avola,Ragusa,28198,20303,,,,,,,,,,
1625172,2026-10-04,2026-10-04T14:00:00+01:00,NS,434,Serie D - Girone I,Italy,2026,Group I - 6,Modica,Enna,28200,24690,,,,,,,,,,
1625173,2026-10-04,2026-10-04T14:00:00+01:00,NS,434,Serie D - Girone I,Italy,2026,Group I - 6,Vibonese,Digiesse PraiaTortora,1681,28199,,,,,,,,,,
1625297,2026-10-04,2026-10-04T14:00:00+01:00,NS,429,Serie D - Girone D,Italy,2026,Group D - 6,Arconatese,Pro Sesto,9444,9456,,,,,,,,,,
1625298,2026-10-04,2026-10-04T14:00:00+01:00,NS,429,Serie D - Girone D,Italy,2026,Group D - 6,Correggese,Pavia,9483,26512,,,,,,,,,,
1625299,2026-10-04,2026-10-04T14:00:00+01:00,NS,429,Serie D - Girone D,Italy,2026,Group D - 6,Crema,Città di Varese,9484,17809,,,,,,,,,,
1625300,2026-10-04,2026-10-04T14:00:00+01:00,NS,429,Serie D - Girone D,Italy,2026,Group D - 6,Oltrepò,Lentigione,24695,9487,,,,,,,,,,
1625301,2026-10-04,2026-10-04T14:00:00+01:00,NS,429,Serie D - Girone D,Italy,2026,Group D - 6,Pontedera,Cittadella Vis Modena,1591,24686,,,,,,,,,,
1625302,2026-10-04,2026-10-04T14:00:00+01:00,NS,429,Serie D - Girone D,Italy,2026,Group D - 6,Sant'Angelo,Castellanzese,19983,9448,,,,,,,,,,
1625304,2026-10-04,2026-10-04T14:00:00+01:00,NS,429,Serie D - Girone D,Italy,2026,Group D - 6,USD Casatese,Pistoiese,17563,1589,,,,,,,,,,
1625305,2026-10-04,2026-10-04T14:00:00+01:00,NS,429,Serie D - Girone D,Italy,2026,Group D - 6,Varesina,Pro Patria,18177,1706,,,,,,,,,,
1625603,2026-10-04,2026-10-04T14:00:00+01:00,NS,430,Serie D - Girone E,Italy,2026,Group E - 6,Flaminia,Gavorrano,9497,1699,,,,,,,,,,
1625604,2026-10-04,2026-10-04T14:00:00+01:00,NS,430,Serie D - Girone E,Italy,2026,Group E - 6,Ghivizzano Borgo Mozzano,Tau Altopascio,9435,19986,,,,,,,,,,
1625605,2026-10-04,2026-10-04T14:00:00+01:00,NS,430,Serie D - Girone E,Italy,2026,Group E - 6,Grassina,Lucchese,9498,889,,,,,,,,,,
1625606,2026-10-04,2026-10-04T14:00:00+01:00,NS,430,Serie D - Girone E,Italy,2026,Group E - 6,Rondinella,Progresso,28202,13168,,,,,,,,,,
1625607,2026-10-04,2026-10-04T14:00:00+01:00,NS,430,Serie D - Girone E,Italy,2026,Group E - 6,San Donato Tavarnelle,Mezzolara,9502,9488,,,,,,,,,,
1625608,2026-10-04,2026-10-04T14:00:00+01:00,NS,430,Serie D - Girone E,Italy,2026,Group E - 6,Sasso Marconi Zola,Scandicci,9490,9504,,,,,,,,,,
1625609,2026-10-04,2026-10-04T14:00:00+01:00,NS,430,Serie D - Girone E,Italy,2026,Group E - 6,Robur Siena,Seravezza,1583,9441,,,,,,,,,,
1625610,2026-10-04,2026-10-04T14:00:00+01:00,NS,430,Serie D - Girone E,Italy,2026,Group E - 6,Ternana,Montevarchi Calcio,516,9500,,,,,,,,,,
1625909,2026-10-04,2026-10-04T14:00:00+01:00,NS,433,Serie D - Girone H,Italy,2026,Group H - 6,Brindisi,Real Normanna,9541,17858,,,,,,,,,,
1625910,2026-10-04,2026-10-04T14:00:00+01:00,NS,433,Serie D - Girone H,Italy,2026,Group H - 6,Fidelis Andria,Real Forio 2014,1695,28208,,,,,,,,,,
1625911,2026-10-04,2026-10-04T14:00:00+01:00,NS,433,Serie D - Girone H,Italy,2026,Group H - 6,Gladiator,Turris,9545,5608,,,,,,,,,,
1625913,2026-10-04,2026-10-04T14:00:00+01:00,NS,433,Serie D - Girone H,Italy,2026,Group H - 6,Ischia,Ebolitana,22311,28203,,,,,,,,,,
1625916,2026-10-04,2026-10-04T14:00:00+01:00,NS,433,Serie D - Girone H,Italy,2026,Group H - 6,Melfi,Nocerina,1690,9548,,,,,,,,,,
1625917,2026-10-04,2026-10-04T14:00:00+01:00,NS,433,Serie D - Girone H,Italy,2026,Group H - 6,USD Palmese,Nardò,19991,9536,,,,,,,,,,
1626215,2026-10-04,2026-10-04T14:00:00+01:00,NS,431,Serie D - Girone F,Italy,2026,Group F - 6,Ancona,Sporting Trestina,897,9505,,,,,,,,,,
1626216,2026-10-04,2026-10-04T14:00:00+01:00,NS,431,Serie D - Girone F,Italy,2026,Group F - 6,Atletico Ascoli,Fossombrone,22302,22308,,,,,,,,,,
1626217,2026-10-04,2026-10-04T14:00:00+01:00,NS,431,Serie D - Girone F,Italy,2026,Group F - 6,Foligno Calcio,Angelana,9496,28204,,,,,,,,,,
1626218,2026-10-04,2026-10-04T14:00:00+01:00,NS,431,Serie D - Girone F,Italy,2026,Group F - 6,Montecchio Gallo,Notaresco,28206,9518,,,,,,,,,,
1626219,2026-10-04,2026-10-04T14:00:00+01:00,NS,431,Serie D - Girone F,Italy,2026,Group F - 6,Pietralunga,L'Aquila,28207,22312,,,,,,,,,,
1626220,2026-10-04,2026-10-04T14:00:00+01:00,NS,431,Serie D - Girone F,Italy,2026,Group F - 6,Recanatese,Maceratese,9517,900,,,,,,,,,,
1626221,2026-10-04,2026-10-04T14:00:00+01:00,NS,431,Serie D - Girone F,Italy,2026,Group F - 6,Santegidiese,Real Giulianova,28209,9516,,,,,,,,,,
1626222,2026-10-04,2026-10-04T14:00:00+01:00,NS,431,Serie D - Girone F,Italy,2026,Group F - 6,Teramo,Vigor Senigallia,1683,19992,,,,,,,,,,
1626223,2026-10-04,2026-10-04T14:00:00+01:00,NS,431,Serie D - Girone F,Italy,2026,Group F - 6,Termoli Calcio,Lanciano FC,19987,28205,,,,,,,,,,
1626524,2026-10-04,2026-10-04T14:00:00+01:00,NS,432,Serie D - Girone G,Italy,2026,Group G - 6,Certosa V. Campagnano,Aranova,28211,28210,,,,,,,,,,
1626525,2026-10-04,2026-10-04T14:00:00+01:00,NS,432,Serie D - Girone G,Italy,2026,Group G - 6,Gelbison,Venafro,9544,28213,,,,,,,,,,
1626526,2026-10-04,2026-10-04T14:00:00+01:00,NS,432,Serie D - Girone G,Italy,2026,Group G - 6,Latte Dolce,Sarrabus Ogliastra,9528,19984,,,,,,,,,,
1626528,2026-10-04,2026-10-04T14:00:00+01:00,NS,432,Serie D - Girone G,Italy,2026,Group G - 6,Trastevere,Città di Anagni,874,9526,,,,,,,,,,
1626529,2026-10-04,2026-10-04T14:00:00+01:00,NS,432,Serie D - Girone G,Italy,2026,Group G - 6,Unipomezia,Atletico Lodigiani,17834,24762,,,,,,,,,,
1626876,2026-10-04,2026-10-04T14:00:00+01:00,PST,175,Third League - Northeast,Bulgaria,2026,Northeast - 8,Benkovski Isperih,Ludogorets III,21835,14222,,,,,,,,,,
1630572,2026-10-04,2026-10-04T14:00:00+01:00,NS,400,Super League,Zambia,2026,Regular Season - 1,Green Buffaloes,Chirundu Utd,5199,28278,,,,,,,,,,
1630573,2026-10-04,2026-10-04T14:00:00+01:00,NS,400,Super League,Zambia,2026,Regular Season - 1,Makeni All Stars,Kansanshi Dynamos,28279,7455,,,,,,,,,,
1630574,2026-10-04,2026-10-04T14:00:00+01:00,NS,400,Super League,Zambia,2026,Regular Season - 1,Mutondo Stars,Red Arrows,21875,5213,,,,,,,,,,
1634000,2026-10-04,2026-10-04T14:00:00+01:00,NS,653,Second League - Group 4,Russia,2026,Group 4 - 6,Rubin Kazan 2,Chelyabinsk II,21032,25866,,,,,,,,,,
1635483,2026-10-04,2026-10-04T14:00:00+01:00,NS,249,Kakkonen - Lohko C,Finland,2026,Group C,TP-47,Vaajakoski,9214,9201,,,,,,,,,,
1637231,2026-10-04,2026-10-04T14:00:00+01:00,NS,1243,Super League Women,South-Africa,2026,Group Stage,First Touch W,City Lads W,28354,28350,,,,,,,,,,
1638921,2026-10-04,2026-10-04T14:00:00+01:00,NS,176,Third League - Northwest,Bulgaria,2026,Northwest - 7,Spartak Pleven II,Partizan,28218,6395,,,,,,,,,,
1640830,2026-10-04,2026-10-04T14:00:00+01:00,NS,10,Friendlies,World,2026,Friendly International,Comoros,Senegal,1524,13,,,,,,,,,,
1641619,2026-10-04,2026-10-04T14:00:00+01:00,NS,268,Primera División,Uruguay,2026,Clausura - 9,Danubio,Cerro Largo,2352,2369,,,,,,,,,,
1641869,2026-10-04,2026-10-04T14:00:00+01:00,NS,269,Segunda División,Uruguay,2026,2nd Phase - 21,Colón,Oriental,15628,2376,,,,,,,,,,
1642351,2026-10-04,2026-10-04T14:00:00+01:00,NS,582,Gamma Ethniki - Group 7,Greece,2026,Group 7 - 2,Korinthos,Miltiadis Pyrgos,6307,24876,,,,,,,,,,
1642480,2026-10-04,2026-10-04T14:00:00+01:00,NS,583,Gamma Ethniki - Group 8,Greece,2026,Group 8 - 2,Afantou,PAO Rouf,20043,13931,,,,,,,,,,
1642481,2026-10-04,2026-10-04T14:00:00+01:00,NS,583,Gamma Ethniki - Group 8,Greece,2026,Group 8 - 2,Apollon Smirnis,Proodeftiki,951,13924,,,,,,,,,,
1642483,2026-10-04,2026-10-04T14:00:00+01:00,NS,583,Gamma Ethniki - Group 8,Greece,2026,Group 8 - 2,Ethnikos Piraeus,Amfiali,5042,28457,,,,,,,,,,
1642484,2026-10-04,2026-10-04T14:00:00+01:00,NS,583,Gamma Ethniki - Group 8,Greece,2026,Group 8 - 2,Ialysos,Egaleo,7512,7511,,,,,,,,,,
1642485,2026-10-04,2026-10-04T14:00:00+01:00,NS,583,Gamma Ethniki - Group 8,Greece,2026,Group 8 - 2,Ionikos,Diagoras,7513,7510,,,,,,,,,,
1642611,2026-10-04,2026-10-04T14:00:00+01:00,NS,693,Gamma Ethniki - Group 9,Greece,2026,Group 9 - 2,Ilisiakos,Saronikos Anavyssou,6304,24860,,,,,,,,,,
1642612,2026-10-04,2026-10-04T14:00:00+01:00,NS,693,Gamma Ethniki - Group 9,Greece,2026,Group 9 - 2,Ilioupoli,Asteras Varis,15235,15229,,,,,,,,,,
1642613,2026-10-04,2026-10-04T14:00:00+01:00,NS,693,Gamma Ethniki - Group 9,Greece,2026,Group 9 - 2,Asteras Magoula,Asteras Kaisarianis,13915,22271,,,,,,,,,,
1642615,2026-10-04,2026-10-04T14:00:00+01:00,NS,693,Gamma Ethniki - Group 9,Greece,2026,Group 9 - 2,Nea Ionia,Acharnaikos,24879,2086,,,,,,,,,,
1642722,2026-10-04,2026-10-04T14:00:00+01:00,NS,694,Gamma Ethniki - Group 10,Greece,2026,Group 10 - 2,AE Neapolis,Atsalenios,15368,6299,,,,,,,,,,
1642723,2026-10-04,2026-10-04T14:00:00+01:00,NS,694,Gamma Ethniki - Group 10,Greece,2026,Group 10 - 2,Tympaki,Giouchtas,20677,12418,,,,,,,,,,
1642724,2026-10-04,2026-10-04T14:00:00+01:00,NS,694,Gamma Ethniki - Group 10,Greece,2026,Group 10 - 2,Ergotelis,Kissamikos,2105,2096,,,,,,,,,,
1642725,2026-10-04,2026-10-04T14:00:00+01:00,NS,694,Gamma Ethniki - Group 10,Greece,2026,Group 10 - 2,Panakrotiriakos,Episkopi,12419,5038,,,,,,,,,,
1642726,2026-10-04,2026-10-04T14:00:00+01:00,NS,694,Gamma Ethniki - Group 10,Greece,2026,Group 10 - 2,Platanias,Agios Nikolaos,958,12417,,,,,,,,,,
1642727,2026-10-04,2026-10-04T14:00:00+01:00,NS,694,Gamma Ethniki - Group 10,Greece,2026,Group 10 - 2,Rethymniakos,Chersonissos,12421,28461,,,,,,,,,,
1643198,2026-10-04,2026-10-04T14:00:00+01:00,NS,10,Friendlies,World,2026,Friendly International,South Africa U23,Algeria U23,10195,10186,,,,,,,,,,
1644148,2026-10-04,2026-10-04T14:00:00+01:00,AWD,652,Second League - Group 2,Russia,2026,Group 2 - 26,Irkutsk,Cherepovets,21539,24450,,,,,,,,,,
1634297,2026-10-04,2026-10-04T14:10:00+01:00,NS,1218,Pro League U23,United-Arab-Emirates,2026,Regular Season - 5,Al Sharjah U23,Al Wahda U23,27490,27491,,,,,,,,,,
1643421,2026-10-04,2026-10-04T14:15:00+01:00,PST,847,Premier League,Eswatini,2026,Regular Season - 2,Red Rhinos,Mbabane Swallows,28440,8107,,,,,,,,,,
1496713,2026-10-04,2026-10-04T14:30:00+01:00,NS,775,3. Division - Girone 2,Norway,2026,Regular Season - 22,Spjelkavik,Ranheim II,7030,16224,,,,,,,,,,
1568390,2026-10-04,2026-10-04T14:30:00+01:00,NS,783,III Liga - Group 4,Poland,2026,Group IV - 11,Busko-Zdroj,Wisła Kraków II,27900,24324,,,,,,,,,,
1581145,2026-10-04,2026-10-04T14:30:00+01:00,NS,750,Oberliga - Hessen,Germany,2026,Hessen - 12,Kassel 2,Baunatal,27934,4261,,,,,,,,,,
1589723,2026-10-04,2026-10-04T14:30:00+01:00,NS,794,3. SNL - East,Slovenia,2026,East - 8,Čarda Martjanci,Podvinci,14454,16304,,,,,,,,,,
1589827,2026-10-04,2026-10-04T14:30:00+01:00,NS,795,3. SNL - West,Slovenia,2026,West - 8,Vipava,Litija,16311,20163,,,,,,,,,,
1592246,2026-10-04,2026-10-04T14:30:00+01:00,NS,747,Oberliga - Westfalen,Germany,2026,Westfalen - 9,Ennepetal,ASC Dortmund,14666,12726,,,,,,,,,,
1592247,2026-10-04,2026-10-04T14:30:00+01:00,NS,747,Oberliga - Westfalen,Germany,2026,Westfalen - 9,TuS Hordel,Vreden,27324,16088,,,,,,,,,,
1592536,2026-10-04,2026-10-04T14:30:00+01:00,NS,751,Oberliga - Niederrhein,Germany,2026,Niederrhein - 8,Büderich,Holzheimer SG,19657,14706,,,,,,,,,,
1592752,2026-10-04,2026-10-04T14:30:00+01:00,NS,751,Oberliga - Niederrhein,Germany,2026,Niederrhein - 8,Solingen-Wald,Meerbusch,28003,14553,,,,,,,,,,
1610329,2026-10-04,2026-10-04T14:30:00+01:00,NS,746,Oberliga - Mittelrhein,Germany,2026,Mittelrhein - 6,Frechen,VfL Vichttal,12768,14813,,,,,,,,,,
1610330,2026-10-04,2026-10-04T14:30:00+01:00,NS,746,Oberliga - Mittelrhein,Germany,2026,Mittelrhein - 6,Siegburger SV,Lindenthal-Hohenlind,12853,20860,,,,,,,,,,
1610505,2026-10-04,2026-10-04T14:30:00+01:00,NS,746,Oberliga - Mittelrhein,Germany,2026,Mittelrhein - 6,Chlodwig Zulpich,Bornheim,28056,26275,,,,,,,,,,
1624676,2026-10-04,2026-10-04T14:30:00+01:00,NS,428,Serie D - Girone C,Italy,2026,Group C - 6,Virtus Bolzano,Calvi Noale,9461,24685,,,,,,,,,,
1624980,2026-10-04,2026-10-04T14:30:00+01:00,NS,434,Serie D - Girone I,Italy,2026,Group I - 6,Trapani 1905,Reggina,17862,1692,,,,,,,,,,
1625912,2026-10-04,2026-10-04T14:30:00+01:00,NS,433,Serie D - Girone H,Italy,2026,Group H - 6,Gravina,Virtus Francavilla,9546,873,,,,,,,,,,
1625914,2026-10-04,2026-10-04T14:30:00+01:00,NS,433,Serie D - Girone H,Italy,2026,Group H - 6,Manfredonia,Bisceglie,22313,1703,,,,,,,,,,
1625915,2026-10-04,2026-10-04T14:30:00+01:00,NS,433,Serie D - Girone H,Italy,2026,Group H - 6,Martina Franca,Francavilla,19975,9543,,,,,,,,,,
1626522,2026-10-04,2026-10-04T14:30:00+01:00,NS,432,Serie D - Girone G,Italy,2026,Group G - 6,Albalonga,Anzio,1586,22300,,,,,,,,,,
1626527,2026-10-04,2026-10-04T14:30:00+01:00,NS,432,Serie D - Girone G,Italy,2026,Group G - 6,Sarnese,Paganese,24700,890,,,,,,,,,,
1632814,2026-10-04,2026-10-04T14:30:00+01:00,NS,291,Azadegan League,Iran,2026,Regular Season - 4,Shenavarsazi Qeshm,Mes Soongoun,22890,22236,,,,,,,,,,
1642262,2026-10-04,2026-10-04T14:30:00+01:00,NS,1015,CAF U23 Cup of Nations,World,2027,Quarter-finals,South Sudan U23,Djibouti U23,17126,17122,,,,,,,,,,
1642963,2026-10-04,2026-10-04T14:30:00+01:00,NS,667,Friendlies Clubs,World,2026,Club Friendlies,Hamburger SV,FC Copenhagen,175,400,,,,,,,,,,
1610331,2026-10-04,2026-10-04T14:45:00+01:00,NS,746,Oberliga - Mittelrhein,Germany,2026,Mittelrhein - 6,Neunkirchen-Seelscheid,Hürth,28348,14708,,,,,,,,,,
1496162,2026-10-04,2026-10-04T15:00:00+01:00,NS,473,2. Division - Group 1,Norway,2026,Regular Season - 22,Brattvåg,Sotra,6970,7028,,,,,,,,,,
1496349,2026-10-04,2026-10-04T15:00:00+01:00,NS,474,2. Division - Group 2,Norway,2026,Regular Season - 22,Trygg/Lade,Junkeren,7039,7000,,,,,,,,,,
1497255,2026-10-04,2026-10-04T15:00:00+01:00,NS,778,3. Division - Girone 5,Norway,2026,Regular Season - 22,Harstad,Skedsmo,6994,19711,,,,,,,,,,
1510689,2026-10-04,2026-10-04T15:00:00+01:00,NS,592,Division 2 - Norra Götaland,Sweden,2026,Norra Götaland - 24,IF Karlstad II,Tord,12571,12618,,,,,,,,,,
1511235,2026-10-04,2026-10-04T15:00:00+01:00,NS,595,Division 2 - Södra Svealand,Sweden,2026,Södra Svealand - 24,Örebro Syrianska,Haninge,11664,6672,,,,,,,,,,
1536717,2026-10-04,2026-10-04T15:00:00+01:00,NS,650,Second League - Group 3,Russia,2026,Group 3 - 26,Ryazan,Avangard Kursk,6823,2009,,,,,,,,,,
1554176,2026-10-04,2026-10-04T15:00:00+01:00,NS,287,Prva Liga,Serbia,2026,Regular Season - 12,Javor,Borac Cacak,2653,2649,,,,,,,,,,
1558954,2026-10-04,2026-10-04T15:00:00+01:00,NS,374,2. SNL,Slovenia,2026,Regular Season - 9,Ilirija,Beltinci,4381,4366,,,,,,,,,,
1559386,2026-10-04,2026-10-04T15:00:00+01:00,NS,356,Second League,Montenegro,2026,Regular Season - 10,Zeta,Grbalj,676,3737,,,,,,,,,,
1562080,2026-10-04,2026-10-04T15:00:00+01:00,NS,408,Premiership,Northern-Ireland,2026,Regular Season - 10,Bangor,Coleraine FC,11112,669,,,,,,,,,,
1562411,2026-10-04,2026-10-04T15:00:00+01:00,NS,351,4. liga - Divizie B,Czech-Republic,2026,Group B - 9,Sokol Hostouň,Rapid Psáry,7350,24200,,,,,,,,,,
1562524,2026-10-04,2026-10-04T15:00:00+01:00,NS,352,4. liga - Divizie C,Czech-Republic,2026,Group C - 9,Spartak Police n/Metují,Letohrad,24193,7313,,,,,,,,,,
1562526,2026-10-04,2026-10-04T15:00:00+01:00,NS,352,4. liga - Divizie C,Czech-Republic,2026,Group C - 9,Turnov,Chrudim II,19437,19641,,,,,,,,,,
1562527,2026-10-04,2026-10-04T15:00:00+01:00,NS,352,4. liga - Divizie C,Czech-Republic,2026,Group C - 9,Ústí nad Orlicí,Kolín,7381,7309,,,,,,,,,,
1562658,2026-10-04,2026-10-04T15:00:00+01:00,NS,348,3. liga - CFL A,Czech-Republic,2026,Group A - 9,Slavia III,Povltava FA,26232,14005,,,,,,,,,,
1562772,2026-10-04,2026-10-04T15:00:00+01:00,NS,685,3. liga - CFL B,Czech-Republic,2026,Group B - 9,Benátky nad Jizerou,Chrudim,7274,3722,,,,,,,,,,
1562773,2026-10-04,2026-10-04T15:00:00+01:00,NS,685,3. liga - CFL B,Czech-Republic,2026,Group B - 9,Sokol Brozany,Sokol Zápy,7349,7356,,,,,,,,,,
1562774,2026-10-04,2026-10-04T15:00:00+01:00,NS,685,3. liga - CFL B,Czech-Republic,2026,Group B - 9,Čáslav,Velké Hamry,7384,7372,,,,,,,,,,
1562778,2026-10-04,2026-10-04T15:00:00+01:00,NS,685,3. liga - CFL B,Czech-Republic,2026,Group B - 9,Varnsdorf,Slovan Liberec II,3728,12855,,,,,,,,,,
1574366,2026-10-04,2026-10-04T15:00:00+01:00,NS,510,1. Liga Promotion,Switzerland,2026,Regular Season - 10,Bellinzona,Zürich II,6616,10591,,,,,,,,,,
1578106,2026-10-04,2026-10-04T15:00:00+01:00,NS,149,Second Amateur Division - VFV A,Belgium,2026,VFV A - 6,Voorde Appelterre,Torhout,5975,5955,,,,,,,,,,
1583876,2026-10-04,2026-10-04T15:00:00+01:00,NS,1025,Second League A - Division A Gold,Russia,2026,Fall Season Gold - 12,Rodina Moskva II,Kaluga,19453,6802,,,,,,,,,,
1593147,2026-10-04,2026-10-04T15:00:00+01:00,NS,82,Frauen Bundesliga,Germany,2026,Regular Season - 6,Stuttgart W,Union Berlin W,24130,24133,,,,,,,,,,
1605925,2026-10-04,2026-10-04T15:00:00+01:00,NS,460,Campeonato de Portugal Prio - Group D,Portugal,2026,Group D - 2,Lajense,Juventude Évora,20037,4755,,,,,,,,,,
1609688,2026-10-04,2026-10-04T15:00:00+01:00,NS,601,1. Liga Classic - Group 3,Switzerland,2026,Group 3 - 9,Winterthur II,St. Gallen II,12721,12718,,,,,,,,,,
1614272,2026-10-04,2026-10-04T15:00:00+01:00,NS,444,Tercera División RFEF - Group 6,Spain,2026,Group 6 - 5,Levante II,Crevillente,9591,9690,,,,,,,,,,
1624978,2026-10-04,2026-10-04T15:00:00+01:00,NS,434,Serie D - Girone I,Italy,2026,Group I - 6,Licata,Sambiase,9557,24699,,,,,,,,,,
1626523,2026-10-04,2026-10-04T15:00:00+01:00,NS,432,Serie D - Girone G,Italy,2026,Group G - 6,Budoni,Monastir,9524,26523,,,,,,,,,,
1639187,2026-10-04,2026-10-04T15:00:00+01:00,NS,143,Copa del Rey,Spain,2026,1/128-finals,Noja,Ribadesella CF,17535,28413,,,,,,,,,,
1639188,2026-10-04,2026-10-04T15:00:00+01:00,NS,143,Copa del Rey,Spain,2026,1/128-finals,Prat,San Rafael,9592,9787,,,,,,,,,,
1639189,2026-10-04,2026-10-04T15:00:00+01:00,NS,143,Copa del Rey,Spain,2026,1/128-finals,CD San Jose,Auriense,28423,28410,,,,,,,,,,
1639316,2026-10-04,2026-10-04T15:00:00+01:00,NS,212,Cup,Croatia,2026,Round of 16,Vukovar,Dinamo Zagreb,5730,620,,,,,,,,,,
1641285,2026-10-04,2026-10-04T15:00:00+01:00,NS,134,Torneo Federal A,Argentina,2026,Quarter-finals,Cipolletti,Sol de América,1949,3982,,,,,,,,,,
1642017,2026-10-04,2026-10-04T15:00:00+01:00,NS,828,Ligue 2,Tunisia,2026,Regular Season - 2,BS Bouhajla,AS Soliman,10599,6253,,,,,,,,,,
1642023,2026-10-04,2026-10-04T15:00:00+01:00,NS,828,Ligue 2,Tunisia,2026,Regular Season - 2,Jendouba Sport,Ariana,10611,10598,,,,,,,,,,
1642024,2026-10-04,2026-10-04T15:00:00+01:00,NS,828,Ligue 2,Tunisia,2026,Regular Season - 2,Kalaâ Sport,JS Kairouanaise,10614,993,,,,,,,,,,
1642025,2026-10-04,2026-10-04T15:00:00+01:00,NS,828,Ligue 2,Tunisia,2026,Regular Season - 2,AS Kasserine,Olympique du Kef,10615,13357,,,,,,,,,,
1642026,2026-10-04,2026-10-04T15:00:00+01:00,NS,828,Ligue 2,Tunisia,2026,Regular Season - 2,Korba,EGS Gafsa,10617,10604,,,,,,,,,,
1642027,2026-10-04,2026-10-04T15:00:00+01:00,NS,828,Ligue 2,Tunisia,2026,Regular Season - 2,Ksour Essef,CO Medenine,10649,982,,,,,,,,,,
1642028,2026-10-04,2026-10-04T15:00:00+01:00,NS,828,Ligue 2,Tunisia,2026,Regular Season - 2,Redeyef,Bouchamma,10665,10643,,,,,,,,,,
1642029,2026-10-04,2026-10-04T15:00:00+01:00,NS,828,Ligue 2,Tunisia,2026,Regular Season - 2,Stade Gabesien,Moknine,985,10624,,,,,,,,,,
1642964,2026-10-04,2026-10-04T15:00:00+01:00,NS,667,Friendlies Clubs,World,2026,Club Friendlies,Ludogorets,Cherno More Varna,566,851,,,,,,,,,,
1569954,2026-10-04,2026-10-04T15:15:00+01:00,NS,141,Segunda División,Spain,2026,Regular Season - 8,Sporting Gijon,Celta de Vigo II,731,9571,,,,,,,,,,
1570769,2026-10-04,2026-10-04T15:30:00+01:00,NS,435,Primera División RFEF - Group 1,Spain,2026,Group 1 - 6,Ponferradina,Mirandes,4907,799,,,,,,,,,,
1570775,2026-10-04,2026-10-04T15:30:00+01:00,NS,435,Primera División RFEF - Group 1,Spain,2026,Group 1 - 6,Zamora,CD Coria,9418,9827,,,,,,,,,,
1614579,2026-10-04,2026-10-04T15:30:00+01:00,NS,445,Tercera División RFEF - Group 7,Spain,2026,Group 7 - 5,Galapagar,Cala Pozuelo,17516,24709,,,,,,,,,,
1617643,2026-10-04,2026-10-04T15:30:00+01:00,NS,455,Tercera División RFEF - Group 17,Spain,2026,Group 17 - 5,Brea,CDJ Tamarite,9883,9884,,,,,,,,,,
1643422,2026-10-04,2026-10-04T15:30:00+01:00,NS,560,Presidents Cup,United-Arab-Emirates,2026,Round of 32,Al Arabi,Al Urooba,9135,9139,,,,,,,,,,
1643423,2026-10-04,2026-10-04T15:30:00+01:00,NS,560,Presidents Cup,United-Arab-Emirates,2026,Round of 32,Al Fujairah SC,Dibba Al Hisn,2880,9140,,,,,,,,,,
1575080,2026-10-04,2026-10-04T15:45:00+01:00,NS,91,Eredivisie Women,Netherlands,2026,Regular Season - 7,De Graafschap W,AZ W,27907,21939,,,,,,,,,,
1575081,2026-10-04,2026-10-04T15:45:00+01:00,NS,91,Eredivisie Women,Netherlands,2026,Regular Season - 7,ADO Den Haag W,PSV/Eindhoven W,1894,1895,,,,,,,,,,
1575082,2026-10-04,2026-10-04T15:45:00+01:00,NS,91,Eredivisie Women,Netherlands,2026,Regular Season - 7,Feyenoord W,Ajax W,16853,1898,,,,,,,,,,
1575083,2026-10-04,2026-10-04T15:45:00+01:00,NS,91,Eredivisie Women,Netherlands,2026,Regular Season - 7,PEC Zwolle W,Heerenveen W,1900,1897,,,,,,,,,,
1495407,2026-10-04,2026-10-04T16:00:00+01:00,NS,725,Toppserien,Norway,2026,Regular Season - 18,Vålerenga W,Rosenborg W,15535,15956,,,,,,,,,,
1496164,2026-10-04,2026-10-04T16:00:00+01:00,NS,473,2. Division - Group 1,Norway,2026,Regular Season - 22,Lysekloster,jerv,7007,2151,,,,,,,,,,
1496165,2026-10-04,2026-10-04T16:00:00+01:00,NS,473,2. Division - Group 1,Norway,2026,Regular Season - 22,Mjondalen,Træff,2152,7040,,,,,,,,,,
1505289,2026-10-04,2026-10-04T16:00:00+01:00,NS,563,Ettan - Norra,Sweden,2026,Norra - 25,Umeå FC,Hammarby Talang,6705,16596,,,,,,,,,,
1509164,2026-10-04,2026-10-04T16:00:00+01:00,NS,327,Erovnuli Liga,Georgia,2026,Regular Season - 22,FC Iberia 1999,Dinamo Tbilisi,3502,2262,,,,,,,,,,
1557302,2026-10-04,2026-10-04T16:00:00+01:00,NS,146,Super League Women,Belgium,2026,Regular Season - 5,OH Leuven W,RAAL La Louviere W,1790,27853,,,,,,,,,,
1561670,2026-10-04,2026-10-04T16:00:00+01:00,NS,109,II Liga - East,Poland,2026,Regular Season - 10,Górnik Łęczna,Chojniczanka Chojnice,6941,3482,,,,,,,,,,
1572068,2026-10-04,2026-10-04T16:00:00+01:00,NS,875,Segunda División RFEF - Group 1,Spain,2026,Group 1 - 5,Bergantiños,Coruxo,9383,9385,,,,,,,,,,
1572069,2026-10-04,2026-10-04T16:00:00+01:00,NS,875,Segunda División RFEF - Group 1,Spain,2026,Group 1 - 5,Compostela,Real Oviedo II,5256,9576,,,,,,,,,,
1572070,2026-10-04,2026-10-04T16:00:00+01:00,NS,875,Segunda División RFEF - Group 1,Spain,2026,Group 1 - 5,Gernika,Sestao River,5263,9413,,,,,,,,,,
1572071,2026-10-04,2026-10-04T16:00:00+01:00,NS,875,Segunda División RFEF - Group 1,Spain,2026,Group 1 - 5,Ourense CF,Arosa,9612,9605,,,,,,,,,,
1572372,2026-10-04,2026-10-04T16:00:00+01:00,NS,876,Segunda División RFEF - Group 2,Spain,2026,Group 2 - 5,Arnedo,Ebro,9862,5261,,,,,,,,,,
1572373,2026-10-04,2026-10-04T16:00:00+01:00,NS,876,Segunda División RFEF - Group 2,Spain,2026,Group 2 - 5,Barbastro,Utebo,9879,9891,,,,,,,,,,
1572375,2026-10-04,2026-10-04T16:00:00+01:00,NS,876,Segunda División RFEF - Group 2,Spain,2026,Group 2 - 5,Osasuna II,Calamocha,9584,9885,,,,,,,,,,
1572377,2026-10-04,2026-10-04T16:00:00+01:00,NS,876,Segunda División RFEF - Group 2,Spain,2026,Group 2 - 5,Reddis,Manresa,22136,9675,,,,,,,,,,
1572380,2026-10-04,2026-10-04T16:00:00+01:00,NS,876,Segunda División RFEF - Group 2,Spain,2026,Group 2 - 5,UD Logroñés II,Olot,9872,9403,,,,,,,,,,
1572987,2026-10-04,2026-10-04T16:00:00+01:00,NS,878,Segunda División RFEF - Group 4,Spain,2026,Group 4 - 5,Marbella,Real Betis II,5267,9765,,,,,,,,,,
1573291,2026-10-04,2026-10-04T16:00:00+01:00,NS,879,Segunda División RFEF - Group 5,Spain,2026,Group 5 - 5,A Madrid III,Conquense,26543,5257,,,,,,,,,,
1573292,2026-10-04,2026-10-04T16:00:00+01:00,NS,879,Segunda División RFEF - Group 5,Spain,2026,Group 5 - 5,Atlético Tordesillas,Salamanca UDS,9724,9588,,,,,,,,,,
1573600,2026-10-04,2026-10-04T16:00:00+01:00,NS,142,Primera División Femenina,Spain,2026,Regular Season - 6,Barcelona W,Real Madrid W,1918,15224,,,,,,,,,,
1581721,2026-10-04,2026-10-04T16:00:00+01:00,NS,1033,Ekstraliga Women,Poland,2026,Regular Season - 7,Legia W,UKS Łódź W,27936,19053,,,,,,,,,,
1600715,2026-10-04,2026-10-04T16:00:00+01:00,NS,711,Segunda División,Chile,2026,Promotion Group - 7,Municipal Salamanca,Linares Unido,18775,15717,,,,,,,,,,
1602138,2026-10-04,2026-10-04T16:00:00+01:00,NS,570,Premier League,Ghana,2026,Regular Season - 5,Aduana Stars,Swedru All Blacks,8079,21093,,,,,,,,,,
1602140,2026-10-04,2026-10-04T16:00:00+01:00,NS,570,Premier League,Ghana,2026,Regular Season - 5,Debibi United,Medeama,21071,12255,,,,,,,,,,
1602142,2026-10-04,2026-10-04T16:00:00+01:00,NS,570,Premier League,Ghana,2026,Regular Season - 5,Heart of Lions,Ashanti Gold,13882,8056,,,,,,,,,,
1602143,2026-10-04,2026-10-04T16:00:00+01:00,NS,570,Premier League,Ghana,2026,Regular Season - 5,Basake Holy Stars,Berekum Chelsea,22763,12244,,,,,,,,,,
1602144,2026-10-04,2026-10-04T16:00:00+01:00,NS,570,Premier League,Ghana,2026,Regular Season - 5,Port City,Bechem United,26805,8099,,,,,,,,,,
1602145,2026-10-04,2026-10-04T16:00:00+01:00,NS,570,Premier League,Ghana,2026,Regular Season - 5,Samartex,Young Apostles,20022,22783,,,,,,,,,,
1612743,2026-10-04,2026-10-04T16:00:00+01:00,NS,439,Tercera División RFEF - Group 1,Spain,2026,Group 1 - 5,Celta de Vigo III,Atlético Arteixo,20255,19650,,,,,,,,,,
1612744,2026-10-04,2026-10-04T16:00:00+01:00,NS,439,Tercera División RFEF - Group 1,Spain,2026,Group 1 - 5,Portonovo SD,Lalin,28096,28095,,,,,,,,,,
1612746,2026-10-04,2026-10-04T16:00:00+01:00,NS,439,Tercera División RFEF - Group 1,Spain,2026,Group 1 - 5,Somozas,Sarriana,9616,22130,,,,,,,,,,
1613045,2026-10-04,2026-10-04T16:00:00+01:00,NS,440,Tercera División RFEF - Group 2,Spain,2026,Group 2 - 5,Andes,Gijón Industrial,28097,9624,,,,,,,,,,
1613353,2026-10-04,2026-10-04T16:00:00+01:00,NS,441,Tercera División RFEF - Group 3,Spain,2026,Group 3 - 5,Castro,Tropezón,15336,9651,,,,,,,,,,
1613356,2026-10-04,2026-10-04T16:00:00+01:00,NS,441,Tercera División RFEF - Group 3,Spain,2026,Group 3 - 5,Selaya,Naval Reinosa,9645,28098,,,,,,,,,,
1613658,2026-10-04,2026-10-04T16:00:00+01:00,NS,442,Tercera División RFEF - Group 4,Spain,2026,Group 4 - 5,Amurrio Club,Leioa,17315,9397,,,,,,,,,,
1613963,2026-10-04,2026-10-04T16:00:00+01:00,NS,443,Tercera División RFEF - Group 5,Spain,2026,Group 5 - 5,Atlètic Lleida,Pobla Mafumet,24574,9677,,,,,,,,,,
1614277,2026-10-04,2026-10-04T16:00:00+01:00,NS,444,Tercera División RFEF - Group 6,Spain,2026,Group 6 - 5,Vall de Uxó,Atzeneta,24779,9688,,,,,,,,,,
1614882,2026-10-04,2026-10-04T16:00:00+01:00,NS,446,Tercera División RFEF - Group 8,Spain,2026,Group 8 - 5,Bembibre,La Virgen del Camino,9725,9732,,,,,,,,,,
1615189,2026-10-04,2026-10-04T16:00:00+01:00,NS,447,Tercera División RFEF - Group 9,Spain,2026,Group 9 - 5,Cantoria,Almería II,28108,9741,,,,,,,,,,
1615493,2026-10-04,2026-10-04T16:00:00+01:00,NS,448,Tercera División RFEF - Group 10,Spain,2026,Group 10 - 5,Recreativo Huelva,Xerez Deportivo,9410,9771,,,,,,,,,,
1615804,2026-10-04,2026-10-04T16:00:00+01:00,NS,449,Tercera División RFEF - Group 11,Spain,2026,Group 11 - 5,PE Sant Jordi,Inter Ibiza,15313,17598,,,,,,,,,,
1616419,2026-10-04,2026-10-04T16:00:00+01:00,NS,451,Tercera División RFEF - Group 13,Spain,2026,Group 13 - 5,San Javier,Los Garres,28116,9814,,,,,,,,,,
1617329,2026-10-04,2026-10-04T16:00:00+01:00,NS,454,Tercera División RFEF - Group 16,Spain,2026,Group 16 - 5,Agoncillo,Vianés,15323,9874,,,,,,,,,,
1617330,2026-10-04,2026-10-04T16:00:00+01:00,NS,454,Tercera División RFEF - Group 16,Spain,2026,Group 16 - 5,Alfaro,Calahorra,9860,9581,,,,,,,,,,
1617333,2026-10-04,2026-10-04T16:00:00+01:00,NS,454,Tercera División RFEF - Group 16,Spain,2026,Group 16 - 5,Haro Deportivo,Anguiano,9389,9861,,,,,,,,,,
1617334,2026-10-04,2026-10-04T16:00:00+01:00,NS,454,Tercera División RFEF - Group 16,Spain,2026,Group 16 - 5,Oyonesa,Varea,9869,9873,,,,,,,,,,
1617335,2026-10-04,2026-10-04T16:00:00+01:00,NS,454,Tercera División RFEF - Group 16,Spain,2026,Group 16 - 5,Pradejón,Berceo,9870,9863,,,,,,,,,,
1617635,2026-10-04,2026-10-04T16:00:00+01:00,NS,455,Tercera División RFEF - Group 17,Spain,2026,Group 17 - 5,Almudévar,Illueca,9877,9391,,,,,,,,,,
1617636,2026-10-04,2026-10-04T16:00:00+01:00,NS,455,Tercera División RFEF - Group 17,Spain,2026,Group 17 - 5,Andorra CF,Ejea,17498,9589,,,,,,,,,,
1617641,2026-10-04,2026-10-04T16:00:00+01:00,NS,455,Tercera División RFEF - Group 17,Spain,2026,Group 17 - 5,La Almunia,Cuarte,20287,9886,,,,,,,,,,
1620676,2026-10-04,2026-10-04T16:00:00+01:00,NS,415,Championnat National,Benin,2026,Regular Season - 2,ASPAC,Djeffa,5453,16423,,,,,,,,,,
1620677,2026-10-04,2026-10-04T16:00:00+01:00,NS,415,Championnat National,Benin,2026,Regular Season - 2,AS Sobemap,Hodio,5468,16427,,,,,,,,,,
1620678,2026-10-04,2026-10-04T16:00:00+01:00,NS,415,Championnat National,Benin,2026,Regular Season - 2,Cavaliers,Dynamo Abomey,16420,5460,,,,,,,,,,
1620679,2026-10-04,2026-10-04T16:00:00+01:00,NS,415,Championnat National,Benin,2026,Regular Season - 2,Coton Sport Ouidah,Bani Gansè,18113,20668,,,,,,,,,,
1628531,2026-10-04,2026-10-04T16:00:00+01:00,NS,399,NPFL,Nigeria,2027,Regular Season - 7,Doma United,Warri Wolves,20809,5508,,,,,,,,,,
1628532,2026-10-04,2026-10-04T16:00:00+01:00,NS,399,NPFL,Nigeria,2027,Regular Season - 7,Bendel Insurance,Barau FC,5173,26400,,,,,,,,,,
1628533,2026-10-04,2026-10-04T16:00:00+01:00,NS,399,NPFL,Nigeria,2027,Regular Season - 7,Enyimba,Plateau United,5177,5190,,,,,,,,,,
1628534,2026-10-04,2026-10-04T16:00:00+01:00,NS,399,NPFL,Nigeria,2027,Regular Season - 7,Inter Lagos,Katsina United,28168,5184,,,,,,,,,,
1628536,2026-10-04,2026-10-04T16:00:00+01:00,NS,399,NPFL,Nigeria,2027,Regular Season - 7,Kwara United,Ranchers Bees,5185,28169,,,,,,,,,,
1628537,2026-10-04,2026-10-04T16:00:00+01:00,NS,399,NPFL,Nigeria,2027,Regular Season - 7,Niger Tornadoes,Kun Khalifat FC,5189,26401,,,,,,,,,,
1628538,2026-10-04,2026-10-04T16:00:00+01:00,NS,399,NPFL,Nigeria,2027,Regular Season - 7,Enugu Rangers,Abia Warriors,5176,5171,,,,,,,,,,
1628539,2026-10-04,2026-10-04T16:00:00+01:00,NS,399,NPFL,Nigeria,2027,Regular Season - 7,Rivers United,Ikorodu City,5192,24512,,,,,,,,,,
1628540,2026-10-04,2026-10-04T16:00:00+01:00,NS,399,NPFL,Nigeria,2027,Regular Season - 7,Shooting Stars,Nasarawa United,5504,5188,,,,,,,,,,
1630830,2026-10-04,2026-10-04T16:00:00+01:00,NS,1196,Division One League,Ghana,2026,Regular Season - 3,Berekum City,Real Tamale,22764,13885,,,,,,,,,,
1630834,2026-10-04,2026-10-04T16:00:00+01:00,NS,1196,Division One League,Ghana,2026,Regular Season - 3,Eleven Wonders,Bectero Sasana,12246,28282,,,,,,,,,,
1630835,2026-10-04,2026-10-04T16:00:00+01:00,NS,1196,Division One League,Ghana,2026,Regular Season - 3,Elmina Sharks,PAC Academy,12247,21085,,,,,,,,,,
1630837,2026-10-04,2026-10-04T16:00:00+01:00,NS,1196,Division One League,Ghana,2026,Regular Season - 3,Great Olympics,True Democracy,12248,25401,,,,,,,,,,
1630838,2026-10-04,2026-10-04T16:00:00+01:00,NS,1196,Division One League,Ghana,2026,Regular Season - 3,KAC Soccer,Mighty Royals,26800,26802,,,,,,,,,,
1630840,2026-10-04,2026-10-04T16:00:00+01:00,NS,1196,Division One League,Ghana,2026,Regular Season - 3,King Faisal,Ebusua Dwarfs,12252,12245,,,,,,,,,,
1630841,2026-10-04,2026-10-04T16:00:00+01:00,NS,1196,Division One League,Ghana,2026,Regular Season - 3,Kotoku Royals,Hakla SC,20020,26799,,,,,,,,,,
1630845,2026-10-04,2026-10-04T16:00:00+01:00,NS,1196,Division One League,Ghana,2026,Regular Season - 3,Okwawu,Attram de Visser,26803,22761,,,,,,,,,,
1630848,2026-10-04,2026-10-04T16:00:00+01:00,NS,1196,Division One League,Ghana,2026,Regular Season - 3,Sefwi All Stars,Fettehman United,21089,28286,,,,,,,,,,
1630849,2026-10-04,2026-10-04T16:00:00+01:00,NS,1196,Division One League,Ghana,2026,Regular Season - 3,Soccer Intellectuals,Nations,22777,21082,,,,,,,,,,
1636936,2026-10-04,2026-10-04T16:00:00+01:00,NS,494,Super League 2,Greece,2026,Regular Season - 5,Olympiakos Piraeus II,Kallithea,18017,2095,,,,,,,,,,
1511609,2026-10-04,2026-10-04T16:30:00+01:00,NS,266,Primera B,Chile,2026,Regular Season - 16,Antofagasta,Rangers de Talca,2327,2344,,,,,,,,,,
1571153,2026-10-04,2026-10-04T16:30:00+01:00,NS,436,Primera División RFEF - Group 2,Spain,2026,Group 2 - 6,Sant Andreu,Antequera,5277,9742,,,,,,,,,,
1581724,2026-10-04,2026-10-04T16:30:00+01:00,NS,1033,Ekstraliga Women,Poland,2026,Regular Season - 7,UJ Krakow W,Sleza Wroclaw W,22264,27937,,,,,,,,,,
1607697,2026-10-04,2026-10-04T16:30:00+01:00,NS,44,FA WSL,England,2026,Regular Season - 5,Manchester City W,Arsenal W,1854,1850,,,,,,,,,,
1608304,2026-10-04,2026-10-04T16:30:00+01:00,NS,138,Serie C - Girone A,Italy,2026,Girone A - 8,Dolomiti Bellunesi,Novara,17820,513,,,,,,,,,,
1608689,2026-10-04,2026-10-04T16:30:00+01:00,NS,942,Serie C - Girone B,Italy,2026,Girone B - 8,Reggiana,Spezia,880,515,,,,,,,,,,
1612483,2026-10-04,2026-10-04T16:30:00+01:00,NS,640,Kansallinen Liiga,Finland,2026,Championship Playoffs - 8,HJK W,HPS W,13990,16383,,,,,,,,,,
1612741,2026-10-04,2026-10-04T16:30:00+01:00,NS,439,Tercera División RFEF - Group 1,Spain,2026,Group 1 - 5,Barco,Pontevedra II,9608,22129,,,,,,,,,,
1613664,2026-10-04,2026-10-04T16:30:00+01:00,NS,442,Tercera División RFEF - Group 4,Spain,2026,Group 4 - 5,R. Union B,San Ignacio,28100,9663,,,,,,,,,,
1615806,2026-10-04,2026-10-04T16:30:00+01:00,NS,449,Tercera División RFEF - Group 11,Spain,2026,Group 11 - 5,Porreres,Santanyí,24580,9789,,,,,,,,,,
1616416,2026-10-04,2026-10-04T16:30:00+01:00,NS,451,Tercera División RFEF - Group 13,Spain,2026,Group 13 - 5,Mazarrón FC,SFC Minerva,9816,9821,,,,,,,,,,
1617332,2026-10-04,2026-10-04T16:30:00+01:00,NS,454,Tercera División RFEF - Group 16,Spain,2026,Group 16 - 5,La Calzada,Comillas,9867,8154,,,,,,,,,,
1617336,2026-10-04,2026-10-04T16:30:00+01:00,NS,454,Tercera División RFEF - Group 16,Spain,2026,Group 16 - 5,San Marcial,River Ebro,26554,9871,,,,,,,,,,
1617637,2026-10-04,2026-10-04T16:30:00+01:00,NS,455,Tercera División RFEF - Group 17,Spain,2026,Group 17 - 5,Atlético Monzón,Huesca II,9878,15327,,,,,,,,,,
1617638,2026-10-04,2026-10-04T16:30:00+01:00,NS,455,Tercera División RFEF - Group 17,Spain,2026,Group 17 - 5,Caspe,Épila,17615,15329,,,,,,,,,,
1617640,2026-10-04,2026-10-04T16:30:00+01:00,NS,455,Tercera División RFEF - Group 17,Spain,2026,Group 17 - 5,Fraga,Real Zaragoza II,8158,9887,,,,,,,,,,
1617946,2026-10-04,2026-10-04T16:30:00+01:00,NS,456,Tercera División RFEF - Group 18,Spain,2026,Group 18 - 5,Quintanar del Rey,CD Villa,9906,28123,,,,,,,,,,
1632815,2026-10-04,2026-10-04T16:30:00+01:00,NS,291,Azadegan League,Iran,2026,Regular Season - 4,Naft Gachsaran,Novin Ahvaz,10399,28321,,,,,,,,,,
1632816,2026-10-04,2026-10-04T16:30:00+01:00,NS,291,Azadegan League,Iran,2026,Regular Season - 4,Naft Masjed Soleyman,Fard Alborz,2707,25364,,,,,,,,,,
1632817,2026-10-04,2026-10-04T16:30:00+01:00,NS,291,Azadegan League,Iran,2026,Regular Season - 4,Shahin Bandar Ameri,Saipa,16468,2736,,,,,,,,,,
1639183,2026-10-04,2026-10-04T16:30:00+01:00,NS,143,Copa del Rey,Spain,2026,1/128-finals,Alcazar,Talayuela,28409,28414,,,,,,,,,,
1642965,2026-10-04,2026-10-04T16:30:00+01:00,NS,667,Friendlies Clubs,World,2026,Club Friendlies,Molde,Kristiansund BK,329,320,,,,,,,,,,
1643343,2026-10-04,2026-10-04T16:30:00+01:00,NS,423,Ligue 1,Burkina-Faso,2026,Regular Season - 3,Maya,CFFEB,28438,26633,,,,,,,,,,
1643346,2026-10-04,2026-10-04T16:30:00+01:00,NS,423,Ligue 1,Burkina-Faso,2026,Regular Season - 3,Sporting Cascades,FocuSport,22017,28437,,,,,,,,,,
1643347,2026-10-04,2026-10-04T16:30:00+01:00,NS,423,Ligue 1,Burkina-Faso,2026,Regular Season - 3,RCK,USFA,8561,8570,,,,,,,,,,
1643803,2026-10-04,2026-10-04T16:30:00+01:00,NS,386,Ligue 1,Ivory-Coast,2026,Regular Season - 2,AFAD,SOA,4511,4520,,,,,,,,,,
1643804,2026-10-04,2026-10-04T16:30:00+01:00,NS,386,Ligue 1,Ivory-Coast,2026,Regular Season - 2,ASEC Mimosas,Stella,4512,16588,,,,,,,,,,
1643805,2026-10-04,2026-10-04T16:30:00+01:00,NS,386,Ligue 1,Ivory-Coast,2026,Regular Season - 2,US Tchologo,San-Pédro,26341,4521,,,,,,,,,,
1528938,2026-10-04,2026-10-04T17:00:00+01:00,NS,5,UEFA Nations League,World,2026,League B - 4,Kosovo,Austria,1111,775,,,,,,,,,,
1545610,2026-10-04,2026-10-04T17:00:00+01:00,NS,5,UEFA Nations League,World,2026,League D - 4,Malta,Andorra,1112,1110,,,,,,,,,,
1554177,2026-10-04,2026-10-04T17:00:00+01:00,NS,287,Prva Liga,Serbia,2026,Regular Season - 12,Jedinstvo Ub,Dubočica,12319,12312,,,,,,,,,,
1554180,2026-10-04,2026-10-04T17:00:00+01:00,NS,287,Prva Liga,Serbia,2026,Regular Season - 12,FK Spartak Zdrepceva KRV,Naftagas,2251,19839,,,,,,,,,,
1558957,2026-10-04,2026-10-04T17:00:00+01:00,NS,374,2. SNL,Slovenia,2026,Regular Season - 9,Triglav,Jesenice,4363,19244,,,,,,,,,,
1572378,2026-10-04,2026-10-04T17:00:00+01:00,NS,876,Segunda División RFEF - Group 2,Spain,2026,Group 2 - 5,Terrassa,Girona II,9681,15343,,,,,,,,,,
1572379,2026-10-04,2026-10-04T17:00:00+01:00,NS,876,Segunda División RFEF - Group 2,Spain,2026,Group 2 - 5,Tudelano,Barcelona B,5279,712,,,,,,,,,,
1572685,2026-10-04,2026-10-04T17:00:00+01:00,NS,877,Segunda División RFEF - Group 3,Spain,2026,Group 3 - 5,Orihuela,Cieza,9404,20277,,,,,,,,,,
1591324,2026-10-04,2026-10-04T17:00:00+01:00,NS,205,2. Lig,Turkey,2026,2. Lig White Group - 5,Elazığspor,Çorluspor 1947,3571,22451,,,,,,,,,,
1591626,2026-10-04,2026-10-04T17:00:00+01:00,NS,205,2. Lig,Turkey,2026,2. Lig Red Group - 5,Ankaragücü,İnegölspor,1010,3612,,,,,,,,,,
1594155,2026-10-04,2026-10-04T17:00:00+01:00,NS,635,NB III - Northwest,Hungary,2026,Northwest - 10,Dorogi FC,Haladás VSE,2401,17285,,,,,,,,,,
1601256,2026-10-04,2026-10-04T17:00:00+01:00,NS,139,Serie A Women,Italy,2026,Regular Season - 2,Como W,Inter Milano W,19747,7533,,,,,,,,,,
1612742,2026-10-04,2026-10-04T17:00:00+01:00,NS,439,Tercera División RFEF - Group 1,Spain,2026,Group 1 - 5,Estradense,Boiro,9611,22566,,,,,,,,,,
1614270,2026-10-04,2026-10-04T17:00:00+01:00,NS,444,Tercera División RFEF - Group 6,Spain,2026,Group 6 - 5,Buñol,Torrent,15524,15348,,,,,,,,,,
1614273,2026-10-04,2026-10-04T17:00:00+01:00,NS,444,Tercera División RFEF - Group 6,Spain,2026,Group 6 - 5,Ontinyent 1931,Villarreal III,22139,9702,,,,,,,,,,
1614275,2026-10-04,2026-10-04T17:00:00+01:00,NS,444,Tercera División RFEF - Group 6,Spain,2026,Group 6 - 5,Saguntino,Utiel,9699,22141,,,,,,,,,,
1614582,2026-10-04,2026-10-04T17:00:00+01:00,NS,445,Tercera División RFEF - Group 7,Spain,2026,Group 7 - 5,SS Reyes II,Real Aranjuez,26545,15352,,,,,,,,,,
1614888,2026-10-04,2026-10-04T17:00:00+01:00,NS,446,Tercera División RFEF - Group 8,Spain,2026,Group 8 - 5,UD Santa Marta,Cultural Leonesa II,9738,9729,,,,,,,,,,
1615495,2026-10-04,2026-10-04T17:00:00+01:00,NS,448,Tercera División RFEF - Group 10,Spain,2026,Group 10 - 5,Chiclana,Sevilla III,21905,9768,,,,,,,,,,
1615498,2026-10-04,2026-10-04T17:00:00+01:00,NS,448,Tercera División RFEF - Group 10,Spain,2026,Group 10 - 5,Egabrense,Bollullos,28110,20257,,,,,,,,,,
1615499,2026-10-04,2026-10-04T17:00:00+01:00,NS,448,Tercera División RFEF - Group 10,Spain,2026,Group 10 - 5,Pozoblanco,Linense,9763,9596,,,,,,,,,,
1615800,2026-10-04,2026-10-04T17:00:00+01:00,NS,449,Tercera División RFEF - Group 11,Spain,2026,Group 11 - 5,Cardassar,Alcúdia,15311,9773,,,,,,,,,,
1616412,2026-10-04,2026-10-04T17:00:00+01:00,NS,451,Tercera División RFEF - Group 13,Spain,2026,Group 13 - 5,Alcantarilla,Santa Cruz,20276,26850,,,,,,,,,,
1616413,2026-10-04,2026-10-04T17:00:00+01:00,NS,451,Tercera División RFEF - Group 13,Spain,2026,Group 13 - 5,Balsicas Atlético,Bullas Deportivo,22180,28115,,,,,,,,,,
1616414,2026-10-04,2026-10-04T17:00:00+01:00,NS,451,Tercera División RFEF - Group 13,Spain,2026,Group 13 - 5,Cotillas CD,Bala Azul,28418,17607,,,,,,,,,,
1616417,2026-10-04,2026-10-04T17:00:00+01:00,NS,451,Tercera División RFEF - Group 13,Spain,2026,Group 13 - 5,Olímpico Totana,UCAM Murcia II,9818,9822,,,,,,,,,,
1616719,2026-10-04,2026-10-04T17:00:00+01:00,NS,452,Tercera División RFEF - Group 14,Spain,2026,Group 14 - 5,Jerez,Plasencia,9832,9838,,,,,,,,,,
1616720,2026-10-04,2026-10-04T17:00:00+01:00,NS,452,Tercera División RFEF - Group 14,Spain,2026,Group 14 - 5,Llerenense,Santa Amalia,9833,20448,,,,,,,,,,
1616724,2026-10-04,2026-10-04T17:00:00+01:00,NS,452,Tercera División RFEF - Group 14,Spain,2026,Group 14 - 5,Quintana,Castuera,28119,22149,,,,,,,,,,
1616725,2026-10-04,2026-10-04T17:00:00+01:00,NS,452,Tercera División RFEF - Group 14,Spain,2026,Group 14 - 5,Villafranca,CD Zafra,9479,28118,,,,,,,,,,
1617031,2026-10-04,2026-10-04T17:00:00+01:00,NS,453,Tercera División RFEF - Group 15,Spain,2026,Group 15 - 5,Cirbonero,Mutilvera,9847,5270,,,,,,,,,,
1639184,2026-10-04,2026-10-04T17:00:00+01:00,NS,143,Copa del Rey,Spain,2026,1/128-finals,Atlético Melilla,Pinatar,22145,28412,,,,,,,,,,
1639190,2026-10-04,2026-10-04T17:00:00+01:00,NS,143,Copa del Rey,Spain,2026,1/128-finals,Tavernes,Maracena,28415,9750,,,,,,,,,,
1641167,2026-10-04,2026-10-04T17:00:00+01:00,NS,201,Botola 2,Morocco,2026,Regular Season - 2,Chabab Mohammédia,USM Oujda,6387,17716,,,,,,,,,,
1641168,2026-10-04,2026-10-04T17:00:00+01:00,NS,201,Botola 2,Morocco,2026,Regular Season - 2,Riadi Salmi,El Massira,3456,3451,,,,,,,,,,
1641169,2026-10-04,2026-10-04T17:00:00+01:00,NS,201,Botola 2,Morocco,2026,Regular Season - 2,KAC Kenitra,Yacoub El Mansour,979,25058,,,,,,,,,,
1641170,2026-10-04,2026-10-04T17:00:00+01:00,NS,201,Botola 2,Morocco,2026,Regular Season - 2,Olympique Safi,Chabab Ben Guerir,975,3450,,,,,,,,,,
1641620,2026-10-04,2026-10-04T17:00:00+01:00,NS,268,Primera División,Uruguay,2026,Clausura - 9,Boston River,Juventud,2361,2353,,,,,,,,,,
1641870,2026-10-04,2026-10-04T17:00:00+01:00,NS,269,Segunda División,Uruguay,2026,2nd Phase - 21,Fenix,Uruguay Montevideo,2357,16740,,,,,,,,,,
1643511,2026-10-04,2026-10-04T17:00:00+01:00,NS,667,Friendlies Clubs,World,2026,Club Friendlies,Zenit,Bate Borisov,596,388,,,,,,,,,,
1613971,2026-10-04,2026-10-04T17:15:00+01:00,NS,443,Tercera División RFEF - Group 5,Spain,2026,Group 5 - 5,Vilassar Mar,Europa II,9683,24575,,,,,,,,,,
1615193,2026-10-04,2026-10-04T17:15:00+01:00,NS,447,Tercera División RFEF - Group 9,Spain,2026,Group 9 - 5,Malaga City,Marbelli,24962,24960,,,,,,,,,,
1569951,2026-10-04,2026-10-04T17:30:00+01:00,NS,141,Segunda División,Spain,2026,Regular Season - 8,Castellón,AD Ceuta FC,5254,10139,,,,,,,,,,
1569956,2026-10-04,2026-10-04T17:30:00+01:00,NS,141,Segunda División,Spain,2026,Regular Season - 8,Las Palmas,Valladolid,534,720,,,,,,,,,,
1572984,2026-10-04,2026-10-04T17:30:00+01:00,NS,878,Segunda División RFEF - Group 4,Spain,2026,Group 4 - 5,Atlético Central,Linares Deportivo,24723,9398,,,,,,,,,,
1593142,2026-10-04,2026-10-04T17:30:00+01:00,NS,82,Frauen Bundesliga,Germany,2026,Regular Season - 6,Nürnberg W,1899 Hoffenheim W,20487,1858,,,,,,,,,,
1613660,2026-10-04,2026-10-04T17:30:00+01:00,NS,442,Tercera División RFEF - Group 4,Spain,2026,Group 4 - 5,Derio,Beasain,22135,9657,,,,,,,,,,
1615187,2026-10-04,2026-10-04T17:30:00+01:00,NS,447,Tercera División RFEF - Group 9,Spain,2026,Group 9 - 5,Atletico de Marbella,Ciudad de Torredonjimeno,28107,9743,,,,,,,,,,
1615496,2026-10-04,2026-10-04T17:30:00+01:00,NS,448,Tercera División RFEF - Group 10,Spain,2026,Group 10 - 5,Conil,Córdoba II,9757,9759,,,,,,,,,,
1630091,2026-10-04,2026-10-04T17:30:00+01:00,NS,1241,U19 league,Serbia,2026,Regular Season - 8,Mladost Lucani U19,Sp. Subotica U19,28268,28273,,,,,,,,,,
1570766,2026-10-04,2026-10-04T17:45:00+01:00,NS,435,Primera División RFEF - Group 1,Spain,2026,Group 1 - 6,Mérida AD,Cacereño,10140,9384,,,,,,,,,,
1571147,2026-10-04,2026-10-04T17:45:00+01:00,NS,436,Primera División RFEF - Group 2,Spain,2026,Group 2 - 6,Algeciras,Rayo Majadahonda,9597,861,,,,,,,,,,
1508569,2026-10-04,2026-10-04T18:00:00+01:00,NS,254,NWSL Women,USA,2026,Group Stage,NJ/NY Gotham FC W,Angel City W,3003,18450,,,,,,,,,,
1534100,2026-10-04,2026-10-04T18:00:00+01:00,NS,1182,Northern Super League,Canada,2026,Regular season,AFC Toronto W,Vancouver Rise W,25896,25901,,,,,,,,,,
1572986,2026-10-04,2026-10-04T18:00:00+01:00,NS,878,Segunda División RFEF - Group 4,Spain,2026,Group 4 - 5,Ciudad de Lucena,Puente Genil,9756,9764,,,,,,,,,,
1601450,2026-10-04,2026-10-04T18:00:00+01:00,NS,163,Liga de Ascenso,Costa-Rica,2026,Regular Season - 10,Aserri FC,Guadalupe FC,2056,821,,,,,,,,,,
1601451,2026-10-04,2026-10-04T18:00:00+01:00,NS,163,Liga de Ascenso,Costa-Rica,2026,Regular Season - 10,ADR Jicaral,AD Cofutpa,2043,2055,,,,,,,,,,
1601456,2026-10-04,2026-10-04T18:00:00+01:00,NS,163,Liga de Ascenso,Costa-Rica,2026,Regular Season - 10,Santa Ana,Cariari Pococi,2057,2052,,,,,,,,,,
1615188,2026-10-04,2026-10-04T18:00:00+01:00,NS,447,Tercera División RFEF - Group 9,Spain,2026,Group 9 - 5,Atlético Porcuna,Churriana Vega,7523,26547,,,,,,,,,,
1615500,2026-10-04,2026-10-04T18:00:00+01:00,NS,448,Tercera División RFEF - Group 10,Spain,2026,Group 10 - 5,San Roque Lepe,Betis C,9767,28109,,,,,,,,,,
1617331,2026-10-04,2026-10-04T18:00:00+01:00,NS,454,Tercera División RFEF - Group 16,Spain,2026,Group 16 - 5,Calasancio,Casalarreina,9865,9866,,,,,,,,,,
1638757,2026-10-04,2026-10-04T18:00:00+01:00,NS,1103,Premiership Women,Northern-Ireland,2026,Group Stage,Cliftonville W,Glentoran BU W,21486,16840,,,,,,,,,,
1638758,2026-10-04,2026-10-04T18:00:00+01:00,NS,1103,Premiership Women,Northern-Ireland,2026,Group Stage,Crusaders Strikers W,Derry City W,21488,23632,,,,,,,,,,
1638759,2026-10-04,2026-10-04T18:00:00+01:00,NS,1103,Premiership Women,Northern-Ireland,2026,Group Stage,Larne W,Lisburn Ladies W,23629,23261,,,,,,,,,,
1638760,2026-10-04,2026-10-04T18:00:00+01:00,NS,1103,Premiership Women,Northern-Ireland,2026,Group Stage,Lisburn Ladies W,Linfield W,23261,10918,,,,,,,,,,
1561671,2026-10-04,2026-10-04T18:30:00+01:00,NS,109,II Liga - East,Poland,2026,Regular Season - 10,Zawisza Bydgoszcz,Olimpia Grudziądz,13843,4247,,,,,,,,,,
1573607,2026-10-04,2026-10-04T18:30:00+01:00,NS,142,Primera División Femenina,Spain,2026,Regular Season - 6,Valencia W,Real Sociedad W,1909,1912,,,,,,,,,,
1617028,2026-10-04,2026-10-04T18:30:00+01:00,NS,453,Tercera División RFEF - Group 15,Spain,2026,Group 15 - 5,Gazte Berriak,Doneztebe FT,28121,28120,,,,,,,,,,
1493160,2026-10-04,2026-10-04T18:45:00+01:00,NS,128,Liga Profesional Argentina,Argentina,2026,Clausura - 11,Huracan,Aldosivi,445,463,,,,,,,,,,
1493164,2026-10-04,2026-10-04T18:45:00+01:00,NS,128,Liga Profesional Argentina,Argentina,2026,Clausura - 11,Sarmiento Junin,River Plate,474,435,,,,,,,,,,
1498848,2026-10-04,2026-10-04T19:00:00+01:00,NS,129,Primera Nacional,Argentina,2026,Regular Season - 32,Agropecuario,Midland,462,1963,,,,,,,,,,
1499661,2026-10-04,2026-10-04T19:00:00+01:00,NS,131,Primera B Metropolitana,Argentina,2026,Regular Season - 38,Comunicaciones,Flandria,8008,471,,,,,,,,,,
1499669,2026-10-04,2026-10-04T19:00:00+01:00,NS,131,Primera B Metropolitana,Argentina,2026,Regular Season - 38,Sportivo Italiano,Talleres Remedios,8388,1927,,,,,,,,,,
1500137,2026-10-04,2026-10-04T19:00:00+01:00,NS,132,Primera C,Argentina,2026,Regular Season - 31,Central Cordoba,Yupanqui,790,8398,,,,,,,,,,
1500146,2026-10-04,2026-10-04T19:00:00+01:00,NS,132,Primera C,Argentina,2026,Regular Season - 31,Lugano,Argentino Rosario,8396,8389,,,,,,,,,,
1500147,2026-10-04,2026-10-04T19:00:00+01:00,NS,132,Primera C,Argentina,2026,Regular Season - 31,Puerto Nuevo,JJ Urquiza,8397,8378,,,,,,,,,,
1500148,2026-10-04,2026-10-04T19:00:00+01:00,NS,132,Primera C,Argentina,2026,Regular Season - 31,Sacachispas,Estrella Del Sur,1942,23099,,,,,,,,,,
1511615,2026-10-04,2026-10-04T19:00:00+01:00,NS,266,Primera B,Chile,2026,Regular Season - 16,Union San Felipe,Deportes Iquique,2340,2319,,,,,,,,,,
1581435,2026-10-04,2026-10-04T19:00:00+01:00,NS,263,Liga de Expansión MX,Mexico,2026,Apertura - 11,Leones Negros UDG,Dorados,2307,2297,,,,,,,,,,
1638601,2026-10-04,2026-10-04T19:00:00+01:00,NS,10,Friendlies,World,2026,Friendly International,Egypt,South Africa,32,1531,,,,,,,,,,
1640515,2026-10-04,2026-10-04T19:00:00+01:00,CANC,10,Friendlies,World,2026,Friendly International,Morocco,Ghana,31,1504,,,,,,,,,,
1498851,2026-10-04,2026-10-04T19:30:00+01:00,NS,129,Primera Nacional,Argentina,2026,Regular Season - 32,Chacarita Juniors,Patronato,447,444,,,,,,,,,,
1498862,2026-10-04,2026-10-04T19:30:00+01:00,NS,129,Primera Nacional,Argentina,2026,Regular Season - 32,San Telmo,Almirante Brown,1932,8375,,,,,,,,,,
1608301,2026-10-04,2026-10-04T19:30:00+01:00,NS,138,Serie C - Girone A,Italy,2026,Girone A - 8,Alcione,Trento,17824,17147,,,,,,,,,,
1608686,2026-10-04,2026-10-04T19:30:00+01:00,NS,942,Serie C - Girone B,Italy,2026,Girone B - 8,Latina,Ostia Mare,804,9530,,,,,,,,,,
1609061,2026-10-04,2026-10-04T19:30:00+01:00,NS,943,Serie C - Girone C,Italy,2026,Girone C - 8,Audace Cerignola,Team Altamura,9539,9549,,,,,,,,,,
1609068,2026-10-04,2026-10-04T19:30:00+01:00,NS,943,Serie C - Girone C,Italy,2026,Girone C - 8,Potenza,AZ Picerno,1710,1587,,,,,,,,,,
1609069,2026-10-04,2026-10-04T19:30:00+01:00,NS,943,Serie C - Girone C,Italy,2026,Girone C - 8,Salernitana,Bari,514,508,,,,,,,,,,
1641283,2026-10-04,2026-10-04T19:30:00+01:00,NS,134,Torneo Federal A,Argentina,2026,Quarter-finals,Alvarado,Defensores de Belgrano VR,1962,2426,,,,,,,,,,
1643185,2026-10-04,2026-10-04T19:30:00+01:00,NS,267,Copa Chile,Chile,2026,Quarter-finals,O'Higgins,Concepción,2320,5635,,,,,,,,,,
1528939,2026-10-04,2026-10-04T19:45:00+01:00,NS,5,UEFA Nations League,World,2026,League A - 4,Greece,Germany,1117,25,,,,,,,,,,
1528940,2026-10-04,2026-10-04T19:45:00+01:00,NS,5,UEFA Nations League,World,2026,League A - 4,Netherlands,Serbia,1118,14,,,,,,,,,,
1528941,2026-10-04,2026-10-04T19:45:00+01:00,NS,5,UEFA Nations League,World,2026,League A - 4,Portugal,Norway,27,1090,,,,,,,,,,
1528942,2026-10-04,2026-10-04T19:45:00+01:00,NS,5,UEFA Nations League,World,2026,League A - 4,Wales,Denmark,767,21,,,,,,,,,,
1528943,2026-10-04,2026-10-04T19:45:00+01:00,NS,5,UEFA Nations League,World,2026,League B - 4,Rep. Of Ireland,Israel,776,1116,,,,,,,,,,
1549808,2026-10-04,2026-10-04T20:00:00+01:00,NS,239,Primera A,Colombia,2026,Clausura - 13,Deportivo Pasto,Fortaleza FC,1126,1147,,,,,,,,,,
1569955,2026-10-04,2026-10-04T20:00:00+01:00,NS,141,Segunda División,Spain,2026,Regular Season - 8,Girona,Mallorca,547,798,,,,,,,,,,
1571155,2026-10-04,2026-10-04T20:00:00+01:00,NS,436,Primera División RFEF - Group 2,Spain,2026,Group 2 - 6,Zaragoza,Teruel,732,5278,,,,,,,,,,
1600716,2026-10-04,2026-10-04T20:00:00+01:00,NS,711,Segunda División,Chile,2026,Promotion Group - 7,Colchagua,Provincial Osorno,5633,5643,,,,,,,,,,
1619705,2026-10-04,2026-10-04T20:00:00+01:00,NS,964,Copa de la División Profesional,Bolivia,2026,Group Stage - 7,Gualberto Villarroel SJ,Blooming,22266,3701,,,,,,,,,,
1635938,2026-10-04,2026-10-04T20:00:00+01:00,NS,300,Segunda División,Venezuela,2026,Regular Season - 25,Bolívar,Monagas II,21231,11371,,,,,,,,,,
1638894,2026-10-04,2026-10-04T20:00:00+01:00,NS,1095,USL League One Cup,USA,2026,Final,Hartford Athletic,Louisville City,3995,4000,,,,,,,,,,
1639984,2026-10-04,2026-10-04T20:00:00+01:00,NS,536,CONCACAF Nations League,World,2025,League B - 1,Guyana,Dominica,5162,5531,,,,,,,,,,
1641286,2026-10-04,2026-10-04T20:00:00+01:00,NS,134,Torneo Federal A,Argentina,2026,Quarter-finals,San Martin Formosa,Atenas,1935,21043,,,,,,,,,,
1641621,2026-10-04,2026-10-04T20:00:00+01:00,NS,268,Primera División,Uruguay,2026,Clausura - 9,Cerro,Wanderers,2362,2360,,,,,,,,,,
1641871,2026-10-04,2026-10-04T20:00:00+01:00,NS,269,Segunda División,Uruguay,2026,2nd Phase - 21,Plaza Colonia,Cerrito,2355,2367,,,,,,,,,,
1498850,2026-10-04,2026-10-04T20:30:00+01:00,NS,129,Primera Nacional,Argentina,2026,Regular Season - 32,Central Norte,Racing Cordoba,1951,1957,,,,,,,,,,
1635939,2026-10-04,2026-10-04T20:30:00+01:00,NS,300,Segunda División,Venezuela,2026,Regular Season - 25,Atletico Avila FC,Dinamo de Puerto La Cruz,27527,2858,,,,,,,,,,
1635940,2026-10-04,2026-10-04T20:30:00+01:00,NS,300,Segunda División,Venezuela,2026,Regular Season - 25,Mineros de Guyana,Petare FC,2824,2853,,,,,,,,,,
1641863,2026-10-04,2026-10-04T20:30:00+01:00,NS,300,Segunda División,Venezuela,2026,Regular Season - 33,Puerto Cabello II,Deportivo Lara,25902,2812,,,,,,,,,,
1641864,2026-10-04,2026-10-04T20:30:00+01:00,NS,300,Segunda División,Venezuela,2026,Regular Season - 33,Urena SC,Club Atletico Barinas,2816,27528,,,,,,,,,,
1641865,2026-10-04,2026-10-04T20:30:00+01:00,NS,300,Segunda División,Venezuela,2026,Regular Season - 33,Zamora FC B,Yaracuyanos FC,2841,2829,,,,,,,,,,
1493165,2026-10-04,2026-10-04T21:00:00+01:00,NS,128,Liga Profesional Argentina,Argentina,2026,Clausura - 11,Talleres Cordoba,Belgrano Cordoba,456,440,,,,,,,,,,
1498852,2026-10-04,2026-10-04T21:00:00+01:00,NS,129,Primera Nacional,Argentina,2026,Regular Season - 32,Chaco For Ever,Defensores De Belgrano,1946,1067,,,,,,,,,,
1498853,2026-10-04,2026-10-04T21:00:00+01:00,NS,129,Primera Nacional,Argentina,2026,Regular Season - 32,Club Atlético Güemes,Colegiales,3969,8377,,,,,,,,,,
1498859,2026-10-04,2026-10-04T21:00:00+01:00,NS,129,Primera Nacional,Argentina,2026,Regular Season - 32,San Martin S.J.,Almagro,461,482,,,,,,,,,,
1508570,2026-10-04,2026-10-04T21:00:00+01:00,NS,254,NWSL Women,USA,2026,Group Stage,Chicago Red Stars W,Denver Summit W,2997,27378,,,,,,,,,,
1517360,2026-10-04,2026-10-04T21:00:00+01:00,NS,479,Canadian Premier League,Canada,2026,Group Stage,Supra du Quebec,Pacific FC,27461,2622,,,,,,,,,,
1610588,2026-10-04,2026-10-04T21:00:00+01:00,NS,711,Segunda División,Chile,2026,Relegation Group - 7,General Velásquez,Colina,5639,5634,,,,,,,,,,
1634913,2026-10-04,2026-10-04T21:00:00+01:00,NS,759,Liga Mayor,Dominican-Republic,2026,Regular Season - 9,Salcedo,Moca,25556,16617,,,,,,,,,,
1634916,2026-10-04,2026-10-04T21:00:00+01:00,NS,759,Liga Mayor,Dominican-Republic,2026,Regular Season - 9,Delfines Del Este,Cibao,16139,8004,,,,,,,,,,
1639985,2026-10-04,2026-10-04T21:00:00+01:00,NS,536,CONCACAF Nations League,World,2025,League C - 1,Turks and Caicos Islands,British Virgin Islands,5169,8168,,,,,,,,,,
1639986,2026-10-04,2026-10-04T21:00:00+01:00,NS,536,CONCACAF Nations League,World,2025,League C - 3,Bahamas,US Virgin Islands,5157,8172,,,,,,,,,,
1641284,2026-10-04,2026-10-04T21:00:00+01:00,NS,134,Torneo Federal A,Argentina,2026,Quarter-finals,Gimnasia Chivilcoy,Olimpo Bahia Blanca,25758,443,,,,,,,,,,
1498849,2026-10-04,2026-10-04T21:30:00+01:00,NS,129,Primera Nacional,Argentina,2026,Regular Season - 32,Atletico DE Rafaela,Atlanta,465,1948,,,,,,,,,,
1511616,2026-10-04,2026-10-04T21:30:00+01:00,NS,266,Primera B,Chile,2026,Regular Season - 16,San Luis,Union Espanola,2322,2321,,,,,,,,,,
1643261,2026-10-04,2026-10-04T21:30:00+01:00,NS,322,Premier League,Jamaica,2026,Regular Season - 4,Montego Bay United,Dunbeholden,3441,3438,,,,,,,,,,
1643262,2026-10-04,2026-10-04T21:30:00+01:00,NS,322,Premier League,Jamaica,2026,Regular Season - 4,Tru-Juice,Tivoli Gardens,28416,3445,,,,,,,,,,
1643263,2026-10-04,2026-10-04T21:30:00+01:00,NS,322,Premier League,Jamaica,2026,Regular Season - 4,Treasure Beach,Humble Lions,22606,3440,,,,,,,,,,
1498857,2026-10-04,2026-10-04T22:00:00+01:00,NS,129,Primera Nacional,Argentina,2026,Regular Season - 32,Godoy Cruz,Los Andes,439,483,,,,,,,,,,
1549658,2026-10-04,2026-10-04T22:00:00+01:00,NS,240,Primera B,Colombia,2026,Clausura - 12,Tigres FC,Internacional Palmira,1145,23326,,,,,,,,,,
1557212,2026-10-04,2026-10-04T22:00:00+01:00,NS,1130,USL Super League,USA,2026,Group Stage,Tampa Bay Sun W,Lexington W,24663,24664,,,,,,,,,,
1583780,2026-10-04,2026-10-04T22:00:00+01:00,NS,304,Liga Panameña de Fútbol,Panama,2026,Apertura - 11,Herrera,Alianza FC,15619,2881,,,,,,,,,,
1600621,2026-10-04,2026-10-04T22:00:00+01:00,NS,370,Primera Division,El-Salvador,2026,Apertura - 14,Platense,Municipal Limeño,19763,4306,,,,,,,,,,
1549805,2026-10-04,2026-10-04T22:05:00+01:00,NS,239,Primera A,Colombia,2026,Clausura - 13,Cucuta,Deportivo Pereira,1470,1462,,,,,,,,,,
1549849,2026-10-04,2026-10-04T22:05:00+01:00,NS,239,Primera A,Colombia,2026,Clausura - 17,Internacional de Bogota,Once Caldas,1134,1136,,,,,,,,,,
1619706,2026-10-04,2026-10-04T22:15:00+01:00,NS,964,Copa de la División Profesional,Bolivia,2026,Group Stage - 7,Guabirá,Oriente Petrolero,3704,3707,,,,,,,,,,
1498860,2026-10-04,2026-10-04T22:30:00+01:00,NS,129,Primera Nacional,Argentina,2026,Regular Season - 32,San Martin Tucuman,Gimnasia Y Tiro,485,1928,,,,,,,,,,
1493729,2026-10-04,2026-10-04T23:00:00+01:00,NS,255,USL Championship,USA,2026,Group Stage,New Mexico United,Phoenix Rising,4003,4009,,,,,,,,,,
1631752,2026-10-04,2026-10-04T23:00:00+01:00,NS,722,Liga Premier Serie A,Mexico,2026,Apertura - 6,Real Apodaca,Vaqueros Reynosa,22047,28308,,,,,,,,,,
1639987,2026-10-04,2026-10-04T23:00:00+01:00,NS,536,CONCACAF Nations League,World,2025,League B - 1,Puerto Rico,Cayman Islands,5539,8169,,,,,,,,,,
1639988,2026-10-04,2026-10-04T23:00:00+01:00,NS,536,CONCACAF Nations League,World,2025,League A - 1,Trinidad and Tobago,Curaçao,5168,5530,,,,,,,,,,
1641872,2026-10-04,2026-10-04T23:00:00+01:00,NS,269,Segunda División,Uruguay,2026,2nd Phase - 21,La Luz,CA River Plate,18295,2351,,,,,,,,,,
1643264,2026-10-04,2026-10-04T23:00:00+01:00,NS,322,Premier League,Jamaica,2026,Regular Season - 4,Molynes United,Racing United,6407,25020,,,,,,,,,,
1493152,2026-10-04,2026-10-04T23:15:00+01:00,NS,128,Liga Profesional Argentina,Argentina,2026,Clausura - 11,Argentinos JRS,Tigre,458,452,,,,,,,,,,
1641622,2026-10-04,2026-10-04T23:30:00+01:00,NS,268,Primera División,Uruguay,2026,Clausura - 9,Racing Montevideo,Penarol,2359,2348,,,,,,,,,,
1643005,2026-10-04,2026-10-04T23:30:00+01:00,NS,10,Friendlies,World,2026,Friendly International,Bolivia,Gambia,2381,1492,,,,,,,,,,
1492318,2026-10-03,2026-10-03T00:00:00+01:00,FT,71,Serie A,Brazil,2026,Regular Season - 21,Sao Paulo,Santos,126,128,1,2,1,1,,,,,1,2
1505529,2026-10-03,2026-10-03T00:00:00+01:00,FT,265,Primera División,Chile,2026,Regular Season - 23,Universidad de Concepcion,Huachipato,2324,2328,0,2,0,1,,,,,0,2
1534098,2026-10-03,2026-10-03T00:00:00+01:00,FT,1182,Northern Super League,Canada,2026,Regular season,Montreal Roses W,Ottawa Rapid W,25899,25900,0,0,0,0,,,,,0,0
1557211,2026-10-03,2026-10-03T00:00:00+01:00,FT,1130,USL Super League,USA,2026,Group Stage,Brooklyn W,Fort Lauderdale United W,24657,24661,1,0,0,0,,,,,1,0
1603381,2026-10-03,2026-10-03T00:00:00+01:00,FT,673,Liga MX Femenil,Mexico,2026,Regular Season - 10,Santos Laguna W,Puebla W,14883,14882,1,0,0,0,,,,,1,0
1520907,2026-10-03,2026-10-03T00:30:00+01:00,FT,72,Serie B,Brazil,2026,Regular Season - 31,Londrina,Criciuma,148,140,0,2,0,0,,,,,0,2
1520906,2026-10-03,2026-10-03T00:45:00+01:00,FT,72,Serie B,Brazil,2026,Regular Season - 31,Juventude,Operario-PR,152,1223,3,0,2,0,,,,,3,0
1508564,2026-10-03,2026-10-03T01:00:00+01:00,FT,254,NWSL Women,USA,2026,Group Stage,Orlando Pride W,San Diego Wave W,3000,18451,1,2,0,2,,,,,1,2
1619701,2026-10-03,2026-10-03T01:00:00+01:00,FT,964,Copa de la División Profesional,Bolivia,2026,Group Stage - 7,Real Potosí,Aurora,3708,3637,1,1,1,1,,,,,1,1
1638597,2026-10-03,2026-10-03T01:00:00+01:00,FT,10,Friendlies,World,2026,Friendly International,Colombia,Paraguay,8,2380,0,1,0,0,,,,,0,1
1639978,2026-10-03,2026-10-03T01:00:00+01:00,FT,536,CONCACAF Nations League,World,2025,League B - 2,Barbados,Bermuda,5527,5158,4,1,3,1,,,,,4,1
1639979,2026-10-03,2026-10-03T01:00:00+01:00,FT,536,CONCACAF Nations League,World,2025,League B - 3,Bonaire,Grenada,10982,5533,2,3,2,0,,,,,2,3
1639980,2026-10-03,2026-10-03T01:00:00+01:00,FT,536,CONCACAF Nations League,World,2025,League A - 2,Martinique,Honduras,8117,4672,2,1,1,1,,,,,2,1
1643238,2026-10-03,2026-10-03T01:00:00+01:00,PEN,666,Friendlies Women,World,2026,Friendly International Women,Papua New Guinea W,Vanuatu W,19932,19937,1,1,1,1,0,0,,,1,1
1493155,2026-10-03,2026-10-03T01:30:00+01:00,FT,128,Liga Profesional Argentina,Argentina,2026,Clausura - 11,Boca Juniors,Union Santa Fe,451,441,3,0,1,0,,,,,3,0
1493162,2026-10-03,2026-10-03T01:30:00+01:00,FT,128,Liga Profesional Argentina,Argentina,2026,Clausura - 11,Independ. Rivadavia,Gimnasia L.P.,473,434,1,1,1,0,,,,,1,1
1520905,2026-10-03,2026-10-03T01:35:00+01:00,FT,72,Serie B,Brazil,2026,Regular Season - 31,Fortaleza EC,Nautico Recife,154,755,1,1,1,1,,,,,1,1
1549806,2026-10-03,2026-10-03T01:45:00+01:00,FT,239,Primera A,Colombia,2026,Clausura - 13,Deportivo Cali,Alianza Valledupar,1127,1141,3,1,0,0,,,,,3,1
1581439,2026-10-03,2026-10-03T02:00:00+01:00,FT,263,Liga de Expansión MX,Mexico,2026,Apertura - 11,Correcaminos Uat,Cruz Azul Hidalgo,2313,15928,0,0,0,0,,,,,0,0
1581440,2026-10-03,2026-10-03T02:00:00+01:00,FT,263,Liga de Expansión MX,Mexico,2026,Apertura - 11,Tepatitlán,CDS Tampico Madero,14279,19905,3,1,0,0,,,,,3,1
1603382,2026-10-03,2026-10-03T02:00:00+01:00,FT,673,Liga MX Femenil,Mexico,2026,Regular Season - 10,Pumas UNAM W,Tigres UANL W,14870,14884,1,3,0,2,,,,,1,3
1631746,2026-10-03,2026-10-03T02:00:00+01:00,FT,722,Liga Premier Serie A,Mexico,2026,Apertura - 6,Guerreros del Pacifico,Delfines Coatzacoalcos,28304,28303,0,0,0,0,,,,,0,0
1638961,2026-10-03,2026-10-03T02:00:00+01:00,FT,396,Primera Division,Nicaragua,2026,Apertura - 10,Rancho Santana,Managua,24510,4644,1,6,0,1,,,,,1,6
1639021,2026-10-03,2026-10-03T02:00:00+01:00,FT,955,National League - National,New-Zealand,2026,Championship Group - 2,Miramar,Auckland FC 2,2373,26722,2,1,1,1,,,,,2,1
1639022,2026-10-03,2026-10-03T02:00:00+01:00,FT,955,National League - National,New-Zealand,2026,Championship Group - 2,Wellington Olympic,Ferrymead Bays,20646,20662,1,2,1,0,,,,,1,2
1583777,2026-10-03,2026-10-03T02:30:00+01:00,FT,304,Liga Panameña de Fútbol,Panama,2026,Apertura - 11,San Francisco FC,UMECIT,2887,20788,0,1,0,1,,,,,0,1
1508565,2026-10-03,2026-10-03T03:00:00+01:00,FT,254,NWSL Women,USA,2026,Group Stage,Seattle Reign FC W,North Carolina Courage W,3002,2999,0,1,0,0,,,,,0,1
1559659,2026-10-03,2026-10-03T03:00:00+01:00,FT,339,Liga Nacional,Guatemala,2026,Regular Season - 12,Marquense,Antigua GFC,3643,3656,2,1,0,0,,,,,2,1
1639981,2026-10-03,2026-10-03T03:00:00+01:00,FT,536,CONCACAF Nations League,World,2025,League A - 2,El Salvador,Jamaica,5159,2385,0,2,0,1,,,,,0,2
1581441,2026-10-03,2026-10-03T04:00:00+01:00,FT,263,Liga de Expansión MX,Mexico,2026,Apertura - 11,CA La Paz,Venados FC,19024,2311,1,2,1,2,,,,,1,2
1603384,2026-10-03,2026-10-03T04:00:00+01:00,FT,673,Liga MX Femenil,Mexico,2026,Regular Season - 10,Monterrey W,América W,14879,14868,4,3,1,3,,,,,4,3
1643496,2026-10-03,2026-10-03T04:00:00+01:00,FT,667,Friendlies Clubs,World,2026,Club Friendlies,Goa,Dempo,3475,21131,0,2,,,,,,,0,2
1520561,2026-10-03,2026-10-03T06:00:00+01:00,FT,295,K3 League,South-Korea,2026,Regular Season - 23,Changwon City,Yangpyeong,7059,7111,2,1,0,0,,,,,2,1
1520562,2026-10-03,2026-10-03T06:00:00+01:00,FT,295,K3 League,South-Korea,2026,Regular Season - 23,Pocheon,Chuncheon,7099,7064,0,0,0,0,,,,,0,0
1520563,2026-10-03,2026-10-03T06:00:00+01:00,FT,295,K3 League,South-Korea,2026,Regular Season - 23,Yeoju Sejong,Jeonbuk Motors II,7112,25717,2,1,1,1,,,,,2,1
1533783,2026-10-03,2026-10-03T06:00:00+01:00,FT,660,WK-League,South-Korea,2026,Regular Season - 25,Changnyeong W,Seoul W,14373,14378,0,1,0,1,,,,,0,1
1533784,2026-10-03,2026-10-03T06:00:00+01:00,FT,660,WK-League,South-Korea,2026,Regular Season - 25,Gyeongju W,Boeun Sangmu W,14375,14372,0,1,0,0,,,,,0,1
1555722,2026-10-03,2026-10-03T06:00:00+01:00,FT,100,J3 League,Japan,2026,Regular Season - 9,FC Gifu,Renofa Yamaguchi,297,309,0,2,0,2,,,,,0,2
1555726,2026-10-03,2026-10-03T06:00:00+01:00,FT,100,J3 League,Japan,2026,Regular Season - 9,Parceiro Nagano,Nara Club,4323,7135,0,1,0,0,,,,,0,1
1555730,2026-10-03,2026-10-03T06:00:00+01:00,FT,100,J3 League,Japan,2026,Regular Season - 9,Matsumoto Yamaga,Gainare Tottori,304,4319,0,1,0,0,,,,,0,1
1569846,2026-10-03,2026-10-03T06:00:00+01:00,FT,1234,K4 League,South-Korea,2026,Regular Season - 23,Haman,Jecheon Citizen,27859,27860,1,3,1,0,,,,,1,3
1569847,2026-10-03,2026-10-03T06:00:00+01:00,FT,1234,K4 League,South-Korea,2026,Regular Season - 23,Namyangju,Gijang United,23089,25719,2,1,2,0,,,,,2,1
1606676,2026-10-03,2026-10-03T06:00:00+01:00,FT,99,J2 League,Japan,2026,Regular Season - 9,Fujieda MYFC,Shonan Bellmare,4317,284,1,1,0,0,,,,,1,1
1606677,2026-10-03,2026-10-03T06:00:00+01:00,FT,99,J2 League,Japan,2026,Regular Season - 9,Albirex Niigata,Tokushima Vortis,311,299,2,1,2,1,,,,,2,1
1642997,2026-10-03,2026-10-03T06:00:00+01:00,FT,10,Friendlies,World,2026,Friendly International,Australia U23,Korea Republic U23,10927,10177,1,2,1,2,,,,,1,2
1530013,2026-10-03,2026-10-03T07:00:00+01:00,FT,649,Supreme Division Women,Russia,2026,Regular Season - 21,Yenisey W,Lokomotiv Moskva W,14133,14132,0,2,0,2,,,,,0,2
1555721,2026-10-03,2026-10-03T07:00:00+01:00,FT,100,J3 League,Japan,2026,Regular Season - 9,Ehime FC,Thespakusatsu Gunma,318,756,3,1,0,1,,,,,3,1
1639576,2026-10-03,2026-10-03T07:00:00+01:00,FT,667,Friendlies Clubs,World,2026,Club Friendlies,Perth Glory,Adelaide United,940,948,1,3,0,1,,,,,1,3
1643348,2026-10-03,2026-10-03T07:00:00+01:00,PEN,803,Asian Games,World,2026,3rd place,China PR U23,Uzbekistan U23,10932,10963,2,2,1,1,0,0,4,3,2,2
1567447,2026-10-03,2026-10-03T08:00:00+01:00,PEN,101,J-League Cup,Japan,2026,Round of 16,Machida Zelvia,Kyoto Sanga,303,302,0,0,0,0,0,0,5,3,0,0
1569848,2026-10-03,2026-10-03T08:00:00+01:00,FT,1234,K4 League,South-Korea,2026,Regular Season - 23,Jinju Citizen,Geoje Citizen,16452,18654,0,0,0,0,,,,,0,0
1606678,2026-10-03,2026-10-03T08:00:00+01:00,FT,99,J2 League,Japan,2026,Regular Season - 9,Ventforet Kofu,Kataller Toyama,308,4322,1,2,0,0,,,,,1,2
1637226,2026-10-03,2026-10-03T08:00:00+01:00,FT,1243,Super League Women,South-Africa,2026,Group Stage,UWC W,Pretoria U. W,25378,28356,0,1,0,1,,,,,0,1
1643497,2026-10-03,2026-10-03T08:00:00+01:00,FT,667,Friendlies Clubs,World,2026,Club Friendlies,Ararat,Ararat-Armenia,3682,3683,0,4,0,3,,,,,0,4
1643252,2026-10-03,2026-10-03T08:45:00+01:00,FT,962,Premier League,Lesotho,2026,Regular Season - 5,LDF,Manonyane,20977,20985,0,0,0,0,,,,,0,0
1520564,2026-10-03,2026-10-03T09:00:00+01:00,FT,295,K3 League,South-Korea,2026,Regular Season - 23,Ulsan Citizen,Siheung Citizen,7108,7105,1,2,0,1,,,,,1,2
1555723,2026-10-03,2026-10-03T09:00:00+01:00,FT,100,J3 League,Japan,2026,Regular Season - 9,Kitakyushu,Kochi United,805,7129,2,0,0,0,,,,,2,0
1555728,2026-10-03,2026-10-03T09:00:00+01:00,FT,100,J3 League,Japan,2026,Regular Season - 9,FC Ryukyu,Kanazawa,2235,300,0,2,0,0,,,,,0,2
1555729,2026-10-03,2026-10-03T09:00:00+01:00,FT,100,J3 League,Japan,2026,Regular Season - 9,Sagamihara,Osaka,4324,7138,1,0,0,0,,,,,1,0
1565113,2026-10-03,2026-10-03T09:00:00+01:00,FT,668,1. Liga U19,Czech-Republic,2026,Regular Season - 9,Karviná U19,Viktoria Plzeň U19,14832,7970,0,2,0,1,,,,,0,2
1581928,2026-10-03,2026-10-03T09:00:00+01:00,FT,334,Persha Liga,Ukraine,2026,Regular Season - 10,Viktoriya Mykolaivka,Inhulets,13223,3625,1,0,0,0,,,,,1,0
1606679,2026-10-03,2026-10-03T09:00:00+01:00,FT,99,J2 League,Japan,2026,Regular Season - 9,Oita Trinita,Montedio Yamagata,298,312,2,1,0,0,,,,,2,1
1606680,2026-10-03,2026-10-03T09:00:00+01:00,FT,99,J2 League,Japan,2026,Regular Season - 9,Tochigi City,Imabari,7145,10075,1,2,1,2,,,,,1,2
1623501,2026-10-03,2026-10-03T09:00:00+01:00,NS,728,Liga 1 Feminin,Romania,2026,Regular Season - 7,Csikszereda MC W,Vasas Femina W,19903,15970,,,,,,,,,,
1640840,2026-10-03,2026-10-03T09:00:00+01:00,FT,734,Diski Challenge,South-Africa,2026,Regular Season - 2,Chippa United U23,Siwelele U23,15990,26576,0,2,0,0,,,,,0,2
1640841,2026-10-03,2026-10-03T09:00:00+01:00,FT,734,Diski Challenge,South-Africa,2026,Regular Season - 2,Durban City U23,TS Galaxy U23,15994,15999,0,1,,,,,,,0,1
1640842,2026-10-03,2026-10-03T09:00:00+01:00,FT,734,Diski Challenge,South-Africa,2026,Regular Season - 2,Orlando Pirates U23,Stellenbosch U23,15995,15996,4,1,,,,,,,4,1
1642932,2026-10-03,2026-10-03T09:00:00+01:00,FT,667,Friendlies Clubs,World,2026,Club Friendlies,Arges Pitesti,Slatina,2592,6898,0,0,0,0,,,,,0,0
1642945,2026-10-03,2026-10-03T09:00:00+01:00,FT,667,Friendlies Clubs,World,2026,Club Friendlies,Chindia Targoviste,Petrolul Ploiesti,2586,2598,1,0,1,0,,,,,1,0
1562288,2026-10-03,2026-10-03T09:15:00+01:00,FT,350,4. liga - Divizie A,Czech-Republic,2026,Group A - 9,Slavoj Český Krumlov,Rokycany,19432,7339,4,0,2,0,,,,,4,0
1562293,2026-10-03,2026-10-03T09:15:00+01:00,FT,350,4. liga - Divizie A,Czech-Republic,2026,Group A - 9,Petřín Plzeň,Spartak Pribram,7330,27887,4,3,1,2,,,,,4,3
1562295,2026-10-03,2026-10-03T09:15:00+01:00,FT,350,4. liga - Divizie A,Czech-Republic,2026,Group A - 9,Táborsko II,Milevsko,22094,26127,3,2,2,1,,,,,3,2
1562410,2026-10-03,2026-10-03T09:15:00+01:00,FT,351,4. liga - Divizie B,Czech-Republic,2026,Group B - 9,Brandýs nad Labem,Slavoj Vyšehrad,7278,4258,5,2,4,1,,,,,5,2
1562417,2026-10-03,2026-10-03T09:15:00+01:00,FT,351,4. liga - Divizie B,Czech-Republic,2026,Group B - 9,Újezd Praha 4,Slovan Velvary,19439,7348,2,1,2,1,,,,,2,1
1562655,2026-10-03,2026-10-03T09:15:00+01:00,FT,348,3. liga - CFL A,Czech-Republic,2026,Group A - 9,Motorlet Praha,Loko Vltavín,7319,7315,3,0,0,0,,,,,3,0
1565112,2026-10-03,2026-10-03T09:15:00+01:00,FT,668,1. Liga U19,Czech-Republic,2026,Regular Season - 9,Dukla Praha U19,Pardubice U19,19200,14836,4,1,2,0,,,,,4,1
1577952,2026-10-03,2026-10-03T09:15:00+01:00,FT,349,3. liga - MSFL,Czech-Republic,2026,MSFL - 10,Sigma Olomouc II,Vítkovice,8622,3732,2,1,2,0,,,,,2,1
1579134,2026-10-03,2026-10-03T09:15:00+01:00,FT,353,4. liga - Divizie D,Czech-Republic,2026,Group D - 10,Kuřim,Velké Meziříčí,19689,7373,3,0,1,0,,,,,3,0
1579370,2026-10-03,2026-10-03T09:15:00+01:00,FT,686,4. liga - Divizie F,Czech-Republic,2026,Group F - 10,Vratimov,Břidličná,16877,19421,2,1,1,0,,,,,2,1
1562525,2026-10-03,2026-10-03T09:30:00+01:00,FT,352,4. liga - Divizie C,Czech-Republic,2026,Group C - 9,Přepeře,Svitavy,7336,26128,3,1,2,0,,,,,3,1
1579130,2026-10-03,2026-10-03T09:30:00+01:00,FT,353,4. liga - Divizie D,Czech-Republic,2026,Group D - 10,Sparta Brno,Ždírec nad Doubravou,20825,7388,3,1,3,1,,,,,3,1
1637653,2026-10-03,2026-10-03T09:30:00+01:00,FT,275,Liga 2,Indonesia,2026,Regular Season - 4,Persiku Kudus,PSGC Ciamis,24997,4234,1,2,0,1,,,,,1,2
1642933,2026-10-03,2026-10-03T09:30:00+01:00,FT,667,Friendlies Clubs,World,2026,Club Friendlies,Lokomotiv,FC Orenburg,597,1080,2,0,,,,,,,2,0
1643222,2026-10-03,2026-10-03T09:30:00+01:00,FT,667,Friendlies Clubs,World,2026,Club Friendlies,Slavia Sofia,Botev Vratsa,854,859,2,1,1,0,,,,,2,1
1643498,2026-10-03,2026-10-03T09:30:00+01:00,FT,667,Friendlies Clubs,World,2026,Club Friendlies,Oţelul,FC Bacau,6886,22000,1,1,0,0,,,,,1,1
1593031,2026-10-03,2026-10-03T09:45:00+01:00,FT,336,Druha Liga,Ukraine,2026,Regular Season - 9,SC Poltava 2,Oleksandria II,28008,24588,1,0,0,0,,,,,1,0
1530015,2026-10-03,2026-10-03T10:00:00+01:00,FT,649,Supreme Division Women,Russia,2026,Regular Season - 21,Zvezda Perm W,Krylya Sovetov W,16492,21119,1,1,0,0,,,,,1,1
1565111,2026-10-03,2026-10-03T10:00:00+01:00,FT,668,1. Liga U19,Czech-Republic,2026,Regular Season - 9,České Budějovice U19,Sparta Praha U19,14841,7995,1,1,0,0,,,,,1,1
1565116,2026-10-03,2026-10-03T10:00:00+01:00,FT,668,1. Liga U19,Czech-Republic,2026,Regular Season - 9,Slovácko U19,Zbrojovka Brno U19,14838,14839,3,0,2,0,,,,,3,0
1566806,2026-10-03,2026-10-03T10:00:00+01:00,FT,938,Oberliga - Bayern Nord,Germany,2026,Bayern Nord - 13,ASV Neumarkt,Ingolstadt II,19758,12792,1,2,0,1,,,,,1,2
1578103,2026-10-03,2026-10-03T10:00:00+01:00,FT,149,Second Amateur Division - VFV A,Belgium,2026,VFV A - 6,Mechelen II,Diksmuide,19900,14157,1,1,0,0,,,,,1,1
1593908,2026-10-03,2026-10-03T10:00:00+01:00,FT,633,NB III - Northeast,Hungary,2026,Northeast - 10,Tarpa,Debrecen II,15198,13153,1,2,1,0,,,,,1,2
1593913,2026-10-03,2026-10-03T10:00:00+01:00,FT,633,NB III - Northeast,Hungary,2026,Northeast - 10,Eger,Diósgyőr II,5089,13154,2,1,2,0,,,,,2,1
1594390,2026-10-03,2026-10-03T10:00:00+01:00,FT,1023,NB III - Southeast,Hungary,2026,Southeast - 10,Vasas II,BKV Előre,19462,5070,3,0,0,0,,,,,3,0
1594395,2026-10-03,2026-10-03T10:00:00+01:00,FT,1023,NB III - Southeast,Hungary,2026,Southeast - 10,Újpest II,Monori Se,11860,2411,2,2,1,0,,,,,2,2
1594628,2026-10-03,2026-10-03T10:00:00+01:00,FT,634,NB III - Southwest,Hungary,2026,Southwest - 10,Paksi SE II,Szekszárd,11856,5138,8,1,4,0,,,,,8,1
1632089,2026-10-03,2026-10-03T10:00:00+01:00,FT,890,U20 Elite League,World,2026,Group Stage,France U20,Italy U20,10287,10289,0,3,0,1,,,,,0,3
1636779,2026-10-03,2026-10-03T10:00:00+01:00,FT,1031,Premier League,Bhutan,2026,Regular Season,Paro,Bhutan U19,9426,5433,6,0,3,0,,,,,6,0
1637227,2026-10-03,2026-10-03T10:00:00+01:00,FT,1243,Super League Women,South-Africa,2026,Group Stage,Ezemvelo W,JVW FC W,28353,28355,1,1,0,1,,,,,1,1
1640103,2026-10-03,2026-10-03T10:00:00+01:00,FT,398,Premier League,Bangladesh,2027,Regular Season - 2,Arambagh,Rahmatgonj MFS,5011,5017,2,2,1,1,,,,,2,2
1640104,2026-10-03,2026-10-03T10:00:00+01:00,FT,398,Premier League,Bangladesh,2027,Regular Season - 2,Dhaka Wanderers,Abahani,25415,5009,1,5,1,3,,,,,1,5
1640105,2026-10-03,2026-10-03T10:00:00+01:00,FT,398,Premier League,Bangladesh,2027,Regular Season - 2,Fortis,City Club,20780,28429,3,3,1,2,,,,,3,3
1642998,2026-10-03,2026-10-03T10:00:00+01:00,FT,10,Friendlies,World,2026,Friendly International,Germany U19,Czechia U19,10336,10330,1,1,1,0,,,,,1,1
1643223,2026-10-03,2026-10-03T10:00:00+01:00,FT,667,Friendlies Clubs,World,2026,Club Friendlies,Zaglebie Lubin,Miedz Legnica,345,335,1,0,1,0,,,,,1,0
1643499,2026-10-03,2026-10-03T10:00:00+01:00,FT,667,Friendlies Clubs,World,2026,Club Friendlies,Inter,Lumezzane,505,1689,2,0,1,0,,,,,2,0
1643500,2026-10-03,2026-10-03T10:00:00+01:00,FT,667,Friendlies Clubs,World,2026,Club Friendlies,NK Osijek,Bsk Bijelo Brdo,616,1487,1,1,0,0,,,,,1,1
1643501,2026-10-03,2026-10-03T10:00:00+01:00,NS,667,Friendlies Clubs,World,2026,Club Friendlies,Toulouse,PAU,96,1297,,,,,,,,,,
1593026,2026-10-03,2026-10-03T10:15:00+01:00,FT,336,Druha Liga,Ukraine,2026,Regular Season - 9,Nyva Ternopil II,Dinaz Vyshhorod,24587,6487,1,2,0,1,,,,,1,2
1521704,2026-10-03,2026-10-03T10:30:00+01:00,FT,1126,Esiliiga B,Estonia,2026,Regular Season - 32,Legion,Levadia U19,13152,7906,0,3,0,0,,,,,0,3
1521705,2026-10-03,2026-10-03T10:30:00+01:00,FT,1126,Esiliiga B,Estonia,2026,Regular Season - 32,Tulevik,Tallinna Kalev II,3531,3522,1,3,0,1,,,,,1,3
1535726,2026-10-03,2026-10-03T10:30:00+01:00,FT,915,1. Division Women,Norway,2026,Regular Season - 20,Arna-Bjørnar W,Grei W,15954,20884,10,0,4,0,,,,,10,0
1581925,2026-10-03,2026-10-03T10:30:00+01:00,FT,334,Persha Liga,Ukraine,2026,Regular Season - 10,Lokomotiv Kyiv,Polissya II,21954,24589,3,3,2,1,,,,,3,3
1639577,2026-10-03,2026-10-03T10:30:00+01:00,FT,667,Friendlies Clubs,World,2026,Club Friendlies,Artis,AS Trencin,4257,655,3,0,3,0,,,,,3,0
1593029,2026-10-03,2026-10-03T10:45:00+01:00,FT,336,Druha Liga,Ukraine,2026,Regular Season - 9,Rebel,Lozova,26190,26758,1,2,0,1,,,,,1,2
1643253,2026-10-03,2026-10-03T10:45:00+01:00,FT,962,Premier League,Lesotho,2026,Regular Season - 5,Bantu,Mzamane,15563,25066,4,1,1,0,,,,,4,1
1530011,2026-10-03,2026-10-03T11:00:00+01:00,FT,649,Supreme Division Women,Russia,2026,Regular Season - 21,Dinamo Moskva W,Rubin Kazan W,21118,16491,1,0,0,0,,,,,1,0
1534462,2026-10-03,2026-10-03T11:00:00+01:00,FT,117,1. Division,Belarus,2026,Regular Season - 27,Orsha,Niva,3390,16656,0,0,0,0,,,,,0,0
1536716,2026-10-03,2026-10-03T11:00:00+01:00,FT,650,Second League - Group 3,Russia,2026,Group 3 - 26,Rotor-2,FK Spartak Tambov,12840,19451,0,1,0,1,,,,,0,1
1536718,2026-10-03,2026-10-03T11:00:00+01:00,FT,650,Second League - Group 3,Russia,2026,Group 3 - 26,Salyut-Belgorod,SKA Khabarovsk II,6826,17721,3,1,1,0,,,,,3,1
1565115,2026-10-03,2026-10-03T11:00:00+01:00,FT,668,1. Liga U19,Czech-Republic,2026,Regular Season - 9,Baník Ostrava U19,Hradec Králové U19,14830,14831,2,1,1,1,,,,,2,1
1565480,2026-10-03,2026-10-03T11:00:00+01:00,FT,333,Premier League,Ukraine,2026,Regular Season - 6,Veres Rivne,Kudrivka,6501,21953,2,1,0,1,,,,,2,1
1567446,2026-10-03,2026-10-03T11:00:00+01:00,AET,101,J-League Cup,Japan,2026,Round of 16,Kashiwa Reysol,Gamba Osaka,281,293,3,3,1,1,2,1,,,5,4
1568194,2026-10-03,2026-10-03T11:00:00+01:00,FT,783,III Liga - Group 4,Poland,2026,Group IV - 11,KS Wieczysta Krakow II,Wiślanie Jaśkowice,27334,19728,1,0,1,0,,,,,1,0
1568505,2026-10-03,2026-10-03T11:00:00+01:00,FT,782,III Liga - Group 3,Poland,2026,Group III - 11,Sparta Katowice,Warta Gorzów,22910,16263,1,1,0,1,,,,,1,1
1568813,2026-10-03,2026-10-03T11:00:00+01:00,FT,781,III Liga - Group 2,Poland,2026,Group II - 11,Gedania Gdansk,Victoria Września,18385,19723,0,0,0,0,,,,,0,0
1568818,2026-10-03,2026-10-03T11:00:00+01:00,FT,781,III Liga - Group 2,Poland,2026,Group II - 11,Unia Swarzędz,Kotwica Kórnik,16257,24327,7,0,2,0,,,,,7,0
1573603,2026-10-03,2026-10-03T11:00:00+01:00,FT,142,Primera División Femenina,Spain,2026,Regular Season - 6,Espanyol W,Deportivo Alavés W,1919,17168,1,0,0,0,,,,,1,0
1573606,2026-10-03,2026-10-03T11:00:00+01:00,FT,142,Primera División Femenina,Spain,2026,Regular Season - 6,Sevilla W,FC Levante Badalona W,1920,19896,3,3,1,0,,,,,3,3
1595697,2026-10-03,2026-10-03T11:00:00+01:00,FT,488,U19 Bundesliga,Germany,2026,Preliminary,FSV Frankfurt U19,Fortuna Köln U19,13952,13962,1,1,0,1,,,,,1,1
1599240,2026-10-03,2026-10-03T11:00:00+01:00,FT,676,Central Youth League,Poland,2026,Regular Season - 9,Górnik Zabrze U19,Arka Gdynia U19,16391,20587,5,1,4,1,,,,,5,1
1599241,2026-10-03,2026-10-03T11:00:00+01:00,FT,676,Central Youth League,Poland,2026,Regular Season - 9,Korona Kielce U19,Escola Varsovia U19,7905,20589,0,0,0,0,,,,,0,0
1599401,2026-10-03,2026-10-03T11:00:00+01:00,FT,676,Central Youth League,Poland,2026,Regular Season - 9,Talent Warszawa U19,Jagiellonia U19,28017,20590,0,2,0,0,,,,,0,2
1623502,2026-10-03,2026-10-03T11:00:00+01:00,FT,728,Liga 1 Feminin,Romania,2026,Regular Season - 7,SSU Poli Timişoara W,Farul Constanţa W,17659,22192,1,2,0,1,,,,,1,2
1637444,2026-10-03,2026-10-03T11:00:00+01:00,FT,1244,B-Liga Women,Denmark,2026,Regular Season - 8,Sundby W,Osterbro W,19135,27631,2,0,1,0,,,,,2,0
1640843,2026-10-03,2026-10-03T11:00:00+01:00,FT,734,Diski Challenge,South-Africa,2026,Regular Season - 2,AmaZulu U23,Richards Bay U23,15985,20296,2,0,,,,,,,2,0
1642946,2026-10-03,2026-10-03T11:00:00+01:00,FT,667,Friendlies Clubs,World,2026,Club Friendlies,Ruch Chorzów,Lechia Gdansk,6953,343,1,3,1,2,,,,,1,3
1642958,2026-10-03,2026-10-03T11:00:00+01:00,FT,667,Friendlies Clubs,World,2026,Club Friendlies,Orebro SK,United Nordic,365,16601,1,1,0,0,,,,,1,1
1642999,2026-10-03,2026-10-03T11:00:00+01:00,FT,10,Friendlies,World,2026,Friendly International,Finland U18,Wales U18,21467,21481,3,2,1,1,,,,,3,2
1643197,2026-10-03,2026-10-03T11:00:00+01:00,FT,10,Friendlies,World,2026,Friendly International,Norway U18,USA U18,21474,22342,3,2,1,1,,,,,3,2
1643224,2026-10-03,2026-10-03T11:00:00+01:00,FT,667,Friendlies Clubs,World,2026,Club Friendlies,Chrobry Głogów,Warta Poznań,3483,3496,1,3,0,2,,,,,1,3
1643225,2026-10-03,2026-10-03T11:00:00+01:00,FT,667,Friendlies Clubs,World,2026,Club Friendlies,FK Zalgiris Vilnius,Panevėžys,586,3874,0,2,0,0,,,,,0,2
1643350,2026-10-03,2026-10-03T11:00:00+01:00,FT,1247,FIFA Asean Cup,World,2026,Final,Hong Kong,Cambodia,4460,1543,2,0,1,0,,,,,2,0
1643502,2026-10-03,2026-10-03T11:00:00+01:00,FT,667,Friendlies Clubs,World,2026,Club Friendlies,Bukovyna,Epitsentr Dunayivtsi,6486,14434,0,0,0,0,,,,,0,0
1643503,2026-10-03,2026-10-03T11:00:00+01:00,FT,667,Friendlies Clubs,World,2026,Club Friendlies,Legia Warszawa,Korona Kielce,339,346,5,1,1,1,,,,,5,1
1643504,2026-10-03,2026-10-03T11:00:00+01:00,FT,667,Friendlies Clubs,World,2026,Club Friendlies,Ludogorets II,Dunav Ruse,1409,683,1,1,,,,,,,1,1
1593032,2026-10-03,2026-10-03T11:15:00+01:00,FT,336,Druha Liga,Ukraine,2026,Regular Season - 9,Skala 1911 Stryi,Nyva Vinnytsya,21956,6494,2,2,1,2,,,,,2,2
1566366,2026-10-03,2026-10-03T11:30:00+01:00,FT,745,Oberliga - Hamburg,Germany,2026,Hamburg - 10,HT16,Teutonia Ottensen,26173,12878,4,1,1,0,,,,,4,1
1568814,2026-10-03,2026-10-03T11:30:00+01:00,FT,781,III Liga - Group 2,Poland,2026,Group II - 11,Grom Nowy Staw,Bałtyk Koszalin,24786,16245,1,3,0,2,,,,,1,3
1601259,2026-10-03,2026-10-03T11:30:00+01:00,FT,139,Serie A Women,Italy,2026,Regular Season - 2,Parma W,Ternana W,19748,23669,1,2,1,1,,,,,1,2
1642943,2026-10-03,2026-10-03T11:30:00+01:00,FT,667,Friendlies Clubs,World,2026,Club Friendlies,Jagiellonia,Polonia Warszawa,336,16239,1,2,,,,,,,1,2
1643349,2026-10-03,2026-10-03T11:30:00+01:00,FT,803,Asian Games,World,2026,Final,Korea Republic U23,Japan U23,10177,10176,1,0,0,0,,,,,1,0
1565114,2026-10-03,2026-10-03T11:45:00+01:00,FT,668,1. Liga U19,Czech-Republic,2026,Regular Season - 9,Mladá Boleslav U19,Opava U19,14834,14835,1,3,1,2,,,,,1,3
1495576,2026-10-03,2026-10-03T12:00:00+01:00,FT,549,Damallsvenskan,Sweden,2026,Regular Season - 21,Piteå W,Norrköping W,10900,16008,1,1,0,1,,,,,1,1
1495578,2026-10-03,2026-10-03T12:00:00+01:00,FT,549,Damallsvenskan,Sweden,2026,Regular Season - 21,Vittsjö W,Eskilstuna United W,11083,11077,2,0,1,0,,,,,2,0
1496527,2026-10-03,2026-10-03T12:00:00+01:00,FT,774,3. Division - Girone 1,Norway,2026,Regular Season - 22,Frigg,Gamle Oslo,6987,18924,1,1,1,1,,,,,1,1
1496528,2026-10-03,2026-10-03T12:00:00+01:00,FT,774,3. Division - Girone 1,Norway,2026,Regular Season - 22,SF Grei,Asker,16868,6967,4,3,1,2,,,,,4,3
1496530,2026-10-03,2026-10-03T12:00:00+01:00,FT,774,3. Division - Girone 1,Norway,2026,Regular Season - 22,Konnerud,Heming,25912,6995,5,5,2,2,,,,,5,5
1496531,2026-10-03,2026-10-03T12:00:00+01:00,FT,774,3. Division - Girone 1,Norway,2026,Regular Season - 22,Nordstrand,Vålerenga II,7015,10114,0,3,0,2,,,,,0,3
1496714,2026-10-03,2026-10-03T12:00:00+01:00,FT,775,3. Division - Girone 2,Norway,2026,Regular Season - 22,Volda,Orkla,16226,12824,4,1,1,1,,,,,4,1
1496896,2026-10-03,2026-10-03T12:00:00+01:00,FT,776,3. Division - Girone 3,Norway,2026,Regular Season - 22,Stord,Vard,16220,7043,1,2,1,1,,,,,1,2
1497254,2026-10-03,2026-10-03T12:00:00+01:00,FT,778,3. Division - Girone 5,Norway,2026,Regular Season - 22,Fløya,Bossekop,6984,18444,5,1,2,1,,,,,5,1
1497260,2026-10-03,2026-10-03T12:00:00+01:00,FT,778,3. Division - Girone 5,Norway,2026,Regular Season - 22,Ulfstind,Alta,22867,6965,0,2,0,0,,,,,0,2
1504563,2026-10-03,2026-10-03T12:00:00+01:00,FT,564,Ettan - Södra,Sweden,2026,Södra - 25,Angelholms FF,Rosengård,2168,6694,3,0,0,0,,,,,3,0
1504570,2026-10-03,2026-10-03T12:00:00+01:00,FT,564,Ettan - Södra,Sweden,2026,Södra - 25,Tvååker,Hässleholms IF,6703,6676,1,2,1,0,,,,,1,2
1505283,2026-10-03,2026-10-03T12:00:00+01:00,FT,563,Ettan - Norra,Sweden,2026,Norra - 25,Enköping,Gefle IF,12578,813,1,0,0,0,,,,,1,0
1505287,2026-10-03,2026-10-03T12:00:00+01:00,FT,563,Ettan - Norra,Sweden,2026,Norra - 25,Stockholm Internazionale,Assyriska FF,12585,2169,3,0,0,0,,,,,3,0
1510685,2026-10-03,2026-10-03T12:00:00+01:00,FT,592,Division 2 - Norra Götaland,Sweden,2026,Norra Götaland - 24,Husqvarna,Vänersborgs IF,6675,6713,4,0,1,0,,,,,4,0
1510687,2026-10-03,2026-10-03T12:00:00+01:00,FT,592,Division 2 - Norra Götaland,Sweden,2026,Norra Götaland - 24,Stenungsund,IFK Skövde,12575,16605,0,3,0,0,,,,,0,3
1510866,2026-10-03,2026-10-03T12:00:00+01:00,FT,593,Division 2 - Norra Svealand,Sweden,2026,Norra Svealand - 24,Enskede,Falu BS,6662,22932,2,0,0,0,,,,,2,0
1510868,2026-10-03,2026-10-03T12:00:00+01:00,FT,593,Division 2 - Norra Svealand,Sweden,2026,Norra Svealand - 24,Täby,Viggbyholms IK,11663,20838,3,0,1,0,,,,,3,0
1511026,2026-10-03,2026-10-03T12:00:00+01:00,FT,597,Division 2 - Södra Götaland,Sweden,2026,Södra Götaland - 24,Växjö Norra,Karlshamn,25573,12615,0,2,0,1,,,,,0,2
1511230,2026-10-03,2026-10-03T12:00:00+01:00,FT,595,Division 2 - Södra Svealand,Sweden,2026,Södra Svealand - 24,Eker Örebro,Rågsved,25570,16745,1,3,0,1,,,,,1,3
1511232,2026-10-03,2026-10-03T12:00:00+01:00,FT,595,Division 2 - Södra Svealand,Sweden,2026,Södra Svealand - 24,Forward,Sleipner,11666,11670,1,1,0,1,,,,,1,1
1511412,2026-10-03,2026-10-03T12:00:00+01:00,FT,596,Division 2 - Västra Götaland,Sweden,2026,Västra Götaland - 24,Åstorp,Dalstorps,14543,12613,1,3,,,,,,,1,3
1511413,2026-10-03,2026-10-03T12:00:00+01:00,FT,596,Division 2 - Västra Götaland,Sweden,2026,Västra Götaland - 24,Böljan,Jonsered,25575,21359,0,1,0,0,,,,,0,1
1534548,2026-10-03,2026-10-03T12:00:00+01:00,FT,117,1. Division,Belarus,2026,Regular Season - 27,Slonim,Shakhter Soligorsk,3392,392,1,1,0,1,,,,,1,1
1535663,2026-10-03,2026-10-03T12:00:00+01:00,FT,915,1. Division Women,Norway,2026,Regular Season - 20,Åsane W,Odd W,18992,22859,4,2,2,0,,,,,4,2
1536713,2026-10-03,2026-10-03T12:00:00+01:00,FT,650,Second League - Group 3,Russia,2026,Group 3 - 26,Metallurg Lipetsk,Zenit Penza,6815,16866,2,0,2,0,,,,,2,0
1536719,2026-10-03,2026-10-03T12:00:00+01:00,FT,650,Second League - Group 3,Russia,2026,Group 3 - 26,Volna Nizhegorodskaya,Saturn Ramenskoye,14124,6827,0,2,0,0,,,,,0,2
1561672,2026-10-03,2026-10-03T12:00:00+01:00,FT,109,II Liga - East,Poland,2026,Regular Season - 10,Podhale Nowy Targ,Rekord Bielsko-Biała,12834,6950,2,1,0,0,,,,,2,1
1561674,2026-10-03,2026-10-03T12:00:00+01:00,FT,109,II Liga - East,Poland,2026,Regular Season - 10,Resovia Rzeszów,Avia Świdnik,6951,16264,1,1,1,0,,,,,1,1
1566665,2026-10-03,2026-10-03T12:00:00+01:00,NS,733,I Liga - Women,Slovakia,2026,Regular Season - 8,Dukla Banská Bystrica W,Z. Moravce-Vrable W,15977,27892,,,,,,,,,,
1568508,2026-10-03,2026-10-03T12:00:00+01:00,FT,782,III Liga - Group 3,Poland,2026,Group III - 11,Goczałkowice Zdrój,ROW Rybnik,16259,6949,0,1,0,0,,,,,0,1
1568812,2026-10-03,2026-10-03T12:00:00+01:00,FT,781,III Liga - Group 2,Poland,2026,Group II - 11,Elana Toruń,Luzino,6938,19693,3,1,1,0,,,,,3,1
1571149,2026-10-03,2026-10-03T12:00:00+01:00,FT,436,Primera División RFEF - Group 2,Spain,2026,Group 2 - 6,Hércules,Real Jaén,4666,5274,0,0,0,0,,,,,0,0
1577792,2026-10-03,2026-10-03T12:00:00+01:00,FT,862,3. Division,Denmark,2026,Regular Season - 10,Holbæk B&I,ASA Aarhus,6027,14443,2,1,1,0,,,,,2,1
1577793,2026-10-03,2026-10-03T12:00:00+01:00,FT,862,3. Division,Denmark,2026,Regular Season - 10,Ishøj,Ringsted,8645,11532,2,2,1,1,,,,,2,2
1581719,2026-10-03,2026-10-03T12:00:00+01:00,NS,1033,Ekstraliga Women,Poland,2026,Regular Season - 7,Akademia Piłkarska LG W,Lech Poznan W,22257,26149,,,,,,,,,,
1581720,2026-10-03,2026-10-03T12:00:00+01:00,NS,1033,Ekstraliga Women,Poland,2026,Regular Season - 7,Górnik Łęczna W,GKS Katowice W,10916,21584,,,,,,,,,,
1582134,2026-10-03,2026-10-03T12:00:00+01:00,FT,638,Kvindeliga,Denmark,2026,Regular Season - 10,ASA Aarhus W,Midtjylland W,27630,26101,1,0,1,0,,,,,1,0
1582136,2026-10-03,2026-10-03T12:00:00+01:00,FT,638,Kvindeliga,Denmark,2026,Regular Season - 10,KoldingQ W,AGF W,13981,14243,2,1,0,0,,,,,2,1
1591981,2026-10-03,2026-10-03T12:00:00+01:00,FT,1041,Júniores U19,Portugal,2026,Regular Season - 3,Santa Clara U19,SC Farense U19,26301,22518,2,1,2,0,,,,,2,1
1593028,2026-10-03,2026-10-03T12:00:00+01:00,FT,336,Druha Liga,Ukraine,2026,Regular Season - 9,Podillya Khmelnytskyi,Vilkhivtsi,6495,24570,1,2,1,1,,,,,1,2
1593909,2026-10-03,2026-10-03T12:00:00+01:00,FT,633,NB III - Northeast,Hungary,2026,Northeast - 10,Tiszafuredi VSE,Kisvárda II,5147,14122,0,2,0,1,,,,,0,2
1593910,2026-10-03,2026-10-03T12:00:00+01:00,FT,633,NB III - Northeast,Hungary,2026,Northeast - 10,Tiszaújváros,Mátészalka,5149,11760,2,2,2,1,,,,,2,2
1593911,2026-10-03,2026-10-03T12:00:00+01:00,FT,633,NB III - Northeast,Hungary,2026,Northeast - 10,Cigand SE,Gödöllő,2419,11701,2,2,0,1,,,,,2,2
1593912,2026-10-03,2026-10-03T12:00:00+01:00,FT,633,NB III - Northeast,Hungary,2026,Northeast - 10,DEAC,Füzesabony,5082,24493,3,0,1,0,,,,,3,0
1593914,2026-10-03,2026-10-03T12:00:00+01:00,FT,633,NB III - Northeast,Hungary,2026,Northeast - 10,Nyiregyhaza II,Salgótarjáni BTC,24538,5134,0,1,0,0,,,,,0,1
1593915,2026-10-03,2026-10-03T12:00:00+01:00,FT,633,NB III - Northeast,Hungary,2026,Northeast - 10,Ózd Sajóvölgye,Hajdúnánás,26196,24497,9,0,2,0,,,,,9,0
1594148,2026-10-03,2026-10-03T12:00:00+01:00,FT,635,NB III - Northwest,Hungary,2026,Northwest - 10,Király SZE,Balatonalmádi,5112,11750,2,2,1,2,,,,,2,2
1594150,2026-10-03,2026-10-03T12:00:00+01:00,FT,635,NB III - Northwest,Hungary,2026,Northwest - 10,Veszprém,Sárisápi Bányász,7569,5140,1,1,0,1,,,,,1,1
1594151,2026-10-03,2026-10-03T12:00:00+01:00,FT,635,NB III - Northwest,Hungary,2026,Northwest - 10,Zalaegerszegi TE II,Bicskei,11859,7536,3,1,1,0,,,,,3,1
1594153,2026-10-03,2026-10-03T12:00:00+01:00,FT,635,NB III - Northwest,Hungary,2026,Northwest - 10,Komárom,Tatabánya,5113,5145,0,2,0,0,,,,,0,2
1594154,2026-10-03,2026-10-03T12:00:00+01:00,FT,635,NB III - Northwest,Hungary,2026,Northwest - 10,MTE 1904,Puskás II,2412,13155,1,4,1,3,,,,,1,4
1594388,2026-10-03,2026-10-03T12:00:00+01:00,FT,1023,NB III - Southeast,Hungary,2026,Southeast - 10,Szolnoki MAV FC,Gyulai Termál,2416,11729,3,4,1,2,,,,,3,4
1594392,2026-10-03,2026-10-03T12:00:00+01:00,FT,1023,NB III - Southeast,Hungary,2026,Southeast - 10,Bekescsaba 1912,Sándorfalva,2406,24505,0,1,0,1,,,,,0,1
1594393,2026-10-03,2026-10-03T12:00:00+01:00,FT,1023,NB III - Southeast,Hungary,2026,Southeast - 10,Szegedi VSE,ESMTK,7561,5087,1,4,0,2,,,,,1,4
1594629,2026-10-03,2026-10-03T12:00:00+01:00,FT,634,NB III - Southwest,Hungary,2026,Southwest - 10,Dunaharaszti MTK,Siofok,5085,2413,2,1,,,,,,,2,1
1594631,2026-10-03,2026-10-03T12:00:00+01:00,FT,634,NB III - Southwest,Hungary,2026,Southwest - 10,Iváncsa,Sárbogárd,5104,7562,4,1,2,0,,,,,4,1
1594632,2026-10-03,2026-10-03T12:00:00+01:00,FT,634,NB III - Southwest,Hungary,2026,Southwest - 10,Majosi,PTE-PEAC,11784,5127,1,1,0,0,,,,,1,1
1594633,2026-10-03,2026-10-03T12:00:00+01:00,FT,634,NB III - Southwest,Hungary,2026,Southwest - 10,Érdi VSE,Kaposvar,5153,2407,3,1,1,0,,,,,3,1
1594634,2026-10-03,2026-10-03T12:00:00+01:00,FT,634,NB III - Southwest,Hungary,2026,Southwest - 10,Ferencváros II,MTK Budapest II,11861,17064,2,0,0,0,,,,,2,0
1594635,2026-10-03,2026-10-03T12:00:00+01:00,FT,634,NB III - Southwest,Hungary,2026,Southwest - 10,Pécsi MFC,Budafoki LC,5130,2399,2,1,1,0,,,,,2,1
1595565,2026-10-03,2026-10-03T12:00:00+01:00,FT,488,U19 Bundesliga,Germany,2026,Preliminary,Wehen Wiesbaden U19,Kaiserslautern U19,13964,10262,3,1,3,0,,,,,3,1
1595658,2026-10-03,2026-10-03T12:00:00+01:00,FT,488,U19 Bundesliga,Germany,2026,Preliminary,Eintracht Braunsch U19,Chemnitzer FC U19,13961,10250,3,2,1,0,,,,,3,2
1595722,2026-10-03,2026-10-03T12:00:00+01:00,FT,488,U19 Bundesliga,Germany,2026,Preliminary,BAK 07 U19,Magdeburg U19,19441,10267,1,3,1,1,,,,,1,3
1601043,2026-10-03,2026-10-03T12:00:00+01:00,FT,594,Division 2 - Norrland,Sweden,2026,Norrland - Relegation Round,Umea FF,Friska Viljor,11662,12586,0,4,0,0,,,,,0,4
1616108,2026-10-03,2026-10-03T12:00:00+01:00,FT,450,Tercera División RFEF - Group 12,Spain,2026,Group 12 - 5,Panadería Pulido,Anaza,9800,28113,5,2,3,2,,,,,5,2
1630092,2026-10-03,2026-10-03T12:00:00+01:00,FT,1241,U19 league,Serbia,2026,Regular Season - 8,Novi Pazar U19,Cukaricki U19,28275,28266,4,2,2,1,,,,,4,2
1630093,2026-10-03,2026-10-03T12:00:00+01:00,FT,1241,U19 league,Serbia,2026,Regular Season - 8,OFK Beograd U19,Brodarac U19,28274,7891,2,1,0,0,,,,,2,1
1630747,2026-10-03,2026-10-03T12:00:00+01:00,FT,657,Cup,Estonia,2026,Round of 16,Kuressaare,Saku Sporting,3526,14329,4,2,3,1,,,,,4,2
1635428,2026-10-03,2026-10-03T12:00:00+01:00,FT,247,Kakkonen - Lohko A,Finland,2026,Group A,MyPa,PuiU Helsinki,2243,18596,0,2,0,0,,,,,0,2
1637443,2026-10-03,2026-10-03T12:00:00+01:00,FT,1244,B-Liga Women,Denmark,2026,Regular Season - 8,AaB W,Naestved W,13980,28372,1,4,1,3,,,,,1,4
1638580,2026-10-03,2026-10-03T12:00:00+01:00,FT,667,Friendlies Clubs,World,2026,Club Friendlies,Halmstad,Osters IF,766,2174,3,2,2,1,,,,,3,2
1639700,2026-10-03,2026-10-03T12:00:00+01:00,FT,566,Ligue A,Burundi,2026,Regular Season - 5,Rukinzo,Young Star,8070,28129,7,0,,,,,,,7,0
1641096,2026-10-03,2026-10-03T12:00:00+01:00,FT,667,Friendlies Clubs,World,2026,Club Friendlies,Hannover 96,Verl,166,4265,2,0,2,0,,,,,2,0
1641765,2026-10-03,2026-10-03T12:00:00+01:00,FT,174,Cup,Bulgaria,2026,Round of 64,Balkan Botevgrad,Fratria,6389,21836,0,3,0,2,,,,,0,3
1641769,2026-10-03,2026-10-03T12:00:00+01:00,FT,174,Cup,Bulgaria,2026,Round of 64,Botev Novi Pazar,Vihren,8509,5025,1,4,0,1,,,,,1,4
1641770,2026-10-03,2026-10-03T12:00:00+01:00,FT,174,Cup,Bulgaria,2026,Round of 64,Chernomorets Balchik,Etar Veliko Tarnovo,1422,855,2,3,1,2,,,,,2,3
1641771,2026-10-03,2026-10-03T12:00:00+01:00,FT,174,Cup,Bulgaria,2026,Round of 64,Levski Krumovgrad,Spartak Pleven,17306,1418,1,2,1,0,,,,,1,2
1642934,2026-10-03,2026-10-03T12:00:00+01:00,FT,667,Friendlies Clubs,World,2026,Club Friendlies,Cracovia Krakow,Nieciecza,350,3487,2,3,2,0,,,,,2,3
1642935,2026-10-03,2026-10-03T12:00:00+01:00,FT,667,Friendlies Clubs,World,2026,Club Friendlies,SC Freiburg,FC Luzern,160,644,4,2,,,,,,,4,2
1642936,2026-10-03,2026-10-03T12:00:00+01:00,FT,667,Friendlies Clubs,World,2026,Club Friendlies,Genk,Fortuna Sittard,742,205,1,2,1,0,,,,,1,2
1642937,2026-10-03,2026-10-03T12:00:00+01:00,FT,667,Friendlies Clubs,World,2026,Club Friendlies,Malmo FF,FC Nordsjaelland,375,398,3,0,1,0,,,,,3,0
1642938,2026-10-03,2026-10-03T12:00:00+01:00,FT,667,Friendlies Clubs,World,2026,Club Friendlies,Waldhof Mannheim,FSV Mainz 05,4268,164,0,3,0,2,,,,,0,3
1642939,2026-10-03,2026-10-03T12:00:00+01:00,NS,667,Friendlies Clubs,World,2026,Club Friendlies,Radomiak Radom,ŁKS Łódź,4248,3498,,,,,,,,,,
1642940,2026-10-03,2026-10-03T12:00:00+01:00,FT,667,Friendlies Clubs,World,2026,Club Friendlies,Sandviken,GIF Sundsvall,6697,373,1,0,,,,,,,1,0
1642941,2026-10-03,2026-10-03T12:00:00+01:00,FT,667,Friendlies Clubs,World,2026,Club Friendlies,FC Thun,SC Kriens,1012,2186,2,0,1,0,,,,,2,0
1643226,2026-10-03,2026-10-03T12:00:00+01:00,FT,667,Friendlies Clubs,World,2026,Club Friendlies,Fehérvár FC,Ujpest,610,2255,1,1,1,1,,,,,1,1
1643254,2026-10-03,2026-10-03T12:00:00+01:00,FT,962,Premier League,Lesotho,2026,Regular Season - 5,SC Villa,Members,12457,26611,0,1,0,0,,,,,0,1
1530014,2026-10-03,2026-10-03T12:30:00+01:00,FT,649,Supreme Division Women,Russia,2026,Regular Season - 21,Spartak Moskva W,Zenit W,23214,14134,0,1,0,1,,,,,0,1
1557299,2026-10-03,2026-10-03T12:30:00+01:00,FT,146,Super League Women,Belgium,2026,Regular Season - 5,Club Brugge W,Anderlecht W,6344,1792,3,1,1,0,,,,,3,1
1563781,2026-10-03,2026-10-03T12:30:00+01:00,FT,42,League Two,England,2026,Regular Season - 9,Chesterfield,Tranmere,1345,1381,4,2,1,0,,,,,4,2
1580248,2026-10-03,2026-10-03T12:30:00+01:00,FT,744,Oberliga - Schleswig-Holstein,Germany,2026,Schleswig-Holstein - 11,Holstein Kiel II,Hohenwestedt,9344,21943,4,0,2,0,,,,,4,0
1581926,2026-10-03,2026-10-03T12:30:00+01:00,FT,334,Persha Liga,Ukraine,2026,Regular Season - 10,Prykarpattia,Metal Kharkiv,3631,14437,0,0,0,0,,,,,0,0
1588987,2026-10-03,2026-10-03T12:30:00+01:00,FT,748,Oberliga - Niedersachsen,Germany,2026,Niedersachsen - 9,Verden 04,Heeslinger SC,19721,12782,4,1,2,0,,,,,4,1
1590410,2026-10-03,2026-10-03T12:30:00+01:00,FT,552,3. Lig - Group 1,Turkey,2026,3. Lig Group 1 - 5,Pazarspor,Küçükçekmece Sinopspor,7420,21994,3,1,1,1,,,,,3,1
1591018,2026-10-03,2026-10-03T12:30:00+01:00,FT,554,3. Lig - Group 3,Turkey,2026,3. Lig Group 3 - 5,Ağrı 1970,Diyarbekirspor,6509,7398,2,1,0,1,,,,,2,1
1591019,2026-10-03,2026-10-03T12:30:00+01:00,FT,554,3. Lig - Group 3,Turkey,2026,3. Lig Group 3 - 5,Bitlis Özgüzelderespor,Adana Adaletgucu,6513,27999,5,0,2,0,,,,,5,0
1591024,2026-10-03,2026-10-03T12:30:00+01:00,AWD,554,3. Lig - Group 3,Turkey,2026,3. Lig Group 3 - 5,Yeni Malatyaspor,Karaköprü Belediyespor,999,7408,,,,,,,,,0,0
1591632,2026-10-03,2026-10-03T12:30:00+01:00,FT,205,2. Lig,Turkey,2026,2. Lig Red Group - 5,1461 Trabzon FK,Serik Spor,6340,7421,4,1,2,0,,,,,4,1
1595742,2026-10-03,2026-10-03T12:30:00+01:00,FT,488,U19 Bundesliga,Germany,2026,Preliminary,St. Pauli U19,Hansa Rostock U19,10272,15741,3,2,2,1,,,,,3,2
1640050,2026-10-03,2026-10-03T12:30:00+01:00,FT,667,Friendlies Clubs,World,2026,Club Friendlies,Hammarby FF,Vasteras SK FK,363,2241,1,0,,,,,,,1,0
1641626,2026-10-03,2026-10-03T12:30:00+01:00,FT,45,FA Cup,England,2026,3rd Round Qualifying,Brentwood Town,Dagenham & Redbridge,7216,1821,3,1,1,0,,,,,3,1
1643227,2026-10-03,2026-10-03T12:30:00+01:00,FT,667,Friendlies Clubs,World,2026,Club Friendlies,Fakel,FC Vitebsk,1993,382,1,0,,,,,,,1,0
1643228,2026-10-03,2026-10-03T12:30:00+01:00,FT,667,Friendlies Clubs,World,2026,Club Friendlies,Lech Poznan,Energie Cottbus,347,1320,2,2,1,1,,,,,2,2
1643505,2026-10-03,2026-10-03T12:30:00+01:00,FT,667,Friendlies Clubs,World,2026,Club Friendlies,Crystal Palace,Bristol City,52,56,0,2,0,1,,,,,0,2
1636935,2026-10-03,2026-10-03T12:45:00+01:00,FT,494,Super League 2,Greece,2026,Regular Season - 5,Niki Volos,Larisa,5056,953,2,2,2,1,,,,,2,2
1643255,2026-10-03,2026-10-03T12:45:00+01:00,FT,962,Premier League,Lesotho,2026,Regular Season - 5,Limkokwing University,Linare,25064,20981,1,1,0,0,,,,,1,1
1496167,2026-10-03,2026-10-03T13:00:00+01:00,FT,473,2. Division - Group 1,Norway,2026,Regular Season - 22,Pors Grenland,Vidar,7020,7046,4,1,1,1,,,,,4,1
1496345,2026-10-03,2026-10-03T13:00:00+01:00,FT,474,2. Division - Group 2,Norway,2026,Regular Season - 22,Grorud,Lørenskog,6993,7008,4,0,1,0,,,,,4,0
1496347,2026-10-03,2026-10-03T13:00:00+01:00,FT,474,2. Division - Group 2,Norway,2026,Regular Season - 22,Skeid,Hønefoss,2239,6998,4,3,2,1,,,,,4,3
1496350,2026-10-03,2026-10-03T13:00:00+01:00,FT,474,2. Division - Group 2,Norway,2026,Regular Season - 22,Ull/Kisa,Kjelsås,2154,7001,1,2,1,1,,,,,1,2
1496532,2026-10-03,2026-10-03T13:00:00+01:00,FT,774,3. Division - Girone 1,Norway,2026,Regular Season - 22,Union Carl Berner,Lokomotiv Oslo,23423,7005,4,1,3,1,,,,,4,1
1496711,2026-10-03,2026-10-03T13:00:00+01:00,FT,775,3. Division - Girone 2,Norway,2026,Regular Season - 22,Nardo,Strindheim,7014,12864,0,1,0,1,,,,,0,1
1496890,2026-10-03,2026-10-03T13:00:00+01:00,FT,776,3. Division - Girone 3,Norway,2026,Regular Season - 22,Brann II,Varegg,16218,19719,1,2,0,0,,,,,1,2
1496893,2026-10-03,2026-10-03T13:00:00+01:00,FT,776,3. Division - Girone 3,Norway,2026,Regular Season - 22,Gneist,Djerv,18925,16216,0,5,0,2,,,,,0,5
1496894,2026-10-03,2026-10-03T13:00:00+01:00,FT,776,3. Division - Girone 3,Norway,2026,Regular Season - 22,Os,Askøy,12825,22870,0,0,0,0,,,,,0,0
1497072,2026-10-03,2026-10-03T13:00:00+01:00,FT,777,3. Division - Girone 4,Norway,2026,Regular Season - 22,Åkra,Mandalskameratene,7049,12812,0,4,0,1,,,,,0,4
1497437,2026-10-03,2026-10-03T13:00:00+01:00,FT,779,3. Division - Girone 6,Norway,2026,Regular Season - 22,Drøbak / Frogn,Sarpsborg 08 II,21349,16215,4,1,1,1,,,,,4,1
1497439,2026-10-03,2026-10-03T13:00:00+01:00,FT,779,3. Division - Girone 6,Norway,2026,Regular Season - 22,Fram,Sandefjord II,6986,21418,1,1,0,0,,,,,1,1
1497440,2026-10-03,2026-10-03T13:00:00+01:00,FT,779,3. Division - Girone 6,Norway,2026,Regular Season - 22,Lillehammer,Oppsal,18437,7018,4,2,1,0,,,,,4,2
1497442,2026-10-03,2026-10-03T13:00:00+01:00,FT,779,3. Division - Girone 6,Norway,2026,Regular Season - 22,Gjøvik-Lyn,Raelingen,6992,27278,5,0,1,0,,,,,5,0
1501494,2026-10-03,2026-10-03T13:00:00+01:00,FT,736,Elitettan,Sweden,2026,Regular Season - 21,Häcken II W,Örebro SK W,20820,16028,2,3,0,2,,,,,2,3
1501497,2026-10-03,2026-10-03T13:00:00+01:00,FT,736,Elitettan,Sweden,2026,Regular Season - 21,Trelleborg W,Elfsborg W,17639,21693,2,4,1,2,,,,,2,4
1503715,2026-10-03,2026-10-03T13:00:00+01:00,FT,736,Elitettan,Sweden,2026,Regular Season - 21,Gamla Upsala W,Enskede W,16032,16030,1,2,0,1,,,,,1,2
1510690,2026-10-03,2026-10-03T13:00:00+01:00,FT,592,Division 2 - Norra Götaland,Sweden,2026,Norra Götaland - 24,Skara,Kumla,25569,12598,3,1,2,1,,,,,3,1
1534460,2026-10-03,2026-10-03T13:00:00+01:00,FT,117,1. Division,Belarus,2026,Regular Season - 27,Gomel II,FC Energetik-Bgu Minsk,23433,2433,0,3,0,0,,,,,0,3
1535664,2026-10-03,2026-10-03T13:00:00+01:00,FT,915,1. Division Women,Norway,2026,Regular Season - 20,Viking FK W,Bryne W,22860,27218,2,1,2,0,,,,,2,1
1536046,2026-10-03,2026-10-03T13:00:00+01:00,FT,651,Second League - Group 1,Russia,2026,Group 1 - 26,Angust Nazran,Pobeda,23314,22171,1,0,0,0,,,,,1,0
1536280,2026-10-03,2026-10-03T13:00:00+01:00,FT,651,Second League - Group 1,Russia,2026,Group 1 - 26,Sevastopol,Lugansk,13240,27647,2,0,1,0,,,,,2,0
1536281,2026-10-03,2026-10-03T13:00:00+01:00,FT,651,Second League - Group 1,Russia,2026,Group 1 - 26,Kyzyltash,Shahter Taganrog,17680,27648,2,1,0,1,,,,,2,1
1536284,2026-10-03,2026-10-03T13:00:00+01:00,FT,651,Second League - Group 1,Russia,2026,Group 1 - 26,Rubin Yalta,FK Chayka 2,17682,27644,4,0,2,0,,,,,4,0
1536712,2026-10-03,2026-10-03T13:00:00+01:00,FT,650,Second League - Group 3,Russia,2026,Group 3 - 26,Kvant,Shumbrat,6807,26148,2,2,1,1,,,,,2,2
1536714,2026-10-03,2026-10-03T13:00:00+01:00,FT,650,Second League - Group 3,Russia,2026,Group 3 - 26,Orel,Strogino,23318,6829,1,0,0,0,,,,,1,0
1536715,2026-10-03,2026-10-03T13:00:00+01:00,FT,650,Second League - Group 3,Russia,2026,Group 3 - 26,Rodina Moskva III,Arsenal Tula II,19448,17720,1,0,1,0,,,,,1,0
1566803,2026-10-03,2026-10-03T13:00:00+01:00,FT,938,Oberliga - Bayern Nord,Germany,2026,Bayern Nord - 13,Ammerthal,Neudrossenfeld,14619,21526,1,2,1,2,,,,,1,2
1566804,2026-10-03,2026-10-03T13:00:00+01:00,FT,938,Oberliga - Bayern Nord,Germany,2026,Bayern Nord - 13,Fortuna Regensburg,Jahn Regensburg II,19226,12798,2,2,0,1,,,,,2,2
1566807,2026-10-03,2026-10-03T13:00:00+01:00,FT,938,Oberliga - Bayern Nord,Germany,2026,Bayern Nord - 13,Stadeln,Gebenbach,26067,19228,1,0,1,0,,,,,1,0
1567083,2026-10-03,2026-10-03T13:00:00+01:00,FT,939,Oberliga - Bayern Süd,Germany,2026,Bayern Süd - 13,Heimstetten,Erlbach,9329,19220,0,0,0,0,,,,,0,0
1567086,2026-10-03,2026-10-03T13:00:00+01:00,FT,939,Oberliga - Bayern Süd,Germany,2026,Bayern Süd - 13,Pipinsried,Ismaning,12832,12796,2,1,2,0,,,,,2,1
1567087,2026-10-03,2026-10-03T13:00:00+01:00,FT,939,Oberliga - Bayern Süd,Germany,2026,Bayern Süd - 13,Schalding-Heining,1880 Wasserburg,9334,12725,3,4,1,1,,,,,3,4
1567089,2026-10-03,2026-10-03T13:00:00+01:00,FT,939,Oberliga - Bayern Süd,Germany,2026,Bayern Süd - 13,Schwabmünchen,Gundelfingen,12850,19234,2,1,1,1,,,,,2,1
1567262,2026-10-03,2026-10-03T13:00:00+01:00,FT,939,Oberliga - Bayern Süd,Germany,2026,Bayern Süd - 13,Pfaffenhofen,Deisenhofen,27899,12751,4,2,1,1,,,,,4,2
1568811,2026-10-03,2026-10-03T13:00:00+01:00,FT,781,III Liga - Group 2,Poland,2026,Group II - 11,Stargard Szczeciński,Kalisz,6959,12801,5,0,4,0,,,,,5,0
1568815,2026-10-03,2026-10-03T13:00:00+01:00,NS,781,III Liga - Group 2,Poland,2026,Group II - 11,Kluczevia Stargard,Lech Poznań II,17398,9133,,,,,,,,,,
1568816,2026-10-03,2026-10-03T13:00:00+01:00,FT,781,III Liga - Group 2,Poland,2026,Group II - 11,Lipno Stęszew,Chemik Bydgoszcz,26180,6934,0,1,0,0,,,,,0,1
1568817,2026-10-03,2026-10-03T13:00:00+01:00,NS,781,III Liga - Group 2,Poland,2026,Group II - 11,Noteć Czarnków,Flota Świnoujście,21657,16246,,,,,,,,,,
1569948,2026-10-03,2026-10-03T13:00:00+01:00,FT,141,Segunda División,Spain,2026,Regular Season - 8,Albacete,Eibar,722,545,1,3,1,0,,,,,1,3
1573868,2026-10-03,2026-10-03T13:00:00+01:00,FT,223,Regionalliga - West,Austria,2026,West - 10,Lochau,Lustenau,8359,8361,1,1,1,1,,,,,1,1
1574629,2026-10-03,2026-10-03T13:00:00+01:00,FT,484,Frauenliga,Austria,2026,Regular Season - 9,LASK W,Südburgenland W,24440,10228,0,1,0,0,,,,,0,1
1574631,2026-10-03,2026-10-03T13:00:00+01:00,FT,484,Frauenliga,Austria,2026,Regular Season - 9,Rheindorf Altach W,Kleinmünchen / BW Linz W,24441,19165,6,1,2,1,,,,,6,1
1575809,2026-10-03,2026-10-03T13:00:00+01:00,FT,122,2. Division,Denmark,2026,Regular Season - 10,Middelfart,FA 2000,6042,8634,1,0,0,0,,,,,1,0
1575810,2026-10-03,2026-10-03T13:00:00+01:00,FT,122,2. Division,Denmark,2026,Regular Season - 10,Skive,HIK,2068,6021,2,0,1,0,,,,,2,0
1577794,2026-10-03,2026-10-03T13:00:00+01:00,FT,862,3. Division,Denmark,2026,Regular Season - 10,Brønshøj,Frem,6012,6018,1,1,1,1,,,,,1,1
1577795,2026-10-03,2026-10-03T13:00:00+01:00,FT,862,3. Division,Denmark,2026,Regular Season - 10,Hørsholm-Usserød,FC Helsingor,11507,2062,3,1,1,0,,,,,3,1
1577796,2026-10-03,2026-10-03T13:00:00+01:00,FT,862,3. Division,Denmark,2026,Regular Season - 10,Næsby,Holstebro,8635,6028,4,0,2,0,,,,,4,0
1577797,2026-10-03,2026-10-03T13:00:00+01:00,FT,862,3. Division,Denmark,2026,Regular Season - 10,Sundby,Vanløse,11566,6065,0,1,0,0,,,,,0,1
1577959,2026-10-03,2026-10-03T13:00:00+01:00,FT,349,3. liga - MSFL,Czech-Republic,2026,MSFL - 10,Vsetín,Slovácko II,7377,8623,1,0,0,0,,,,,1,0
1579483,2026-10-03,2026-10-03T13:00:00+01:00,FT,492,Tweede Divisie,Netherlands,2026,Regular Season - 8,Koninklijke HFC,Quick Boys,1246,1272,2,3,1,2,,,,,2,3
1580242,2026-10-03,2026-10-03T13:00:00+01:00,FT,744,Oberliga - Schleswig-Holstein,Germany,2026,Schleswig-Holstein - 11,Kaltenkirchen,VfR Neumünster,26175,13940,1,3,1,0,,,,,1,3
1580243,2026-10-03,2026-10-03T13:00:00+01:00,FT,744,Oberliga - Schleswig-Holstein,Germany,2026,Schleswig-Holstein - 11,Nordmark Satrup,Rotenhof,21946,24434,0,1,0,0,,,,,0,1
1580245,2026-10-03,2026-10-03T13:00:00+01:00,FT,744,Oberliga - Schleswig-Holstein,Germany,2026,Schleswig-Holstein - 11,Eckernförder SV,Kilia Kiel,16068,14500,1,6,0,1,,,,,1,6
1580247,2026-10-03,2026-10-03T13:00:00+01:00,FT,744,Oberliga - Schleswig-Holstein,Germany,2026,Schleswig-Holstein - 11,Lübeck II,Union Neumünster,16072,16076,2,1,0,0,,,,,2,1
1581137,2026-10-03,2026-10-03T13:00:00+01:00,FT,750,Oberliga - Hessen,Germany,2026,Hessen - 12,Bayern Alzenau,Unter-Flockenbach,9361,14808,3,0,2,0,,,,,3,0
1581139,2026-10-03,2026-10-03T13:00:00+01:00,FT,750,Oberliga - Hessen,Germany,2026,Hessen - 12,Vfb Marburg,Kassel,17323,26172,2,0,1,0,,,,,2,0
1582447,2026-10-03,2026-10-03T13:00:00+01:00,FT,753,Oberliga - Baden-Württemberg,Germany,2026,Baden-Württemberg - 10,Backnang,Bahlinger SC,16113,9359,3,1,0,0,,,,,3,1
1582448,2026-10-03,2026-10-03T13:00:00+01:00,FT,753,Oberliga - Baden-Württemberg,Germany,2026,Baden-Württemberg - 10,Normannia Gmünd,TSV Singen,19257,26167,3,2,2,0,,,,,3,2
1586240,2026-10-03,2026-10-03T13:00:00+01:00,FT,83,Regionalliga - Bayern,Germany,2026,Bayern - 12,Bayreuth,Landsberg,9325,14717,5,0,2,0,,,,,5,0
1586242,2026-10-03,2026-10-03T13:00:00+01:00,FT,83,Regionalliga - Bayern,Germany,2026,Bayern - 12,Eichstätt,Wacker Burghausen,4262,9337,1,0,0,0,,,,,1,0
1586243,2026-10-03,2026-10-03T13:00:00+01:00,FT,83,Regionalliga - Bayern,Germany,2026,Bayern - 12,Greuther Fürth II,Bayern München II,9328,4674,1,1,1,0,,,,,1,1
1586244,2026-10-03,2026-10-03T13:00:00+01:00,FT,83,Regionalliga - Bayern,Germany,2026,Bayern - 12,TSV 1860 München,Ansbach,786,14621,4,0,0,0,,,,,4,0
1586245,2026-10-03,2026-10-03T13:00:00+01:00,FT,83,Regionalliga - Bayern,Germany,2026,Bayern - 12,Nürnberg II,Augsburg II,9332,9324,3,0,1,0,,,,,3,0
1586246,2026-10-03,2026-10-03T13:00:00+01:00,FT,83,Regionalliga - Bayern,Germany,2026,Bayern - 12,Schwaben Augsburg,Vilzing,12849,12893,3,1,2,0,,,,,3,1
1586582,2026-10-03,2026-10-03T13:00:00+01:00,FT,84,Regionalliga - Nord,Germany,2026,North - 12,SV Drochtersen/Assel,SSV Jeddeloh,1623,1655,7,2,4,1,,,,,7,2
1586588,2026-10-03,2026-10-03T13:00:00+01:00,PST,84,Regionalliga - Nord,Germany,2026,North - 12,Eintracht Norderstedt,Bremer SV,1631,1630,,,,,,,,,,
1586589,2026-10-03,2026-10-03T13:00:00+01:00,FT,84,Regionalliga - Nord,Germany,2026,North - 12,Weiche Flensburg,VfB Oldenburg,1649,9347,3,2,1,1,,,,,3,2
1587174,2026-10-03,2026-10-03T13:00:00+01:00,FT,86,Regionalliga - SudWest,Germany,2026,Sudwest - 10,VfR Aalen,FSV Frankfurt,1327,1332,4,1,1,0,,,,,4,1
1587176,2026-10-03,2026-10-03T13:00:00+01:00,FT,86,Regionalliga - SudWest,Germany,2026,Sudwest - 10,Eintracht Trier,FC Astoria Walldorf,1627,1626,1,4,0,3,,,,,1,4
1587177,2026-10-03,2026-10-03T13:00:00+01:00,FT,86,Regionalliga - SudWest,Germany,2026,Sudwest - 10,FC 08 Homburg,Barockstadt Fulda-Lehn.,1634,12735,1,1,0,0,,,,,1,1
1587178,2026-10-03,2026-10-03T13:00:00+01:00,FT,86,Regionalliga - SudWest,Germany,2026,Sudwest - 10,SGV Freiberg,TSV Steinbach,12846,1656,2,2,0,1,,,,,2,2
1587179,2026-10-03,2026-10-03T13:00:00+01:00,FT,86,Regionalliga - SudWest,Germany,2026,Sudwest - 10,Hessen Kassel,SSV Ulm 1846,12788,1652,2,2,1,0,,,,,2,2
1587180,2026-10-03,2026-10-03T13:00:00+01:00,FT,86,Regionalliga - SudWest,Germany,2026,Sudwest - 10,FSV Mainz 05 II,Freiburg II,1331,9363,0,2,0,2,,,,,0,2
1587490,2026-10-03,2026-10-03T13:00:00+01:00,FT,87,Regionalliga - West,Germany,2026,West - 11,FC Bocholt,FC Gutersloh,12764,14485,3,4,2,3,,,,,3,4
1587492,2026-10-03,2026-10-03T13:00:00+01:00,FT,87,Regionalliga - West,Germany,2026,West - 11,Hilden,Bergisch Gladbach,12790,9366,4,2,2,2,,,,,4,2
1587494,2026-10-03,2026-10-03T13:00:00+01:00,FT,87,Regionalliga - West,Germany,2026,West - 11,SV Rodinghausen,Sportfreunde Lotte,1650,1323,2,1,0,0,,,,,2,1
1587496,2026-10-03,2026-10-03T13:00:00+01:00,FT,87,Regionalliga - West,Germany,2026,West - 11,SG Wattenscheid 09,Wiedenbrück,1629,12897,3,1,2,1,,,,,3,1
1590413,2026-10-03,2026-10-03T13:00:00+01:00,FT,552,3. Lig - Group 1,Turkey,2026,3. Lig Group 1 - 5,Zonguldak Kömürspor,Düzcespor,3611,7399,0,0,0,0,,,,,0,0
1590711,2026-10-03,2026-10-03T13:00:00+01:00,FT,553,3. Lig - Group 2,Turkey,2026,3. Lig Group 2 - 5,Akşehirspor,Eskişehirspor,6508,3572,0,3,0,2,,,,,0,3
1590716,2026-10-03,2026-10-03T13:00:00+01:00,FT,553,3. Lig - Group 2,Turkey,2026,3. Lig Group 2 - 5,Anadolu Üniversitesi,Denizli İYG,21997,26470,2,0,1,0,,,,,2,0
1590717,2026-10-03,2026-10-03T13:00:00+01:00,FT,553,3. Lig - Group 2,Turkey,2026,3. Lig Group 2 - 5,Etimesgut SK,Uşak Spor,3587,3610,1,0,1,0,,,,,1,0
1590718,2026-10-03,2026-10-03T13:00:00+01:00,FT,553,3. Lig - Group 2,Turkey,2026,3. Lig Group 2 - 5,Kepezspor,Karsiyaka,6529,7409,0,1,0,0,,,,,0,1
1591017,2026-10-03,2026-10-03T13:00:00+01:00,FT,554,3. Lig - Group 3,Turkey,2026,3. Lig Group 3 - 5,Adanaspor,Mazıdağı Fosfatspor,3564,20295,1,2,0,1,,,,,1,2
1591020,2026-10-03,2026-10-03T13:00:00+01:00,FT,554,3. Lig - Group 3,Turkey,2026,3. Lig Group 3 - 5,Karaman FK,Kırşehir Belediyespor,6526,6341,1,7,0,5,,,,,1,7
1591021,2026-10-03,2026-10-03T13:00:00+01:00,FT,554,3. Lig - Group 3,Turkey,2026,3. Lig Group 3 - 5,Kırıkkale Büyük Anadolu,Yeni Mersin Idmanyurdu,6531,6546,3,0,1,0,,,,,3,0
1591022,2026-10-03,2026-10-03T13:00:00+01:00,FT,554,3. Lig - Group 3,Turkey,2026,3. Lig Group 3 - 5,Osmaniyespor,Talasgücü Belediyespor,7418,21995,2,4,0,1,,,,,2,4
1591023,2026-10-03,2026-10-03T13:00:00+01:00,FT,554,3. Lig - Group 3,Turkey,2026,3. Lig Group 3 - 5,Silifke Belediyespor,Niğde Belediyesispor,21998,22445,0,3,0,1,,,,,0,3
1591325,2026-10-03,2026-10-03T13:00:00+01:00,FT,205,2. Lig,Turkey,2026,2. Lig White Group - 5,Erbaaspor,Aliağa FAŞ,7401,21993,2,4,0,2,,,,,2,4
1593146,2026-10-03,2026-10-03T13:00:00+01:00,FT,82,Frauen Bundesliga,Germany,2026,Regular Season - 6,RB Leipzig W,Mainz 05 W,20501,21564,5,0,0,0,,,,,5,0
1595774,2026-10-03,2026-10-03T13:00:00+01:00,FT,488,U19 Bundesliga,Germany,2026,Preliminary,Viktoria Köln U19,Saarbrücken U19,10276,14031,4,3,2,2,,,,,4,3
1598926,2026-10-03,2026-10-03T13:00:00+01:00,FT,752,Oberliga - Rheinland-Pfalz / Saar,Germany,2026,Rheinland-Pfalz/Saar - 11,Wormatia Worms,Mechtersheim,1663,14724,2,2,1,1,,,,,2,2
1601042,2026-10-03,2026-10-03T13:00:00+01:00,FT,594,Division 2 - Norrland,Sweden,2026,Norrland - Promotion Round,Lucksta,IFK Östersund,18999,6681,2,5,,,,,,,2,5
1601044,2026-10-03,2026-10-03T13:00:00+01:00,FT,594,Division 2 - Norrland,Sweden,2026,Norrland - Promotion Round,Gottne,Boden,6669,11665,4,2,3,0,,,,,4,2
1601045,2026-10-03,2026-10-03T13:00:00+01:00,FT,594,Division 2 - Norrland,Sweden,2026,Norrland - Promotion Round,Täfteå,Kubikenborg,12592,24030,0,4,0,2,,,,,0,4
1612481,2026-10-03,2026-10-03T13:00:00+01:00,FT,640,Kansallinen Liiga,Finland,2026,Championship Playoffs - 8,Ilves W,KuPS W,13991,13997,3,3,1,0,,,,,3,3
1619448,2026-10-03,2026-10-03T13:00:00+01:00,FT,1195,Liga E Pare,Kosovo,2026,Regular Season - 8,2 Korriku,Trepça'89,14398,3885,1,0,1,0,,,,,1,0
1619449,2026-10-03,2026-10-03T13:00:00+01:00,FT,1195,Liga E Pare,Kosovo,2026,Regular Season - 8,Dinamo Ferizaj,Prishtina e Re,22815,22816,2,0,1,0,,,,,2,0
1619450,2026-10-03,2026-10-03T13:00:00+01:00,FT,1195,Liga E Pare,Kosovo,2026,Regular Season - 8,KF Lepenci,Tefik Canga,27238,26793,2,1,2,0,,,,,2,1
1619451,2026-10-03,2026-10-03T13:00:00+01:00,FT,1195,Liga E Pare,Kosovo,2026,Regular Season - 8,Kika,Suhareka,15574,22817,0,0,0,0,,,,,0,0
1619452,2026-10-03,2026-10-03T13:00:00+01:00,NS,1195,Liga E Pare,Kosovo,2026,Regular Season - 8,Mitrovica,Liria Prizren,26099,14402,,,,,,,,,,
1619453,2026-10-03,2026-10-03T13:00:00+01:00,FT,1195,Liga E Pare,Kosovo,2026,Regular Season - 8,Ramiz Sadiku,Ferizaj,15579,14394,0,0,0,0,,,,,0,0
1619454,2026-10-03,2026-10-03T13:00:00+01:00,FT,1195,Liga E Pare,Kosovo,2026,Regular Season - 8,Rilindja 1974,Istogu,20689,15572,0,2,,,,,,,0,2
1619455,2026-10-03,2026-10-03T13:00:00+01:00,FT,1195,Liga E Pare,Kosovo,2026,Regular Season - 8,Trepça Mitrovicë,FC Besa Peja,14403,25421,1,0,,,,,,,1,0
1619456,2026-10-03,2026-10-03T13:00:00+01:00,FT,1195,Liga E Pare,Kosovo,2026,Regular Season - 8,Vëllaznimi,Vjosa,15582,20690,0,1,0,1,,,,,0,1
1623503,2026-10-03,2026-10-03T13:00:00+01:00,NS,728,Liga 1 Feminin,Romania,2026,Regular Season - 7,Olimpia Cluj W,Gloria Bistrița-Năsăud W,10899,22191,,,,,,,,,,
1632352,2026-10-03,2026-10-03T13:00:00+01:00,FT,10,Friendlies,World,2026,Friendly International,Netherlands U19,Austria U19,10340,10326,0,1,0,1,,,,,0,1
1632356,2026-10-03,2026-10-03T13:00:00+01:00,FT,10,Friendlies,World,2026,Friendly International,Netherlands U17,Belgium U17,12514,17942,1,5,,,,,,,1,5
1632858,2026-10-03,2026-10-03T13:00:00+01:00,NS,784,Liga III - Serie 1,Romania,2026,Group 1 - 7,CSM Adjud,Ceahlăul Piatra Neamţ,21665,6852,,,,,,,,,,
1632860,2026-10-03,2026-10-03T13:00:00+01:00,NS,784,Liga III - Serie 1,Romania,2026,Group 1 - 7,Bradul Putna,Viitorul Onesti,28038,6923,,,,,,,,,,
1632861,2026-10-03,2026-10-03T13:00:00+01:00,NS,784,Liga III - Serie 1,Romania,2026,Group 1 - 7,CSM FC Vaslui,USV Iaşi,7467,21678,,,,,,,,,,
1632863,2026-10-03,2026-10-03T13:00:00+01:00,NS,784,Liga III - Serie 1,Romania,2026,Group 1 - 7,Gheorgheni,FC Bacău II,7473,26675,,,,,,,,,,
1632990,2026-10-03,2026-10-03T13:00:00+01:00,NS,785,Liga III - Serie 2,Romania,2026,Group 2 - 7,Carpati Covasna,Baicoi,28323,24839,,,,,,,,,,
1632991,2026-10-03,2026-10-03T13:00:00+01:00,NS,785,Liga III - Serie 2,Romania,2026,Group 2 - 7,Săcele,ACS Mediaş 2022,6905,22208,,,,,,,,,,
1632995,2026-10-03,2026-10-03T13:00:00+01:00,NS,785,Liga III - Serie 2,Romania,2026,Group 2 - 7,Tricolorul Breaza,ARO Muscelul Câmpulung,22203,22202,,,,,,,,,,
1633122,2026-10-03,2026-10-03T13:00:00+01:00,NS,786,Liga III - Serie 3,Romania,2026,Group 3 - 7,Berca,Voința Crevedia,28040,26678,,,,,,,,,,
1633124,2026-10-03,2026-10-03T13:00:00+01:00,NS,786,Liga III - Serie 3,Romania,2026,Group 3 - 7,Plopeni,Pucioasa,16293,6893,,,,,,,,,,
1633125,2026-10-03,2026-10-03T13:00:00+01:00,NS,786,Liga III - Serie 3,Romania,2026,Group 3 - 7,Păuleşti,Progresul Draganesti,6894,28331,,,,,,,,,,
1633127,2026-10-03,2026-10-03T13:00:00+01:00,NS,786,Liga III - Serie 3,Romania,2026,Group 3 - 7,Tunari,Viitorul Corbeanca,6908,28324,,,,,,,,,,
1633254,2026-10-03,2026-10-03T13:00:00+01:00,NS,787,Liga III - Serie 4,Romania,2026,Group 4 - 7,Agricola Borcea,Sporting Lieşti,6841,6899,,,,,,,,,,
1633255,2026-10-03,2026-10-03T13:00:00+01:00,NS,787,Liga III - Serie 4,Romania,2026,Group 4 - 7,Axiopolis,Recolta Gheorghe Doja,6847,14592,,,,,,,,,,
1633259,2026-10-03,2026-10-03T13:00:00+01:00,NS,787,Liga III - Serie 4,Romania,2026,Group 4 - 7,Progresul Fundulea,Gloria Băneasa,19180,21430,,,,,,,,,,
1633389,2026-10-03,2026-10-03T13:00:00+01:00,NS,788,Liga III - Serie 5,Romania,2026,Group 5 - 7,Dunărea 2020 Giurgiu,Progresul Mogosoaia,14582,26677,,,,,,,,,,
1633520,2026-10-03,2026-10-03T13:00:00+01:00,NS,789,Liga III - Serie 6,Romania,2026,Group 6 - 7,Minerul Lupeni,Oltul Curtişoara,24371,19179,,,,,,,,,,
1633521,2026-10-03,2026-10-03T13:00:00+01:00,NS,789,Liga III - Serie 6,Romania,2026,Group 6 - 7,Păușești,CS U Craiova II,26201,16296,,,,,,,,,,
1633650,2026-10-03,2026-10-03T13:00:00+01:00,NS,790,Liga III - Serie 7,Romania,2026,Group 7 - 7,Cetate Deva,Ghiroda şi Giarmata Vii,6853,6865,,,,,,,,,,
1633651,2026-10-03,2026-10-03T13:00:00+01:00,NS,790,Liga III - Serie 7,Romania,2026,Group 7 - 7,Nera Bogodinţi,Timişul Şag,19178,24842,,,,,,,,,,
1633653,2026-10-03,2026-10-03T13:00:00+01:00,NS,790,Liga III - Serie 7,Romania,2026,Group 7 - 7,Progresul Pecica,CIL Blaj,7483,24841,,,,,,,,,,
1633655,2026-10-03,2026-10-03T13:00:00+01:00,NS,790,Liga III - Serie 7,Romania,2026,Group 7 - 7,Viitorul Arad,Unirea Alba Iulia,21680,6911,,,,,,,,,,
1633784,2026-10-03,2026-10-03T13:00:00+01:00,NS,791,Liga III - Serie 8,Romania,2026,Group 8 - 7,Bihorul Beiuş,Sănătatea Cluj,24362,6906,,,,,,,,,,
1633785,2026-10-03,2026-10-03T13:00:00+01:00,NS,791,Liga III - Serie 8,Romania,2026,Group 8 - 7,SCM Zalău,Crişul Sântandrei,7488,19172,,,,,,,,,,
1635455,2026-10-03,2026-10-03T13:00:00+01:00,FT,248,Kakkonen - Lohko B,Finland,2026,Group B,NJS,EBK,9177,13552,3,0,2,0,,,,,3,0
1636937,2026-10-03,2026-10-03T13:00:00+01:00,FT,494,Super League 2,Greece,2026,Regular Season - 5,Panthrakikos,Panserraikos,2090,2099,1,1,0,1,,,,,1,1
1637445,2026-10-03,2026-10-03T13:00:00+01:00,FT,1244,B-Liga Women,Denmark,2026,Regular Season - 8,Viborg W,B 93 W,28373,13987,0,2,0,1,,,,,0,2
1637654,2026-10-03,2026-10-03T13:00:00+01:00,FT,275,Liga 2,Indonesia,2026,Regular Season - 4,Persis Solo,Tornado Pekanbaru,4243,26648,0,2,0,0,,,,,0,2
1637655,2026-10-03,2026-10-03T13:00:00+01:00,FT,275,Liga 2,Indonesia,2026,Regular Season - 4,PSBS Biak Numfor,RANS Nusantara,4232,4229,1,5,1,2,,,,,1,5
1637656,2026-10-03,2026-10-03T13:00:00+01:00,FT,275,Liga 2,Indonesia,2026,Regular Season - 4,PSIS Semarang,Bekasi City,2451,11133,1,0,1,0,,,,,1,0
1637657,2026-10-03,2026-10-03T13:00:00+01:00,FT,275,Liga 2,Indonesia,2026,Regular Season - 4,PSMS Medan,Persikad Depok FC,2447,26646,4,0,0,0,,,,,4,0
1638598,2026-10-03,2026-10-03T13:00:00+01:00,CANC,10,Friendlies,World,2026,Friendly International,Sri Lanka,Djibouti,5166,1535,,,,,,,,,,
1639512,2026-10-03,2026-10-03T13:00:00+01:00,FT,181,FA Cup,Scotland,2026,1st Round,Threave Rovers,Invergordon,6751,19792,3,2,0,1,,,,,3,2
1641097,2026-10-03,2026-10-03T13:00:00+01:00,FT,667,Friendlies Clubs,World,2026,Club Friendlies,Arminia Bielefeld,Rot-Weiß Essen,188,1621,2,2,,,,,,,2,2
1641098,2026-10-03,2026-10-03T13:00:00+01:00,FT,667,Friendlies Clubs,World,2026,Club Friendlies,Holstein Kiel,Viborg,191,2070,3,1,0,1,,,,,3,1
1642942,2026-10-03,2026-10-03T13:00:00+01:00,FT,667,Friendlies Clubs,World,2026,Club Friendlies,IK brage,Degerfors IF,2175,2172,1,1,,,,,,,1,1
1642947,2026-10-03,2026-10-03T13:00:00+01:00,CANC,667,Friendlies Clubs,World,2026,Club Friendlies,Varbergs BoIS FC,Kalmar FF,2171,374,,,,,,,,,,
1642948,2026-10-03,2026-10-03T13:00:00+01:00,FT,667,Friendlies Clubs,World,2026,Club Friendlies,FC Viktoria Köln,1. FC Köln,1620,192,2,2,2,1,,,,,2,2
1643229,2026-10-03,2026-10-03T13:00:00+01:00,NS,667,Friendlies Clubs,World,2026,Club Friendlies,Arsenal,FC Minsk,9419,380,,,,,,,,,,
1643239,2026-10-03,2026-10-03T13:00:00+01:00,FT,666,Friendlies Women,World,2026,Friendly International Women,Ethiopia W,Seychelles W,16928,19933,10,0,6,0,,,,,10,0
1495965,2026-10-03,2026-10-03T13:30:00+01:00,FT,104,1. Division,Norway,2026,Regular Season - 24,Strommen,Sandnes ULF,2147,2146,3,3,2,2,,,,,3,3
1496344,2026-10-03,2026-10-03T13:30:00+01:00,FT,474,2. Division - Group 2,Norway,2026,Regular Season - 22,Follo,Stjørdals-Blink,6985,7033,0,1,0,0,,,,,0,1
1534461,2026-10-03,2026-10-03T13:30:00+01:00,FT,117,1. Division,Belarus,2026,Regular Season - 27,Molodechno-DYuSSh 4,FC Slutsk,7798,379,1,4,0,0,,,,,1,4
1566614,2026-10-03,2026-10-03T13:30:00+01:00,FT,733,I Liga - Women,Slovakia,2026,Regular Season - 8,Petržalka W,Ružomberok W,15980,16873,2,5,2,2,,,,,2,5
1566615,2026-10-03,2026-10-03T13:30:00+01:00,NS,733,I Liga - Women,Slovakia,2026,Regular Season - 8,Tatran Prešov W,Komárno W,21586,24078,,,,,,,,,,
1567088,2026-10-03,2026-10-03T13:30:00+01:00,FT,939,Oberliga - Bayern Süd,Germany,2026,Bayern Süd - 13,TuS Geretsried,Kirchanschöring,26068,12805,1,2,0,0,,,,,1,2
1569120,2026-10-03,2026-10-03T13:30:00+01:00,NS,780,III Liga - Group 1,Poland,2026,Group I - 11,Mławianka Mława,Swit,19618,12869,,,,,,,,,,
1574021,2026-10-03,2026-10-03T13:30:00+01:00,FT,223,Regionalliga - West,Austria,2026,West - 10,SK St. Johann,Fügen,27905,8335,5,1,1,1,,,,,5,1
1579482,2026-10-03,2026-10-03T13:30:00+01:00,FT,492,Tweede Divisie,Netherlands,2026,Regular Season - 8,HHC,Ijsselmeervogels,1278,1280,2,1,2,0,,,,,2,1
1579484,2026-10-03,2026-10-03T13:30:00+01:00,FT,492,Tweede Divisie,Netherlands,2026,Regular Season - 8,Hoek,De Treffers,1276,1277,3,1,2,0,,,,,3,1
1579487,2026-10-03,2026-10-03T13:30:00+01:00,FT,492,Tweede Divisie,Netherlands,2026,Regular Season - 8,Rijnsburgse Boys,Kloetinge,1248,3930,4,1,4,0,,,,,4,1
1579488,2026-10-03,2026-10-03T13:30:00+01:00,FT,492,Tweede Divisie,Netherlands,2026,Regular Season - 8,RKAV Volendam,Almere City II,1238,9130,1,4,0,2,,,,,1,4
1580244,2026-10-03,2026-10-03T13:30:00+01:00,FT,744,Oberliga - Schleswig-Holstein,Germany,2026,Schleswig-Holstein - 11,Phönix L. II,SV Eichede,26176,1646,1,3,1,1,,,,,1,3
1582451,2026-10-03,2026-10-03T13:30:00+01:00,FT,753,Oberliga - Baden-Württemberg,Germany,2026,Baden-Württemberg - 10,Oberachern,FC Holzhausen,12822,19467,3,0,2,0,,,,,3,0
1590405,2026-10-03,2026-10-03T13:30:00+01:00,FT,552,3. Lig - Group 1,Turkey,2026,3. Lig Group 1 - 5,Beykoz Anadolu,Gölcükspor,3609,7405,2,0,1,0,,,,,2,0
1590406,2026-10-03,2026-10-03T13:30:00+01:00,FT,552,3. Lig - Group 1,Turkey,2026,3. Lig Group 1 - 5,Galata,Beykoz İshaklıspor,26465,24603,2,0,1,0,,,,,2,0
1590407,2026-10-03,2026-10-03T13:30:00+01:00,FT,552,3. Lig - Group 1,Turkey,2026,3. Lig Group 1 - 5,İnkılapspor,Tokat Bld Plevnespor,26467,21035,0,1,0,0,,,,,0,1
1590411,2026-10-03,2026-10-03T13:30:00+01:00,FT,552,3. Lig - Group 1,Turkey,2026,3. Lig Group 1 - 5,Silivrispor,Karadeniz Ereğli BSK,7422,13369,0,0,0,0,,,,,0,0
1590412,2026-10-03,2026-10-03T13:30:00+01:00,FT,552,3. Lig - Group 1,Turkey,2026,3. Lig Group 1 - 5,Yalova Yeşilovaspor,Kartal Bulvarspor,24957,19301,2,4,1,2,,,,,2,4
1590713,2026-10-03,2026-10-03T13:30:00+01:00,FT,553,3. Lig - Group 2,Turkey,2026,3. Lig Group 2 - 5,Ayvalikgucu,Söke 1970,13407,19303,1,1,0,1,,,,,1,1
1590714,2026-10-03,2026-10-03T13:30:00+01:00,FT,553,3. Lig - Group 2,Turkey,2026,3. Lig Group 2 - 5,Bigaspor,Balıkesirspor,6512,3568,3,2,0,1,,,,,3,2
1590715,2026-10-03,2026-10-03T13:30:00+01:00,FT,553,3. Lig - Group 2,Turkey,2026,3. Lig Group 2 - 5,Bursa Yıldırımspor,Bucaspor 1928,6517,7396,1,0,1,0,,,,,1,0
1590719,2026-10-03,2026-10-03T13:30:00+01:00,FT,553,3. Lig - Group 2,Turkey,2026,3. Lig Group 2 - 5,Gaziemirspor,Nilüfer Belediye,28388,24602,0,2,0,2,,,,,0,2
1591326,2026-10-03,2026-10-03T13:30:00+01:00,FT,205,2. Lig,Turkey,2026,2. Lig White Group - 5,İnegöl Kafkas Gençlik,Muş Sport Klübü,21996,6536,0,1,0,0,,,,,0,1
1591629,2026-10-03,2026-10-03T13:30:00+01:00,FT,205,2. Lig,Turkey,2026,2. Lig Red Group - 5,Kırklarelispor,Sakaryaspor,3596,3602,1,3,0,1,,,,,1,3
1607692,2026-10-03,2026-10-03T13:30:00+01:00,FT,44,FA WSL,England,2026,Regular Season - 5,Manchester United W,Liverpool W,4898,1847,1,0,1,0,,,,,1,0
1608303,2026-10-03,2026-10-03T13:30:00+01:00,FT,138,Serie C - Girone A,Italy,2026,Girone A - 8,Cittadella,Albinoleffe,510,879,1,2,0,2,,,,,1,2
1608684,2026-10-03,2026-10-03T13:30:00+01:00,FT,942,Serie C - Girone B,Italy,2026,Girone B - 8,Gubbio,Perugia,866,524,1,3,1,1,,,,,1,3
1608690,2026-10-03,2026-10-03T13:30:00+01:00,FT,942,Serie C - Girone B,Italy,2026,Girone B - 8,Vado,Forli,9442,1688,1,0,1,0,,,,,1,0
1609063,2026-10-03,2026-10-03T13:30:00+01:00,FT,943,Serie C - Girone C,Italy,2026,Girone C - 8,Cavese,Casertana,1712,885,2,0,1,0,,,,,2,0
1609070,2026-10-03,2026-10-03T13:30:00+01:00,FT,943,Serie C - Girone C,Italy,2026,Girone C - 8,Sorrento,Casarano,9537,9542,2,0,1,0,,,,,2,0
1618364,2026-10-03,2026-10-03T13:30:00+01:00,PST,92,Derde Divisie,Netherlands,2026,Regular Season - 8,Eemdijk,Hollandia,1235,14234,,,,,,,,,,
1618365,2026-10-03,2026-10-03T13:30:00+01:00,FT,92,Derde Divisie,Netherlands,2026,Regular Season - 8,Rijnvogels,Groene Ster,1288,1236,5,1,2,0,,,,,5,1
1618366,2026-10-03,2026-10-03T13:30:00+01:00,FT,92,Derde Divisie,Netherlands,2026,Regular Season - 8,Staphorst,TEC,1239,1255,0,3,0,1,,,,,0,3
1618367,2026-10-03,2026-10-03T13:30:00+01:00,FT,92,Derde Divisie,Netherlands,2026,Regular Season - 8,Dovo,ADO '20,1234,3886,1,3,1,1,,,,,1,3
1618368,2026-10-03,2026-10-03T13:30:00+01:00,FT,92,Derde Divisie,Netherlands,2026,Regular Season - 8,Zwaluwen,Achilles Veen,1275,1282,1,0,0,0,,,,,1,0
1643260,2026-10-03,2026-10-03T13:30:00+01:00,FT,657,Cup,Estonia,2026,Round of 16,FC Tallinn,Laagri,14287,18657,0,10,0,3,,,,,0,10
1618369,2026-10-03,2026-10-03T13:45:00+01:00,FT,92,Derde Divisie,Netherlands,2026,Regular Season - 8,SVZW,Sparta Nijkerk,3936,1274,0,2,0,0,,,,,0,2
1495577,2026-10-03,2026-10-03T14:00:00+01:00,FT,549,Damallsvenskan,Sweden,2026,Regular Season - 21,Växjö W,Kristianstad W,11084,11079,0,2,0,0,,,,,0,2
1496163,2026-10-03,2026-10-03T14:00:00+01:00,FT,473,2. Division - Group 1,Norway,2026,Regular Season - 22,Kvik Halden,Bjarg,7004,16217,2,3,2,1,,,,,2,3
1496166,2026-10-03,2026-10-03T14:00:00+01:00,FT,473,2. Division - Group 1,Norway,2026,Regular Season - 22,Notodden,Eik-Tønsberg,2161,16211,1,3,1,1,,,,,1,3
1496708,2026-10-03,2026-10-03T14:00:00+01:00,FT,775,3. Division - Girone 2,Norway,2026,Regular Season - 22,Aalesund II,NTNUI,16222,7013,1,3,1,2,,,,,1,3
1496709,2026-10-03,2026-10-03T14:00:00+01:00,FT,775,3. Division - Girone 2,Norway,2026,Regular Season - 22,Kvik Trondheim,Byåsen,25498,6973,1,2,0,1,,,,,1,2
1496892,2026-10-03,2026-10-03T14:00:00+01:00,FT,776,3. Division - Girone 3,Norway,2026,Regular Season - 22,Førde,Fyllingsdalen,18435,6990,6,2,2,1,,,,,6,2
1497077,2026-10-03,2026-10-03T14:00:00+01:00,FT,777,3. Division - Girone 4,Norway,2026,Regular Season - 22,Våg,Varhaug,25500,23424,4,1,2,0,,,,,4,1
1497078,2026-10-03,2026-10-03T14:00:00+01:00,FT,777,3. Division - Girone 4,Norway,2026,Regular Season - 22,Vindbjart,Flekkerøy,7047,6982,1,2,0,2,,,,,1,2
1497259,2026-10-03,2026-10-03T14:00:00+01:00,FT,778,3. Division - Girone 5,Norway,2026,Regular Season - 22,Tromsø II,Finnsnes,16232,16228,1,1,1,1,,,,,1,1
1497436,2026-10-03,2026-10-03T14:00:00+01:00,FT,779,3. Division - Girone 6,Norway,2026,Regular Season - 22,Brumunddal,Ørn Horten,6972,7052,0,4,0,1,,,,,0,4
1497438,2026-10-03,2026-10-03T14:00:00+01:00,FT,779,3. Division - Girone 6,Norway,2026,Regular Season - 22,Elverum,Bjørkelangen,2156,22868,5,0,1,0,,,,,5,0
1505284,2026-10-03,2026-10-03T14:00:00+01:00,FT,563,Ettan - Norra,Sweden,2026,Norra - 25,FBK Karlstad,AFC Eskilstuna,12622,765,2,2,1,2,,,,,2,2
1528932,2026-10-03,2026-10-03T14:00:00+01:00,FT,5,UEFA Nations League,World,2026,League C - 3,Finland,Albania,1099,778,2,1,1,1,,,,,2,1
1534463,2026-10-03,2026-10-03T14:00:00+01:00,FT,117,1. Division,Belarus,2026,Regular Season - 27,Smorgon,Osipovichy,3393,4273,2,0,0,0,,,,,2,0
1536047,2026-10-03,2026-10-03T14:00:00+01:00,FT,651,Second League - Group 1,Russia,2026,Group 1 - 26,Nart Cherkessk,Dynamo Makhachkala II,23315,21853,2,0,2,0,,,,,2,0
1536048,2026-10-03,2026-10-03T14:00:00+01:00,FT,651,Second League - Group 1,Russia,2026,Group 1 - 26,Spartak Nalchik,Astrakhan,2002,21540,2,1,0,0,,,,,2,1
1536282,2026-10-03,2026-10-03T14:00:00+01:00,FT,651,Second League - Group 1,Russia,2026,Group 1 - 26,Druzhba,Izberbash,6798,27646,4,0,1,0,,,,,4,0
1536283,2026-10-03,2026-10-03T14:00:00+01:00,CANC,651,Second League - Group 1,Russia,2026,Group 1 - 26,PSK Dinskaya,Rostov II,26146,23316,,,,,,,,,,
1554320,2026-10-03,2026-10-03T14:00:00+01:00,FT,287,Prva Liga,Serbia,2026,Regular Season - 12,Teleoptik,OFK Bor 1919,2645,26409,2,0,1,0,,,,,2,0
1561150,2026-10-03,2026-10-03T14:00:00+01:00,FT,506,2. liga,Slovakia,2026,Regular Season - 11,Humenné,Pohronie,14068,4134,0,2,0,1,,,,,0,2
1561151,2026-10-03,2026-10-03T14:00:00+01:00,FT,506,2. liga,Slovakia,2026,Regular Season - 11,Galanta,Považská Bystrica,14054,14062,2,3,2,0,,,,,2,3
1561152,2026-10-03,2026-10-03T14:00:00+01:00,FT,506,2. liga,Slovakia,2026,Regular Season - 11,Inter Bratislava,Zlaté Moravce,10547,3553,2,2,1,1,,,,,2,2
1561153,2026-10-03,2026-10-03T14:00:00+01:00,FT,506,2. liga,Slovakia,2026,Regular Season - 11,MFK Bytča,Žilina II,15006,10546,1,2,0,1,,,,,1,2
1561154,2026-10-03,2026-10-03T14:00:00+01:00,FT,506,2. liga,Slovakia,2026,Regular Season - 11,Lokomotíva Zvolen,Slovan Bratislava II,10552,10544,0,2,0,2,,,,,0,2
1562657,2026-10-03,2026-10-03T14:00:00+01:00,FT,348,3. liga - CFL A,Czech-Republic,2026,Group A - 9,Příbram II,Aritma Praha,8617,7269,1,1,0,1,,,,,1,1
1562771,2026-10-03,2026-10-03T14:00:00+01:00,FT,685,3. liga - CFL B,Czech-Republic,2026,Group B - 9,Baník Souš,Jablonec II,7271,12797,1,3,0,3,,,,,1,3
1565732,2026-10-03,2026-10-03T14:00:00+01:00,NS,646,3. liga - Center,Slovakia,2026,Central - 9,Dolný Kubín,Čadca,14956,14092,,,,,,,,,,
1565733,2026-10-03,2026-10-03T14:00:00+01:00,NS,646,3. liga - Center,Slovakia,2026,Central - 9,Kysucké Nové Mesto,Oravské Veselé,14999,14089,,,,,,,,,,
1565734,2026-10-03,2026-10-03T14:00:00+01:00,NS,646,3. liga - Center,Slovakia,2026,Central - 9,Fomat Martin,Novohrad Lučenec,14082,14087,,,,,,,,,,
1565735,2026-10-03,2026-10-03T14:00:00+01:00,NS,646,3. liga - Center,Slovakia,2026,Central - 9,Námestovo,Podkonice,14088,15025,,,,,,,,,,
1565736,2026-10-03,2026-10-03T14:00:00+01:00,NS,646,3. liga - Center,Slovakia,2026,Central - 9,Rimavská Sobota,Fiľakovo,10557,14081,,,,,,,,,,
1565914,2026-10-03,2026-10-03T14:00:00+01:00,NS,645,3. liga - East,Slovakia,2026,East - 9,Kežmarok,Slovan Sabinov,14989,15043,,,,,,,,,,
1565915,2026-10-03,2026-10-03T14:00:00+01:00,NS,645,3. liga - East,Slovakia,2026,East - 9,Lipany,Partizán Bardejov,10548,10537,,,,,,,,,,
1565916,2026-10-03,2026-10-03T14:00:00+01:00,NS,645,3. liga - East,Slovakia,2026,East - 9,Lokomotíva Košice,Vranov nad Topľou,10549,14079,,,,,,,,,,
1565917,2026-10-03,2026-10-03T14:00:00+01:00,NS,645,3. liga - East,Slovakia,2026,East - 9,Spartak Medzev,Stará Ľubovňa,15055,19398,,,,,,,,,,
1566104,2026-10-03,2026-10-03T14:00:00+01:00,NS,644,3. liga - West,Slovakia,2026,West - 9,Baník Prievidza,Dunajská Lužná,14943,14040,,,,,,,,,,
1566105,2026-10-03,2026-10-03T14:00:00+01:00,NS,644,3. liga - West,Slovakia,2026,West - 9,Častkovce,Púchov,14066,10540,,,,,,,,,,
1566106,2026-10-03,2026-10-03T14:00:00+01:00,NS,644,3. liga - West,Slovakia,2026,West - 9,Gabčíkovo,Veľké Ludince,21926,14064,,,,,,,,,,
1566108,2026-10-03,2026-10-03T14:00:00+01:00,NS,644,3. liga - West,Slovakia,2026,West - 9,Slovan Duslo Šaľa,Rača,14063,14046,,,,,,,,,,
1568195,2026-10-03,2026-10-03T14:00:00+01:00,NS,783,III Liga - Group 4,Poland,2026,Group IV - 11,Siarka Tarnobrzeg,Korona Kielce II,6955,16267,,,,,,,,,,
1568506,2026-10-03,2026-10-03T14:00:00+01:00,NS,782,III Liga - Group 3,Poland,2026,Group III - 11,Stal Brzeg,Carina Gubin,6956,17401,,,,,,,,,,
1568510,2026-10-03,2026-10-03T14:00:00+01:00,FT,782,III Liga - Group 3,Poland,2026,Group III - 11,Ślęza Wrocław,Karkonosze Jelenia Góra,12901,17402,2,0,1,0,,,,,2,0
1568511,2026-10-03,2026-10-03T14:00:00+01:00,NS,782,III Liga - Group 3,Poland,2026,Group III - 11,Stilon Gorzów,Barycz Sułów,6960,24785,,,,,,,,,,
1569121,2026-10-03,2026-10-03T14:00:00+01:00,FT,780,III Liga - Group 1,Poland,2026,Group I - 11,Pelikan Łowicz,Widzew II,12829,26178,1,1,1,1,,,,,1,1
1569123,2026-10-03,2026-10-03T14:00:00+01:00,FT,780,III Liga - Group 1,Poland,2026,Group I - 11,Lechia T. Mazowiecki,Polonia Lidzbark Warm.,16238,24330,1,2,1,0,,,,,1,2
1569125,2026-10-03,2026-10-03T14:00:00+01:00,FT,780,III Liga - Group 1,Poland,2026,Group I - 11,Weszlo,Olimpia Zambrów,27902,6946,1,3,0,2,,,,,1,3
1575033,2026-10-03,2026-10-03T14:00:00+01:00,FT,1114,Carioca U20,Brazil,2026,Regular Season - 9,Fluminense U20,Vasco da Gama U20,13008,12979,1,1,0,1,,,,,1,1
1575034,2026-10-03,2026-10-03T14:00:00+01:00,FT,1114,Carioca U20,Brazil,2026,Regular Season - 9,Madureira U20,Boavista U20,20762,23386,1,1,0,1,,,,,1,1
1577953,2026-10-03,2026-10-03T14:00:00+01:00,FT,349,3. liga - MSFL,Czech-Republic,2026,MSFL - 10,Unie Hlubina,Hodonín,7368,7297,1,4,1,2,,,,,1,4
1577955,2026-10-03,2026-10-03T14:00:00+01:00,FT,349,3. liga - MSFL,Czech-Republic,2026,MSFL - 10,Frýdek-Místek,Vrchovina,7288,7376,4,2,2,1,,,,,4,2
1577957,2026-10-03,2026-10-03T14:00:00+01:00,FT,349,3. liga - MSFL,Czech-Republic,2026,MSFL - 10,Uherský Brod,Havířov,8624,7293,2,2,0,1,,,,,2,2
1579133,2026-10-03,2026-10-03T14:00:00+01:00,FT,353,4. liga - Divizie D,Czech-Republic,2026,Group D - 10,FS Třebíč,Tatran Bohunice,24190,19436,1,0,0,0,,,,,1,0
1579250,2026-10-03,2026-10-03T14:00:00+01:00,FT,354,4. liga - Divizie E,Czech-Republic,2026,Group E - 10,Slavičín,Baťov,7343,19420,4,2,2,2,,,,,4,2
1579251,2026-10-03,2026-10-03T14:00:00+01:00,FT,354,4. liga - Divizie E,Czech-Republic,2026,Group E - 10,Bzenec,Kroměříž II,7280,26230,1,0,1,0,,,,,1,0
1579254,2026-10-03,2026-10-03T14:00:00+01:00,FT,354,4. liga - Divizie E,Czech-Republic,2026,Group E - 10,Nové Sady,Brumov,7322,7279,2,3,1,2,,,,,2,3
1579255,2026-10-03,2026-10-03T14:00:00+01:00,FT,354,4. liga - Divizie E,Czech-Republic,2026,Group E - 10,SK Krumvir,Hluk,27929,26992,0,0,0,0,,,,,0,0
1579371,2026-10-03,2026-10-03T14:00:00+01:00,FT,686,4. liga - Divizie F,Czech-Republic,2026,Group F - 10,Jiskra Rýmařov,Bospor Bohumín,7305,7277,1,4,0,1,,,,,1,4
1579372,2026-10-03,2026-10-03T14:00:00+01:00,FT,686,4. liga - Divizie F,Czech-Republic,2026,Group F - 10,Stonava,Frýdlant,26231,7289,4,1,2,0,,,,,4,1
1579377,2026-10-03,2026-10-03T14:00:00+01:00,FT,686,4. liga - Divizie F,Czech-Republic,2026,Group F - 10,Valašské Meziříčí,Opava II,7370,15135,3,0,2,0,,,,,3,0
1579481,2026-10-03,2026-10-03T14:00:00+01:00,FT,492,Tweede Divisie,Netherlands,2026,Regular Season - 8,Barendrecht,Sparta Rotterdam II,1271,10320,3,2,1,1,,,,,3,2
1579485,2026-10-03,2026-10-03T14:00:00+01:00,FT,492,Tweede Divisie,Netherlands,2026,Regular Season - 8,Katwijk,Kozakken Boys,1237,1242,1,5,0,2,,,,,1,5
1579486,2026-10-03,2026-10-03T14:00:00+01:00,FT,492,Tweede Divisie,Netherlands,2026,Regular Season - 8,ROHDA Raalte,GVVV Veenendaal,6269,1261,1,3,1,1,,,,,1,3
1579489,2026-10-03,2026-10-03T14:00:00+01:00,FT,492,Tweede Divisie,Netherlands,2026,Regular Season - 8,Spakenburg,AFC Amsterdam,1249,1252,2,1,2,1,,,,,2,1
1579825,2026-10-03,2026-10-03T14:00:00+01:00,FT,487,First Amateur Division,Belgium,2026,ACFF - 7,Union Saint-Gilloise II,RWDM,19902,6224,4,2,3,1,,,,,4,2
1580246,2026-10-03,2026-10-03T14:00:00+01:00,FT,744,Oberliga - Schleswig-Holstein,Germany,2026,Schleswig-Holstein - 11,Rapid Lubeck,TSB Flensburg,28084,12872,0,5,0,0,,,,,0,5
1581140,2026-10-03,2026-10-03T14:00:00+01:00,FT,750,Oberliga - Hessen,Germany,2026,Hessen - 12,Fernwald,Rot-Weiß Walldorf,14677,16102,2,2,2,1,,,,,2,2
1581141,2026-10-03,2026-10-03T14:00:00+01:00,FT,750,Oberliga - Hessen,Germany,2026,Hessen - 12,Hünfelder SV,Darmstadt 98 II,16100,24517,0,3,0,1,,,,,0,3
1582135,2026-10-03,2026-10-03T14:00:00+01:00,FT,638,Kvindeliga,Denmark,2026,Regular Season - 10,FC Copenhagen W,Brøndby W,27632,10883,1,2,0,1,,,,,1,2
1582449,2026-10-03,2026-10-03T14:00:00+01:00,FT,753,Oberliga - Baden-Württemberg,Germany,2026,Baden-Württemberg - 10,FC 08 Villingen,Essingen,1619,19668,1,0,0,0,,,,,1,0
1583937,2026-10-03,2026-10-03T14:00:00+01:00,FT,1026,Second League A - Division A Silver,Russia,2026,Division A Silver - 12,Tyumen,Zenit 2,2000,2005,0,1,0,0,,,,,0,1
1586581,2026-10-03,2026-10-03T14:00:00+01:00,PST,84,Regionalliga - Nord,Germany,2026,North - 12,Atlas Delmenhorst,St. Pauli II,4260,9346,,,,,,,,,,
1586585,2026-10-03,2026-10-03T14:00:00+01:00,FT,84,Regionalliga - Nord,Germany,2026,North - 12,Hannover 96 II,Phönix Lübeck,9341,12831,3,2,2,2,,,,,3,2
1598930,2026-10-03,2026-10-03T14:00:00+01:00,FT,752,Oberliga - Rheinland-Pfalz / Saar,Germany,2026,Rheinland-Pfalz/Saar - 11,Elversberg II,TuS RW Koblenz,16109,1657,2,2,0,2,,,,,2,2
1599502,2026-10-03,2026-10-03T14:00:00+01:00,FT,67,National 2 - Group A,France,2026,Group A - 6,Epinal,Creteil,1309,1307,0,1,0,0,,,,,0,1
1601046,2026-10-03,2026-10-03T14:00:00+01:00,FT,594,Division 2 - Norrland,Sweden,2026,Norrland - Promotion Round,IFK Luleå,Skellefteå,6679,11669,4,2,2,1,,,,,4,2
1601257,2026-10-03,2026-10-03T14:00:00+01:00,FT,139,Serie A Women,Italy,2026,Regular Season - 2,Fiorentina W,Sassuolo W,1880,1889,2,0,2,0,,,,,2,0
1602096,2026-10-03,2026-10-03T14:00:00+01:00,FT,1141,Brasiliense B,Brazil,2026,Regular Season - 6,Candango,Canaa EC,26742,28035,0,4,0,1,,,,,0,4
1602098,2026-10-03,2026-10-03T14:00:00+01:00,FT,1141,Brasiliense B,Brazil,2026,Regular Season - 6,Taguatinga EC,Luziânia,24915,7859,2,0,1,0,,,,,2,0
1603808,2026-10-03,2026-10-03T14:00:00+01:00,NS,178,Third League - Southwest,Bulgaria,2026,Southwest - 10,Chavdar Etropole,Slivnishki geroy,8541,8549,,,,,,,,,,
1603809,2026-10-03,2026-10-03T14:00:00+01:00,NS,178,Third League - Southwest,Bulgaria,2026,Southwest - 10,CSKA Sofia III,Kostinbrod,24521,17312,,,,,,,,,,
1603813,2026-10-03,2026-10-03T14:00:00+01:00,NS,178,Third League - Southwest,Bulgaria,2026,Southwest - 10,Pirin Razlog,Levski Sofia II,8546,19831,,,,,,,,,,
1603814,2026-10-03,2026-10-03T14:00:00+01:00,NS,178,Third League - Southwest,Bulgaria,2026,Southwest - 10,Strumska Slava,Septemvri Simitli,1421,8548,,,,,,,,,,
1604868,2026-10-03,2026-10-03T14:00:00+01:00,FT,599,1. Liga Classic - Group 1,Switzerland,2026,Group 1 - 9,La Chaux-de-Fonds,Prishtina Bern,10592,17484,1,4,1,1,,,,,1,4
1606169,2026-10-03,2026-10-03T14:00:00+01:00,NS,177,Third League - Southeast,Bulgaria,2026,Southeast - 9,Atletik Kuklen,Rozova dolina,5023,8537,,,,,,,,,,
1606170,2026-10-03,2026-10-03T14:00:00+01:00,NS,177,Third League - Southeast,Bulgaria,2026,Southeast - 9,Dimitrovgrad,Maritsa Plovdiv,8531,1423,,,,,,,,,,
1606171,2026-10-03,2026-10-03T14:00:00+01:00,PST,177,Third League - Southeast,Bulgaria,2026,Southeast - 9,Levski Krumovgrad,Lokomotiv Plovdiv II,17306,17307,,,,,,,,,,
1606172,2026-10-03,2026-10-03T14:00:00+01:00,PST,177,Third League - Southeast,Bulgaria,2026,Southeast - 9,Levski Karlovo,Spartak Plovdiv,1408,14568,,,,,,,,,,
1606173,2026-10-03,2026-10-03T14:00:00+01:00,NS,177,Third League - Southeast,Bulgaria,2026,Southeast - 9,Maritsa Milevo,Sozopol,14566,1412,,,,,,,,,,
1606174,2026-10-03,2026-10-03T14:00:00+01:00,PST,177,Third League - Southeast,Bulgaria,2026,Southeast - 9,Neftochimic Burgas,Sayana Haskovo,1425,17308,,,,,,,,,,
1606175,2026-10-03,2026-10-03T14:00:00+01:00,PST,177,Third League - Southeast,Bulgaria,2026,Southeast - 9,Rodopa Smolyan,Gigant Saedinenie,8536,8532,,,,,,,,,,
1606176,2026-10-03,2026-10-03T14:00:00+01:00,PST,177,Third League - Southeast,Bulgaria,2026,Southeast - 9,Sekirovo Rakovski,Zagorets,21863,6399,,,,,,,,,,
1606325,2026-10-03,2026-10-03T14:00:00+01:00,FT,1030,Goiano - 2,Brazil,2026,Regular Season - 16,Bom Jesus EC,Trindade,26499,23307,2,0,1,0,,,,,2,0
1607975,2026-10-03,2026-10-03T14:00:00+01:00,FT,1238,Regionalliga - South,Austria,2026,South - 10,Bleiburg,Donau Klagenfurt,8273,21723,3,1,1,0,,,,,3,1
1609920,2026-10-03,2026-10-03T14:00:00+01:00,NS,317,1st League - RS,Bosnia,2026,RS - 9,Drina Zvornik,Kozara Gradiška,4291,3369,,,,,,,,,,
1609921,2026-10-03,2026-10-03T14:00:00+01:00,NS,317,1st League - RS,Bosnia,2026,RS - 9,Leotar,FK Majevica Lopare,3370,26989,,,,,,,,,,
1609923,2026-10-03,2026-10-03T14:00:00+01:00,NS,317,1st League - RS,Bosnia,2026,RS - 9,FK Romanija Pale,Laktaši,21737,19562,,,,,,,,,,
1609924,2026-10-03,2026-10-03T14:00:00+01:00,NS,317,1st League - RS,Bosnia,2026,RS - 9,Slavija,Famos Vojkovići,3378,19561,,,,,,,,,,
1610036,2026-10-03,2026-10-03T14:00:00+01:00,NS,317,1st League - RS,Bosnia,2026,RS - 9,Velež Nevesinje,Potkozarje,15290,28055,,,,,,,,,,
1611079,2026-10-03,2026-10-03T14:00:00+01:00,NS,316,1st League - FBiH,Bosnia,2026,FBiH - 8,Bratstvo Gračanica,TOŠK Tešanj,4278,3380,,,,,,,,,,
1611080,2026-10-03,2026-10-03T14:00:00+01:00,NS,316,1st League - FBiH,Bosnia,2026,FBiH - 8,Čapljina,Tomislav,4298,17372,,,,,,,,,,
1611081,2026-10-03,2026-10-03T14:00:00+01:00,NS,316,1st League - FBiH,Bosnia,2026,FBiH - 8,Igman Konjic,Budućnost Banovići,3367,7528,,,,,,,,,,
1611082,2026-10-03,2026-10-03T14:00:00+01:00,NS,316,1st League - FBiH,Bosnia,2026,FBiH - 8,Jedinstvo Bihać,Radnik Hadžići,7529,7531,,,,,,,,,,
1611083,2026-10-03,2026-10-03T14:00:00+01:00,NS,316,1st League - FBiH,Bosnia,2026,FBiH - 8,Rudar Kakanj,Vitez,3376,4288,,,,,,,,,,
1611085,2026-10-03,2026-10-03T14:00:00+01:00,NS,316,1st League - FBiH,Bosnia,2026,FBiH - 8,Stupčanica Olovo,Zvijezda Gradačac,17901,3382,,,,,,,,,,
1611086,2026-10-03,2026-10-03T14:00:00+01:00,NS,316,1st League - FBiH,Bosnia,2026,FBiH - 8,Travnik,GOŠK Gabela,4297,3356,,,,,,,,,,
1618370,2026-10-03,2026-10-03T14:00:00+01:00,FT,92,Derde Divisie,Netherlands,2026,Regular Season - 8,Purmersteijn,Harkemase Boys,3920,1258,4,2,1,0,,,,,4,2
1618371,2026-10-03,2026-10-03T14:00:00+01:00,FT,92,Derde Divisie,Netherlands,2026,Regular Season - 8,Sportlust '46,Excelsior '31,3904,6263,0,3,0,0,,,,,0,3
1618373,2026-10-03,2026-10-03T14:00:00+01:00,FT,92,Derde Divisie,Netherlands,2026,Regular Season - 8,VV Scherpenzeel,ACV,14241,3911,4,2,3,1,,,,,4,2
1619564,2026-10-03,2026-10-03T14:00:00+01:00,FT,566,Ligue A,Burundi,2026,Regular Season - 5,Never Give Up Academy,Musongati,28131,12184,0,2,,,,,,,0,2
1620010,2026-10-03,2026-10-03T14:00:00+01:00,NS,577,Gamma Ethniki - Group 2,Greece,2026,Group 2 - 2,Akrites Sykeon,Poseidon Nea Michaniona,26581,12375,,,,,,,,,,
1620011,2026-10-03,2026-10-03T14:00:00+01:00,NS,577,Gamma Ethniki - Group 2,Greece,2026,Group 2 - 2,Kilkisiakos,Makedonikos Neapolis,12366,12372,,,,,,,,,,
1620041,2026-10-03,2026-10-03T14:00:00+01:00,NS,577,Gamma Ethniki - Group 2,Greece,2026,Group 2 - 2,Iraklis Therm.,Panedessaikos,26578,28152,,,,,,,,,,
1620043,2026-10-03,2026-10-03T14:00:00+01:00,NS,577,Gamma Ethniki - Group 2,Greece,2026,Group 2 - 2,Polykastrou,Finikas Polichnis,28154,28149,,,,,,,,,,
1626869,2026-10-03,2026-10-03T14:00:00+01:00,PST,175,Third League - Northeast,Bulgaria,2026,Northeast - 8,Botev Novi Pazar,Aksakovo,8509,24544,,,,,,,,,,
1626870,2026-10-03,2026-10-03T14:00:00+01:00,NS,175,Third League - Northeast,Bulgaria,2026,Northeast - 8,Devnya 2005,Ustrem Donchevo,28219,8517,,,,,,,,,,
1626871,2026-10-03,2026-10-03T14:00:00+01:00,NS,175,Third League - Northeast,Bulgaria,2026,Northeast - 8,Dorostol,Fratria II,14220,24545,,,,,,,,,,
1626872,2026-10-03,2026-10-03T14:00:00+01:00,PST,175,Third League - Northeast,Bulgaria,2026,Northeast - 8,Riltzi,Chernomorets Balchik,17309,1422,,,,,,,,,,
1626873,2026-10-03,2026-10-03T14:00:00+01:00,NS,175,Third League - Northeast,Bulgaria,2026,Northeast - 8,Septemvri Tervel,Septemvri Dragoevo,8514,28220,,,,,,,,,,
1626874,2026-10-03,2026-10-03T14:00:00+01:00,NS,175,Third League - Northeast,Bulgaria,2026,Northeast - 8,Svetkavitsa 14,Cherno more II,26249,19891,,,,,,,,,,
1626875,2026-10-03,2026-10-03T14:00:00+01:00,PST,175,Third League - Northeast,Bulgaria,2026,Northeast - 8,Volov Shumen,Chernolomets 1919,8551,8510,,,,,,,,,,
1630565,2026-10-03,2026-10-03T14:00:00+01:00,FT,400,Super League,Zambia,2026,Regular Season - 1,Kabwe Warriors,ZESCO United,5201,5214,1,1,1,0,,,,,1,1
1630566,2026-10-03,2026-10-03T14:00:00+01:00,FT,400,Super League,Zambia,2026,Regular Season - 1,Konkola Blades,Power Dynamos,5514,5211,2,1,1,0,,,,,2,1
1630567,2026-10-03,2026-10-03T14:00:00+01:00,FT,400,Super League,Zambia,2026,Regular Season - 1,Mufulira Wanderers,Green Eagles,5206,5200,1,4,0,2,,,,,1,4
1630568,2026-10-03,2026-10-03T14:00:00+01:00,FT,400,Super League,Zambia,2026,Regular Season - 1,NAPSA Stars,Man Utd Zambia Academy,5207,5205,1,1,1,1,,,,,1,1
1630569,2026-10-03,2026-10-03T14:00:00+01:00,FT,400,Super League,Zambia,2026,Regular Season - 1,Nchanga Rangers,Zanaco,5511,5215,0,1,0,1,,,,,0,1
1630570,2026-10-03,2026-10-03T14:00:00+01:00,FT,400,Super League,Zambia,2026,Regular Season - 1,Nkwazi,Roan United,5210,11273,1,2,1,1,,,,,1,2
1630571,2026-10-03,2026-10-03T14:00:00+01:00,FT,400,Super League,Zambia,2026,Regular Season - 1,Trident,Nkana,21876,5209,0,1,0,1,,,,,0,1
1635482,2026-10-03,2026-10-03T14:00:00+01:00,FT,249,Kakkonen - Lohko C,Finland,2026,Group C,SJK-juniorit,JS Hercules,18609,6073,1,2,1,1,,,,,1,2
1637229,2026-10-03,2026-10-03T14:00:00+01:00,FT,1243,Super League Women,South-Africa,2026,Group Stage,University of Fort Hare W,Ramatlaohle W,28362,28357,1,0,1,0,,,,,1,0
1638919,2026-10-03,2026-10-03T14:00:00+01:00,CANC,176,Third League - Northwest,Bulgaria,2026,Northwest - 7,Pavlikeni,Juventus Malchika,8525,8520,,,,,,,,,,
1639701,2026-10-03,2026-10-03T14:00:00+01:00,FT,566,Ligue A,Burundi,2026,Regular Season - 5,Aigle Noir,Ngozi City,4447,12185,2,1,,,,,,,2,1
1640075,2026-10-03,2026-10-03T14:00:00+01:00,FT,10,Friendlies,World,2026,Friendly International,Norway U19,Poland U18,10342,21476,4,1,,,,,,,4,1
1640780,2026-10-03,2026-10-03T14:00:00+01:00,FT,251,Division Intermedia,Paraguay,2026,Regular Season - 27,Atlético Tembetary,Tacuary,10474,10491,3,2,2,0,,,,,3,2
1640781,2026-10-03,2026-10-03T14:00:00+01:00,FT,251,Division Intermedia,Paraguay,2026,Regular Season - 27,Paraguari AC,3 de Noviembre,27627,21374,1,0,1,0,,,,,1,0
1641760,2026-10-03,2026-10-03T14:00:00+01:00,FT,538,Africa Cup of Nations U20,World,2026,Qualification - 4,Tunisia U20,Libya U20,11049,11036,1,1,1,0,,,,,1,1
1642348,2026-10-03,2026-10-03T14:00:00+01:00,NS,582,Gamma Ethniki - Group 7,Greece,2026,Group 7 - 2,Asteras Vlachioti,Panargiakos,12408,6315,,,,,,,,,,
1642349,2026-10-03,2026-10-03T14:00:00+01:00,NS,582,Gamma Ethniki - Group 7,Greece,2026,Group 7 - 2,Ermis Kiveriou,Panthyreatikos,28460,28459,,,,,,,,,,
1642350,2026-10-03,2026-10-03T14:00:00+01:00,NS,582,Gamma Ethniki - Group 7,Greece,2026,Group 7 - 2,Iraklis Xylokastro,Asteras Amaliadas,15482,28462,,,,,,,,,,
1642352,2026-10-03,2026-10-03T14:00:00+01:00,NS,582,Gamma Ethniki - Group 7,Greece,2026,Group 7 - 2,Loutraki,Pelopas Kiatou,24874,26586,,,,,,,,,,
1642353,2026-10-03,2026-10-03T14:00:00+01:00,NS,582,Gamma Ethniki - Group 7,Greece,2026,Group 7 - 2,Telos Agras,Panthouriakos,28458,20059,,,,,,,,,,
1642944,2026-10-03,2026-10-03T14:00:00+01:00,FT,667,Friendlies Clubs,World,2026,Club Friendlies,Llapi,Shkendija,14395,609,1,0,1,0,,,,,1,0
1642949,2026-10-03,2026-10-03T14:00:00+01:00,FT,667,Friendlies Clubs,World,2026,Club Friendlies,Aris,Riga,3408,10124,1,2,,,,,,,1,2
1642950,2026-10-03,2026-10-03T14:00:00+01:00,FT,667,Friendlies Clubs,World,2026,Club Friendlies,Brühl,FC ST. Gallen,10587,1011,3,3,,,,,,,3,3
1642951,2026-10-03,2026-10-03T14:00:00+01:00,FT,667,Friendlies Clubs,World,2026,Club Friendlies,Dunfermline,Aberdeen,1388,252,1,4,1,1,,,,,1,4
1642952,2026-10-03,2026-10-03T14:00:00+01:00,FT,667,Friendlies Clubs,World,2026,Club Friendlies,Rodez,Inter Club d'Escaldes,1301,3342,2,0,0,0,,,,,2,0
1642953,2026-10-03,2026-10-03T14:00:00+01:00,FT,667,Friendlies Clubs,World,2026,Club Friendlies,Rosenborg,Ostersunds FK,331,376,2,0,,,,,,,2,0
1642954,2026-10-03,2026-10-03T14:00:00+01:00,CANC,667,Friendlies Clubs,World,2026,Club Friendlies,Sandefjord,Fredrikstad,332,2149,,,,,,,,,,
1643230,2026-10-03,2026-10-03T14:00:00+01:00,FT,667,Friendlies Clubs,World,2026,Club Friendlies,Austria Lustenau,FC Schalke 04,1399,174,0,1,0,0,,,,,0,1
1643231,2026-10-03,2026-10-03T14:00:00+01:00,FT,667,Friendlies Clubs,World,2026,Club Friendlies,Lazio,Juve Stabia,487,863,3,3,,,,,,,3,3
1643249,2026-10-03,2026-10-03T14:00:00+01:00,NS,1115,Paraense A3,Brazil,2026,Quarter-finals,Pinheirense,Vénus,25001,10161,,,,,,,,,,
1643250,2026-10-03,2026-10-03T14:00:00+01:00,NS,1115,Paraense A3,Brazil,2026,Quarter-finals,Sport Belem,Parauapebas,26858,10689,,,,,,,,,,
1643256,2026-10-03,2026-10-03T14:00:00+01:00,FT,962,Premier League,Lesotho,2026,Regular Season - 5,LCS,Matlama,20976,6426,0,1,0,1,,,,,0,1
1643257,2026-10-03,2026-10-03T14:00:00+01:00,FT,962,Premier League,Lesotho,2026,Regular Season - 5,Lifofane,Machokha,20979,20984,1,2,,,,,,,1,2
1643416,2026-10-03,2026-10-03T14:00:00+01:00,NS,847,Premier League,Eswatini,2026,Regular Season - 2,Amawele,Highlanders,26847,16826,,,,,,,,,,
1643417,2026-10-03,2026-10-03T14:00:00+01:00,NS,847,Premier League,Eswatini,2026,Regular Season - 2,Nsingizini Hotspurs,Manzini Sea Birds,20372,16817,,,,,,,,,,
1643418,2026-10-03,2026-10-03T14:00:00+01:00,NS,847,Premier League,Eswatini,2026,Regular Season - 2,Ubombo Sugar,Rangers FC,26849,18314,,,,,,,,,,
1643506,2026-10-03,2026-10-03T14:00:00+01:00,FT,667,Friendlies Clubs,World,2026,Club Friendlies,Koper,Vicenza Virtus,4374,1584,2,1,,,,,,,2,1
1561669,2026-10-03,2026-10-03T14:15:00+01:00,FT,109,II Liga - East,Poland,2026,Regular Season - 10,Hutnik Kraków,Tychy 71,6942,3495,0,2,0,1,,,,,0,2
1618372,2026-10-03,2026-10-03T14:15:00+01:00,FT,92,Derde Divisie,Netherlands,2026,Regular Season - 8,TOGB,Roosendaal,19739,19266,4,3,3,3,,,,,4,3
1643419,2026-10-03,2026-10-03T14:15:00+01:00,NS,847,Premier League,Eswatini,2026,Regular Season - 2,Madlenya,PPK Professionals,20371,28439,,,,,,,,,,
1511025,2026-10-03,2026-10-03T14:30:00+01:00,FT,597,Division 2 - Södra Götaland,Sweden,2026,Södra Götaland - 24,Torns,Oskarshamns AIK,6701,6692,0,2,0,1,,,,,0,2
1568190,2026-10-03,2026-10-03T14:30:00+01:00,NS,783,III Liga - Group 4,Poland,2026,Group IV - 11,Czarni Połaniec,KSZO 1929,17403,6943,,,,,,,,,,
1568192,2026-10-03,2026-10-03T14:30:00+01:00,NS,783,III Liga - Group 4,Poland,2026,Group IV - 11,Jarosław,Naprzód,20830,26184,,,,,,,,,,
1568193,2026-10-03,2026-10-03T14:30:00+01:00,NS,783,III Liga - Group 4,Poland,2026,Group IV - 11,Sokół Kolb.,Moravia Morawica,26185,27390,,,,,,,,,,
1574119,2026-10-03,2026-10-03T14:30:00+01:00,FT,221,Regionalliga - Ost,Austria,2026,Ost - 10,Fach-Donaufeld,Wienerberg,8366,5008,2,0,1,0,,,,,2,0
1574363,2026-10-03,2026-10-03T14:30:00+01:00,FT,510,1. Liga Promotion,Switzerland,2026,Regular Season - 10,Basel II,Luzern II,10585,12706,3,2,1,1,,,,,3,2
1574367,2026-10-03,2026-10-03T14:30:00+01:00,FT,510,1. Liga Promotion,Switzerland,2026,Regular Season - 10,Breitenrain,Bavois,10586,6615,1,0,0,0,,,,,1,0
1574370,2026-10-03,2026-10-03T14:30:00+01:00,FT,510,1. Liga Promotion,Switzerland,2026,Regular Season - 10,FC Schaffhausen,Young Boys II,2182,12698,6,3,2,3,,,,,6,3
1575972,2026-10-03,2026-10-03T14:30:00+01:00,FT,110,Premier League,Wales,2026,Regular Season - 12,Airbus UK,Trefelin,4909,6479,3,0,2,0,,,,,3,0
1575973,2026-10-03,2026-10-03T14:30:00+01:00,FT,110,Premier League,Wales,2026,Regular Season - 12,Ammanford AFC,Holywell,2188,6459,2,1,1,1,,,,,2,1
1575974,2026-10-03,2026-10-03T14:30:00+01:00,FT,110,Premier League,Wales,2026,Regular Season - 12,Briton Ferry,Colwyn Bay,2201,5611,1,0,1,0,,,,,1,0
1575975,2026-10-03,2026-10-03T14:30:00+01:00,FT,110,Premier League,Wales,2026,Regular Season - 12,Caernarfon Town,Barry Town,356,361,0,1,0,1,,,,,0,1
1575976,2026-10-03,2026-10-03T14:30:00+01:00,FT,110,Premier League,Wales,2026,Regular Season - 12,GAP Connah S Quay FC,Penybont,357,2191,1,0,0,0,,,,,1,0
1575977,2026-10-03,2026-10-03T14:30:00+01:00,FT,110,Premier League,Wales,2026,Regular Season - 12,Haverfordwest County AFC,Flint Town United,2194,5614,0,1,0,0,,,,,0,1
1575978,2026-10-03,2026-10-03T14:30:00+01:00,FT,110,Premier League,Wales,2026,Regular Season - 12,Llandudno,Cardiff MET,362,353,0,1,0,0,,,,,0,1
1575979,2026-10-03,2026-10-03T14:30:00+01:00,FT,110,Premier League,Wales,2026,Regular Season - 12,The New Saints,Cambrian & Clydach,354,2202,9,0,5,0,,,,,9,0
1579131,2026-10-03,2026-10-03T14:30:00+01:00,FT,353,4. liga - Divizie D,Czech-Republic,2026,Group D - 10,Bystrc Kníničky,Pelhřimov,14649,21651,2,1,2,0,,,,,2,1
1580520,2026-10-03,2026-10-03T14:30:00+01:00,FT,111,FAW Championship,Wales,2026,North - 10,Buckley Town,Ruthin Town,5609,5624,1,1,0,1,,,,,1,1
1580521,2026-10-03,2026-10-03T14:30:00+01:00,FT,111,FAW Championship,Wales,2026,North - 10,Caersws,Bala Town,6445,352,3,3,1,1,,,,,3,3
1580522,2026-10-03,2026-10-03T14:30:00+01:00,FT,111,FAW Championship,Wales,2026,North - 10,Guilsfield,Llanuwchllyn,5616,11303,1,0,1,0,,,,,1,0
1580523,2026-10-03,2026-10-03T14:30:00+01:00,FT,111,FAW Championship,Wales,2026,North - 10,Mold Alexandra,Newtown AFC,6465,358,1,2,0,0,,,,,1,2
1580524,2026-10-03,2026-10-03T14:30:00+01:00,FT,111,FAW Championship,Wales,2026,North - 10,Penrhyncoch,Gresford Athletic,5620,5615,0,1,0,0,,,,,0,1
1580525,2026-10-03,2026-10-03T14:30:00+01:00,FT,111,FAW Championship,Wales,2026,North - 10,Porthmadog,Bangor City 1876 FC,5621,7581,1,0,1,0,,,,,1,0
1580526,2026-10-03,2026-10-03T14:30:00+01:00,FT,111,FAW Championship,Wales,2026,North - 10,Rhyl,Brickfield Rangers,5623,6443,2,3,1,1,,,,,2,3
1580762,2026-10-03,2026-10-03T14:30:00+01:00,FT,111,FAW Championship,Wales,2026,South - 10,Cardiff Draconians,Newport City,7586,20364,1,1,1,0,,,,,1,1
1580763,2026-10-03,2026-10-03T14:30:00+01:00,FT,111,FAW Championship,Wales,2026,South - 10,Pontypridd Town,Aberystwyth Town,2192,351,1,3,0,1,,,,,1,3
1580764,2026-10-03,2026-10-03T14:30:00+01:00,FT,111,FAW Championship,Wales,2026,South - 10,Swansea University,Caerphilly Athletic,5626,11283,3,1,2,0,,,,,3,1
1580765,2026-10-03,2026-10-03T14:30:00+01:00,FT,111,FAW Championship,Wales,2026,South - 10,Treowen Stars,Ynyshir Albions,11309,7601,1,2,1,1,,,,,1,2
1580766,2026-10-03,2026-10-03T14:30:00+01:00,FT,111,FAW Championship,Wales,2026,South - 10,Trethomas Bluebirds,Pontardawe Town,11310,7598,2,3,1,2,,,,,2,3
1582450,2026-10-03,2026-10-03T14:30:00+01:00,FT,753,Oberliga - Baden-Württemberg,Germany,2026,Baden-Württemberg - 10,FC Nöttingen,Türkspor Neckarsulm,1638,20874,10,0,4,0,,,,,10,0
1582452,2026-10-03,2026-10-03T14:30:00+01:00,FT,753,Oberliga - Baden-Württemberg,Germany,2026,Baden-Württemberg - 10,Reutlingen,Young Boys Reutlingen,13932,27969,0,0,0,0,,,,,0,0
1582453,2026-10-03,2026-10-03T14:30:00+01:00,FT,753,Oberliga - Baden-Württemberg,Germany,2026,Baden-Württemberg - 10,Teningen,FV Ravensburg,13949,1624,0,5,0,2,,,,,0,5
1589721,2026-10-03,2026-10-03T14:30:00+01:00,NS,794,3. SNL - East,Slovenia,2026,East - 8,Hajdina,Odranci,20135,6722,,,,,,,,,,
1589724,2026-10-03,2026-10-03T14:30:00+01:00,NS,794,3. SNL - East,Slovenia,2026,East - 8,Šmartno,Limbuš Pekre,12904,20161,,,,,,,,,,
1589725,2026-10-03,2026-10-03T14:30:00+01:00,NS,794,3. SNL - East,Slovenia,2026,East - 8,Rače,Ljutomer,20192,20344,,,,,,,,,,
1589770,2026-10-03,2026-10-03T14:30:00+01:00,NS,794,3. SNL - East,Slovenia,2026,East - 8,NK Ormoz,Dobrovce,27991,6720,,,,,,,,,,
1589826,2026-10-03,2026-10-03T14:30:00+01:00,NS,795,3. SNL - West,Slovenia,2026,West - 8,Dob,Šobec Lesce,4371,16314,,,,,,,,,,
1589828,2026-10-03,2026-10-03T14:30:00+01:00,NS,795,3. SNL - West,Slovenia,2026,West - 8,IB 1975 Ljubljana,Adria,20139,14451,,,,,,,,,,
1589830,2026-10-03,2026-10-03T14:30:00+01:00,NS,795,3. SNL - West,Slovenia,2026,West - 8,Škofja Loka,Rudar Trbovlje,16313,19269,,,,,,,,,,
1589831,2026-10-03,2026-10-03T14:30:00+01:00,NS,795,3. SNL - West,Slovenia,2026,West - 8,Tolmin,Svoboda,6724,16310,,,,,,,,,,
1589832,2026-10-03,2026-10-03T14:30:00+01:00,NS,795,3. SNL - West,Slovenia,2026,West - 8,Žiri,Izola,16315,16307,,,,,,,,,,
1595245,2026-10-03,2026-10-03T14:30:00+01:00,FT,946,Second NL,Croatia,2026,Regular Season - 7,Grobničan Čavle,Hrvatski Dragovoljac,8580,1472,1,4,0,3,,,,,1,4
1595246,2026-10-03,2026-10-03T14:30:00+01:00,FT,946,Second NL,Croatia,2026,Regular Season - 7,Inter Zapresic,Bjelovar,1020,5705,0,0,0,0,,,,,0,0
1595247,2026-10-03,2026-10-03T14:30:00+01:00,FT,946,Second NL,Croatia,2026,Regular Season - 7,Križevci,Solin,5711,1480,0,2,0,2,,,,,0,2
1595248,2026-10-03,2026-10-03T14:30:00+01:00,FT,946,Second NL,Croatia,2026,Regular Season - 7,Slavonija Požega,Lucko,6250,1477,2,0,1,0,,,,,2,0
1595249,2026-10-03,2026-10-03T14:30:00+01:00,FT,946,Second NL,Croatia,2026,Regular Season - 7,Trnje,Uljanik,8607,8582,2,0,1,0,,,,,2,0
1595250,2026-10-03,2026-10-03T14:30:00+01:00,PST,946,Second NL,Croatia,2026,Regular Season - 7,Uskok Klis,Jarun,8589,8605,,,,,,,,,,
1595251,2026-10-03,2026-10-03T14:30:00+01:00,FT,946,Second NL,Croatia,2026,Regular Season - 7,Varteks Varaždin,Koprivnica,8599,5710,1,1,1,0,,,,,1,1
1595252,2026-10-03,2026-10-03T14:30:00+01:00,FT,946,Second NL,Croatia,2026,Regular Season - 7,Zagora,Dugo Selo,5731,8602,0,4,0,1,,,,,0,4
1598927,2026-10-03,2026-10-03T14:30:00+01:00,FT,752,Oberliga - Rheinland-Pfalz / Saar,Germany,2026,Rheinland-Pfalz/Saar - 11,Auersmacher,Cosmos Koblenz,14468,20395,1,3,1,2,,,,,1,3
1599499,2026-10-03,2026-10-03T14:30:00+01:00,FT,67,National 2 - Group A,France,2026,Group A - 6,Chantilly,Biesheim,3162,3025,0,4,0,2,,,,,0,4
1617030,2026-10-03,2026-10-03T14:30:00+01:00,FT,453,Tercera División RFEF - Group 15,Spain,2026,Group 15 - 5,Valle Egüés,Aoiz,9858,26553,0,1,0,1,,,,,0,1
1618374,2026-10-03,2026-10-03T14:30:00+01:00,FT,92,Derde Divisie,Netherlands,2026,Regular Season - 8,Hercules,DVS 33 Ermelo,1264,1244,1,0,0,0,,,,,1,0
1618375,2026-10-03,2026-10-03T14:30:00+01:00,FT,92,Derde Divisie,Netherlands,2026,Regular Season - 8,Vvsb,Excelsior Maassluis,1251,17129,0,3,0,0,,,,,0,3
1640051,2026-10-03,2026-10-03T14:30:00+01:00,FT,667,Friendlies Clubs,World,2026,Club Friendlies,FC St. Pauli,Borussia Mönchengladbach,186,163,1,1,0,1,,,,,1,1
1640052,2026-10-03,2026-10-03T14:30:00+01:00,FT,667,Friendlies Clubs,World,2026,Club Friendlies,VfL Osnabrück,Djurgardens IF,1324,364,0,1,0,0,,,,,0,1
1642955,2026-10-03,2026-10-03T14:30:00+01:00,FT,667,Friendlies Clubs,World,2026,Club Friendlies,Kundl,Wacker Innsbruck,8338,1073,0,5,,,,,,,0,5
1643258,2026-10-03,2026-10-03T14:30:00+01:00,FT,962,Premier League,Lesotho,2026,Regular Season - 5,LMPS,Majantja,20978,25065,0,1,0,1,,,,,0,1
1643507,2026-10-03,2026-10-03T14:30:00+01:00,FT,667,Friendlies Clubs,World,2026,Club Friendlies,Torpedo Zhodino,Torpedo Moskva,385,3985,1,2,0,0,,,,,1,2
1566616,2026-10-03,2026-10-03T14:45:00+01:00,FT,733,I Liga - Women,Slovakia,2026,Regular Season - 8,Slovan Bratislava W,Trenčín W,10924,15976,8,0,6,0,,,,,8,0
1615803,2026-10-03,2026-10-03T14:45:00+01:00,FT,449,Tercera División RFEF - Group 11,Spain,2026,Group 11 - 5,Mercadal,Constància,17599,9776,1,3,1,0,,,,,1,3
1619566,2026-10-03,2026-10-03T14:45:00+01:00,FT,566,Ligue A,Burundi,2026,Regular Season - 5,Muzinga,Olympic Star,14270,8092,1,1,,,,,,,1,1
1643259,2026-10-03,2026-10-03T14:45:00+01:00,FT,962,Premier League,Lesotho,2026,Regular Season - 5,Lijabatho,Lioli,20980,20982,0,0,0,0,,,,,0,0
1495960,2026-10-03,2026-10-03T15:00:00+01:00,FT,104,1. Division,Norway,2026,Regular Season - 24,Haugesund,Stabaek,328,323,2,0,0,0,,,,,2,0
1495961,2026-10-03,2026-10-03T15:00:00+01:00,FT,104,1. Division,Norway,2026,Regular Season - 24,hodd,ODD Ballklubb,2150,330,2,3,1,2,,,,,2,3
1495966,2026-10-03,2026-10-03T15:00:00+01:00,FT,104,1. Division,Norway,2026,Regular Season - 24,Stromsgodset,Asane,324,2148,1,0,0,0,,,,,1,0
1496529,2026-10-03,2026-10-03T15:00:00+01:00,FT,774,3. Division - Girone 1,Norway,2026,Regular Season - 22,KFUM II,Ullern,21420,7042,1,3,0,3,,,,,1,3
1501496,2026-10-03,2026-10-03T15:00:00+01:00,FT,736,Elitettan,Sweden,2026,Regular Season - 21,KIF Örebro W,Sandviken W,11078,15957,7,0,3,0,,,,,7,0
1504564,2026-10-03,2026-10-03T15:00:00+01:00,FT,564,Ettan - Södra,Sweden,2026,Södra - 25,Atvidabergs FF,Trollhättan,2162,6702,1,1,0,1,,,,,1,1
1504565,2026-10-03,2026-10-03T15:00:00+01:00,FT,564,Ettan - Södra,Sweden,2026,Södra - 25,Jonkopings Sodra,Eskilsminne,764,6663,0,1,0,1,,,,,0,1
1504569,2026-10-03,2026-10-03T15:00:00+01:00,FT,564,Ettan - Södra,Sweden,2026,Södra - 25,Skövde AIK,Utsikten,6698,6706,3,2,1,0,,,,,3,2
1505286,2026-10-03,2026-10-03T15:00:00+01:00,FT,563,Ettan - Norra,Sweden,2026,Norra - 25,Piteå,IF Karlstad,11671,11659,1,1,0,0,,,,,1,1
1505288,2026-10-03,2026-10-03T15:00:00+01:00,FT,563,Ettan - Norra,Sweden,2026,Norra - 25,Stocksund,Järfälla,6700,16598,1,1,1,1,,,,,1,1
1510686,2026-10-03,2026-10-03T15:00:00+01:00,FT,592,Division 2 - Norra Götaland,Sweden,2026,Norra Götaland - 24,Lidköping,Vänersborgs FK,12573,12577,1,0,1,0,,,,,1,0
1511233,2026-10-03,2026-10-03T15:00:00+01:00,FT,595,Division 2 - Södra Svealand,Sweden,2026,Södra Svealand - 24,Syrianska FC,Lindo FF,2167,27308,5,2,4,0,,,,,5,2
1520902,2026-10-03,2026-10-03T15:00:00+01:00,FT,72,Serie B,Brazil,2026,Regular Season - 31,Avai,Ceara,145,129,0,1,0,0,,,,,0,1
1530010,2026-10-03,2026-10-03T15:00:00+01:00,FT,649,Supreme Division Women,Russia,2026,Regular Season - 21,Chertanovo W,Ryazan W,10885,10921,2,1,0,0,,,,,2,1
1556866,2026-10-03,2026-10-03T15:00:00+01:00,FT,180,Championship,Scotland,2026,Regular Season - 9,Livingston,Ayr Utd,255,1387,1,2,1,2,,,,,1,2
1556867,2026-10-03,2026-10-03T15:00:00+01:00,FT,180,Championship,Scotland,2026,Regular Season - 9,Morton,Raith Rovers,1383,1385,1,2,0,1,,,,,1,2
1556868,2026-10-03,2026-10-03T15:00:00+01:00,FT,180,Championship,Scotland,2026,Regular Season - 9,Partick,Arbroath,901,4249,3,0,2,0,,,,,3,0
1557046,2026-10-03,2026-10-03T15:00:00+01:00,FT,183,League One,Scotland,2026,Regular Season - 9,Airdrie United,Montrose,4668,4251,1,0,0,0,,,,,1,0
1557047,2026-10-03,2026-10-03T15:00:00+01:00,FT,183,League One,Scotland,2026,Regular Season - 9,East Fife,East Kilbride,6764,6765,0,3,0,1,,,,,0,3
1557049,2026-10-03,2026-10-03T15:00:00+01:00,FT,183,League One,Scotland,2026,Regular Season - 9,Queen of the South,Cove Rangers,1384,6763,4,3,2,0,,,,,4,3
1557050,2026-10-03,2026-10-03T15:00:00+01:00,FT,183,League One,Scotland,2026,Regular Season - 9,Ross County,Alloa Athletic,902,1391,4,1,1,0,,,,,4,1
1557789,2026-10-03,2026-10-03T15:00:00+01:00,FT,184,League Two,Scotland,2026,Regular Season - 9,Annan Athletic,Stirling Albion,6757,4669,0,1,0,0,,,,,0,1
1557790,2026-10-03,2026-10-03T15:00:00+01:00,FT,184,League Two,Scotland,2026,Regular Season - 9,Dumbarton,Forfar Athletic,1382,4250,2,1,0,1,,,,,2,1
1557791,2026-10-03,2026-10-03T15:00:00+01:00,FT,184,League Two,Scotland,2026,Regular Season - 9,Elgin City,Clyde,6767,6762,6,2,0,1,,,,,6,2
1557792,2026-10-03,2026-10-03T15:00:00+01:00,FT,184,League Two,Scotland,2026,Regular Season - 9,Spartans,Kelty Hearts,6781,6773,0,2,0,1,,,,,0,2
1557793,2026-10-03,2026-10-03T15:00:00+01:00,FT,184,League Two,Scotland,2026,Regular Season - 9,Stranraer,Edinburgh City,6785,6766,0,0,0,0,,,,,0,0
1558953,2026-10-03,2026-10-03T15:00:00+01:00,FT,374,2. SNL,Slovenia,2026,Regular Season - 9,Dravinja,Slovan Ljubljana,16302,20198,1,4,1,3,,,,,1,4
1558958,2026-10-03,2026-10-03T15:00:00+01:00,FT,374,2. SNL,Slovenia,2026,Regular Season - 9,Dren Vrhnika,Krško,20127,4365,0,0,0,0,,,,,0,0
1561677,2026-10-03,2026-10-03T15:00:00+01:00,FT,109,II Liga - East,Poland,2026,Regular Season - 10,Świt Skolwin,Sokół Kleczew,12902,16255,2,1,1,0,,,,,2,1
1562081,2026-10-03,2026-10-03T15:00:00+01:00,FT,408,Premiership,Northern-Ireland,2026,Regular Season - 10,Carrick Rangers,Crusaders FC,5350,697,4,0,1,0,,,,,4,0
1562082,2026-10-03,2026-10-03T15:00:00+01:00,FT,408,Premiership,Northern-Ireland,2026,Regular Season - 10,Cliftonville FC,Ballymena United,2266,668,0,1,0,0,,,,,0,1
1562083,2026-10-03,2026-10-03T15:00:00+01:00,FT,408,Premiership,Northern-Ireland,2026,Regular Season - 10,Glentoran,Dungannon Swifts,5352,5351,2,0,1,0,,,,,2,0
1562085,2026-10-03,2026-10-03T15:00:00+01:00,FT,408,Premiership,Northern-Ireland,2026,Regular Season - 10,Portadown,Limavady United,5348,11114,3,1,1,1,,,,,3,1
1562289,2026-10-03,2026-10-03T15:00:00+01:00,FT,350,4. liga - Divizie A,Czech-Republic,2026,Group A - 9,Jiskra Domažlice II,Nyrsko,19639,27888,3,4,2,3,,,,,3,4
1562292,2026-10-03,2026-10-03T15:00:00+01:00,FT,350,4. liga - Divizie A,Czech-Republic,2026,Group A - 9,Hořovicko,Strakonice,7299,21499,2,1,1,0,,,,,2,1
1562294,2026-10-03,2026-10-03T15:00:00+01:00,FT,350,4. liga - Divizie A,Czech-Republic,2026,Group A - 9,Spartak Soběslav,Doubravka,7360,7285,2,1,1,1,,,,,2,1
1562414,2026-10-03,2026-10-03T15:00:00+01:00,FT,351,4. liga - Divizie B,Czech-Republic,2026,Group B - 9,Ostrov,Chomutov,7328,7282,2,1,1,0,,,,,2,1
1562415,2026-10-03,2026-10-03T15:00:00+01:00,FT,351,4. liga - Divizie B,Czech-Republic,2026,Group B - 9,Slaný,Ústí nad Labem II,7342,24194,2,0,0,0,,,,,2,0
1562416,2026-10-03,2026-10-03T15:00:00+01:00,FT,351,4. liga - Divizie B,Czech-Republic,2026,Group B - 9,Tempo Praha,Baník Sokolov,21985,3721,4,1,2,1,,,,,4,1
1562523,2026-10-03,2026-10-03T15:00:00+01:00,FT,352,4. liga - Divizie C,Czech-Republic,2026,Group C - 9,Kosmonosy,Slavia Hradec Králové,14004,21648,2,1,1,0,,,,,2,1
1562528,2026-10-03,2026-10-03T15:00:00+01:00,FT,352,4. liga - Divizie C,Czech-Republic,2026,Group C - 9,Vysoké Mýto,Dvůr Králové,7378,7286,2,0,2,0,,,,,2,0
1562579,2026-10-03,2026-10-03T15:00:00+01:00,FT,352,4. liga - Divizie C,Czech-Republic,2026,Group C - 9,Trutnov,Vykan,7367,27889,2,1,0,1,,,,,2,1
1562653,2026-10-03,2026-10-03T15:00:00+01:00,FT,348,3. liga - CFL A,Czech-Republic,2026,Group A - 9,České Budějovice,Benešov,3736,7273,3,0,3,0,,,,,3,0
1563779,2026-10-03,2026-10-03T15:00:00+01:00,FT,42,League Two,England,2026,Regular Season - 9,Accrington ST,Cheltenham,1360,1372,2,0,0,0,,,,,2,0
1563780,2026-10-03,2026-10-03T15:00:00+01:00,PST,42,League Two,England,2026,Regular Season - 9,Barnet,York,1369,1828,,,,,,,,,,
1563782,2026-10-03,2026-10-03T15:00:00+01:00,PST,42,League Two,England,2026,Regular Season - 9,Colchester,Port Vale,1361,1351,,,,,,,,,,
1563783,2026-10-03,2026-10-03T15:00:00+01:00,FT,42,League Two,England,2026,Regular Season - 9,Crewe,Bristol Rovers,1363,1334,3,1,2,0,,,,,3,1
1563784,2026-10-03,2026-10-03T15:00:00+01:00,FT,42,League Two,England,2026,Regular Season - 9,Exeter City,Rotherham,1364,73,1,0,0,0,,,,,1,0
1563785,2026-10-03,2026-10-03T15:00:00+01:00,FT,42,League Two,England,2026,Regular Season - 9,Gillingham,Newport County,1347,1367,0,0,0,0,,,,,0,0
1563786,2026-10-03,2026-10-03T15:00:00+01:00,FT,42,League Two,England,2026,Regular Season - 9,Grimsby,Shrewsbury,1365,1352,1,2,0,1,,,,,1,2
1563787,2026-10-03,2026-10-03T15:00:00+01:00,PST,42,League Two,England,2026,Regular Season - 9,Northampton,Oldham,1337,1349,,,,,,,,,,
1563788,2026-10-03,2026-10-03T15:00:00+01:00,FT,42,League Two,England,2026,Regular Season - 9,Rochdale,Swindon Town,1339,1353,1,0,0,0,,,,,1,0
1563789,2026-10-03,2026-10-03T15:00:00+01:00,FT,42,League Two,England,2026,Regular Season - 9,Salford City,Fleetwood Town,1844,1336,1,0,0,0,,,,,1,0
1563790,2026-10-03,2026-10-03T15:00:00+01:00,PST,42,League Two,England,2026,Regular Season - 9,Walsall,Crawley Town,1342,1362,,,,,,,,,,
1564331,2026-10-03,2026-10-03T15:00:00+01:00,PST,41,League One,England,2026,Regular Season - 9,AFC Wimbledon,Stevenage,1333,1368,,,,,,,,,,
1564332,2026-10-03,2026-10-03T15:00:00+01:00,PST,41,League One,England,2026,Regular Season - 9,Barnsley,Milton Keynes Dons,747,1348,,,,,,,,,,
1564334,2026-10-03,2026-10-03T15:00:00+01:00,PST,41,League One,England,2026,Regular Season - 9,Bromley,Wycombe,1832,1358,,,,,,,,,,
1564335,2026-10-03,2026-10-03T15:00:00+01:00,FT,41,League One,England,2026,Regular Season - 9,Burton Albion,Huddersfield,748,37,1,3,1,2,,,,,1,3
1564336,2026-10-03,2026-10-03T15:00:00+01:00,FT,41,League One,England,2026,Regular Season - 9,Leyton Orient,Plymouth,1373,1357,0,2,0,0,,,,,0,2
1564337,2026-10-03,2026-10-03T15:00:00+01:00,PST,41,League One,England,2026,Regular Season - 9,Luton,Doncaster,1359,1354,,,,,,,,,,
1564339,2026-10-03,2026-10-03T15:00:00+01:00,PST,41,League One,England,2026,Regular Season - 9,Peterborough,Notts County,1350,1376,,,,,,,,,,
1564340,2026-10-03,2026-10-03T15:00:00+01:00,FT,41,League One,England,2026,Regular Season - 9,Reading,Bradford,53,1343,1,1,0,1,,,,,1,1
1564342,2026-10-03,2026-10-03T15:00:00+01:00,PST,41,League One,England,2026,Regular Season - 9,Wigan,Mansfield Town,61,1374,,,,,,,,,,
1564878,2026-10-03,2026-10-03T15:00:00+01:00,FT,407,Championship,Northern-Ireland,2026,Regular Season - 10,Ballinamallard United,Ards,5339,5338,1,1,0,1,,,,,1,1
1564879,2026-10-03,2026-10-03T15:00:00+01:00,FT,407,Championship,Northern-Ireland,2026,Regular Season - 10,Dundela,Queen's University,5342,5349,0,2,0,0,,,,,0,2
1564880,2026-10-03,2026-10-03T15:00:00+01:00,FT,407,Championship,Northern-Ireland,2026,Regular Season - 10,H&W Welders,Rathfriland,5343,17241,1,3,,,,,,,1,3
1564881,2026-10-03,2026-10-03T15:00:00+01:00,FT,407,Championship,Northern-Ireland,2026,Regular Season - 10,Institute,Newington Youth,5353,11118,7,0,3,0,,,,,7,0
1564882,2026-10-03,2026-10-03T15:00:00+01:00,FT,407,Championship,Northern-Ireland,2026,Regular Season - 10,Loughgall,Newry City AFC,5345,5346,2,1,2,0,,,,,2,1
1564885,2026-10-03,2026-10-03T15:00:00+01:00,FT,407,Championship,Northern-Ireland,2026,Regular Season - 10,Warrenpoint Town,Annagh United,5355,11109,1,1,0,0,,,,,1,1
1566805,2026-10-03,2026-10-03T15:00:00+01:00,FT,938,Oberliga - Bayern Nord,Germany,2026,Bayern Nord - 13,Bayern Hof,Würzburger FV,12737,12898,1,2,0,1,,,,,1,2
1566808,2026-10-03,2026-10-03T15:00:00+01:00,FT,938,Oberliga - Bayern Nord,Germany,2026,Bayern Nord - 13,Großbardorf,Cham,12774,19761,0,1,0,0,,,,,0,1
1568819,2026-10-03,2026-10-03T15:00:00+01:00,FT,781,III Liga - Group 2,Poland,2026,Group II - 11,Wda Świecie,Polonia Środa,24328,6948,0,4,0,1,,,,,0,4
1569119,2026-10-03,2026-10-03T15:00:00+01:00,FT,780,III Liga - Group 1,Poland,2026,Group I - 11,Łomża,Olimpia Elbląg,21656,6945,0,2,0,1,,,,,0,2
1572683,2026-10-03,2026-10-03T15:00:00+01:00,FT,877,Segunda División RFEF - Group 3,Spain,2026,Group 3 - 5,Castellón II,Lorca Deportiva,17588,9400,2,1,1,0,,,,,2,1
1573602,2026-10-03,2026-10-03T15:00:00+01:00,FT,142,Primera División Femenina,Spain,2026,Regular Season - 6,Deportivo de La Coruña W,Atletico Madrid W,6376,1910,1,2,0,1,,,,,1,2
1573865,2026-10-03,2026-10-03T15:00:00+01:00,FT,223,Regionalliga - West,Austria,2026,West - 10,Rheindorf Altach II,Hohenems,8256,4945,1,2,0,0,,,,,1,2
1573866,2026-10-03,2026-10-03T15:00:00+01:00,FT,223,Regionalliga - West,Austria,2026,West - 10,Dornbirn,Kitzbühel,4255,4947,0,2,0,1,,,,,0,2
1573867,2026-10-03,2026-10-03T15:00:00+01:00,FT,223,Regionalliga - West,Austria,2026,West - 10,Kufstein,Imst,4948,14709,1,2,0,1,,,,,1,2
1573869,2026-10-03,2026-10-03T15:00:00+01:00,FT,223,Regionalliga - West,Austria,2026,West - 10,SVG Reichenau,Schwaz,4981,4957,1,2,1,2,,,,,1,2
1573871,2026-10-03,2026-10-03T15:00:00+01:00,FT,223,Regionalliga - West,Austria,2026,West - 10,Wolfurt,Röthis,4968,8258,0,3,0,3,,,,,0,3
1574364,2026-10-03,2026-10-03T15:00:00+01:00,FT,510,1. Liga Promotion,Switzerland,2026,Regular Season - 10,Cham,Bulle,6621,6618,2,4,1,1,,,,,2,4
1574368,2026-10-03,2026-10-03T15:00:00+01:00,FT,510,1. Liga Promotion,Switzerland,2026,Regular Season - 10,Grand-Saconnex,YF Juventus,17415,6652,0,1,0,1,,,,,0,1
1574369,2026-10-03,2026-10-03T15:00:00+01:00,FT,510,1. Liga Promotion,Switzerland,2026,Regular Season - 10,Paradiso,Lugano II,12717,17441,1,0,1,0,,,,,1,0
1583935,2026-10-03,2026-10-03T15:00:00+01:00,FT,1026,Second League A - Division A Silver,Russia,2026,Division A Silver - 12,Amkar,Torpedo Miass,1076,16864,1,2,0,2,,,,,1,2
1585269,2026-10-03,2026-10-03T15:00:00+01:00,FT,43,National League,England,2026,Regular Season - 12,Aldershot Town,Carlisle,1818,1371,1,3,0,2,,,,,1,3
1585270,2026-10-03,2026-10-03T15:00:00+01:00,FT,43,National League,England,2026,Regular Season - 12,Barrow,Wealdstone,1819,8663,2,1,1,1,,,,,2,1
1585271,2026-10-03,2026-10-03T15:00:00+01:00,FT,43,National League,England,2026,Regular Season - 12,Boreham Wood,Altrincham,1830,4700,3,1,0,1,,,,,3,1
1585272,2026-10-03,2026-10-03T15:00:00+01:00,FT,43,National League,England,2026,Regular Season - 12,Eastleigh,Woking,1822,1836,1,3,1,1,,,,,1,3
1585273,2026-10-03,2026-10-03T15:00:00+01:00,FT,43,National League,England,2026,Regular Season - 12,Gateshead,Worthing,1823,7761,1,2,1,1,,,,,1,2
1585274,2026-10-03,2026-10-03T15:00:00+01:00,FT,43,National League,England,2026,Regular Season - 12,Harrogate Town,AFC Hornchurch,1842,7690,3,0,1,0,,,,,3,0
1585275,2026-10-03,2026-10-03T15:00:00+01:00,FT,43,National League,England,2026,Regular Season - 12,Hartlepool,Tamworth,1366,7752,0,1,0,1,,,,,0,1
1585276,2026-10-03,2026-10-03T15:00:00+01:00,FT,43,National League,England,2026,Regular Season - 12,Kidderminster Harriers,Sutton Utd,4695,1835,1,1,1,0,,,,,1,1
1585277,2026-10-03,2026-10-03T15:00:00+01:00,PST,43,National League,England,2026,Regular Season - 12,Scunthorpe,Forest Green,1340,1378,,,,,,,,,,
1585278,2026-10-03,2026-10-03T15:00:00+01:00,FT,43,National League,England,2026,Regular Season - 12,Solihull Moors,FC Halifax Town,1834,1841,0,2,0,0,,,,,0,2
1585279,2026-10-03,2026-10-03T15:00:00+01:00,FT,43,National League,England,2026,Regular Season - 12,Southend,AFC Fylde,1341,1839,3,1,2,1,,,,,3,1
1585280,2026-10-03,2026-10-03T15:00:00+01:00,FT,43,National League,England,2026,Regular Season - 12,Yeovil Town,Boston United,1377,8146,6,0,4,0,,,,,6,0
1586239,2026-10-03,2026-10-03T15:00:00+01:00,FT,83,Regionalliga - Bayern,Germany,2026,Bayern - 12,Aubstadt,Memmingen,9323,9331,0,1,0,0,,,,,0,1
1588881,2026-10-03,2026-10-03T15:00:00+01:00,PEN,46,EFL Trophy,England,2026,Group South - 4,Colchester,Luton,1361,1359,1,1,0,0,0,0,3,4,1,1
1589722,2026-10-03,2026-10-03T15:00:00+01:00,NS,794,3. SNL - East,Slovenia,2026,East - 8,Korotan Prevalje,Fužinar,16303,4373,,,,,,,,,,
1589829,2026-10-03,2026-10-03T15:00:00+01:00,NS,795,3. SNL - West,Slovenia,2026,West - 8,Zidgrad Idrija,Šencur,20140,6727,,,,,,,,,,
1593145,2026-10-03,2026-10-03T15:00:00+01:00,FT,82,Frauen Bundesliga,Germany,2026,Regular Season - 6,FC Koln W,SC Freiburg W,1871,1867,0,1,0,0,,,,,0,1
1595992,2026-10-03,2026-10-03T15:00:00+01:00,FT,58,Non League Premier - Isthmian,England,2026,Regular Season - 10,Burgess Hill Town,Maldon & Tiptree,7217,7654,4,1,2,0,,,,,4,1
1595995,2026-10-03,2026-10-03T15:00:00+01:00,PST,58,Non League Premier - Isthmian,England,2026,Regular Season - 10,Enfield Town,Chatham Town,7714,8737,,,,,,,,,,
1595998,2026-10-03,2026-10-03T15:00:00+01:00,FT,58,Non League Premier - Isthmian,England,2026,Regular Season - 10,Ramsgate,Carshalton Athletic,7665,7707,2,3,2,2,,,,,2,3
1595999,2026-10-03,2026-10-03T15:00:00+01:00,FT,58,Non League Premier - Isthmian,England,2026,Regular Season - 10,Welling United,Whyteleafe,8664,7262,1,0,1,0,,,,,1,0
1596000,2026-10-03,2026-10-03T15:00:00+01:00,PST,58,Non League Premier - Isthmian,England,2026,Regular Season - 10,Whitehawk,Dulwich Hamlet,4713,8149,,,,,,,,,,
1596038,2026-10-03,2026-10-03T15:00:00+01:00,FT,58,Non League Premier - Isthmian,England,2026,Regular Season - 14,Lewes,Whitehawk,7728,4713,1,0,0,0,,,,,1,0
1596453,2026-10-03,2026-10-03T15:00:00+01:00,FT,59,Non League Premier - Northern,England,2026,Regular Season - 11,Bamber Bridge,Quorn,7695,8903,2,4,0,2,,,,,2,4
1596456,2026-10-03,2026-10-03T15:00:00+01:00,PST,59,Non League Premier - Northern,England,2026,Regular Season - 11,Gainsborough Trinity,Curzon Ashton,4691,4703,,,,,,,,,,
1596458,2026-10-03,2026-10-03T15:00:00+01:00,FT,59,Non League Premier - Northern,England,2026,Regular Season - 11,Hyde United,Stockton Town,4694,8953,2,1,1,0,,,,,2,1
1596459,2026-10-03,2026-10-03T15:00:00+01:00,FT,59,Non League Premier - Northern,England,2026,Regular Season - 11,Lancaster City,Ilkeston Town,7726,7236,2,1,0,1,,,,,2,1
1596460,2026-10-03,2026-10-03T15:00:00+01:00,FT,59,Non League Premier - Northern,England,2026,Regular Season - 11,Redcar Athletic,Alfreton Town,16994,4677,3,1,1,0,,,,,3,1
1596461,2026-10-03,2026-10-03T15:00:00+01:00,FT,59,Non League Premier - Northern,England,2026,Regular Season - 11,Rylands,AFC Emley,8918,11936,4,1,2,0,,,,,4,1
1596462,2026-10-03,2026-10-03T15:00:00+01:00,FT,59,Non League Premier - Northern,England,2026,Regular Season - 11,Workington,Cleethorpes Town,7265,7631,1,1,0,0,,,,,1,1
1596903,2026-10-03,2026-10-03T15:00:00+01:00,NS,931,Non League Premier - Southern Central,England,2026,Regular Season - 10,Anstey Nomads,Real Bedford,8681,21712,,,,,,,,,,
1596904,2026-10-03,2026-10-03T15:00:00+01:00,NS,931,Non League Premier - Southern Central,England,2026,Regular Season - 10,Bury Town,Kettering Town,7622,8654,,,,,,,,,,
1596905,2026-10-03,2026-10-03T15:00:00+01:00,FT,931,Non League Premier - Southern Central,England,2026,Regular Season - 10,Leamington,Hitchin Town,8656,4682,4,0,1,0,,,,,4,0
1596906,2026-10-03,2026-10-03T15:00:00+01:00,FT,931,Non League Premier - Southern Central,England,2026,Regular Season - 10,Leighton Town,Peterborough Sports,8846,7737,2,4,0,2,,,,,2,4
1596907,2026-10-03,2026-10-03T15:00:00+01:00,NS,931,Non League Premier - Southern Central,England,2026,Regular Season - 10,Leiston,Halesowen Town,7727,7644,,,,,,,,,,
1596908,2026-10-03,2026-10-03T15:00:00+01:00,NS,931,Non League Premier - Southern Central,England,2026,Regular Season - 10,Redditch United,Banbury United,7741,7696,,,,,,,,,,
1596909,2026-10-03,2026-10-03T15:00:00+01:00,FT,931,Non League Premier - Southern Central,England,2026,Regular Season - 10,Rushall Olympic,Needham Market,7743,7735,5,3,3,1,,,,,5,3
1596910,2026-10-03,2026-10-03T15:00:00+01:00,NS,931,Non League Premier - Southern Central,England,2026,Regular Season - 10,Stamford,Bromsgrove Sporting,4709,7705,,,,,,,,,,
1596911,2026-10-03,2026-10-03T15:00:00+01:00,FT,931,Non League Premier - Southern Central,England,2026,Regular Season - 10,Stourbridge,Racing Club Warwick,4710,8904,0,1,0,1,,,,,0,1
1597365,2026-10-03,2026-10-03T15:00:00+01:00,PST,60,Non League Premier - Southern South,England,2026,Regular Season - 10,Basingstoke Town,Sholing,7615,7668,,,,,,,,,,
1597366,2026-10-03,2026-10-03T15:00:00+01:00,PST,60,Non League Premier - Southern South,England,2026,Regular Season - 10,Berkhamsted,Gosport Borough,7214,7717,,,,,,,,,,
1597367,2026-10-03,2026-10-03T15:00:00+01:00,PST,60,Non League Premier - Southern South,England,2026,Regular Season - 10,Bracknell Town,Chertsey Town,7619,7627,,,,,,,,,,
1597368,2026-10-03,2026-10-03T15:00:00+01:00,PST,60,Non League Premier - Southern South,England,2026,Regular Season - 10,Chichester City,Gloucester City,7628,8653,,,,,,,,,,
1597369,2026-10-03,2026-10-03T15:00:00+01:00,PST,60,Non League Premier - Southern South,England,2026,Regular Season - 10,Chippenham Town,Havant & Wville,8147,1843,,,,,,,,,,
1597370,2026-10-03,2026-10-03T15:00:00+01:00,PST,60,Non League Premier - Southern South,England,2026,Regular Season - 10,Hanwell Town,Bath City,7645,8657,,,,,,,,,,
1597371,2026-10-03,2026-10-03T15:00:00+01:00,PST,60,Non League Premier - Southern South,England,2026,Regular Season - 10,Malvern Town,Hanworth Villa,8870,8811,,,,,,,,,,
1597372,2026-10-03,2026-10-03T15:00:00+01:00,NS,60,Non League Premier - Southern South,England,2026,Regular Season - 10,Plymouth Parkway,Uxbridge,8899,7257,,,,,,,,,,
1597373,2026-10-03,2026-10-03T15:00:00+01:00,FT,60,Non League Premier - Southern South,England,2026,Regular Season - 10,Poole Town,Evesham United,7738,7640,3,1,2,1,,,,,3,1
1597374,2026-10-03,2026-10-03T15:00:00+01:00,PST,60,Non League Premier - Southern South,England,2026,Regular Season - 10,Taunton Town,Wimborne Town,4711,7758,,,,,,,,,,
1597375,2026-10-03,2026-10-03T15:00:00+01:00,FT,60,Non League Premier - Southern South,England,2026,Regular Season - 10,Yate Town,Frome Town,7762,7226,3,3,0,0,,,,,3,3
1604869,2026-10-03,2026-10-03T15:00:00+01:00,FT,599,1. Liga Classic - Group 1,Switzerland,2026,Group 1 - 9,Naters,Azzurri,12695,26346,1,3,0,1,,,,,1,3
1608085,2026-10-03,2026-10-03T15:00:00+01:00,FT,1239,Regionalliga - North,Austria,2026,North - 11,Grödig,Wohnbau Dietach,4974,19193,5,0,4,0,,,,,5,0
1608086,2026-10-03,2026-10-03T15:00:00+01:00,FT,1239,Regionalliga - North,Austria,2026,North - 11,LASK Juniors,SK Vorwarts Steyr,11225,1406,1,0,1,0,,,,,1,0
1608089,2026-10-03,2026-10-03T15:00:00+01:00,FT,1239,Regionalliga - North,Austria,2026,North - 11,Wals-Grünau,Ried II,8261,8250,2,2,2,0,,,,,2,2
1609681,2026-10-03,2026-10-03T15:00:00+01:00,FT,601,1. Liga Classic - Group 3,Switzerland,2026,Group 3 - 9,Baden,Taverne,12699,6648,2,3,2,1,,,,,2,3
1609682,2026-10-03,2026-10-03T15:00:00+01:00,FT,601,1. Liga Classic - Group 3,Switzerland,2026,Group 3 - 9,Collina d'Oro,Wettswil-Bonstetten,18162,6650,1,0,1,0,,,,,1,0
1609684,2026-10-03,2026-10-03T15:00:00+01:00,FT,601,1. Liga Classic - Group 3,Switzerland,2026,Group 3 - 9,Gossau,Widnau,12714,16377,4,1,3,0,,,,,4,1
1609686,2026-10-03,2026-10-03T15:00:00+01:00,FT,601,1. Liga Classic - Group 3,Switzerland,2026,Group 3 - 9,Thalwil,Locarno,12719,21866,2,2,1,2,,,,,2,2
1610110,2026-10-03,2026-10-03T15:00:00+01:00,FT,600,1. Liga Classic - Group 2,Switzerland,2026,Group 2 - 9,Buochs,Langenthal,12701,12705,1,2,0,2,,,,,1,2
1610111,2026-10-03,2026-10-03T15:00:00+01:00,FT,600,1. Liga Classic - Group 2,Switzerland,2026,Group 2 - 9,Muri-Gümligen,Concordia Basel,19608,6622,2,3,2,2,,,,,2,3
1610112,2026-10-03,2026-10-03T15:00:00+01:00,FT,600,1. Liga Classic - Group 2,Switzerland,2026,Group 2 - 9,Muttenz,Black Stars,12707,6617,2,2,1,1,,,,,2,2
1610114,2026-10-03,2026-10-03T15:00:00+01:00,FT,600,1. Liga Classic - Group 2,Switzerland,2026,Group 2 - 9,Solothurn,Münsingen,12709,10589,3,0,2,0,,,,,3,0
1610115,2026-10-03,2026-10-03T15:00:00+01:00,FT,600,1. Liga Classic - Group 2,Switzerland,2026,Group 2 - 9,Zug,Courtételle,12710,17480,1,2,0,1,,,,,1,2
1612745,2026-10-03,2026-10-03T15:00:00+01:00,FT,439,Tercera División RFEF - Group 1,Spain,2026,Group 1 - 5,Silva,Villalbés,9615,9618,0,0,0,0,,,,,0,0
1614276,2026-10-03,2026-10-03T15:00:00+01:00,FT,444,Tercera División RFEF - Group 6,Spain,2026,Group 6 - 5,Soneja,Jove Español,22140,9694,1,2,1,1,,,,,1,2
1615801,2026-10-03,2026-10-03T15:00:00+01:00,FT,449,Tercera División RFEF - Group 11,Spain,2026,Group 11 - 5,Llosetense,Arenal,9782,22147,3,1,,,,,,,3,1
1615802,2026-10-03,2026-10-03T15:00:00+01:00,FT,449,Tercera División RFEF - Group 11,Spain,2026,Group 11 - 5,Manacor,Andratx,9784,8151,2,1,0,0,,,,,2,1
1617024,2026-10-03,2026-10-03T15:00:00+01:00,FT,453,Tercera División RFEF - Group 15,Spain,2026,Group 15 - 5,Beti Kozkor,Txantrea,9844,9857,2,0,1,0,,,,,2,0
1617025,2026-10-03,2026-10-03T15:00:00+01:00,FT,453,Tercera División RFEF - Group 15,Spain,2026,Group 15 - 5,Bidezarra,Beti Onak,15320,9845,1,1,0,1,,,,,1,1
1617026,2026-10-03,2026-10-03T15:00:00+01:00,FT,453,Tercera División RFEF - Group 15,Spain,2026,Group 15 - 5,Cortes,Izarra,9849,9583,0,2,0,0,,,,,0,2
1617029,2026-10-03,2026-10-03T15:00:00+01:00,FT,453,Tercera División RFEF - Group 15,Spain,2026,Group 15 - 5,Pamplona,Huarte,9854,9851,0,0,0,0,,,,,0,0
1619086,2026-10-03,2026-10-03T15:00:00+01:00,FT,12,CAF Champions League,World,2026,1st Preliminary Round,Fomboni Club,15 de Agosto,6419,19116,0,1,,,,,,,0,1
1620042,2026-10-03,2026-10-03T15:00:00+01:00,NS,577,Gamma Ethniki - Group 2,Greece,2026,Group 2 - 2,Mpam,PAO Kristoni,28150,20056,,,,,,,,,,
1625611,2026-10-03,2026-10-03T15:00:00+01:00,FT,430,Serie D - Girone E,Italy,2026,Group E - 6,Terranuova Traiana,Prato,19988,1680,1,1,1,0,,,,,1,1
1630325,2026-10-03,2026-10-03T15:00:00+01:00,FT,1150,Gaúcho - 3,Brazil,2026,Regular Season - 6,Cruz A.,Futebol Com Vida,28276,23290,0,0,0,0,,,,,0,0
1632355,2026-10-03,2026-10-03T15:00:00+01:00,FT,10,Friendlies,World,2026,Friendly International,India,Brazil,1537,6,0,4,0,2,,,,,0,4
1635456,2026-10-03,2026-10-03T15:00:00+01:00,FT,248,Kakkonen - Lohko B,Finland,2026,Group B,Musa,GrIFK,2245,2079,5,2,3,0,,,,,5,2
1639486,2026-10-03,2026-10-03T15:00:00+01:00,FT,181,FA Cup,Scotland,2026,1st Round,Beith,Huntly,21900,7521,0,3,0,0,,,,,0,3
1639487,2026-10-03,2026-10-03T15:00:00+01:00,AET,181,FA Cup,Scotland,2026,1st Round,Bo'ness United,Irvine Meadow,15597,17772,3,2,0,2,1,0,,,3,2
1639488,2026-10-03,2026-10-03T15:00:00+01:00,FT,181,FA Cup,Scotland,2026,1st Round,Bonnyton Thistle,East Stirlingshire,19789,7439,2,0,1,0,,,,,2,0
1639489,2026-10-03,2026-10-03T15:00:00+01:00,PEN,181,FA Cup,Scotland,2026,1st Round,Brechin,Buckie Thistle,1390,7432,3,2,,,0,0,,,3,2
1639490,2026-10-03,2026-10-03T15:00:00+01:00,FT,181,FA Cup,Scotland,2026,1st Round,Caledonian Braves,Fraserburgh,7433,6769,4,0,1,0,,,,,4,0
1639491,2026-10-03,2026-10-03T15:00:00+01:00,FT,181,FA Cup,Scotland,2026,1st Round,Civil Service Strollers,Formartine United,7434,6768,0,2,0,1,,,,,0,2
1639492,2026-10-03,2026-10-03T15:00:00+01:00,FT,181,FA Cup,Scotland,2026,1st Round,Clachnacuddin,Bonnyrigg Rose Athletic,7435,7431,2,0,0,0,,,,,2,0
1639493,2026-10-03,2026-10-03T15:00:00+01:00,FT,181,FA Cup,Scotland,2026,1st Round,Cowdenbeath,Berwick Rangers,4667,6759,4,0,1,0,,,,,4,0
1639495,2026-10-03,2026-10-03T15:00:00+01:00,FT,181,FA Cup,Scotland,2026,1st Round,Deveronvale,Troon FC,7438,27926,2,3,0,2,,,,,2,3
1639496,2026-10-03,2026-10-03T15:00:00+01:00,FT,181,FA Cup,Scotland,2026,1st Round,Dunipace,Preston Athletic,15598,6749,5,2,3,1,,,,,5,2
1639497,2026-10-03,2026-10-03T15:00:00+01:00,FT,181,FA Cup,Scotland,2026,1st Round,Forres Mechanics,Stirling University,7441,7450,0,1,0,1,,,,,0,1
1639498,2026-10-03,2026-10-03T15:00:00+01:00,FT,181,FA Cup,Scotland,2026,1st Round,Gala Fairydean Rovers,Largs Thistle,7443,27924,0,1,0,1,,,,,0,1
1639499,2026-10-03,2026-10-03T15:00:00+01:00,FT,181,FA Cup,Scotland,2026,1st Round,Haddington Athletic,Cumbernauld Colts,15599,7436,0,2,0,0,,,,,0,2
1639500,2026-10-03,2026-10-03T15:00:00+01:00,FT,181,FA Cup,Scotland,2026,1st Round,Hill Of Beath Hawthorn,Glasgow University,6742,6739,2,0,1,0,,,,,2,0
1639501,2026-10-03,2026-10-03T15:00:00+01:00,FT,181,FA Cup,Scotland,2026,1st Round,Linlithgow Rose,Clydebank,6744,17025,0,1,0,0,,,,,0,1
1639502,2026-10-03,2026-10-03T15:00:00+01:00,FT,181,FA Cup,Scotland,2026,1st Round,Lochee United,Inverurie Loco Works,6745,7445,2,3,0,1,,,,,2,3
1639503,2026-10-03,2026-10-03T15:00:00+01:00,FT,181,FA Cup,Scotland,2026,1st Round,Musselburgh Athletic,Lossiemouth,15600,7447,2,1,2,1,,,,,2,1
1639504,2026-10-03,2026-10-03T15:00:00+01:00,FT,181,FA Cup,Scotland,2026,1st Round,Nairn County,Gretna 2008,7448,7444,0,1,0,1,,,,,0,1
1639505,2026-10-03,2026-10-03T15:00:00+01:00,NS,181,FA Cup,Scotland,2026,1st Round,Newton Stewart, Johnstone Burgh,6747,26605,,,,,,,,,,
1639506,2026-10-03,2026-10-03T15:00:00+01:00,FT,181,FA Cup,Scotland,2026,1st Round,Penicuik Athletic,Kilwinning Rangers,6748,19793,3,1,2,1,,,,,3,1
1639507,2026-10-03,2026-10-03T15:00:00+01:00,FT,181,FA Cup,Scotland,2026,1st Round,Pollok,Albion Rovers,19794,6756,4,1,2,0,,,,,4,1
1639508,2026-10-03,2026-10-03T15:00:00+01:00,FT,181,FA Cup,Scotland,2026,1st Round,Renfrew,Broxburn Athletic,27925,6731,3,2,1,1,,,,,3,2
1639509,2026-10-03,2026-10-03T15:00:00+01:00,FT,181,FA Cup,Scotland,2026,1st Round,Rothes,Brora Rangers,7449,6760,0,9,0,1,,,,,0,9
1639510,2026-10-03,2026-10-03T15:00:00+01:00,FT,181,FA Cup,Scotland,2026,1st Round,Strathspey Thistle,Dalbeattie Star,7451,7437,3,2,2,1,,,,,3,2
1639511,2026-10-03,2026-10-03T15:00:00+01:00,FT,181,FA Cup,Scotland,2026,1st Round,Tayport,Wick Academy,19798,7454,3,0,2,0,,,,,3,0
1639513,2026-10-03,2026-10-03T15:00:00+01:00,AET,181,FA Cup,Scotland,2026,1st Round,Tranent Juniors,Turriff United,15602,7452,3,1,0,0,2,0,,,3,1
1639514,2026-10-03,2026-10-03T15:00:00+01:00,FT,181,FA Cup,Scotland,2026,1st Round,Keith,Stonehaven,7446,28422,2,1,1,1,,,,,2,1
1639515,2026-10-03,2026-10-03T15:00:00+01:00,PEN,181,FA Cup,Scotland,2026,1st Round,Kirkintilloch Rob Roy,Banks O' Dee,28421,6729,1,1,,,0,0,,,1,1
1639578,2026-10-03,2026-10-03T15:00:00+01:00,FT,667,Friendlies Clubs,World,2026,Club Friendlies,Slask Wroclaw,Slovan Liberec,337,782,0,3,0,2,,,,,0,3
1641100,2026-10-03,2026-10-03T15:00:00+01:00,FT,45,FA Cup,England,2026,3rd Round Qualifying,Barton Town Old Boys,Chorley,8699,4679,1,4,0,3,,,,,1,4
1641101,2026-10-03,2026-10-03T15:00:00+01:00,FT,45,FA Cup,England,2026,3rd Round Qualifying,Brackley Town,Chelmsford City,4701,4689,0,2,0,0,,,,,0,2
1641102,2026-10-03,2026-10-03T15:00:00+01:00,FT,45,FA Cup,England,2026,3rd Round Qualifying,Bury,Bromsgrove Sporting,1344,7705,2,1,1,0,,,,,2,1
1641103,2026-10-03,2026-10-03T15:00:00+01:00,FT,45,FA Cup,England,2026,3rd Round Qualifying,Bury Town,Spalding United,7622,7671,1,1,1,1,,,,,1,1
1641104,2026-10-03,2026-10-03T15:00:00+01:00,FT,45,FA Cup,England,2026,3rd Round Qualifying,Buxton,South Shields,7706,7746,0,2,0,1,,,,,0,2
1641105,2026-10-03,2026-10-03T15:00:00+01:00,FT,45,FA Cup,England,2026,3rd Round Qualifying,Cambridge City,Alvechurch,7218,7692,1,2,1,1,,,,,1,2
1641106,2026-10-03,2026-10-03T15:00:00+01:00,FT,45,FA Cup,England,2026,3rd Round Qualifying,Chesham United,Real Bedford,4702,21712,4,3,2,1,,,,,4,3
1641107,2026-10-03,2026-10-03T15:00:00+01:00,FT,45,FA Cup,England,2026,3rd Round Qualifying,Ebbsfleet United,Sholing,1840,7668,1,2,1,1,,,,,1,2
1641108,2026-10-03,2026-10-03T15:00:00+01:00,FT,45,FA Cup,England,2026,3rd Round Qualifying,Guiseley AFC,Bradford (Park Avenue),1824,8651,1,0,1,0,,,,,1,0
1641109,2026-10-03,2026-10-03T15:00:00+01:00,FT,45,FA Cup,England,2026,3rd Round Qualifying,Hanwell Town,Dover,7645,1829,1,2,0,1,,,,,1,2
1641110,2026-10-03,2026-10-03T15:00:00+01:00,FT,45,FA Cup,England,2026,3rd Round Qualifying,Harborough Town,St Albans City,8812,4708,3,2,0,1,,,,,3,2
1641111,2026-10-03,2026-10-03T15:00:00+01:00,FT,45,FA Cup,England,2026,3rd Round Qualifying,Kettering Town,Worcester City,8654,9010,1,3,0,2,,,,,1,3
1641112,2026-10-03,2026-10-03T15:00:00+01:00,FT,45,FA Cup,England,2026,3rd Round Qualifying,Leatherhead,Hanworth Villa,4696,8811,1,0,0,0,,,,,1,0
1641113,2026-10-03,2026-10-03T15:00:00+01:00,FT,45,FA Cup,England,2026,3rd Round Qualifying,Leiston,Coventry United,7727,8755,3,1,3,0,,,,,3,1
1641114,2026-10-03,2026-10-03T15:00:00+01:00,FT,45,FA Cup,England,2026,3rd Round Qualifying,Macclesfield,Scarborough Athletic,1380,7745,2,2,0,2,,,,,2,2
1641115,2026-10-03,2026-10-03T15:00:00+01:00,FT,45,FA Cup,England,2026,3rd Round Qualifying,Marine,Warrington Town,7656,7756,2,0,1,0,,,,,2,0
1641116,2026-10-03,2026-10-03T15:00:00+01:00,FT,45,FA Cup,England,2026,3rd Round Qualifying,Morecambe,Darlington 1883,1375,10157,3,0,0,0,,,,,3,0
1641117,2026-10-03,2026-10-03T15:00:00+01:00,FT,45,FA Cup,England,2026,3rd Round Qualifying,Mulbarton Wanderers,Gloucester City,8875,8653,1,2,0,1,,,,,1,2
1641118,2026-10-03,2026-10-03T15:00:00+01:00,FT,45,FA Cup,England,2026,3rd Round Qualifying,Oxford City,Enfield Town,4684,7714,6,1,2,1,,,,,6,1
1641119,2026-10-03,2026-10-03T15:00:00+01:00,FT,45,FA Cup,England,2026,3rd Round Qualifying,Plymouth Parkway,Horsham,8899,7723,2,1,0,1,,,,,2,1
1641120,2026-10-03,2026-10-03T15:00:00+01:00,FT,45,FA Cup,England,2026,3rd Round Qualifying,Redditch United,Berkhamsted,7741,7214,0,2,0,1,,,,,0,2
1641121,2026-10-03,2026-10-03T15:00:00+01:00,FT,45,FA Cup,England,2026,3rd Round Qualifying,Salisbury,Dulwich Hamlet,7744,8149,5,0,2,0,,,,,5,0
1641122,2026-10-03,2026-10-03T15:00:00+01:00,FT,45,FA Cup,England,2026,3rd Round Qualifying,Sheppey United,Chertsey Town,8928,7627,0,2,0,0,,,,,0,2
1641123,2026-10-03,2026-10-03T15:00:00+01:00,FT,45,FA Cup,England,2026,3rd Round Qualifying,Spennymoor Town,Chester,4707,1820,4,1,3,0,,,,,4,1
1641124,2026-10-03,2026-10-03T15:00:00+01:00,FT,45,FA Cup,England,2026,3rd Round Qualifying,Stafford Rangers,Halesowen Town,7748,7644,1,1,0,0,,,,,1,1
1641125,2026-10-03,2026-10-03T15:00:00+01:00,FT,45,FA Cup,England,2026,3rd Round Qualifying,Tadley Calleva,Dartford,8964,4690,2,1,0,1,,,,,2,1
1641126,2026-10-03,2026-10-03T15:00:00+01:00,FT,45,FA Cup,England,2026,3rd Round Qualifying,Tonbridge Angels,Torquay,8662,1827,0,1,0,0,,,,,0,1
1641127,2026-10-03,2026-10-03T15:00:00+01:00,FT,45,FA Cup,England,2026,3rd Round Qualifying,Trafford,Atherton Collieries,7677,7694,2,2,0,1,,,,,2,2
1641128,2026-10-03,2026-10-03T15:00:00+01:00,FT,45,FA Cup,England,2026,3rd Round Qualifying,Weymouth,SE Dons,8665,28345,1,5,0,2,,,,,1,5
1641616,2026-10-03,2026-10-03T15:00:00+01:00,FT,268,Primera División,Uruguay,2026,Clausura - 9,Liverpool Montevideo,Progreso,2358,2363,3,2,1,0,,,,,3,2
1641624,2026-10-03,2026-10-03T15:00:00+01:00,FT,45,FA Cup,England,2026,3rd Round Qualifying,AFC Rushden & Diamonds,Braintree,7691,1831,2,1,1,1,,,,,2,1
1641625,2026-10-03,2026-10-03T15:00:00+01:00,FT,45,FA Cup,England,2026,3rd Round Qualifying,Bedford Town,Wingate & Finchley,7616,7759,2,2,1,1,,,,,2,2
1641627,2026-10-03,2026-10-03T15:00:00+01:00,FT,45,FA Cup,England,2026,3rd Round Qualifying,Cray Wanderers,Chippenham Town,7711,8147,3,0,2,0,,,,,3,0
1641628,2026-10-03,2026-10-03T15:00:00+01:00,FT,45,FA Cup,England,2026,3rd Round Qualifying,Crowborough Athletic,Wimborne Town,8760,7758,1,2,0,0,,,,,1,2
1641629,2026-10-03,2026-10-03T15:00:00+01:00,FT,45,FA Cup,England,2026,3rd Round Qualifying,Dorking Wanderers,Chatham Town,8659,8737,1,0,0,0,,,,,1,0
1641630,2026-10-03,2026-10-03T15:00:00+01:00,FT,45,FA Cup,England,2026,3rd Round Qualifying,Gainsborough Trinity,Anstey Nomads,4691,8681,2,3,0,1,,,,,2,3
1641631,2026-10-03,2026-10-03T15:00:00+01:00,FT,45,FA Cup,England,2026,3rd Round Qualifying,Truro City,Cirencester Town,4699,7629,4,0,2,0,,,,,4,0
1641632,2026-10-03,2026-10-03T15:00:00+01:00,FT,45,FA Cup,England,2026,3rd Round Qualifying,Uxbridge,Hungerford Town,7257,8661,3,1,3,0,,,,,3,1
1641633,2026-10-03,2026-10-03T15:00:00+01:00,FT,45,FA Cup,England,2026,3rd Round Qualifying,Worksop Town,United of Manchester,7266,7754,0,3,0,2,,,,,0,3
1641730,2026-10-03,2026-10-03T15:00:00+01:00,FT,45,FA Cup,England,2026,3rd Round Qualifying,Thame United,Eastbourne Borough,7675,4704,0,1,0,0,,,,,0,1
1641993,2026-10-03,2026-10-03T15:00:00+01:00,FT,187,Ligue 2,Algeria,2026,Regular Season - 3,JS Jijel,Azazga,20712,10810,0,0,0,0,,,,,0,0
1641996,2026-10-03,2026-10-03T15:00:00+01:00,FT,187,Ligue 2,Algeria,2026,Regular Season - 3,JSM Skikda,Nrb Beni Oulbene,933,26608,1,0,1,0,,,,,1,0
1641999,2026-10-03,2026-10-03T15:00:00+01:00,FT,187,Ligue 2,Algeria,2026,Regular Season - 3,GC Mascara,Blida,927,912,1,1,1,1,,,,,1,1
1642000,2026-10-03,2026-10-03T15:00:00+01:00,FT,187,Ligue 2,Algeria,2026,Regular Season - 3,Usm El Harrach,Taghit,919,28238,4,0,1,0,,,,,4,0
1642001,2026-10-03,2026-10-03T15:00:00+01:00,FT,187,Ligue 2,Algeria,2026,Regular Season - 3,Hussein Dey,RC Kouba,913,935,1,2,0,1,,,,,1,2
1642002,2026-10-03,2026-10-03T15:00:00+01:00,FT,187,Ligue 2,Algeria,2026,Regular Season - 3,Koléa,El Bayadh,10710,10743,1,0,1,0,,,,,1,0
1642003,2026-10-03,2026-10-03T15:00:00+01:00,FT,187,Ligue 2,Algeria,2026,Regular Season - 3,MC Saida,ASM Oran,934,924,1,0,0,0,,,,,1,0
1642004,2026-10-03,2026-10-03T15:00:00+01:00,FT,187,Ligue 2,Algeria,2026,Regular Season - 3,Sidi Benali,Mostaganem,28237,1070,2,2,0,1,,,,,2,2
1642005,2026-10-03,2026-10-03T15:00:00+01:00,NS,187,Ligue 2,Algeria,2026,Regular Season - 3,WA Tlemcen,RC Arba,928,937,,,,,,,,,,
1642006,2026-10-03,2026-10-03T15:00:00+01:00,FT,187,Ligue 2,Algeria,2026,Regular Season - 3,WA Mostaganem,Tiaret,20703,10786,3,1,0,1,,,,,3,1
1642016,2026-10-03,2026-10-03T15:00:00+01:00,FT,828,Ligue 2,Tunisia,2026,Regular Season - 2,AS Agareb,Sporting Ben Arous,10595,10634,0,3,0,1,,,,,0,3
1642018,2026-10-03,2026-10-03T15:00:00+01:00,FT,828,Ligue 2,Tunisia,2026,Regular Season - 2,EM Mahdia,Kerkennah,10605,10616,2,1,1,0,,,,,2,1
1642019,2026-10-03,2026-10-03T15:00:00+01:00,FT,828,Ligue 2,Tunisia,2026,Regular Season - 2,Mégrine,Béni-Khalled,20846,13349,1,1,0,1,,,,,1,1
1642020,2026-10-03,2026-10-03T15:00:00+01:00,FT,828,Ligue 2,Tunisia,2026,Regular Season - 2,M'saken,CS Chebba,10620,6252,0,0,0,0,,,,,0,0
1642021,2026-10-03,2026-10-03T15:00:00+01:00,FT,828,Ligue 2,Tunisia,2026,Regular Season - 2,Sfax Railways,AS Gabes,10633,987,0,0,0,0,,,,,0,0
1642022,2026-10-03,2026-10-03T15:00:00+01:00,FT,828,Ligue 2,Tunisia,2026,Regular Season - 2,US Tataouine,Stade Soussien,1190,28398,1,0,0,0,,,,,1,0
1642956,2026-10-03,2026-10-03T15:00:00+01:00,FT,667,Friendlies Clubs,World,2026,Club Friendlies,FC Winterthur,FC Basel 1893,2180,551,7,3,4,0,,,,,7,3
1643000,2026-10-03,2026-10-03T15:00:00+01:00,FT,10,Friendlies,World,2026,Friendly International,Ireland U18,Netherlands U18,27060,22435,0,1,,,,,,,0,1
1643001,2026-10-03,2026-10-03T15:00:00+01:00,FT,10,Friendlies,World,2026,Friendly International,Uruguay U18,Belgium U18,27068,22425,1,0,0,0,,,,,1,0
1643351,2026-10-03,2026-10-03T15:00:00+01:00,NS,412,Premier League,Botswana,2026,Regular Season - 4,Matebele,Tonota,22563,28296,,,,,,,,,,
1643352,2026-10-03,2026-10-03T15:00:00+01:00,NS,412,Premier League,Botswana,2026,Regular Season - 4,Nico United,Prisons XI,5602,5427,,,,,,,,,,
1569949,2026-10-03,2026-10-03T15:15:00+01:00,FT,141,Segunda División,Spain,2026,Regular Season - 8,Almeria,Burgos,723,9580,2,1,0,1,,,,,2,1
1572682,2026-10-03,2026-10-03T15:15:00+01:00,FT,877,Segunda División RFEF - Group 3,Spain,2026,Group 3 - 5,Elche II,Ucam Murcia,9691,800,1,5,0,2,,,,,1,5
1551820,2026-10-03,2026-10-03T15:30:00+01:00,FT,89,Eerste Divisie,Netherlands,2026,Regular Season - 9,Vitesse,NAC Breda,200,203,2,2,1,2,,,,,2,2
1551824,2026-10-03,2026-10-03T15:30:00+01:00,FT,89,Eerste Divisie,Netherlands,2026,Regular Season - 9,FC OSS,MVV,423,412,4,1,1,1,,,,,4,1
1570768,2026-10-03,2026-10-03T15:30:00+01:00,FT,435,Primera División RFEF - Group 1,Spain,2026,Group 1 - 6,Barakaldo,Arenas Getxo,5251,9578,1,1,0,0,,,,,1,1
1570770,2026-10-03,2026-10-03T15:30:00+01:00,FT,435,Primera División RFEF - Group 1,Spain,2026,Group 1 - 6,Racing Ferrol,Pontevedra,9409,9407,2,0,1,0,,,,,2,0
1570772,2026-10-03,2026-10-03T15:30:00+01:00,FT,435,Primera División RFEF - Group 1,Spain,2026,Group 1 - 6,Real Unión,UD Ourense,9586,9617,1,1,1,0,,,,,1,1
1572073,2026-10-03,2026-10-03T15:30:00+01:00,FT,875,Segunda División RFEF - Group 1,Spain,2026,Group 1 - 5,Racing Santander II,Eibar II,9643,24572,1,5,0,1,,,,,1,5
1599239,2026-10-03,2026-10-03T15:30:00+01:00,FT,676,Central Youth League,Poland,2026,Regular Season - 9,Arkonia U19,Śląsk Wrocław U19,26374,20596,2,2,2,1,,,,,2,2
1609687,2026-10-03,2026-10-03T15:30:00+01:00,FT,601,1. Liga Classic - Group 3,Switzerland,2026,Group 3 - 9,Mendrisio,Tuggen,16354,12720,1,1,1,1,,,,,1,1
1612739,2026-10-03,2026-10-03T15:30:00+01:00,FT,439,Tercera División RFEF - Group 1,Spain,2026,Group 1 - 5,Alondras,Coruña,9603,26534,0,1,0,0,,,,,0,1
1613359,2026-10-03,2026-10-03T15:30:00+01:00,FT,441,Tercera División RFEF - Group 3,Spain,2026,Group 3 - 5,Velarde,Cayón,20451,15339,0,1,0,0,,,,,0,1
1613663,2026-10-03,2026-10-03T15:30:00+01:00,FT,442,Tercera División RFEF - Group 4,Spain,2026,Group 4 - 5,Pasaia KE,Santurtzi,9661,9664,1,0,0,0,,,,,1,0
1613665,2026-10-03,2026-10-03T15:30:00+01:00,FT,442,Tercera División RFEF - Group 4,Spain,2026,Group 4 - 5,Touring,Durango,20261,5260,2,2,1,1,,,,,2,2
1613970,2026-10-03,2026-10-03T15:30:00+01:00,FT,443,Tercera División RFEF - Group 5,Spain,2026,Group 5 - 5,Tona,Badalona,20264,5250,1,3,1,1,,,,,1,3
1615799,2026-10-03,2026-10-03T15:30:00+01:00,FT,449,Tercera División RFEF - Group 11,Spain,2026,Group 11 - 5,Binissalem,Sineu,9774,28112,3,0,,,,,,,3,0
1615805,2026-10-03,2026-10-03T15:30:00+01:00,FT,449,Tercera División RFEF - Group 11,Spain,2026,Group 11 - 5,Platges Calvià,Migjorn,9785,24579,3,1,2,0,,,,,3,1
1617027,2026-10-03,2026-10-03T15:30:00+01:00,FT,453,Tercera División RFEF - Group 15,Spain,2026,Group 15 - 5,Avance Ezcabarte,Cantolagua,17609,15321,4,1,,,,,,,4,1
1617642,2026-10-03,2026-10-03T15:30:00+01:00,FT,455,Tercera División RFEF - Group 17,Spain,2026,Group 17 - 5,Robres,Binéfar,9888,9881,1,2,0,2,,,,,1,2
1624864,2026-10-03,2026-10-03T15:30:00+01:00,FT,428,Serie D - Girone C,Italy,2026,Group C - 6,LME,Cjarlins Muzane,28195,9468,0,3,0,1,,,,,0,3
1643508,2026-10-03,2026-10-03T15:30:00+01:00,FT,667,Friendlies Clubs,World,2026,Club Friendlies,FC Orenburg,Tekstilshchik,1080,3984,3,2,,,,,,,3,2
1534464,2026-10-03,2026-10-03T16:00:00+01:00,PST,117,1. Division,Belarus,2026,Regular Season - 27,Uni Minsk,Dinamo Minsk II,18857,11266,,,,,,,,,,
1562412,2026-10-03,2026-10-03T16:00:00+01:00,FT,351,4. liga - Divizie B,Czech-Republic,2026,Group B - 9,Hvězda Cheb,Štětí,7302,7386,1,1,0,0,,,,,1,1
1562413,2026-10-03,2026-10-03T16:00:00+01:00,FT,351,4. liga - Divizie B,Czech-Republic,2026,Group B - 9,Karlovy Vary,Meteor Praha,7306,7318,2,3,2,2,,,,,2,3
1565918,2026-10-03,2026-10-03T16:00:00+01:00,NS,645,3. liga - East,Slovakia,2026,East - 9,Poprad,MSK Tesla Stropkov,10539,14069,,,,,,,,,,
1569122,2026-10-03,2026-10-03T16:00:00+01:00,FT,780,III Liga - Group 1,Poland,2026,Group I - 11,Wigry Suwałki,Wisła Płock II,3497,23046,1,0,0,0,,,,,1,0
1572066,2026-10-03,2026-10-03T16:00:00+01:00,FT,875,Segunda División RFEF - Group 1,Spain,2026,Group 1 - 5,Atlético Astorga,Amorebieta,9723,9380,0,1,0,0,,,,,0,1
1572067,2026-10-03,2026-10-03T16:00:00+01:00,FT,875,Segunda División RFEF - Group 1,Spain,2026,Group 1 - 5,Basconia,Llanera,9656,9627,1,1,0,0,,,,,1,1
1572074,2026-10-03,2026-10-03T16:00:00+01:00,FT,875,Segunda División RFEF - Group 1,Spain,2026,Group 1 - 5,Gimnástica Torrelavega,Marino de Luanco,5264,9401,1,2,0,1,,,,,1,2
1572376,2026-10-03,2026-10-03T16:00:00+01:00,FT,876,Segunda División RFEF - Group 2,Spain,2026,Group 2 - 5,Peña Sport,SD Logroñés,9406,9411,4,0,1,0,,,,,4,0
1574120,2026-10-03,2026-10-03T16:00:00+01:00,FT,221,Regionalliga - Ost,Austria,2026,Ost - 10,Wiener Viktoria,Donau,4966,8365,0,0,0,0,,,,,0,0
1574121,2026-10-03,2026-10-03T16:00:00+01:00,FT,221,Regionalliga - Ost,Austria,2026,Ost - 10,Mattersburg SV 2020,Parndorf,27886,4955,1,0,1,0,,,,,1,0
1574371,2026-10-03,2026-10-03T16:00:00+01:00,FT,510,1. Liga Promotion,Switzerland,2026,Regular Season - 10,Amical Saint-Prex,Biel-Bienne,16316,12700,1,2,1,2,,,,,1,2
1574630,2026-10-03,2026-10-03T16:00:00+01:00,FT,484,Frauenliga,Austria,2026,Regular Season - 9,Salzburg W,First Vienna W,26239,17576,3,1,1,1,,,,,3,1
1581787,2026-10-03,2026-10-03T16:00:00+01:00,FT,739,AXA Women’s Super League,Switzerland,2026,Regular Season - 8,Young Boys W,Luzern W,17367,16040,2,1,1,0,,,,,2,1
1592241,2026-10-03,2026-10-03T16:00:00+01:00,FT,747,Oberliga - Westfalen,Germany,2026,Westfalen - 9,Lippstadt 08,SpVgg Herne Horsthausen,9372,28001,5,3,1,1,,,,,5,3
1592243,2026-10-03,2026-10-03T16:00:00+01:00,FT,747,Oberliga - Westfalen,Germany,2026,Westfalen - 9,Preußen Münster II,Victoria Clarholz,14753,14814,3,2,0,2,,,,,3,2
1599127,2026-10-03,2026-10-03T16:00:00+01:00,FT,752,Oberliga - Rheinland-Pfalz / Saar,Germany,2026,Rheinland-Pfalz/Saar - 11,RW Wittlich,FC Emmelshausen-Karbach,28016,26592,1,1,1,1,,,,,1,1
1599979,2026-10-03,2026-10-03T16:00:00+01:00,FT,69,National 2 - Group C,France,2026,Group C - 6,Andrézieux,Hauts Lyonnais,3009,3187,1,1,1,1,,,,,1,1
1602141,2026-10-03,2026-10-03T16:00:00+01:00,FT,570,Premier League,Ghana,2026,Regular Season - 5,Dreams,Hearts of Oak,4450,12249,0,0,0,0,,,,,0,0
1602146,2026-10-03,2026-10-03T16:00:00+01:00,FT,570,Premier League,Ghana,2026,Regular Season - 5,Vision,Bibiani Gold Stars,22782,17993,0,0,0,0,,,,,0,0
1604870,2026-10-03,2026-10-03T16:00:00+01:00,FT,599,1. Liga Classic - Group 1,Switzerland,2026,Group 1 - 9,Echallens,Meyrin,6623,6630,2,1,0,1,,,,,2,1
1604871,2026-10-03,2026-10-03T16:00:00+01:00,FT,599,1. Liga Classic - Group 1,Switzerland,2026,Group 1 - 9,Monthey,Lancy,6631,6628,1,2,,,,,,,1,2
1604872,2026-10-03,2026-10-03T16:00:00+01:00,FT,599,1. Liga Classic - Group 1,Switzerland,2026,Group 1 - 9,Stade Payerne,Portalban / Gletterens,16339,16337,0,3,0,0,,,,,0,3
1608087,2026-10-03,2026-10-03T16:00:00+01:00,FT,1239,Regionalliga - North,Austria,2026,North - 11,Kuchl,Leonfelden,14714,27885,3,2,2,1,,,,,3,2
1608088,2026-10-03,2026-10-03T16:00:00+01:00,FT,1239,Regionalliga - North,Austria,2026,North - 11,Wallern / Marienkirchen,UFC Hallein,21534,19315,3,1,2,0,,,,,3,1
1612482,2026-10-03,2026-10-03T16:00:00+01:00,FT,640,Kansallinen Liiga,Finland,2026,Championship Playoffs - 8,Åland United W,IF Gnistan,13995,27659,3,1,1,0,,,,,3,1
1612510,2026-10-03,2026-10-03T16:00:00+01:00,FT,640,Kansallinen Liiga,Finland,2026,Relegation Play-Off - 8,VIFK W,EBK W,25564,27397,2,1,1,0,,,,,2,1
1613053,2026-10-03,2026-10-03T16:00:00+01:00,FT,440,Tercera División RFEF - Group 2,Spain,2026,Group 2 - 5,Ceares,San Martín,9620,9633,1,2,0,0,,,,,1,2
1613352,2026-10-03,2026-10-03T16:00:00+01:00,FT,441,Tercera División RFEF - Group 3,Spain,2026,Group 3 - 5,Bezana,Vimenor,9639,9652,1,0,1,0,,,,,1,0
1613354,2026-10-03,2026-10-03T16:00:00+01:00,FT,441,Tercera División RFEF - Group 3,Spain,2026,Group 3 - 5,Laredo,Barquereño,9394,8152,3,0,1,0,,,,,3,0
1613659,2026-10-03,2026-10-03T16:00:00+01:00,FT,442,Tercera División RFEF - Group 4,Spain,2026,Group 4 - 5,Aurrerá Vitoria,Erandio,20259,28099,2,1,,,,,,,2,1
1613662,2026-10-03,2026-10-03T16:00:00+01:00,FT,442,Tercera División RFEF - Group 4,Spain,2026,Group 4 - 5,Lagun Onak,Aretxabaleta,9660,24571,1,2,,,,,,,1,2
1614269,2026-10-03,2026-10-03T16:00:00+01:00,FT,444,Tercera División RFEF - Group 6,Spain,2026,Group 6 - 5,Acero,Torrellano,9685,17559,1,1,0,0,,,,,1,1
1614271,2026-10-03,2026-10-03T16:00:00+01:00,FT,444,Tercera División RFEF - Group 6,Spain,2026,Group 6 - 5,Hércules II,Eldense B,9693,28103,1,0,0,0,,,,,1,0
1614274,2026-10-03,2026-10-03T16:00:00+01:00,FT,444,Tercera División RFEF - Group 6,Spain,2026,Group 6 - 5,Roda,SC Torrevieja,9684,28104,2,0,0,0,,,,,2,0
1614580,2026-10-03,2026-10-03T16:00:00+01:00,FT,445,Tercera División RFEF - Group 7,Spain,2026,Group 7 - 5,Alcobendas Sport,Parla Escuela,9705,25035,1,0,0,0,,,,,1,0
1614883,2026-10-03,2026-10-03T16:00:00+01:00,FT,446,Tercera División RFEF - Group 8,Spain,2026,Group 8 - 5,Calasanz de Soria,Villaralbo,28106,22144,2,2,1,0,,,,,2,2
1614884,2026-10-03,2026-10-03T16:00:00+01:00,PST,446,Tercera División RFEF - Group 8,Spain,2026,Group 8 - 5,Atlético Mansillés,Guijuelo,17502,9388,,,,,,,,,,
1614885,2026-10-03,2026-10-03T16:00:00+01:00,FT,446,Tercera División RFEF - Group 8,Spain,2026,Group 8 - 5,Mirandés II,Burgos Promesas,9733,9727,1,2,1,1,,,,,1,2
1614889,2026-10-03,2026-10-03T16:00:00+01:00,FT,446,Tercera División RFEF - Group 8,Spain,2026,Group 8 - 5,Turégano,Arandina,20449,9722,1,1,,,,,,,1,1
1620671,2026-10-03,2026-10-03T16:00:00+01:00,NS,415,Championnat National,Benin,2026,Regular Season - 2,AS Cotonou,Dragons,16418,5459,,,,,,,,,,
1620672,2026-10-03,2026-10-03T16:00:00+01:00,NS,415,Championnat National,Benin,2026,Regular Season - 2,Ayema,ASVO,5456,5454,,,,,,,,,,
1620673,2026-10-03,2026-10-03T16:00:00+01:00,NS,415,Championnat National,Benin,2026,Regular Season - 2,Loto Popo,Buffles,18114,5457,,,,,,,,,,
1620674,2026-10-03,2026-10-03T16:00:00+01:00,NS,415,Championnat National,Benin,2026,Regular Season - 2,Kraké,Damissa,25025,16422,,,,,,,,,,
1620675,2026-10-03,2026-10-03T16:00:00+01:00,NS,415,Championnat National,Benin,2026,Regular Season - 2,Panthères,Espoir Savalou,5465,16425,,,,,,,,,,
1628535,2026-10-03,2026-10-03T16:00:00+01:00,FT,399,NPFL,Nigeria,2027,Regular Season - 7,Kano Pillars,Sporting Lagos,5183,22585,1,1,0,1,,,,,1,1
1630832,2026-10-03,2026-10-03T16:00:00+01:00,NS,1196,Division One League,Ghana,2026,Regular Season - 3,Ebiemo FC,Rospak,28283,22776,,,,,,,,,,
1630833,2026-10-03,2026-10-03T16:00:00+01:00,NS,1196,Division One League,Ghana,2026,Regular Season - 3,Ebony FC,Skyy,26796,21090,,,,,,,,,,
1630836,2026-10-03,2026-10-03T16:00:00+01:00,NS,1196,Division One League,Ghana,2026,Regular Season - 3,Golden Kicks,Koforidua,21074,26801,,,,,,,,,,
1630839,2026-10-03,2026-10-03T16:00:00+01:00,NS,1196,Division One League,Ghana,2026,Regular Season - 3,Kalibi SC,Northern City,28285,22775,,,,,,,,,,
1630842,2026-10-03,2026-10-03T16:00:00+01:00,NS,1196,Division One League,Ghana,2026,Regular Season - 3,Nania,Golden Warriors,22774,26797,,,,,,,,,,
1630846,2026-10-03,2026-10-03T16:00:00+01:00,NS,1196,Division One League,Ghana,2026,Regular Season - 3,Pro-Sports Academy,Future Stars,28280,23627,,,,,,,,,,
1630847,2026-10-03,2026-10-03T16:00:00+01:00,NS,1196,Division One League,Ghana,2026,Regular Season - 3,Sankara Nationals,Steadfast,26806,21092,,,,,,,,,,
1630850,2026-10-03,2026-10-03T16:00:00+01:00,NS,1196,Division One League,Ghana,2026,Regular Season - 3,Tamale City,Wa Power,20023,21098,,,,,,,,,,
1635429,2026-10-03,2026-10-03T16:00:00+01:00,FT,247,Kakkonen - Lohko A,Finland,2026,Group A,Reipas,Union Plaani,9179,18667,4,0,3,0,,,,,4,0
1640076,2026-10-03,2026-10-03T16:00:00+01:00,FT,10,Friendlies,World,2026,Friendly International,Russia,Namibia,4,1493,6,0,1,0,,,,,6,0
1641099,2026-10-03,2026-10-03T16:00:00+01:00,FT,667,Friendlies Clubs,World,2026,Club Friendlies,GKS Katowice,Baník Ostrava,3484,3713,1,1,0,1,,,,,1,1
1642925,2026-10-03,2026-10-03T16:00:00+01:00,FT,667,Friendlies Clubs,World,2026,Club Friendlies,Ermis,Nea Salamis,3400,3401,0,3,,,,,,,0,3
1642957,2026-10-03,2026-10-03T16:00:00+01:00,FT,667,Friendlies Clubs,World,2026,Club Friendlies,KV Mechelen,Karpaty,266,3617,2,3,0,1,,,,,2,3
1619351,2026-10-03,2026-10-03T16:05:00+01:00,NS,1227,Premier League Women,Saudi-Arabia,2027,Regular Season - 4,Al Taraji W,Al Ittihad W,28127,27714,,,,,,,,,,
1616113,2026-10-03,2026-10-03T16:15:00+01:00,FT,450,Tercera División RFEF - Group 12,Spain,2026,Group 12 - 5,Villaverde Norte,Mensajero,28114,5269,1,2,0,1,,,,,1,2
1511613,2026-10-03,2026-10-03T16:30:00+01:00,FT,266,Primera B,Chile,2026,Regular Season - 16,Magallanes,Curico Unido,2336,2316,1,0,0,0,,,,,1,0
1604873,2026-10-03,2026-10-03T16:30:00+01:00,FT,599,1. Liga Classic - Group 1,Switzerland,2026,Group 1 - 9,Chênois,Vevey Sports,12692,12697,0,4,0,1,,,,,0,4
1608302,2026-10-03,2026-10-03T16:30:00+01:00,FT,138,Serie C - Girone A,Italy,2026,Girone A - 8,Arzignano Valchiampo,Pergolettese,6378,6380,2,2,2,0,,,,,2,2
1608683,2026-10-03,2026-10-03T16:30:00+01:00,FT,942,Serie C - Girone B,Italy,2026,Girone B - 8,Grosseto,Sambenedettese,9499,871,1,3,0,2,,,,,1,3
1608687,2026-10-03,2026-10-03T16:30:00+01:00,FT,942,Serie C - Girone B,Italy,2026,Girone B - 8,Livorno,Pescara,868,525,0,1,0,0,,,,,0,1
1609065,2026-10-03,2026-10-03T16:30:00+01:00,FT,943,Serie C - Girone C,Italy,2026,Girone C - 8,Giugliano,Barletta,9556,19968,1,0,1,0,,,,,1,0
1609067,2026-10-03,2026-10-03T16:30:00+01:00,FT,943,Serie C - Girone C,Italy,2026,Girone C - 8,SS Monopoli,Savoia,10138,9564,0,0,0,0,,,,,0,0
1610600,2026-10-03,2026-10-03T16:30:00+01:00,FT,711,Segunda División,Chile,2026,Promotion Group - 7,Santiago City,Trasandino,21117,5646,1,1,0,0,,,,,1,1
1613351,2026-10-03,2026-10-03T16:30:00+01:00,FT,441,Tercera División RFEF - Group 3,Spain,2026,Group 3 - 5,Atlético Mineros,Sámano,22132,9648,0,4,0,1,,,,,0,4
1613358,2026-10-03,2026-10-03T16:30:00+01:00,FT,441,Tercera División RFEF - Group 3,Spain,2026,Group 3 - 5,Torina,Guarnizo,9650,9642,1,1,,,,,,,1,1
1616723,2026-10-03,2026-10-03T16:30:00+01:00,FT,452,Tercera División RFEF - Group 14,Spain,2026,Group 14 - 5,Atlético Pueblonuevo,Puebla Calzada,20279,24613,0,0,0,0,,,,,0,0
1617948,2026-10-03,2026-10-03T16:30:00+01:00,FT,456,Tercera División RFEF - Group 18,Spain,2026,Group 18 - 5,Villacañas,Toledo,9910,9908,1,2,0,1,,,,,1,2
1632090,2026-10-03,2026-10-03T16:30:00+01:00,FT,890,U20 Elite League,World,2026,Group Stage,England U20,Germany U20,10309,10310,2,1,1,0,,,,,2,1
1639185,2026-10-03,2026-10-03T16:30:00+01:00,FT,143,Copa del Rey,Spain,2026,1/128-finals,Baztán,Atletico Calatayud,9843,26727,1,2,1,2,,,,,1,2
1643341,2026-10-03,2026-10-03T16:30:00+01:00,FT,423,Ligue 1,Burkina-Faso,2026,Regular Season - 3,ASFA-Yennenga,ASFB,8563,8564,2,0,0,0,,,,,2,0
1643342,2026-10-03,2026-10-03T16:30:00+01:00,FT,423,Ligue 1,Burkina-Faso,2026,Regular Season - 3,Majestic,Vitesse,8566,17923,1,3,0,1,,,,,1,3
1643344,2026-10-03,2026-10-03T16:30:00+01:00,FT,423,Ligue 1,Burkina-Faso,2026,Regular Season - 3,Rahimo,Douanes,6430,13978,1,2,0,1,,,,,1,2
1643420,2026-10-03,2026-10-03T16:30:00+01:00,NS,847,Premier League,Eswatini,2026,Regular Season - 2,Young Buffaloes,Moneni Pirates,8076,16821,,,,,,,,,,
1593144,2026-10-03,2026-10-03T16:55:00+01:00,FT,82,Frauen Bundesliga,Germany,2026,Regular Season - 6,Eintracht Frankfurt W,Bayern Munich W,14014,1860,0,1,0,1,,,,,0,1
1643354,2026-10-03,2026-10-03T16:55:00+01:00,PEN,25,Gulf Cup of Nations,World,2026,Semi-finals,Saudi Arabia,Qatar,23,1569,0,0,0,0,0,0,3,2,0,0
1496895,2026-10-03,2026-10-03T17:00:00+01:00,FT,776,3. Division - Girone 3,Norway,2026,Regular Season - 22,Sogndal II,Austevoll,16219,27276,2,3,1,3,,,,,2,3
1510870,2026-10-03,2026-10-03T17:00:00+01:00,FT,593,Division 2 - Norra Svealand,Sweden,2026,Norra Svealand - 24,Gute,Skiljebo,6671,12584,1,2,0,0,,,,,1,2
1517358,2026-10-03,2026-10-03T17:00:00+01:00,FT,479,Canadian Premier League,Canada,2026,Group Stage,York United,Cavalry FC,2623,2619,3,1,2,0,,,,,3,1
1528933,2026-10-03,2026-10-03T17:00:00+01:00,FT,5,UEFA Nations League,World,2026,League A - 3,Croatia,England,3,10,0,7,0,4,,,,,0,7
1528934,2026-10-03,2026-10-03T17:00:00+01:00,FT,5,UEFA Nations League,World,2026,League C - 3,Belarus,San Marino,1100,1115,4,0,0,0,,,,,4,0
1528935,2026-10-03,2026-10-03T17:00:00+01:00,FT,5,UEFA Nations League,World,2026,League C - 3,Iceland,Bulgaria,18,1103,3,0,1,0,,,,,3,0
1530012,2026-10-03,2026-10-03T17:00:00+01:00,FT,649,Supreme Division Women,Russia,2026,Regular Season - 21,Rostov W,Krasnodar W,16490,14135,0,0,0,0,,,,,0,0
1545609,2026-10-03,2026-10-03T17:00:00+01:00,FT,5,UEFA Nations League,World,2026,League C - 3,Estonia,Luxembourg,1101,1102,1,0,1,0,,,,,1,0
1558952,2026-10-03,2026-10-03T17:00:00+01:00,FT,374,2. SNL,Slovenia,2026,Regular Season - 9,Brežice,Primorje,4369,14007,1,1,0,0,,,,,1,1
1558956,2026-10-03,2026-10-03T17:00:00+01:00,FT,374,2. SNL,Slovenia,2026,Regular Season - 9,Tabor Sežana,Krka,4362,4375,2,1,0,1,,,,,2,1
1561155,2026-10-03,2026-10-03T17:00:00+01:00,FT,506,2. liga,Slovakia,2026,Regular Season - 11,Tatran Prešov,Baník Lehota p.Vtáčnikom,10550,14942,3,2,0,1,,,,,3,2
1561675,2026-10-03,2026-10-03T17:00:00+01:00,FT,109,II Liga - East,Poland,2026,Regular Season - 10,Sandecja Nowy Sącz,Lechia Zielona Góra,3492,14143,1,3,0,2,,,,,1,3
1566617,2026-10-03,2026-10-03T17:00:00+01:00,NS,733,I Liga - Women,Slovakia,2026,Regular Season - 8,Spartak Myjava W,Spartak Trnava W,15982,15983,,,,,,,,,,
1572072,2026-10-03,2026-10-03T17:00:00+01:00,FT,875,Segunda División RFEF - Group 1,Spain,2026,Group 1 - 5,Portugalete,Deportivo Alavés II,9408,9582,0,2,0,0,,,,,0,2
1572374,2026-10-03,2026-10-03T17:00:00+01:00,PST,876,Segunda División RFEF - Group 2,Spain,2026,Group 2 - 5,Espanyol II,Náxara,9590,9868,,,,,,,,,,
1573290,2026-10-03,2026-10-03T17:00:00+01:00,FT,879,Segunda División RFEF - Group 5,Spain,2026,Group 5 - 5,Albacete II,CF Talavera,9895,5253,0,4,0,1,,,,,0,4
1573295,2026-10-03,2026-10-03T17:00:00+01:00,FT,879,Segunda División RFEF - Group 5,Spain,2026,Group 5 - 5,Guadalajara,Gimnástica Segoviana,9900,9387,3,3,0,2,,,,,3,3
1573605,2026-10-03,2026-10-03T17:00:00+01:00,FT,142,Primera División Femenina,Spain,2026,Regular Season - 6,Madrid CFF W,Athletic Club W,1921,1905,2,2,1,0,,,,,2,2
1581004,2026-10-03,2026-10-03T17:00:00+01:00,FT,64,Feminine Division 1,France,2026,Regular Season - 4,Le Havre W,Saint-Malo W,14006,27932,2,0,2,0,,,,,2,0
1581005,2026-10-03,2026-10-03T17:00:00+01:00,FT,64,Feminine Division 1,France,2026,Regular Season - 4,Lyon W,Toulouse W,1674,27933,5,0,3,0,,,,,5,0
1581785,2026-10-03,2026-10-03T17:00:00+01:00,FT,739,AXA Women’s Super League,Switzerland,2026,Regular Season - 8,Rapperswil Jona W,Aarau W,19194,17365,5,2,4,0,,,,,5,2
1581788,2026-10-03,2026-10-03T17:00:00+01:00,FT,739,AXA Women’s Super League,Switzerland,2026,Regular Season - 8,Yverdon W,Basel W,17366,16038,3,2,1,0,,,,,3,2
1586583,2026-10-03,2026-10-03T17:00:00+01:00,FT,84,Regionalliga - Nord,Germany,2026,North - 12,Kickers Emden,Todesfelde,12804,12880,1,2,0,1,,,,,1,2
1590408,2026-10-03,2026-10-03T17:00:00+01:00,FT,552,3. Lig - Group 1,Turkey,2026,3. Lig Group 1 - 5,Karabük İdman Yurdu,Amasyaspor 1968,20294,19299,1,2,1,0,,,,,1,2
1590409,2026-10-03,2026-10-03T17:00:00+01:00,FT,552,3. Lig - Group 1,Turkey,2026,3. Lig Group 1 - 5,Orduspor 1967,Fatsa Belediyespor,17261,7404,0,3,0,3,,,,,0,3
1590712,2026-10-03,2026-10-03T17:00:00+01:00,FT,553,3. Lig - Group 2,Turkey,2026,3. Lig Group 2 - 5,Altay,Alanya 1221 FK,3566,15361,0,0,0,0,,,,,0,0
1591025,2026-10-03,2026-10-03T17:00:00+01:00,FT,554,3. Lig - Group 3,Turkey,2026,3. Lig Group 3 - 5,Yozgat Bld Bozokspor,Yeşilyurt Belediyespor,22448,6541,1,9,1,3,,,,,1,9
1591327,2026-10-03,2026-10-03T17:00:00+01:00,FT,205,2. Lig,Turkey,2026,2. Lig White Group - 5,Isparta 32 Spor,Hatayspor,6523,3575,1,0,1,0,,,,,1,0
1591329,2026-10-03,2026-10-03T17:00:00+01:00,FT,205,2. Lig,Turkey,2026,2. Lig White Group - 5,Menemen FK,Adana Demirspor,3599,3563,2,0,0,0,,,,,2,0
1591331,2026-10-03,2026-10-03T17:00:00+01:00,PST,205,2. Lig,Turkey,2026,2. Lig White Group - 5,Somaspor,Sebat Gençlikspor,6538,22010,,,,,,,,,,
1591627,2026-10-03,2026-10-03T17:00:00+01:00,FT,205,2. Lig,Turkey,2026,2. Lig Red Group - 5,Fethiyespor,Karacabey Belediyespor,3590,7407,0,1,0,0,,,,,0,1
1594149,2026-10-03,2026-10-03T17:00:00+01:00,FT,635,NB III - Northwest,Hungary,2026,Northwest - 10,Pápai Perutz,Gyori ETO II,5129,11851,2,1,0,0,,,,,2,1
1599500,2026-10-03,2026-10-03T17:00:00+01:00,FT,67,National 2 - Group A,France,2026,Group A - 6,Colmar,Racing Colombes 92,13583,3218,0,1,0,1,,,,,0,1
1599501,2026-10-03,2026-10-03T17:00:00+01:00,FT,67,National 2 - Group A,France,2026,Group A - 6,Dieppe,Le Pays du Valois,9274,20601,1,3,0,0,,,,,1,3
1599503,2026-10-03,2026-10-03T17:00:00+01:00,FT,67,National 2 - Group A,France,2026,Group A - 6,Feignies-Aulnoye,Chambly Thelle FC,3176,1291,1,0,0,0,,,,,1,0
1599504,2026-10-03,2026-10-03T17:00:00+01:00,FT,67,National 2 - Group A,France,2026,Group A - 6,Furiani-Agliani,Haguenau,3181,3058,5,1,,,,,,,5,1
1599505,2026-10-03,2026-10-03T17:00:00+01:00,FT,67,National 2 - Group A,France,2026,Group A - 6,St Maur Lusitanos,Bastia-Borgo,3115,3019,3,1,0,0,,,,,3,1
1599741,2026-10-03,2026-10-03T17:00:00+01:00,FT,68,National 2 - Group B,France,2026,Group B - 6,Granville,Saint-Colomban Locminé,3185,3224,2,1,1,0,,,,,2,1
1599742,2026-10-03,2026-10-03T17:00:00+01:00,FT,68,National 2 - Group B,France,2026,Group B - 6,Le Poiré sur Vie,Châteaubriant,3068,9272,3,0,2,0,,,,,3,0
1599743,2026-10-03,2026-10-03T17:00:00+01:00,FT,68,National 2 - Group B,France,2026,Group B - 6,Pontivy GSI,Angoulême,3098,3011,1,0,0,0,,,,,1,0
1599744,2026-10-03,2026-10-03T17:00:00+01:00,FT,68,National 2 - Group B,France,2026,Group B - 6,Saint-Malo,Saumur,3108,3225,2,1,1,1,,,,,2,1
1599746,2026-10-03,2026-10-03T17:00:00+01:00,FT,68,National 2 - Group B,France,2026,Group B - 6,Tarbes,Dinan Léhon,3235,9275,0,0,0,0,,,,,0,0
1599965,2026-10-03,2026-10-03T17:00:00+01:00,FT,69,National 2 - Group C,France,2026,Group C - 6,Rumilly Vallières,Limonest,9973,3071,4,1,2,1,,,,,4,1
1599980,2026-10-03,2026-10-03T17:00:00+01:00,FT,69,National 2 - Group C,France,2026,Group C - 6,Bourges Foot 18,Fréjus St-Raphaël,17360,3051,0,1,0,0,,,,,0,1
1599983,2026-10-03,2026-10-03T17:00:00+01:00,FT,69,National 2 - Group C,France,2026,Group C - 6,Chasselay MDA,Lyon Duchere,9254,1295,2,0,1,0,,,,,2,0
1599986,2026-10-03,2026-10-03T17:00:00+01:00,FT,69,National 2 - Group C,France,2026,Group C - 6,Toulon,Troyes II,3125,9945,1,0,1,0,,,,,1,0
1600137,2026-10-03,2026-10-03T17:00:00+01:00,FT,69,National 2 - Group C,France,2026,Group C - 6,Nimes,Hyères,92,3061,1,1,0,1,,,,,1,1
1601255,2026-10-03,2026-10-03T17:00:00+01:00,FT,139,Serie A Women,Italy,2026,Regular Season - 2,Roma W,Lazio W,1892,17369,3,1,1,0,,,,,3,1
1607860,2026-10-03,2026-10-03T17:00:00+01:00,NS,675,U21 Divisie 1,Netherlands,2026,Fall Season - 4,Cambuur U21,Groningen U21,21988,14905,,,,,,,,,,
1609922,2026-10-03,2026-10-03T17:00:00+01:00,NS,317,1st League - RS,Bosnia,2026,RS - 9,Rudar Prijedor,Omarska,3377,17374,,,,,,,,,,
1609925,2026-10-03,2026-10-03T17:00:00+01:00,NS,317,1st League - RS,Bosnia,2026,RS - 9,Sutjeska Foča,Zvijezda 09,4285,3362,,,,,,,,,,
1611084,2026-10-03,2026-10-03T17:00:00+01:00,NS,316,1st League - FBiH,Bosnia,2026,FBiH - 8,Posušje,Sloboda Tuzla,14146,3360,,,,,,,,,,
1613355,2026-10-03,2026-10-03T17:00:00+01:00,FT,441,Tercera División RFEF - Group 3,Spain,2026,Group 3 - 5,Revilla,Atlético Albericia,15337,9637,2,2,,,,,,,2,2
1613357,2026-10-03,2026-10-03T17:00:00+01:00,FT,441,Tercera División RFEF - Group 3,Spain,2026,Group 3 - 5,Solares,Escobedo,9647,9386,0,0,0,0,,,,,0,0
1614881,2026-10-03,2026-10-03T17:00:00+01:00,FT,446,Tercera División RFEF - Group 8,Spain,2026,Group 8 - 5,Almazán,Palencia CF,9721,17538,2,2,0,1,,,,,2,2
1614887,2026-10-03,2026-10-03T17:00:00+01:00,FT,446,Tercera División RFEF - Group 8,Spain,2026,Group 8 - 5,Salamanca II,Colegios Diocesanos,9737,15354,1,0,0,0,,,,,1,0
1615192,2026-10-03,2026-10-03T17:00:00+01:00,FT,447,Tercera División RFEF - Group 9,Spain,2026,Group 9 - 5,Málaga II,Granada II,9752,9599,2,0,1,0,,,,,2,0
1615497,2026-10-03,2026-10-03T17:00:00+01:00,FT,448,Tercera División RFEF - Group 10,Spain,2026,Group 10 - 5,Dos Hermanas,Ceuta II,26535,17596,5,0,2,0,,,,,5,0
1616106,2026-10-03,2026-10-03T17:00:00+01:00,FT,450,Tercera División RFEF - Group 12,Spain,2026,Group 12 - 5,Las Palmas III,Lanzarote,9798,9797,1,2,0,0,,,,,1,2
1616107,2026-10-03,2026-10-03T17:00:00+01:00,FT,450,Tercera División RFEF - Group 12,Spain,2026,Group 12 - 5,Los Llanos,Unión Sur Yaiza,24611,17605,1,0,,,,,,,1,0
1616110,2026-10-03,2026-10-03T17:00:00+01:00,FT,450,Tercera División RFEF - Group 12,Spain,2026,Group 12 - 5,San Bartolomé,Villa Santa Brígida,22148,9807,1,1,,,,,,,1,1
1616112,2026-10-03,2026-10-03T17:00:00+01:00,FT,450,Tercera División RFEF - Group 12,Spain,2026,Group 12 - 5,San Miguel,Tenerife C,27623,26851,2,0,0,0,,,,,2,0
1617023,2026-10-03,2026-10-03T17:00:00+01:00,FT,453,Tercera División RFEF - Group 15,Spain,2026,Group 15 - 5,San Juan,Subiza,9855,9856,2,1,0,1,,,,,2,1
1617945,2026-10-03,2026-10-03T17:00:00+01:00,FT,456,Tercera División RFEF - Group 18,Spain,2026,Group 18 - 5,Noblejas,Illescas,24653,9901,1,2,0,0,,,,,1,2
1618378,2026-10-03,2026-10-03T17:00:00+01:00,FT,92,Derde Divisie,Netherlands,2026,Regular Season - 8,Hoogeveen,SC Genemuiden,14235,1273,5,3,2,0,,,,,5,3
1631518,2026-10-03,2026-10-03T17:00:00+01:00,FT,69,National 2 - Group C,France,2026,Group C - 6,Saint-Priest,UF Touraine,3296,9926,2,2,2,0,,,,,2,2
1631748,2026-10-03,2026-10-03T17:00:00+01:00,FT,722,Liga Premier Serie A,Mexico,2026,Apertura - 6,Correcaminos UAT II,La Tribu de Cd. Juarez,17782,28306,3,1,2,0,,,,,3,1
1639186,2026-10-03,2026-10-03T17:00:00+01:00,FT,143,Copa del Rey,Spain,2026,1/128-finals,Ceuta 6 de Junio,Lebrijana,18090,9761,1,2,0,2,,,,,1,2
1639191,2026-10-03,2026-10-03T17:00:00+01:00,FT,143,Copa del Rey,Spain,2026,1/128-finals,Tedeón,Anaitasuna,15325,15340,2,5,2,2,,,,,2,5
1640789,2026-10-03,2026-10-03T17:00:00+01:00,FT,200,Botola Pro,Morocco,2026,Regular Season - 2,Hassania Agadir,Maghreb Fès,973,3453,1,2,0,2,,,,,1,2
1641163,2026-10-03,2026-10-03T17:00:00+01:00,FT,201,Botola 2,Morocco,2026,Regular Season - 2,Olympique Khouribga,Chabab Atl. Khenifra,972,970,4,0,2,0,,,,,4,0
1641164,2026-10-03,2026-10-03T17:00:00+01:00,FT,201,Botola 2,Morocco,2026,Regular Season - 2,Stade Marocain,Ittihad Khemisset,15549,3452,0,1,0,0,,,,,0,1
1641165,2026-10-03,2026-10-03T17:00:00+01:00,FT,201,Botola 2,Morocco,2026,Regular Season - 2,Wydad Fès,Union Sportive Boujaad,3459,26496,3,0,0,0,,,,,3,0
1641866,2026-10-03,2026-10-03T17:00:00+01:00,FT,269,Segunda División,Uruguay,2026,2nd Phase - 21,Miramar,Paysandu,2373,19410,1,0,1,0,,,,,1,0
1642959,2026-10-03,2026-10-03T17:00:00+01:00,FT,667,Friendlies Clubs,World,2026,Club Friendlies,Stade Brestois 29,Monza,106,1579,2,2,0,1,,,,,2,2
1642960,2026-10-03,2026-10-03T17:00:00+01:00,FT,667,Friendlies Clubs,World,2026,Club Friendlies,Turan,Fenerbahçe,5499,611,0,2,0,0,,,,,0,2
1643509,2026-10-03,2026-10-03T17:00:00+01:00,FT,667,Friendlies Clubs,World,2026,Club Friendlies,AEK Larnaca,Apollon Limassol,614,602,3,0,0,0,,,,,3,0
1510867,2026-10-03,2026-10-03T17:15:00+01:00,FT,593,Division 2 - Norra Svealand,Sweden,2026,Norra Svealand - 24,Lidingö,Bollstanäs,6685,25574,0,4,0,1,,,,,0,4
1613966,2026-10-03,2026-10-03T17:15:00+01:00,PST,443,Tercera División RFEF - Group 5,Spain,2026,Group 5 - 5,Cornellà,Peralada,5258,9676,,,,,,,,,,
1557048,2026-10-03,2026-10-03T17:30:00+01:00,FT,183,League One,Scotland,2026,Regular Season - 9,Hamilton Academical,Peterhead,248,6777,2,1,0,0,,,,,2,1
1569950,2026-10-03,2026-10-03T17:30:00+01:00,FT,141,Segunda División,Spain,2026,Regular Season - 8,Cadiz,Leganes,724,537,4,0,1,0,,,,,4,0
1569958,2026-10-03,2026-10-03T17:30:00+01:00,PST,141,Segunda División,Spain,2026,Regular Season - 8,Sabadell,FC Andorra,9593,8157,,,,,,,,,,
1578099,2026-10-03,2026-10-03T17:30:00+01:00,FT,149,Second Amateur Division - VFV A,Belgium,2026,VFV A - 6,Zulte Waregem II,Oudenaarde,19898,5894,2,2,0,1,,,,,2,2
1578339,2026-10-03,2026-10-03T17:30:00+01:00,FT,150,Second Amateur Division - VFV B,Belgium,2026,VFV B - 6,Royal Antwerp II,Cappellen,19958,5767,1,0,1,0,,,,,1,0
1580938,2026-10-03,2026-10-03T17:30:00+01:00,FT,64,Feminine Division 1,France,2026,Regular Season - 4,Nantes W,Montpellier W,24513,1675,1,1,0,1,,,,,1,1
1580939,2026-10-03,2026-10-03T17:30:00+01:00,FT,64,Feminine Division 1,France,2026,Regular Season - 4,Strasbourg W,Marseille W,24514,1673,3,3,1,2,,,,,3,3
1617337,2026-10-03,2026-10-03T17:30:00+01:00,FT,454,Tercera División RFEF - Group 16,Spain,2026,Group 16 - 5,Yagüe,Cenicero,9876,17612,2,1,2,1,,,,,2,1
1617944,2026-10-03,2026-10-03T17:30:00+01:00,FT,456,Tercera División RFEF - Group 18,Spain,2026,Group 18 - 5,Marchamalo,Tarancón,15332,9907,2,2,1,1,,,,,2,2
1643002,2026-10-03,2026-10-03T17:30:00+01:00,FT,10,Friendlies,World,2026,Friendly International,Portugal U19,Denmark U19,10343,10331,3,3,1,2,,,,,3,3
1570774,2026-10-03,2026-10-03T17:45:00+01:00,FT,435,Primera División RFEF - Group 1,Spain,2026,Group 1 - 6,Unionistas de Salamanca,Cultural Leonesa,5281,725,2,0,0,0,,,,,2,0
1571146,2026-10-03,2026-10-03T17:45:00+01:00,FT,436,Primera División RFEF - Group 2,Spain,2026,Group 2 - 6,Alcorcon,Juventud Torremolinos,711,15359,5,0,4,0,,,,,5,0
1571148,2026-10-03,2026-10-03T17:45:00+01:00,FT,436,Primera División RFEF - Group 2,Spain,2026,Group 2 - 6,FC Cartagena,Águilas,5262,9823,4,1,4,1,,,,,4,1
1349992,2026-10-03,2026-10-03T18:00:00+01:00,FT,850,UEFA U21 Championship - Qualification,World,2027,Group Stage - 2,France U21,Luxembourg U21,8194,8207,3,2,2,0,,,,,3,2
1559657,2026-10-03,2026-10-03T18:00:00+01:00,NS,339,Liga Nacional,Guatemala,2026,Regular Season - 12,Mixco,Municipal,3645,3665,,,,,,,,,,
1564883,2026-10-03,2026-10-03T18:00:00+01:00,FT,407,Championship,Northern-Ireland,2026,Regular Season - 10,Moyola Park,Glenavon FC,11117,2275,0,3,0,2,,,,,0,3
1568507,2026-10-03,2026-10-03T18:00:00+01:00,FT,782,III Liga - Group 3,Poland,2026,Group III - 11,Odra Bytom Odrzański,Zaglebie Sosnowiec,21455,342,0,1,0,0,,,,,0,1
1569124,2026-10-03,2026-10-03T18:00:00+01:00,FT,780,III Liga - Group 1,Poland,2026,Group I - 11,Warta Sieradz,Mazovia Minsk Mazowiecki,19619,27901,1,1,0,0,,,,,1,1
1572985,2026-10-03,2026-10-03T18:00:00+01:00,FT,878,Segunda División RFEF - Group 4,Spain,2026,Group 4 - 5,Estepona,Don Benito,15358,5259,3,1,1,0,,,,,3,1
1599506,2026-10-03,2026-10-03T18:00:00+01:00,FT,67,National 2 - Group A,France,2026,Group A - 6,Montlouis,St-Pryvé St-Hilaire,9293,3117,1,0,0,0,,,,,1,0
1612740,2026-10-03,2026-10-03T18:00:00+01:00,FT,439,Tercera División RFEF - Group 1,Spain,2026,Group 1 - 5,Arenteiro,Antela,9604,28094,2,3,,,,,,,2,3
1613050,2026-10-03,2026-10-03T18:00:00+01:00,FT,440,Tercera División RFEF - Group 2,Spain,2026,Group 2 - 5,L'Entregu,Colunga,9625,9621,0,0,0,0,,,,,0,0
1617943,2026-10-03,2026-10-03T18:00:00+01:00,FT,456,Tercera División RFEF - Group 18,Spain,2026,Group 18 - 5,La Solana,Villarrobledo,9903,9602,0,1,0,1,,,,,0,1
1631749,2026-10-03,2026-10-03T18:00:00+01:00,FT,722,Liga Premier Serie A,Mexico,2026,Apertura - 6,Mineros de Fresnillo,Atlético Saltillo,15935,15919,3,0,2,0,,,,,3,0
1637146,2026-10-03,2026-10-03T18:00:00+01:00,NS,403,Ligue 1,Senegal,2026,Regular Season - 1,Teungueth,Ouakam,5296,5554,,,,,,,,,,
1641759,2026-10-03,2026-10-03T18:00:00+01:00,FT,538,Africa Cup of Nations U20,World,2026,Qualification - 4,Egypt U20,Morocco U20,11027,11039,0,2,0,2,,,,,0,2
1643353,2026-10-03,2026-10-03T18:00:00+01:00,NS,412,Premier League,Botswana,2026,Regular Season - 4,TAFIC,Centre Chiefs,5597,5419,,,,,,,,,,
1643512,2026-10-03,2026-10-03T18:00:00+01:00,NS,667,Friendlies Clubs,World,2026,Club Friendlies,Arka Gdynia,IFK Goteborg,344,366,,,,,,,,,,
1557300,2026-10-03,2026-10-03T18:30:00+01:00,FT,146,Super League Women,Belgium,2026,Regular Season - 5,Standard Liege W,Genk W,1791,1786,0,2,0,1,,,,,0,2
1557301,2026-10-03,2026-10-03T18:30:00+01:00,FT,146,Super League Women,Belgium,2026,Regular Season - 5,Gent W,Zulte-Waregem W,1789,14035,1,3,0,1,,,,,1,3
1578100,2026-10-03,2026-10-03T18:30:00+01:00,FT,149,Second Amateur Division - VFV A,Belgium,2026,VFV A - 6,Oostkamp,Eendracht Aalst,5890,5783,0,1,0,1,,,,,0,1
1578340,2026-10-03,2026-10-03T18:30:00+01:00,FT,150,Second Amateur Division - VFV B,Belgium,2026,VFV B - 6,Hades,Bocholt,5815,5760,4,0,4,0,,,,,4,0
1579961,2026-10-03,2026-10-03T18:30:00+01:00,FT,487,First Amateur Division,Belgium,2026,VV - 6,Dessel Sport,Harelbeke,6216,5817,4,0,1,0,,,,,4,0
1582872,2026-10-03,2026-10-03T18:30:00+01:00,FT,148,Second Amateur Division - ACFF,Belgium,2026,ACFF - 7,La Calamine,Aywaille,8461,5747,1,0,0,0,,,,,1,0
1582873,2026-10-03,2026-10-03T18:30:00+01:00,FT,148,Second Amateur Division - ACFF,Belgium,2026,ACFF - 7,Ostiches,Stockay-Warfusée,5893,5942,1,2,0,2,,,,,1,2
1613965,2026-10-03,2026-10-03T18:30:00+01:00,NS,443,Tercera División RFEF - Group 5,Spain,2026,Group 5 - 5,Vilanova,San Juan Atletico de Montcada,26542,28102,,,,,,,,,,
1618376,2026-10-03,2026-10-03T18:30:00+01:00,FT,92,Derde Divisie,Netherlands,2026,Regular Season - 8,Dongen,Poortugaal,1285,24634,4,0,0,0,,,,,4,0
1618377,2026-10-03,2026-10-03T18:30:00+01:00,FT,92,Derde Divisie,Netherlands,2026,Regular Season - 8,EVV,Noordwijk,1286,1247,0,2,0,0,,,,,0,2
1493156,2026-10-03,2026-10-03T18:45:00+01:00,FT,128,Liga Profesional Argentina,Argentina,2026,Clausura - 11,Defensa Y Justicia,San Lorenzo,442,460,3,0,3,0,,,,,3,0
1498847,2026-10-03,2026-10-03T19:00:00+01:00,FT,129,Primera Nacional,Argentina,2026,Regular Season - 32,Acassuso,Ciudad de Bolívar,2425,16612,0,1,0,0,,,,,0,1
1498854,2026-10-03,2026-10-03T19:00:00+01:00,FT,129,Primera Nacional,Argentina,2026,Regular Season - 32,Colon Santa Fe,CA Estudiantes,448,1936,1,0,0,0,,,,,1,0
1498855,2026-10-03,2026-10-03T19:00:00+01:00,FT,129,Primera Nacional,Argentina,2026,Regular Season - 32,Deportivo Moron,All Boys,469,464,2,1,1,0,,,,,2,1
1498861,2026-10-03,2026-10-03T19:00:00+01:00,FT,129,Primera Nacional,Argentina,2026,Regular Season - 32,San Miguel,Atletico Mitre,8379,466,0,2,0,0,,,,,0,2
1498863,2026-10-03,2026-10-03T19:00:00+01:00,FT,129,Primera Nacional,Argentina,2026,Regular Season - 32,Temperley,Gimnasia Jujuy,454,479,2,1,2,1,,,,,2,1
1498864,2026-10-03,2026-10-03T19:00:00+01:00,FT,129,Primera Nacional,Argentina,2026,Regular Season - 32,Tristan Suarez,Quilmes,1965,480,0,0,0,0,,,,,0,0
1499662,2026-10-03,2026-10-03T19:00:00+01:00,FT,131,Primera B Metropolitana,Argentina,2026,Regular Season - 38,Defensores Unidos,Argentino Quilmes,1945,8376,1,1,0,0,,,,,1,1
1499664,2026-10-03,2026-10-03T19:00:00+01:00,FT,131,Primera B Metropolitana,Argentina,2026,Regular Season - 38,Deportivo Camioneros,Deportivo Laferrere,3943,1924,1,2,1,0,,,,,1,2
1499665,2026-10-03,2026-10-03T19:00:00+01:00,FT,131,Primera B Metropolitana,Argentina,2026,Regular Season - 38,Dock Sud,Deportivo Armenio,2429,2427,0,3,0,2,,,,,0,3
1499666,2026-10-03,2026-10-03T19:00:00+01:00,FT,131,Primera B Metropolitana,Argentina,2026,Regular Season - 38,Liniers,Excursionistas,8395,8385,1,0,0,0,,,,,1,0
1499667,2026-10-03,2026-10-03T19:00:00+01:00,FT,131,Primera B Metropolitana,Argentina,2026,Regular Season - 38,Real Pilar,Villa Dalmine,2422,481,2,0,2,0,,,,,2,0
1499668,2026-10-03,2026-10-03T19:00:00+01:00,FT,131,Primera B Metropolitana,Argentina,2026,Regular Season - 38,San Martín Burzaco,Argentino de Merlo,8387,2430,2,1,1,0,,,,,2,1
1499671,2026-10-03,2026-10-03T19:00:00+01:00,FT,131,Primera B Metropolitana,Argentina,2026,Regular Season - 38,Villa San Carlos,Arsenal Sarandi,8380,459,1,0,0,0,,,,,1,0
1500141,2026-10-03,2026-10-03T19:00:00+01:00,NS,132,Primera C,Argentina,2026,Regular Season - 31,Deportivo Paraguayo,Mercedes,8394,18915,,,,,,,,,,
1500142,2026-10-03,2026-10-03T19:00:00+01:00,NS,132,Primera C,Argentina,2026,Regular Season - 31,El Porvenir,Canuelas,8384,1947,,,,,,,,,,
1500144,2026-10-03,2026-10-03T19:00:00+01:00,FT,132,Primera C,Argentina,2026,Regular Season - 31,Juventud Unida,Berazategui,486,8382,3,2,0,1,,,,,3,2
1511611,2026-10-03,2026-10-03T19:00:00+01:00,FT,266,Primera B,Chile,2026,Regular Season - 16,Deportes Copiapo,D. Puerto Montt,2343,2342,3,0,1,0,,,,,3,0
1511614,2026-10-03,2026-10-03T19:00:00+01:00,FT,266,Primera B,Chile,2026,Regular Season - 16,Recoleta,Santiago Wanderers,5644,2333,2,1,2,0,,,,,2,1
1534099,2026-10-03,2026-10-03T19:00:00+01:00,NS,1182,Northern Super League,Canada,2026,Regular season,Halifax Tides W,Calgary Wild W,25898,25897,,,,,,,,,,
1551821,2026-10-03,2026-10-03T19:00:00+01:00,FT,89,Eerste Divisie,Netherlands,2026,Regular Season - 9,Almere City FC,FC Volendam,419,416,1,0,1,0,,,,,1,0
1551822,2026-10-03,2026-10-03T19:00:00+01:00,FT,89,Eerste Divisie,Netherlands,2026,Regular Season - 9,Den Bosch,Dordrecht,421,409,1,1,0,0,,,,,1,1
1551823,2026-10-03,2026-10-03T19:00:00+01:00,FT,89,Eerste Divisie,Netherlands,2026,Regular Season - 9,FC Eindhoven,De Graafschap,422,199,2,2,1,0,,,,,2,2
1551825,2026-10-03,2026-10-03T19:00:00+01:00,FT,89,Eerste Divisie,Netherlands,2026,Regular Season - 9,Waalwijk,Emmen,417,208,1,1,1,0,,,,,1,1
1575035,2026-10-03,2026-10-03T19:00:00+01:00,FT,1114,Carioca U20,Brazil,2026,Regular Season - 9,Botafogo U20,Maricá U20,22875,25595,4,1,1,1,,,,,4,1
1575037,2026-10-03,2026-10-03T19:00:00+01:00,FT,1114,Carioca U20,Brazil,2026,Regular Season - 9,Volta Redonda U20,Portuguesa RJ U20,13074,22842,3,2,0,1,,,,,3,2
1578101,2026-10-03,2026-10-03T19:00:00+01:00,FT,149,Second Amateur Division - VFV A,Belgium,2026,VFV A - 6,FC Lebbeke,Ninove,5803,5884,5,0,2,0,,,,,5,0
1578102,2026-10-03,2026-10-03T19:00:00+01:00,FT,149,Second Amateur Division - VFV A,Belgium,2026,VFV A - 6,KRC Gent,RFC Wetteren,5843,5905,5,1,2,1,,,,,5,1
1578104,2026-10-03,2026-10-03T19:00:00+01:00,FT,149,Second Amateur Division - VFV A,Belgium,2026,VFV A - 6,Sparta Petegem,HO Kalken,5927,5813,2,0,1,0,,,,,2,0
1578341,2026-10-03,2026-10-03T19:00:00+01:00,FT,150,Second Amateur Division - VFV B,Belgium,2026,VFV B - 6,Racing Mechelen,Rotselaar,5906,21811,2,2,1,2,,,,,2,2
1578342,2026-10-03,2026-10-03T19:00:00+01:00,FT,150,Second Amateur Division - VFV B,Belgium,2026,VFV B - 6,Nijlen,De Kempen,5883,5773,1,4,1,1,,,,,1,4
1578343,2026-10-03,2026-10-03T19:00:00+01:00,FT,150,Second Amateur Division - VFV B,Belgium,2026,VFV B - 6,Tempo Overijse,Wellen,5947,5989,3,1,1,1,,,,,3,1
1579826,2026-10-03,2026-10-03T19:00:00+01:00,FT,487,First Amateur Division,Belgium,2026,ACFF - 7,Olympic Charleroi,Meux,6221,5872,1,1,0,0,,,,,1,1
1579827,2026-10-03,2026-10-03T19:00:00+01:00,FT,487,First Amateur Division,Belgium,2026,ACFF - 7,Albert Quévy-Mons,Flénu,5740,19779,4,0,1,0,,,,,4,0
1579828,2026-10-03,2026-10-03T19:00:00+01:00,FT,487,First Amateur Division,Belgium,2026,ACFF - 7,Tubize,Habay-la-Neuve,262,5814,1,0,0,0,,,,,1,0
1579829,2026-10-03,2026-10-03T19:00:00+01:00,FT,487,First Amateur Division,Belgium,2026,ACFF - 7,Rochefort,Standard Liège II,5914,19047,1,0,1,0,,,,,1,0
1579962,2026-10-03,2026-10-03T19:00:00+01:00,FT,487,First Amateur Division,Belgium,2026,VV - 6,Heist,Cercle Brugge II,6217,19897,3,1,1,0,,,,,3,1
1579963,2026-10-03,2026-10-03T19:00:00+01:00,FT,487,First Amateur Division,Belgium,2026,VV - 6,Hoogstraten,Houtvenne,5825,5829,3,0,1,0,,,,,3,0
1579964,2026-10-03,2026-10-03T19:00:00+01:00,FT,487,First Amateur Division,Belgium,2026,VV - 6,Lyra-Lierse Berlaar,Roeselare Daisel,5864,16980,0,3,0,2,,,,,0,3
1579965,2026-10-03,2026-10-03T19:00:00+01:00,FT,487,First Amateur Division,Belgium,2026,VV - 6,Mandel United,Spouwen-Mopertingen,5868,5934,1,0,0,0,,,,,1,0
1579966,2026-10-03,2026-10-03T19:00:00+01:00,FT,487,First Amateur Division,Belgium,2026,VV - 6,Thes Sport,Zelzate,6227,6001,1,1,1,1,,,,,1,1
1582344,2026-10-03,2026-10-03T19:00:00+01:00,NS,1142,Mineiro - 3,Brazil,2026,Regular Season - 3,Paracatu,Funorte,26744,27962,,,,,,,,,,
1582346,2026-10-03,2026-10-03T19:00:00+01:00,NS,1142,Mineiro - 3,Brazil,2026,Regular Season - 3,Siderurgica,Araxá,27966,12286,,,,,,,,,,
1582874,2026-10-03,2026-10-03T19:00:00+01:00,FT,148,Second Amateur Division - ACFF,Belgium,2026,ACFF - 7,Stade Mouscronnois,Entité Manageoise,24556,5793,3,2,2,1,,,,,3,2
1600249,2026-10-03,2026-10-03T19:00:00+01:00,FT,625,Carioca - 2,Brazil,2026,Regular Season - 5,Artsul,Serrano RJ,13106,13117,3,4,0,2,,,,,3,4
1600250,2026-10-03,2026-10-03T19:00:00+01:00,FT,625,Carioca - 2,Brazil,2026,Regular Season - 5,Audax Rio,Nova Cidade,13107,13113,0,0,0,0,,,,,0,0
1600251,2026-10-03,2026-10-03T19:00:00+01:00,FT,625,Carioca - 2,Brazil,2026,Regular Season - 5,Campo Grande,Petrópolis,13087,23262,0,0,0,0,,,,,0,0
1600252,2026-10-03,2026-10-03T19:00:00+01:00,FT,625,Carioca - 2,Brazil,2026,Regular Season - 5,Goytacaz,Duque de Caxias,13112,12278,2,1,2,0,,,,,2,1
1600254,2026-10-03,2026-10-03T19:00:00+01:00,FT,625,Carioca - 2,Brazil,2026,Regular Season - 5,Niteroiense,São Cristóvão RJ,23637,23664,1,0,0,0,,,,,1,0
1600686,2026-10-03,2026-10-03T19:00:00+01:00,FT,711,Segunda División,Chile,2026,Relegation Group - 7,Real San Joaquín,Lota Schwager,18779,27606,0,2,0,0,,,,,0,2
1610855,2026-10-03,2026-10-03T19:00:00+01:00,FT,1037,Paraibano 2,Brazil,2026,Regular Season - 7,Femar,São Paulo Crystal,28058,12911,0,2,,,,,,,0,2
1610856,2026-10-03,2026-10-03T19:00:00+01:00,NS,1037,Paraibano 2,Brazil,2026,Regular Season - 7,Picuiense,Santa Rita,22364,10150,,,,,,,,,,
1610879,2026-10-03,2026-10-03T19:00:00+01:00,FT,10,Friendlies,World,2026,Friendly International,Canada,Peru,5529,30,2,0,2,0,,,,,2,0
1624865,2026-10-03,2026-10-03T19:00:00+01:00,FT,428,Serie D - Girone C,Italy,2026,Group C - 6,Schio,Altavilla,28197,26504,2,2,0,0,,,,,2,2
1626793,2026-10-03,2026-10-03T19:00:00+01:00,NS,1154,Catarinense - 3,Brazil,2026,1st Phase - 3,Caçador,Manchester SC,21206,28217,,,,,,,,,,
1626794,2026-10-03,2026-10-03T19:00:00+01:00,NS,1154,Catarinense - 3,Brazil,2026,1st Phase - 3,FC Porto,Internacional SC,25115,7844,,,,,,,,,,
1630326,2026-10-03,2026-10-03T19:00:00+01:00,NS,1150,Gaúcho - 3,Brazil,2026,Regular Season - 6,Farroupilha,EC Novo Horizonte,25078,26747,,,,,,,,,,
1631621,2026-10-03,2026-10-03T19:00:00+01:00,NS,872,Liga Premier Serie B,Mexico,2026,Apertura - 4,Irapuato II,Cruz Azul Lagunas,28300,28298,,,,,,,,,,
1632436,2026-10-03,2026-10-03T19:00:00+01:00,FT,243,Liga Pro Serie B,Ecuador,2026,Promotion Group - 6,9 de Octubre,Atletico FC,10111,27548,0,1,0,1,,,,,0,1
1640790,2026-10-03,2026-10-03T19:00:00+01:00,FT,200,Botola Pro,Morocco,2026,Regular Season - 2,CODM Meknès,Kawkab Marrakech,22218,971,0,1,0,0,,,,,0,1
1640791,2026-10-03,2026-10-03T19:00:00+01:00,FT,200,Botola Pro,Morocco,2026,Regular Season - 2,Difaa EL Jadida,Wydad AC,964,968,0,2,0,1,,,,,0,2
1641149,2026-10-03,2026-10-03T19:00:00+01:00,FT,742,Copa Paulista,Brazil,2026,Semi-finals,União São João,Grêmio Prudente,22852,20713,2,1,1,0,,,,,2,1
1641166,2026-10-03,2026-10-03T19:00:00+01:00,FT,201,Botola 2,Morocco,2026,Regular Season - 2,Mouloudia Oujda,Olympique Dcheïra,1075,3454,2,1,0,0,,,,,2,1
1641278,2026-10-03,2026-10-03T19:00:00+01:00,FT,1107,Mineiro U20,Brazil,2026,Semi-finals,Cruzeiro U20,Athletic Club MG U20,13000,23643,3,0,1,0,,,,,3,0
1641617,2026-10-03,2026-10-03T19:00:00+01:00,FT,268,Primera División,Uruguay,2026,Clausura - 9,Albion FC,Defensor Sporting,2378,2350,3,2,2,0,,,,,3,2
1642030,2026-10-03,2026-10-03T19:00:00+01:00,NS,1067,Torneo Promocional Amateur,Argentina,2026,Semi-finals,Defensores Glew,Uribelarrea,23097,27796,,,,,,,,,,
1643251,2026-10-03,2026-10-03T19:00:00+01:00,NS,1115,Paraense A3,Brazil,2026,Quarter-finals,Pedreira,Tesla,23744,23745,,,,,,,,,,
1573293,2026-10-03,2026-10-03T19:30:00+01:00,FT,879,Segunda División RFEF - Group 5,Spain,2026,Group 5 - 5,Atlético Paso,Real Madrid III,9791,22142,1,0,1,0,,,,,1,0
1602097,2026-10-03,2026-10-03T19:30:00+01:00,NS,1141,Brasiliense B,Brazil,2026,Regular Season - 6,Planaltina DF,Legião,22818,24912,,,,,,,,,,
1606329,2026-10-03,2026-10-03T19:30:00+01:00,FT,1030,Goiano - 2,Brazil,2026,Regular Season - 16,Crixás EC,Goiânia,26500,10674,1,1,1,1,,,,,1,1
1608305,2026-10-03,2026-10-03T19:30:00+01:00,FT,138,Serie C - Girone A,Italy,2026,Girone A - 8,Folgore Caratese,Desenzano Calvina,9450,17816,1,2,1,1,,,,,1,2
1608308,2026-10-03,2026-10-03T19:30:00+01:00,FT,138,Serie C - Girone A,Italy,2026,Girone A - 8,Ospitaletto,Renate,24696,875,1,1,1,0,,,,,1,1
1608309,2026-10-03,2026-10-03T19:30:00+01:00,FT,138,Serie C - Girone A,Italy,2026,Girone A - 8,PRO Vercelli,Athletic Carpi,526,17825,2,0,1,0,,,,,2,0
1609062,2026-10-03,2026-10-03T19:30:00+01:00,FT,943,Serie C - Girone C,Italy,2026,Girone C - 8,Catania,Crotone,1580,501,2,1,0,1,,,,,2,1
1643099,2026-10-03,2026-10-03T19:30:00+01:00,NS,1138,Paranaense - 3,Brazil,2026,Final,City London,PSTC Procopense,26724,1212,,,,,,,,,,
1643355,2026-10-03,2026-10-03T19:30:00+01:00,FT,25,Gulf Cup of Nations,World,2026,Semi-finals,United Arab Emirates,Oman,1563,1552,1,0,1,0,,,,,1,0
1528936,2026-10-03,2026-10-03T19:45:00+01:00,FT,5,UEFA Nations League,World,2026,League A - 3,Spain,Czechia,9,770,3,1,2,0,,,,,3,1
1545653,2026-10-03,2026-10-03T19:45:00+01:00,FT,5,UEFA Nations League,World,2026,League B - 3,Switzerland,Slovenia,15,1091,2,1,2,1,,,,,2,1
1545660,2026-10-03,2026-10-03T19:45:00+01:00,FT,5,UEFA Nations League,World,2026,League B - 3,FYR Macedonia,Scotland,1105,1108,0,2,0,1,,,,,0,2
1574750,2026-10-03,2026-10-03T19:45:00+01:00,FT,63,Ligue 3,France,2026,Regular Season - 9,Amiens,Villefranche,87,1302,3,0,0,0,,,,,3,0
1574752,2026-10-03,2026-10-03T19:45:00+01:00,FT,63,Ligue 3,France,2026,Regular Season - 9,Cannes,Quevilly,9932,431,3,1,1,1,,,,,3,1
1574753,2026-10-03,2026-10-03T19:45:00+01:00,FT,63,Ligue 3,France,2026,Regular Season - 9,Concarneau,Gobelins,1300,9238,2,1,0,0,,,,,2,1
1574754,2026-10-03,2026-10-03T19:45:00+01:00,FT,63,Ligue 3,France,2026,Regular Season - 9,Fleury 91,Caen,3179,88,3,2,1,1,,,,,3,2
1574755,2026-10-03,2026-10-03T19:45:00+01:00,FT,63,Ligue 3,France,2026,Regular Season - 9,La Roche VF,Aubagne,9915,9930,3,1,0,1,,,,,3,1
1574756,2026-10-03,2026-10-03T19:45:00+01:00,FT,63,Ligue 3,France,2026,Regular Season - 9,Le Puy Foot,Thionville Lusitanos,3069,22039,1,0,0,0,,,,,1,0
1574757,2026-10-03,2026-10-03T19:45:00+01:00,FT,63,Ligue 3,France,2026,Regular Season - 9,Rouen,Bourg-en-bresse 01,3221,430,2,0,1,0,,,,,2,0
1574758,2026-10-03,2026-10-03T19:45:00+01:00,FT,63,Ligue 3,France,2026,Regular Season - 9,Versailles,Valenciennes,3131,105,1,0,1,0,,,,,1,0
1624370,2026-10-03,2026-10-03T19:45:00+01:00,FT,427,Serie D - Girone B,Italy,2026,Group B - 6,Chievo,Tritium,491,9459,5,0,1,0,,,,,5,0
1494018,2026-10-03,2026-10-03T20:00:00+01:00,FT,489,USL League One,USA,2026,Group Stage,Boise,Greenville Triumph,27251,9026,1,0,1,0,,,,,1,0
1520901,2026-10-03,2026-10-03T20:00:00+01:00,FT,72,Serie B,Brazil,2026,Regular Season - 31,Atletico Goianiense,America Mineiro,144,125,2,0,1,0,,,,,2,0
1549803,2026-10-03,2026-10-03T20:00:00+01:00,FT,239,Primera A,Colombia,2026,Clausura - 13,Águilas Doradas,Jaguares,1144,1133,2,0,0,0,,,,,2,0
1582343,2026-10-03,2026-10-03T20:00:00+01:00,FT,1142,Mineiro - 3,Brazil,2026,Regular Season - 3,Novo Esporte Clube,Venda Nova,26489,27967,0,0,0,0,,,,,0,0
1585112,2026-10-03,2026-10-03T20:00:00+01:00,FT,64,Feminine Division 1,France,2026,Regular Season - 4,Paris FC W,Lens W,1676,26234,4,1,2,0,,,,,4,1
1606327,2026-10-03,2026-10-03T20:00:00+01:00,FT,1030,Goiano - 2,Brazil,2026,Regular Season - 16,Grêmio Anápolis,Rio Verde,13127,24771,1,2,1,2,,,,,1,2
1619702,2026-10-03,2026-10-03T20:00:00+01:00,FT,964,Copa de la División Profesional,Bolivia,2026,Group Stage - 7,Always Ready,Real Tomayapo,3700,15708,4,0,2,0,,,,,4,0
1630327,2026-10-03,2026-10-03T20:00:00+01:00,NS,1150,Gaúcho - 3,Brazil,2026,Regular Season - 6,Panambi,FBC Riograndense RS,28277,25077,,,,,,,,,,
1638599,2026-10-03,2026-10-03T20:00:00+01:00,CANC,10,Friendlies,World,2026,Friendly International,Tunisia,Mali,28,1500,,,,,,,,,,
1640077,2026-10-03,2026-10-03T20:00:00+01:00,FT,10,Friendlies,World,2026,Friendly International,Ivory Coast,Cameroon,1501,1530,0,1,0,0,,,,,0,1
1641867,2026-10-03,2026-10-03T20:00:00+01:00,FT,269,Segunda División,Uruguay,2026,2nd Phase - 21,Rentistas,Sportivo Huracan,2371,2377,2,1,2,0,,,,,2,1
1641145,2026-10-03,2026-10-03T20:30:00+01:00,NS,74,Brasileiro Women,Brazil,2026,Final,São Paulo W,Corinthians W,9982,1798,,,,,,,,,,
1493153,2026-10-03,2026-10-03T21:00:00+01:00,FT,128,Liga Profesional Argentina,Argentina,2026,Clausura - 11,Atletico Tucuman,Barracas Central,455,2432,2,3,1,0,,,,,2,3
1493163,2026-10-03,2026-10-03T21:00:00+01:00,FT,128,Liga Profesional Argentina,Argentina,2026,Clausura - 11,Newells Old Boys,Lanus,457,446,0,0,0,0,,,,,0,0
1508566,2026-10-03,2026-10-03T21:00:00+01:00,FT,254,NWSL Women,USA,2026,Group Stage,Racing Louisville W,Utah Royals W,16488,3004,1,1,1,0,,,,,1,1
1517359,2026-10-03,2026-10-03T21:00:00+01:00,FT,479,Canadian Premier League,Canada,2026,Group Stage,Forge,HFX Wanderers FC,3830,2621,3,3,1,0,,,,,3,3
1520904,2026-10-03,2026-10-03T21:00:00+01:00,FT,72,Serie B,Brazil,2026,Regular Season - 31,Cuiaba,Ponte Preta,1193,139,2,0,1,0,,,,,2,0
1600685,2026-10-03,2026-10-03T21:00:00+01:00,FT,711,Segunda División,Chile,2026,Relegation Group - 7,Provincial Ovalle,Deportes Rengo,18776,5636,1,5,0,2,,,,,1,5
1601453,2026-10-03,2026-10-03T21:00:00+01:00,FT,163,Liga de Ascenso,Costa-Rica,2026,Regular Season - 10,CS Uruguay,Pitbulls Santa Barbara FC,2058,26343,2,2,1,0,,,,,2,2
1632022,2026-10-03,2026-10-03T21:00:00+01:00,FT,252,Division Profesional - Clausura,Paraguay,2026,Clausura - 13,Club Guarani,Club Sp. San Lorenzo,1174,2125,1,1,1,0,,,,,1,1
1634914,2026-10-03,2026-10-03T21:00:00+01:00,FT,759,Liga Mayor,Dominican-Republic,2026,Regular Season - 9,Universidad O&M,Vega Real,16141,16142,0,1,0,0,,,,,0,1
1634915,2026-10-03,2026-10-03T21:00:00+01:00,FT,759,Liga Mayor,Dominican-Republic,2026,Regular Season - 9,Atlántico,Jarabacoa,16138,16140,2,2,2,2,,,,,2,2
1637848,2026-10-03,2026-10-03T21:00:00+01:00,FT,75,Serie C,Brazil,2026,Second Stage - 5,Floresta,Botafogo PB,7774,1197,1,1,1,0,,,,,1,1
1637849,2026-10-03,2026-10-03T21:00:00+01:00,FT,75,Serie C,Brazil,2026,Second Stage - 5,Santa Cruz,Maringá,753,7833,1,1,0,1,,,,,1,1
1640792,2026-10-03,2026-10-03T21:00:00+01:00,FT,200,Botola Pro,Morocco,2026,Regular Season - 2,Raja Casablanca,CR Khemis Zemamra,976,3449,1,0,1,0,,,,,1,0
1511612,2026-10-03,2026-10-03T21:30:00+01:00,FT,266,Primera B,Chile,2026,Regular Season - 16,Deportes Temuco,Cobreloa,2317,2332,0,1,0,0,,,,,0,1
1549656,2026-10-03,2026-10-03T21:30:00+01:00,FT,240,Primera B,Colombia,2026,Clausura - 12,Patriotas,Ind. Yumbo,1140,27411,0,1,0,0,,,,,0,1
1549657,2026-10-03,2026-10-03T21:30:00+01:00,FT,240,Primera B,Colombia,2026,Clausura - 12,Real Santander,Union Magdalena,1463,1465,1,3,1,2,,,,,1,3
1636702,2026-10-03,2026-10-03T21:30:00+01:00,FT,243,Liga Pro Serie B,Ecuador,2026,Relegation Group - 6,Gualaceo SC,22 de Julio,1986,25736,4,2,2,1,,,,,4,2
1636703,2026-10-03,2026-10-03T21:30:00+01:00,FT,243,Liga Pro Serie B,Ecuador,2026,Relegation Group - 6,LDU Portoviejo,El Nacional,1988,1150,3,2,2,1,,,,,3,2
1641862,2026-10-03,2026-10-03T21:30:00+01:00,FT,300,Segunda División,Venezuela,2026,Regular Season - 33,Fundación Lara Deportiva,Atletico el Vigia FC,10091,2832,2,4,1,1,,,,,2,4
1559655,2026-10-03,2026-10-03T22:00:00+01:00,FT,339,Liga Nacional,Guatemala,2026,Regular Season - 12,Cobán Imperial,Malacateco,3657,3664,2,0,1,0,,,,,2,0
1600618,2026-10-03,2026-10-03T22:00:00+01:00,FT,370,Primera Division,El-Salvador,2026,Apertura - 14,Águila,Cacahuatique,4310,24530,4,1,2,0,,,,,4,1
1606326,2026-10-03,2026-10-03T22:00:00+01:00,NS,1030,Goiano - 2,Brazil,2026,Regular Season - 16,Tupy FC,Goianésia,24773,7873,,,,,,,,,,
1639982,2026-10-03,2026-10-03T22:00:00+01:00,FT,536,CONCACAF Nations League,World,2025,League B - 4,Sint Maarten,St. Vincent / Grenadines,10985,5541,2,4,0,3,,,,,2,4
1641618,2026-10-03,2026-10-03T22:00:00+01:00,FT,268,Primera División,Uruguay,2026,Clausura - 9,Deportivo Maldonado,Central Espanol,2370,2368,3,0,1,0,,,,,3,0
1549807,2026-10-03,2026-10-03T22:05:00+01:00,FT,239,Primera A,Colombia,2026,Clausura - 13,Deportes Tolima,Chico,1142,1132,0,0,0,0,,,,,0,0
1619703,2026-10-03,2026-10-03T22:15:00+01:00,FT,964,Copa de la División Profesional,Bolivia,2026,Group Stage - 7,Nacional Potosí,Real Oruro,3706,20252,2,0,1,0,,,,,2,0
1492310,2026-10-03,2026-10-03T22:30:00+01:00,FT,71,Serie A,Brazil,2026,Regular Season - 21,Atletico-MG,RB Bragantino,1062,794,1,0,1,0,,,,,1,0
1520903,2026-10-03,2026-10-03T22:30:00+01:00,FT,72,Serie B,Brazil,2026,Regular Season - 31,Botafogo SP,Vila Nova,2618,142,0,1,0,1,,,,,0,1
1600253,2026-10-03,2026-10-03T22:30:00+01:00,FT,625,Carioca - 2,Brazil,2026,Regular Season - 5,Macaé,Carapebus,7815,17737,4,3,2,1,,,,,4,3
1631750,2026-10-03,2026-10-03T22:30:00+01:00,FT,722,Liga Premier Serie A,Mexico,2026,Apertura - 6,Ciervos,Halcones Negros,15925,28305,0,5,0,3,,,,,0,5
1635982,2026-10-03,2026-10-03T22:30:00+01:00,2H,1242,Primera Premier,Mexico,2026,Regular Season - 6,Zacatepec 1948,Reboceros La Piedad,2303,15937,,,1,0,,,,,2,2
1635983,2026-10-03,2026-10-03T22:30:00+01:00,FT,1242,Primera Premier,Mexico,2026,Regular Season - 6,Pioneros de Cancún,Montañeses,15936,17788,2,1,1,0,,,,,2,1
1493728,2026-10-03,2026-10-03T23:00:00+01:00,2H,255,USL Championship,USA,2026,Group Stage,Loudoun United,Indy Eleven,3999,3996,,,0,1,,,,,0,1
1494019,2026-10-03,2026-10-03T23:00:00+01:00,2H,489,USL League One,USA,2026,Group Stage,Chattanooga Red Wolves,Corpus Christi,9016,4043,,,2,0,,,,,2,0
1494022,2026-10-03,2026-10-03T23:00:00+01:00,2H,489,USL League One,USA,2026,Group Stage,Richmond Kickers,One Knoxville,4024,18905,,,2,2,,,,,3,2
1631622,2026-10-03,2026-10-03T23:00:00+01:00,2H,872,Liga Premier Serie B,Mexico,2026,Apertura - 4,Gorilas de Juanacatlan,Heroes de Zaci 2,26395,28301,,,2,1,,,,,4,2
1631623,2026-10-03,2026-10-03T23:00:00+01:00,2H,872,Liga Premier Serie B,Mexico,2026,Apertura - 4,Internacional Laguna,Celaya 2,28299,28297,,,1,1,,,,,2,2
1631751,2026-10-03,2026-10-03T23:00:00+01:00,2H,722,Liga Premier Serie A,Mexico,2026,Apertura - 6,Artesanos Metepec,Cañoneros Marina,22049,15924,,,0,0,,,,,0,0
1641148,2026-10-03,2026-10-03T23:00:00+01:00,2H,742,Copa Paulista,Brazil,2026,Semi-finals,São José EC,Noroeste,15622,10037,,,0,0,,,,,0,0
1641868,2026-10-03,2026-10-03T23:00:00+01:00,2H,269,Segunda División,Uruguay,2026,2nd Phase - 21,Tacuarembo,Atenas,2374,2364,,,0,0,,,,,0,0
1632024,2026-10-03,2026-10-03T23:15:00+01:00,HT,252,Division Profesional - Clausura,Paraguay,2026,Clausura - 13,Deportivo Recoleta,Libertad Asuncion,10476,1179,,,1,1,,,,,1,1
1508567,2026-10-03,2026-10-03T23:30:00+01:00,2H,254,NWSL Women,USA,2026,Group Stage,Kansas City W,Bay FC W,16487,22943,,,1,1,,,,,1,2
1637850,2026-10-03,2026-10-03T23:30:00+01:00,2H,75,Serie C,Brazil,2026,Second Stage - 5,Inter De Limeira,Brusque,1201,1211,,,2,1,,,,,2,1
1637851,2026-10-03,2026-10-03T23:30:00+01:00,2H,75,Serie C,Brazil,2026,Second Stage - 5,Paysandu,Ferroviária,149,7826,,,1,0,,,,,1,0
1639023,2026-10-03,2026-10-03T23:30:00+01:00,2H,955,National League - National,New-Zealand,2026,Championship Group - 2,Eastern Suburbs,Auckland City,13977,2537,,,0,1,,,,,0,2
