"snapshot","fixture_id","date","kickoff","status","league_id","league","country","home","away","home_id","away_id"
"2026-10-11 00:24:42","1493735","2026-10-11","10/11/2026 12:00:00 AM","1H","255","USL Championship","USA","Detroit City","Rhode Island","9043","22855"
"2026-10-11 00:24:42","1493737","2026-10-11","10/11/2026 12:00:00 AM","1H","255","USL Championship","USA","Indy Eleven","Tampa Bay Rowdies","3996","4021"
"2026-10-11 00:24:42","1493738","2026-10-11","10/11/2026 12:00:00 AM","1H","255","USL Championship","USA","Miami FC","Loudoun United","9030","3999"
"2026-10-11 00:24:42","1493742","2026-10-11","10/11/2026 12:00:00 AM","1H","255","USL Championship","USA","Pittsburgh Riverhounds","Hartford Athletic","4010","3995"
"2026-10-11 00:24:42","1494031","2026-10-11","10/11/2026 12:00:00 AM","1H","489","USL League One","USA","Charlotte Independence","NY Cosmos","3991","9033"
"2026-10-11 00:24:42","1494037","2026-10-11","10/11/2026 12:00:00 AM","1H","489","USL League One","USA","Westchester SC","Forward Madison","25488","9025"
"2026-10-11 00:24:42","1505537","2026-10-11","10/11/2026 12:00:00 AM","PST","265","Primera División","Chile","U. Catolica","A. Italiano","2994","2329"
"2026-10-11 00:24:42","1550985","2026-10-11","10/11/2026 12:00:00 AM","1H","262","Liga MX","Mexico","Club Queretaro","Atlante FC","2290","2312"
"2026-10-11 00:24:42","1550987","2026-10-11","10/11/2026 12:00:00 AM","1H","262","Liga MX","Mexico","FC Juarez","Club Tijuana","2298","2280"
"2026-10-11 00:24:42","1551695","2026-10-11","10/11/2026 12:00:00 AM","1H","162","Primera División","Costa-Rica","Puntarenas FC","LD Alajuelense","2045","822"
"2026-10-11 00:24:42","1559666","2026-10-11","10/11/2026 12:00:00 AM","1H","339","Liga Nacional","Guatemala","Suchitepéquez","Mixco","3653","3645"
"2026-10-11 00:24:42","1581443","2026-10-11","10/11/2026 12:00:00 AM","1H","263","Liga de Expansión MX","Mexico","Venados FC","Leones Negros UDG","2311","2307"
"2026-10-11 00:24:42","1635992","2026-10-11","10/11/2026 12:00:00 AM","1H","1242","Primera Premier","Mexico","Deportiva Venados","Pioneros de Cancún","19907","15936"
"2026-10-11 00:24:42","1639029","2026-10-11","10/11/2026 12:00:00 AM","1H","955","National League - National","New-Zealand","Auckland FC 2","Auckland United","26722","20649"
"2026-10-11 00:24:42","1644219","2026-10-11","10/11/2026 12:00:00 AM","NS","1048","Premier Division","Antigua-And-Barbuda","All Saints United","Hoppers","22791","10977"
"2026-10-11 00:24:42","1549819","2026-10-11","10/11/2026 12:10:00 AM","1H","239","Primera A","Colombia","Junior","Internacional de Bogota","1135","1134"
"2026-10-11 00:24:42","1583784","2026-10-11","10/11/2026 12:15:00 AM","PST","304","Liga Panameña de Fútbol","Panama","Independiente de La Chorrera","Veraguas","2890","15620"
"2026-10-11 00:24:42","1636816","2026-10-11","10/11/2026 12:15:00 AM","1H","234","Liga Nacional","Honduras","CD Motagua","Atlético Choloma","1055","11685"
"2026-10-11 00:24:42","1490513","2026-10-11","10/11/2026 12:30:00 AM","NS","253","Major League Soccer","USA","Inter Miami","DC United","9568","1615"
"2026-10-11 00:24:42","1490514","2026-10-11","10/11/2026 12:30:00 AM","NS","253","Major League Soccer","USA","Atlanta United FC","FC Cincinnati","1608","2242"
"2026-10-11 00:24:42","1490515","2026-10-11","10/11/2026 12:30:00 AM","NS","253","Major League Soccer","USA","Orlando City SC","Columbus Crew","1598","1613"
"2026-10-11 00:24:42","1490516","2026-10-11","10/11/2026 12:30:00 AM","NS","253","Major League Soccer","USA","New England Revolution","Seattle Sounders","1609","1595"
"2026-10-11 00:24:42","1490517","2026-10-11","10/11/2026 12:30:00 AM","NS","253","Major League Soccer","USA","Philadelphia Union","Real Salt Lake","1599","1606"
"2026-10-11 00:24:42","1490518","2026-10-11","10/11/2026 12:30:00 AM","NS","253","Major League Soccer","USA","New York Red Bulls","San Diego","1602","25484"
"2026-10-11 00:24:42","1490519","2026-10-11","10/11/2026 12:30:00 AM","NS","253","Major League Soccer","USA","Charlotte","FC Dallas","18310","1597"
"2026-10-11 00:24:42","1494035","2026-10-11","10/11/2026 12:30:00 AM","NS","489","USL League One","USA","Sarasota Paradise","Richmond Kickers","21289","4024"
"2026-10-11 00:24:42","1619322","2026-10-11","10/11/2026 12:30:00 AM","NS","344","Primera División","Bolivia","Oriente Petrolero","ABB","3707","17743"
"2026-10-11 00:24:42","1638781","2026-10-11","10/11/2026 12:30:00 AM","NS","299","Primera División","Venezuela","Metropolitanos FC","Rayo Zuliano","2825","16847"
"2026-10-11 00:24:42","1492408","2026-10-11","10/11/2026 1:00:00 AM","NS","71","Serie A","Brazil","Sao Paulo","Vitoria","126","136"
"2026-10-11 00:24:42","1549508","2026-10-11","10/11/2026 1:00:00 AM","NS","281","Primera División","Peru","Universitario","FBC Melgar","2540","2554"
"2026-10-11 00:24:42","1631758","2026-10-11","10/11/2026 1:00:00 AM","NS","722","Liga Premier Serie A","Mexico","La Tribu de Cd. Juarez","FC Santiago","28306","22055"
"2026-10-11 00:24:42","1631760","2026-10-11","10/11/2026 1:00:00 AM","NS","722","Liga Premier Serie A","Mexico","Vaqueros Reynosa","Atlético Saltillo","28308","15919"
"2026-10-11 00:24:42","1635993","2026-10-11","10/11/2026 1:00:00 AM","NS","1242","Primera Premier","Mexico","Jaguares de Chiapas","Inter Playa del Carmen","2293","12793"
"2026-10-11 00:24:42","1635994","2026-10-11","10/11/2026 1:00:00 AM","NS","1242","Primera Premier","Mexico","Irapuato","Tritons Vallarta","15932","17790"
"2026-10-11 00:24:42","1638964","2026-10-11","10/11/2026 1:00:00 AM","NS","396","Primera Division","Nicaragua","Diriangén","Walter Ferretti","4641","4648"
"2026-10-11 00:24:42","1639030","2026-10-11","10/11/2026 1:00:00 AM","NS","955","National League - National","New-Zealand","Napier City Rovers","Cashmere Technical","20642","20651"
"2026-10-11 00:24:42","1645240","2026-10-11","10/11/2026 1:15:00 AM","NS","568","Eerste Divisie","Suriname","Leo Victor","PVV","12215","12217"
"2026-10-11 00:24:42","1490520","2026-10-11","10/11/2026 1:30:00 AM","NS","253","Major League Soccer","USA","Austin","Nashville SC","16489","9569"
"2026-10-11 00:24:42","1490521","2026-10-11","10/11/2026 1:30:00 AM","NS","253","Major League Soccer","USA","Minnesota United FC","Houston Dynamo","1612","1600"
"2026-10-11 00:24:42","1490522","2026-10-11","10/11/2026 1:30:00 AM","NS","253","Major League Soccer","USA","Sporting Kansas City","Portland Timbers","1611","1617"
"2026-10-11 00:24:42","1493176","2026-10-11","10/11/2026 1:30:00 AM","NS","128","Liga Profesional Argentina","Argentina","River Plate","Estudiantes de Rio Cuarto","435","2424"
"2026-10-11 00:24:42","1494033","2026-10-11","10/11/2026 1:30:00 AM","NS","489","USL League One","USA","Corpus Christi","Naples","4043","25485"
"2026-10-11 00:24:42","1493736","2026-10-11","10/11/2026 2:00:00 AM","NS","255","USL Championship","USA","El Paso Locomotive","Orange County SC","3993","4007"
"2026-10-11 00:24:42","1493739","2026-10-11","10/11/2026 2:00:00 AM","NS","255","USL Championship","USA","New Mexico United","Monterey Bay","4003","18375"
"2026-10-11 00:24:42","1550988","2026-10-11","10/11/2026 2:00:00 AM","NS","262","Liga MX","Mexico","Atlas","Guadalajara Chivas","2283","2278"
"2026-10-11 00:24:42","1559664","2026-10-11","10/11/2026 2:00:00 AM","NS","339","Liga Nacional","Guatemala","Malacateco","Guastatoya","3664","3662"
"2026-10-11 00:24:42","1581445","2026-10-11","10/11/2026 2:00:00 AM","NS","263","Liga de Expansión MX","Mexico","Dorados","Cruz Azul Hidalgo","2297","15928"
"2026-10-11 00:24:42","1581446","2026-10-11","10/11/2026 2:00:00 AM","NS","263","Liga de Expansión MX","Mexico","CDS Tampico Madero","Durango","19905","15941"
"2026-10-11 00:24:42","1581448","2026-10-11","10/11/2026 2:00:00 AM","NS","263","Liga de Expansión MX","Mexico","Mineros de Zacatecas","Cancún","2299","14276"
"2026-10-11 00:24:42","1600629","2026-10-11","10/11/2026 2:00:00 AM","NS","370","Primera Division","El-Salvador","Municipal Limeño","Firpo","4306","4303"
"2026-10-11 00:24:42","1638965","2026-10-11","10/11/2026 2:00:00 AM","NS","396","Primera Division","Nicaragua","Matagalpa","Real Estelí","19159","4645"
"2026-10-11 00:24:42","1549597","2026-10-11","10/11/2026 2:15:00 AM","NS","240","Primera B","Colombia","Bogota FC","Patriotas","1458","1140"
"2026-10-11 00:24:42","1549815","2026-10-11","10/11/2026 2:15:00 AM","NS","239","Primera A","Colombia","Atletico Nacional","Deportivo Pasto","1137","1126"
"2026-10-11 00:24:42","1490523","2026-10-11","10/11/2026 2:30:00 AM","NS","253","Major League Soccer","USA","Colorado Rapids","San Jose Earthquakes","1610","1596"
"2026-10-11 00:24:42","1583785","2026-10-11","10/11/2026 2:30:00 AM","NS","304","Liga Panameña de Fútbol","Panama","Plaza Amador","CD Arabe Unido","2883","2882"
"2026-10-11 00:24:42","1601457","2026-10-11","10/11/2026 2:30:00 AM","NS","163","Liga de Ascenso","Costa-Rica","Cariari Pococi","Futbol Consultants Moravia","2052","2054"
"2026-10-11 00:24:42","1636818","2026-10-11","10/11/2026 2:30:00 AM","NS","234","Liga Nacional","Honduras","Lobos Upnfm","CD Marathon","1059","1050"
"2026-10-11 00:24:42","1493740","2026-10-11","10/11/2026 3:00:00 AM","NS","255","USL Championship","USA","Oakland Roots","San Antonio","10874","4017"
"2026-10-11 00:24:42","1493741","2026-10-11","10/11/2026 3:00:00 AM","NS","255","USL Championship","USA","Phoenix Rising","Las Vegas Lights","4009","3998"
"2026-10-11 00:24:42","1493743","2026-10-11","10/11/2026 3:00:00 AM","NS","255","USL Championship","USA","Sacramento Republic","Colorado Springs","4015","3992"
"2026-10-11 00:24:42","1551692","2026-10-11","10/11/2026 3:00:00 AM","NS","162","Primera División","Costa-Rica","CS Herediano","San Carlos","815","823"
"2026-10-11 00:24:42","1490524","2026-10-11","10/11/2026 3:30:00 AM","NS","253","Major League Soccer","USA","Los Angeles FC","Vancouver Whitecaps","1616","1603"
"2026-10-11 00:24:42","1494030","2026-10-11","10/11/2026 3:30:00 AM","NS","489","USL League One","USA","Alta","Greenville Triumph","25838","9026"
"2026-10-11 00:24:42","1550989","2026-10-11","10/11/2026 4:10:00 AM","NS","262","Liga MX","Mexico","Club America","Monterrey","2287","2282"
"2026-10-11 00:24:42","1555734","2026-10-11","10/11/2026 5:00:00 AM","NS","100","J3 League","Japan","Roasso Kumamoto","Ehime FC","314","318"
"2026-10-11 00:24:42","1555740","2026-10-11","10/11/2026 5:00:00 AM","NS","100","J3 League","Japan","Matsumoto Yamaga","Kagoshima United","304","2236"
"2026-10-11 00:24:42","1606692","2026-10-11","10/11/2026 5:05:00 AM","NS","99","J2 League","Japan","Montedio Yamagata","Vegalta Sendai","312","286"
"2026-10-11 00:24:42","1507081","2026-10-11","10/11/2026 6:00:00 AM","NS","292","K League 1","South-Korea","Gwangju FC","Ulsan Hyundai FC","2759","2767"
"2026-10-11 00:24:42","1510466","2026-10-11","10/11/2026 6:00:00 AM","NS","293","K League 2","South-Korea","Suwon Bluewings","Ansan Greeners","2765","2758"
"2026-10-11 00:24:42","1520572","2026-10-11","10/11/2026 6:00:00 AM","NS","295","K3 League","South-Korea","Gangneung City","Siheung Citizen","7075","7105"
"2026-10-11 00:24:42","1520573","2026-10-11","10/11/2026 6:00:00 AM","NS","295","K3 League","South-Korea","Gyeongju HNP","Mokpo City","7083","7096"
"2026-10-11 00:24:42","1555732","2026-10-11","10/11/2026 6:00:00 AM","NS","100","J3 League","Japan","Gainare Tottori","FC Gifu","4319","297"
"2026-10-11 00:24:42","1555739","2026-10-11","10/11/2026 6:00:00 AM","NS","100","J3 League","Japan","Tochigi SC","Renofa Yamaguchi","315","309"
"2026-10-11 00:24:42","1556083","2026-10-11","10/11/2026 6:00:00 AM","NS","98","J1 League","Japan","JEF United Chiba","V-varen Nagasaki","301","285"
"2026-10-11 00:24:42","1569855","2026-10-11","10/11/2026 6:00:00 AM","NS","1234","K4 League","South-Korea","Geoje Citizen","Pyeongtaek Citizen","18654","7101"
"2026-10-11 00:24:42","1569856","2026-10-11","10/11/2026 6:00:00 AM","NS","1234","K4 League","South-Korea","Pyeongchang United","Jinju Citizen","18656","16452"
"2026-10-11 00:24:42","1569857","2026-10-11","10/11/2026 6:00:00 AM","NS","1234","K4 League","South-Korea","Seosan Pioneer","Jincheon","27865","27863"
"2026-10-11 00:24:42","1606693","2026-10-11","10/11/2026 6:00:00 AM","NS","99","J2 League","Japan","Kataller Toyama","Tegevajaro Miyazaki","4322","10409"
"2026-10-11 00:24:42","1640439","2026-10-11","10/11/2026 6:00:00 AM","NS","764","Premier League","Mongolia","Erchim","Ulaanbaatar","8027","16854"
"2026-10-11 00:24:42","1556089","2026-10-11","10/11/2026 7:00:00 AM","NS","98","J1 League","Japan","Mito Hollyhock","Shimizu S-pulse","305","283"
"2026-10-11 00:24:42","1556090","2026-10-11","10/11/2026 7:00:00 AM","NS","98","J1 League","Japan","Tokyo Verdy","Sanfrecce Hiroshima","306","282"
"2026-10-11 00:24:42","1606694","2026-10-11","10/11/2026 7:00:00 AM","NS","99","J2 League","Japan","Iwaki","Blaublitz Akita","7127","4315"
"2026-10-11 00:24:42","1528731","2026-10-11","10/11/2026 8:00:00 AM","NS","170","League One","China","Yanbian Longding","Nantong Zhiyun","17271","2626"
"2026-10-11 00:24:42","1556087","2026-10-11","10/11/2026 8:00:00 AM","NS","98","J1 League","Japan","Kawasaki Frontale","Nagoya Grampus","294","288"
"2026-10-11 00:24:42","1639095","2026-10-11","10/11/2026 8:00:00 AM","NS","765","PFL","Philippines","Tuloy","Stallion","21580","16193"
"2026-10-11 00:24:42","1638472","2026-10-11","10/11/2026 8:30:00 AM","NS","929","League Two","China","Shandong Taishan II","Guizhou Zhucheng","23288","25775"
"2026-10-11 00:24:42","1638473","2026-10-11","10/11/2026 8:30:00 AM","NS","929","League Two","China","Shanghai Port II","Shenzhen 2028","23289","25779"
"2026-10-11 00:24:42","1639373","2026-10-11","10/11/2026 8:30:00 AM","NS","589","Taiwan Football Premier League","Chinese-Taipei","Taipower","Taichung Futuro","9427","12542"
"2026-10-11 00:24:42","1602497","2026-10-11","10/11/2026 9:00:00 AM","NS","284","Liga II","Romania","CS Afumati","Ştefăneşti","2608","21686"
"2026-10-11 00:24:42","1607324","2026-10-11","10/11/2026 9:00:00 AM","NS","380","Premier League","Hong-Kong","BC Rangers","Warriors","26471","4207"
"2026-10-11 00:24:42","1607325","2026-10-11","10/11/2026 9:00:00 AM","NS","380","Premier League","Hong-Kong","Southern District","Eastern District","4456","4467"
"2026-10-11 00:24:42","1616427","2026-10-11","10/11/2026 9:00:00 AM","NS","451","Tercera División RFEF - Group 13","Spain","UCAM Murcia II","Mazarrón FC","9822","9816"
"2026-10-11 00:24:42","1629443","2026-10-11","10/11/2026 9:00:00 AM","NS","1240","U19 league","Turkey","Konyaspor U19","İstanbul Başakşehir U19","28251","16397"
"2026-10-11 00:24:42","1638516","2026-10-11","10/11/2026 9:00:00 AM","NS","929","League Two","China","Rizhao Yuqi","Guangdong Mingtu","21328","25773"
"2026-10-11 00:24:42","1638517","2026-10-11","10/11/2026 9:00:00 AM","NS","929","League Two","China","Dalian Yingbo B","Hubei Chufeng Heli","27621","5660"
"2026-10-11 00:24:42","1639374","2026-10-11","10/11/2026 9:00:00 AM","NS","589","Taiwan Football Premier League","Chinese-Taipei","AC Taipei","Taichung Rock FC","18841","26332"
"2026-10-11 00:24:42","1639375","2026-10-11","10/11/2026 9:00:00 AM","NS","589","Taiwan Football Premier League","Chinese-Taipei","Tatung","Tainan City","8048","12543"
"2026-10-11 00:24:42","1640424","2026-10-11","10/11/2026 9:00:00 AM","NS","764","Premier League","Mongolia","Central Stallions","Deren","22067","16185"
"2026-10-11 00:24:42","1640851","2026-10-11","10/11/2026 9:00:00 AM","NS","734","Diski Challenge","South-Africa","Sekhukhune United U23","Durban City U23","17719","15994"
"2026-10-11 00:24:42","1640852","2026-10-11","10/11/2026 9:00:00 AM","NS","734","Diski Challenge","South-Africa","Stellenbosch U23","Polokwane City U23","15996","22378"
"2026-10-11 00:24:42","1641019","2026-10-11","10/11/2026 9:00:00 AM","NS","734","Diski Challenge","South-Africa","Mamelodi Sundowns U23","Kruger United U23","15993","28443"
"2026-10-11 00:24:42","1641020","2026-10-11","10/11/2026 9:00:00 AM","NS","734","Diski Challenge","South-Africa","Milford FC U23","Marumo Gallants U23","28444","17717"
"2026-10-11 00:24:42","1562425","2026-10-11","10/11/2026 9:15:00 AM","NS","351","4. liga - Divizie B","Czech-Republic","Meteor Praha","Ostrov","7318","7328"
"2026-10-11 00:24:42","1562666","2026-10-11","10/11/2026 9:15:00 AM","NS","348","3. liga - CFL A","Czech-Republic","Sparta Praha II","Dukla Praha II","8619","15132"
"2026-10-11 00:24:42","1562780","2026-10-11","10/11/2026 9:15:00 AM","NS","685","3. liga - CFL B","Czech-Republic","Jablonec II","Sokol Brozany","12797","7349"
"2026-10-11 00:24:42","1577960","2026-10-11","10/11/2026 9:15:00 AM","NS","349","3. liga - MSFL","Czech-Republic","Havířov","Sigma Olomouc II","7293","8622"
"2026-10-11 00:24:42","1577966","2026-10-11","10/11/2026 9:15:00 AM","NS","349","3. liga - MSFL","Czech-Republic","Slovácko II","Unie Hlubina","8623","7368"
"2026-10-11 00:24:42","1579144","2026-10-11","10/11/2026 9:15:00 AM","NS","353","4. liga - Divizie D","Czech-Republic","Velké Meziříčí","Bystrc Kníničky","7373","14649"
"2026-10-11 00:24:42","1579261","2026-10-11","10/11/2026 9:15:00 AM","NS","354","4. liga - Divizie E","Czech-Republic","Brumov","Slavičín","7279","7343"
"2026-10-11 00:24:42","1561162","2026-10-11","10/11/2026 9:30:00 AM","NS","506","2. liga","Slovakia","Malženice","Inter Bratislava","14058","10547"
"2026-10-11 00:24:42","1561163","2026-10-11","10/11/2026 9:30:00 AM","NS","506","2. liga","Slovakia","Slovan Bratislava II","Liptovský Mikuláš","10544","10536"
"2026-10-11 00:24:42","1561164","2026-10-11","10/11/2026 9:30:00 AM","NS","506","2. liga","Slovakia","Žilina II","Galanta","10546","14054"
"2026-10-11 00:24:42","1565742","2026-10-11","10/11/2026 9:30:00 AM","NS","646","3. liga - Center","Slovakia","Banská Byst II","Námestovo","26242","14088"
"2026-10-11 00:24:42","1566118","2026-10-11","10/11/2026 9:30:00 AM","NS","644","3. liga - West","Slovakia","Trenčín II","Beluša","26247","14053"
"2026-10-11 00:24:42","1567916","2026-10-11","10/11/2026 9:30:00 AM","NS","219","2. Liga","Austria","Admira Wacker","Voitsberg","1023","8332"
"2026-10-11 00:24:42","1577968","2026-10-11","10/11/2026 9:30:00 AM","NS","349","3. liga - MSFL","Czech-Republic","Zlín II","Hranice","8625","7300"
"2026-10-11 00:24:42","1622787","2026-10-11","10/11/2026 9:30:00 AM","NS","274","Liga 1","Indonesia","Java United","Pusamania Borneo","22409","2442"
"2026-10-11 00:24:42","1622789","2026-10-11","10/11/2026 9:30:00 AM","NS","274","Liga 1","Indonesia","PSS Sleman","PSM Makassar","3882","2441"
"2026-10-11 00:24:42","1637667","2026-10-11","10/11/2026 9:30:00 AM","NS","275","Liga 2","Indonesia","Persela Lamongan","Deltras","2450","15771"
"2026-10-11 00:24:42","1637668","2026-10-11","10/11/2026 9:30:00 AM","NS","275","Liga 2","Indonesia","Persis Solo","Dejan","4243","24994"
"2026-10-11 00:24:42","1637670","2026-10-11","10/11/2026 9:30:00 AM","NS","275","Liga 2","Indonesia","PSPS","PSMS Medan","4236","2447"
"2026-10-11 00:24:42","1641910","2026-10-11","10/11/2026 9:30:00 AM","NS","647","Lao League","Laos","Oudomxay Entremets","Ezra","28451","14094"
"2026-10-11 00:24:42","1641911","2026-10-11","10/11/2026 9:30:00 AM","NS","647","Lao League","Laos","Salavan United","Luangprabang FC","26367","21015"
"2026-10-11 00:24:42","1566376","2026-10-11","10/11/2026 9:45:00 AM","NS","745","Oberliga - Hamburg","Germany","HEBC","Süderelbe","16078","14796"
"2026-10-11 00:24:42","1569389","2026-10-11","10/11/2026 9:45:00 AM","NS","705","Campionato Primavera - 1","Italy","Fiorentina U20","Parma U20","24731","26437"
"2026-10-11 00:24:42","1569393","2026-10-11","10/11/2026 9:45:00 AM","NS","705","Campionato Primavera - 1","Italy","Hellas Verona U20","Lecce U20","24733","24736"
"2026-10-11 00:24:42","1565926","2026-10-11","10/11/2026 10:00:00 AM","NS","645","3. liga - East","Slovakia","Slávia TU Košice","Kežmarok","14074","14989"
"2026-10-11 00:24:42","1572694","2026-10-11","10/11/2026 10:00:00 AM","NS","877","Segunda División RFEF - Group 3","Spain","Real Murcia II","Yeclano","9820","5283"
"2026-10-11 00:24:42","1573300","2026-10-11","10/11/2026 10:00:00 AM","NS","879","Segunda División RFEF - Group 5","Spain","CF Talavera","Atlético Paso","5253","9791"
"2026-10-11 00:24:42","1581935","2026-10-11","10/11/2026 10:00:00 AM","NS","334","Persha Liga","Ukraine","UCSA","Yarud Mariupol'","21957","14441"
"2026-10-11 00:24:42","1582281","2026-10-11","10/11/2026 10:00:00 AM","NS","393","Premier League","Malta","Floriana","Balzan FC","4625","696"
"2026-10-11 00:24:42","1593919","2026-10-11","10/11/2026 10:00:00 AM","NS","633","NB III - Northeast","Hungary","Kisvárda II","Tarpa","14122","15198"
"2026-10-11 00:24:42","1593920","2026-10-11","10/11/2026 10:00:00 AM","NS","633","NB III - Northeast","Hungary","Debrecen II","Nyiregyhaza II","13153","24538"
"2026-10-11 00:24:42","1593921","2026-10-11","10/11/2026 10:00:00 AM","NS","633","NB III - Northeast","Hungary","Diósgyőr II","Ózd Sajóvölgye","13154","26196"
"2026-10-11 00:24:42","1594157","2026-10-11","10/11/2026 10:00:00 AM","NS","635","NB III - Northwest","Hungary","Puskás II","Király SZE","13155","5112"
"2026-10-11 00:24:42","1594159","2026-10-11","10/11/2026 10:00:00 AM","NS","635","NB III - Northwest","Hungary","Gyori ETO II","Dorogi FC","11851","2401"
"2026-10-11 00:24:42","1594641","2026-10-11","10/11/2026 10:00:00 AM","NS","634","NB III - Southwest","Hungary","MTK Budapest II","Érdi VSE","17064","5153"
"2026-10-11 00:24:42","1595665","2026-10-11","10/11/2026 10:00:00 AM","NS","488","U19 Bundesliga","Germany","Darmstadt 98 U19","Mainz 05 U19","14028","10268"
"2026-10-11 00:24:42","1595666","2026-10-11","10/11/2026 10:00:00 AM","NS","488","U19 Bundesliga","Germany","MSV Duisburg U19","RW Oberhausen U19","10266","10271"
"2026-10-11 00:24:42","1595667","2026-10-11","10/11/2026 10:00:00 AM","NS","488","U19 Bundesliga","Germany","Freiburg U19","Hoffenheim U19","10255","7955"
"2026-10-11 00:24:42","1595669","2026-10-11","10/11/2026 10:00:00 AM","NS","488","U19 Bundesliga","Germany","Greuther Fürth U19","Dynamo Dresden U19","10256","10251"
"2026-10-11 00:24:42","1595683","2026-10-11","10/11/2026 10:00:00 AM","NS","488","U19 Bundesliga","Germany","Schalke 04 U19","Fortuna Düsseldorf U19","7967","10254"
"2026-10-11 00:24:42","1599402","2026-10-11","10/11/2026 10:00:00 AM","NS","676","Central Youth League","Poland","Miedź Legnica U19","Talent Warszawa U19","20592","28017"
"2026-10-11 00:24:42","1606695","2026-10-11","10/11/2026 10:00:00 AM","NS","99","J2 League","Japan","Shonan Bellmare","Albirex Niigata","284","311"
"2026-10-11 00:24:42","1623141","2026-10-11","10/11/2026 10:00:00 AM","NS","312","1a Divisió","Andorra","Ranger's","Carroi","3353","3346"
"2026-10-11 00:24:42","1629441","2026-10-11","10/11/2026 10:00:00 AM","NS","1240","U19 league","Turkey","Gaziantep U19","Corum U19","28246","28242"
"2026-10-11 00:24:42","1634839","2026-10-11","10/11/2026 10:00:00 AM","NS","588","National League","Myanmar","Hantharwady United","Shan United","12525","8015"
"2026-10-11 00:24:42","1634840","2026-10-11","10/11/2026 10:00:00 AM","NS","588","National League","Myanmar","Yangon United","Yangon Royals","8013","28338"
"2026-10-11 00:24:42","1638518","2026-10-11","10/11/2026 10:00:00 AM","NS","929","League Two","China","Wuhan Three Towns II","BIT","25840","5647"
"2026-10-11 00:24:42","1497266","2026-10-11","10/11/2026 10:30:00 AM","NS","778","3. Division - Girone 5","Norway","Strømsgodset II","Skjetten","12865","7025"
"2026-10-11 00:24:42","1519655","2026-10-11","10/11/2026 10:30:00 AM","AWD","328","Esiliiga A","Estonia","Maardu","Nõmme Kalju II","3527","13826"
"2026-10-11 00:24:42","1521701","2026-10-11","10/11/2026 10:30:00 AM","NS","1126","Esiliiga B","Estonia","Johvi Phoenix","Narva U21","24237","24236"
"2026-10-11 00:24:42","1521702","2026-10-11","10/11/2026 10:30:00 AM","NS","1126","Esiliiga B","Estonia","JK Tabasalu","Luunja","16718","10168"
"2026-10-11 00:24:42","1521703","2026-10-11","10/11/2026 10:30:00 AM","NS","1126","Esiliiga B","Estonia","Tallinna Kalev II","Parnu JK Vaprus U21","3522","25403"
"2026-10-11 00:24:42","1569132","2026-10-11","10/11/2026 10:30:00 AM","NS","780","III Liga - Group 1","Poland","Widzew II","Weszlo","26178","27902"
"2026-10-11 00:24:42","1572689","2026-10-11","10/11/2026 10:30:00 AM","NS","877","Segunda División RFEF - Group 3","Spain","Deportiva Minera","Castellonense","9811","22138"
"2026-10-11 00:24:42","1572692","2026-10-11","10/11/2026 10:30:00 AM","NS","877","Segunda División RFEF - Group 3","Spain","Peña Deportiva","Orihuela","9405","9404"
"2026-10-11 00:24:42","1581929","2026-10-11","10/11/2026 10:30:00 AM","NS","334","Persha Liga","Ukraine","Prykarpattia","Chernihiv","3631","14433"
"2026-10-11 00:24:42","1593034","2026-10-11","10/11/2026 10:30:00 AM","NS","336","Druha Liga","Ukraine","Dnister Zalishchyky","Dinaz Vyshhorod","28007","6487"
"2026-10-11 00:24:42","1614282","2026-10-11","10/11/2026 10:30:00 AM","NS","444","Tercera División RFEF - Group 6","Spain","SC Torrevieja","Saguntino","28104","9699"
"2026-10-11 00:24:42","1614283","2026-10-11","10/11/2026 10:30:00 AM","NS","444","Tercera División RFEF - Group 6","Spain","Torrellano","Soneja","17559","22140"
"2026-10-11 00:24:42","1614585","2026-10-11","10/11/2026 10:30:00 AM","NS","445","Tercera División RFEF - Group 7","Spain","Parla Escuela","Fuenlabrada","25035","4906"
"2026-10-11 00:24:42","1614589","2026-10-11","10/11/2026 10:30:00 AM","NS","445","Tercera División RFEF - Group 7","Spain","Rayo Vallecano II","Trival Valderas","9715","9718"
"2026-10-11 00:24:42","1614591","2026-10-11","10/11/2026 10:30:00 AM","NS","445","Tercera División RFEF - Group 7","Spain","Villanueva Pardillo","Torrejón","15353","9717"
"2026-10-11 00:24:42","1615502","2026-10-11","10/11/2026 10:30:00 AM","NS","448","Tercera División RFEF - Group 10","Spain","Betis C","Egabrense","28109","28110"
"2026-10-11 00:24:42","1616423","2026-10-11","10/11/2026 10:30:00 AM","NS","451","Tercera División RFEF - Group 13","Spain","SFC Minerva","Águilas II","9821","24656"
"2026-10-11 00:24:42","1617341","2026-10-11","10/11/2026 10:30:00 AM","NS","454","Tercera División RFEF - Group 16","Spain","Casalarreina","Alfaro","9866","9860"
"2026-10-11 00:24:42","1617954","2026-10-11","10/11/2026 10:30:00 AM","NS","456","Tercera División RFEF - Group 18","Spain","San Clemente","Manchego","17619","9905"
"2026-10-11 00:24:42","1642618","2026-10-11","10/11/2026 10:30:00 AM","NS","693","Gamma Ethniki - Group 9","Greece","AE Mykonos","Asteras Magoula","18057","13915"
"2026-10-11 00:24:42","1613975","2026-10-11","10/11/2026 10:45:00 AM","NS","443","Tercera División RFEF - Group 5","Spain","Grama","Tona","15344","20264"
"2026-10-11 00:24:42","1639096","2026-10-11","10/11/2026 10:45:00 AM","NS","765","PFL","Philippines","Azkals","Mendiola","16190","16192"
"2026-10-11 00:24:42","1523272","2026-10-11","10/11/2026 11:00:00 AM","NS","169","Super League","China","Qingdao Youth Island","Dalian Zhixing","17265","21263"
"2026-10-11 00:24:42","1528113","2026-10-11","10/11/2026 11:00:00 AM","NS","389","Premier League","Kazakhstan","Ulytau","Okzhetpes","21010","4558"
"2026-10-11 00:24:42","1536488","2026-10-11","10/11/2026 11:00:00 AM","NS","652","Second League - Group 2","Russia","Kosmos Dolgoprudny","Dinamo Vologda","19452","19447"
"2026-10-11 00:24:42","1536721","2026-10-11","10/11/2026 11:00:00 AM","NS","650","Second League - Group 3","Russia","Strogino","Salyut-Belgorod","6829","6826"
"2026-10-11 00:24:42","1558238","2026-10-11","10/11/2026 11:00:00 AM","NS","107","I Liga","Poland","Stal Mielec","Warta Poznań","3493","3496"
"2026-10-11 00:24:42","1561684","2026-10-11","10/11/2026 11:00:00 AM","NS","109","II Liga - East","Poland","Tychy 71","Górnik Łęczna","3495","6941"
"2026-10-11 00:24:42","1565491","2026-10-11","10/11/2026 11:00:00 AM","NS","333","Premier League","Ukraine","Dynamo Kyiv","Karpaty","572","3617"
"2026-10-11 00:24:42","1565494","2026-10-11","10/11/2026 11:00:00 AM","NS","333","Premier League","Ukraine","LNZ Cherkasy","Kudrivka","17161","21953"
"2026-10-11 00:24:42","1570776","2026-10-11","10/11/2026 11:00:00 AM","NS","435","Primera División RFEF - Group 1","Spain","Athletic Club II","Real Unión","9579","9586"
"2026-10-11 00:24:42","1571157","2026-10-11","10/11/2026 11:00:00 AM","NS","436","Primera División RFEF - Group 2","Spain","Antequera","FC Cartagena","9742","5262"
"2026-10-11 00:24:42","1572075","2026-10-11","10/11/2026 11:00:00 AM","NS","875","Segunda División RFEF - Group 1","Spain","Deportivo Alavés II","Gernika","9582","5263"
"2026-10-11 00:24:42","1572388","2026-10-11","10/11/2026 11:00:00 AM","NS","876","Segunda División RFEF - Group 2","Spain","UD Logroñés II","Barbastro","9872","9879"
"2026-10-11 00:24:42","1572687","2026-10-11","10/11/2026 11:00:00 AM","NS","877","Segunda División RFEF - Group 3","Spain","Atlético Baleares","Mallorca II","9381","9783"
"2026-10-11 00:24:42","1572693","2026-10-11","10/11/2026 11:00:00 AM","NS","877","Segunda División RFEF - Group 3","Spain","Poblense","Castellón II","5273","17588"
"2026-10-11 00:24:42","1572993","2026-10-11","10/11/2026 11:00:00 AM","NS","878","Segunda División RFEF - Group 4","Spain","Puente Genil","Tamaraceite","9764","9415"
"2026-10-11 00:24:42","1573299","2026-10-11","10/11/2026 11:00:00 AM","NS","879","Segunda División RFEF - Group 5","Spain","Real Madrid III","Atlético Tordesillas","22142","9724"
"2026-10-11 00:24:42","1576498","2026-10-11","10/11/2026 11:00:00 AM","NS","95","Segunda Liga","Portugal","Lusitânia Lourosa","Chaves","6358","223"
"2026-10-11 00:24:42","1581933","2026-10-11","10/11/2026 11:00:00 AM","NS","334","Persha Liga","Ukraine","Oleksandria","Lokomotiv Kyiv","3619","21954"
"2026-10-11 00:24:42","1595258","2026-10-11","10/11/2026 11:00:00 AM","NS","946","Second NL","Croatia","Solin","Grobničan Čavle","1480","8580"
"2026-10-11 00:24:42","1597782","2026-10-11","10/11/2026 11:00:00 AM","NS","865","Liga 3","Portugal","Mafra","CF Os Belenenses","245","17692"
"2026-10-11 00:24:42","1613054","2026-10-11","10/11/2026 11:00:00 AM","NS","440","Tercera División RFEF - Group 2","Spain","Condal","Andes","9622","28097"
"2026-10-11 00:24:42","1613055","2026-10-11","10/11/2026 11:00:00 AM","NS","440","Tercera División RFEF - Group 2","Spain","Avilés Stadium","Llanes","15333","9628"
"2026-10-11 00:24:42","1613056","2026-10-11","10/11/2026 11:00:00 AM","NS","440","Tercera División RFEF - Group 2","Spain","Caudal","Sporting Gijón II","9619","9577"
"2026-10-11 00:24:42","1613059","2026-10-11","10/11/2026 11:00:00 AM","NS","440","Tercera División RFEF - Group 2","Spain","San Martín","Covadonga","9633","9623"
"2026-10-11 00:24:42","1613060","2026-10-11","10/11/2026 11:00:00 AM","NS","440","Tercera División RFEF - Group 2","Spain","Gijón Industrial","Astur","9624","25030"
"2026-10-11 00:24:42","1613972","2026-10-11","10/11/2026 11:00:00 AM","NS","443","Tercera División RFEF - Group 5","Spain","Europa II","San Cristóbal","24575","9678"
"2026-10-11 00:24:42","1613976","2026-10-11","10/11/2026 11:00:00 AM","NS","443","Tercera División RFEF - Group 5","Spain","Martinenc","Montañesa","28101","15345"
"2026-10-11 00:24:42","1613977","2026-10-11","10/11/2026 11:00:00 AM","NS","443","Tercera División RFEF - Group 5","Spain","Mollerussa","Cerdanyola del Vallès","18096","9670"
"2026-10-11 00:24:42","1613979","2026-10-11","10/11/2026 11:00:00 AM","NS","443","Tercera División RFEF - Group 5","Spain","Pobla Mafumet","Cornellà","9677","5258"
"2026-10-11 00:24:42","1614586","2026-10-11","10/11/2026 11:00:00 AM","NS","445","Tercera División RFEF - Group 7","Spain","Las Rozas","SS Reyes II","9395","26545"
"2026-10-11 00:24:42","1614587","2026-10-11","10/11/2026 11:00:00 AM","NS","445","Tercera División RFEF - Group 7","Spain","Leganés II","Galapagar","9710","17516"
"2026-10-11 00:24:42","1614588","2026-10-11","10/11/2026 11:00:00 AM","NS","445","Tercera División RFEF - Group 7","Spain","Pozuelo Alarcón","Alcobendas Sport","9713","9705"
"2026-10-11 00:24:42","1614592","2026-10-11","10/11/2026 11:00:00 AM","NS","445","Tercera División RFEF - Group 7","Spain","Unión Adarve","Móstoles","9719","9712"
"2026-10-11 00:24:42","1614891","2026-10-11","10/11/2026 11:00:00 AM","NS","446","Tercera División RFEF - Group 8","Spain","Burgos Promesas","UD Santa Marta","9727","9738"
"2026-10-11 00:24:42","1614892","2026-10-11","10/11/2026 11:00:00 AM","NS","446","Tercera División RFEF - Group 8","Spain","Colegios Diocesanos","Calasanz de Soria","15354","28106"
"2026-10-11 00:24:42","1615196","2026-10-11","10/11/2026 11:00:00 AM","NS","447","Tercera División RFEF - Group 9","Spain","Almería II","Málaga II","9741","9752"
"2026-10-11 00:24:42","1615199","2026-10-11","10/11/2026 11:00:00 AM","NS","447","Tercera División RFEF - Group 9","Spain","Granada II","Atletico de Marbella","9599","28107"
"2026-10-11 00:24:42","1615200","2026-10-11","10/11/2026 11:00:00 AM","NS","447","Tercera División RFEF - Group 9","Spain","Mancha Real","Torre del Mar","9749","17558"
"2026-10-11 00:24:42","1615504","2026-10-11","10/11/2026 11:00:00 AM","NS","448","Tercera División RFEF - Group 10","Spain","Cádiz II","Recreativo Huelva","9598","9410"
"2026-10-11 00:24:42","1615506","2026-10-11","10/11/2026 11:00:00 AM","NS","448","Tercera División RFEF - Group 10","Spain","Córdoba II","Pozoblanco","9759","9763"
"2026-10-11 00:24:42","1615508","2026-10-11","10/11/2026 11:00:00 AM","NS","448","Tercera División RFEF - Group 10","Spain","Portuense","Dos Hermanas","28111","26535"
"2026-10-11 00:24:42","1615812","2026-10-11","10/11/2026 11:00:00 AM","NS","449","Tercera División RFEF - Group 11","Spain","Formentera","Manacor","9780","9784"
"2026-10-11 00:24:42","1615815","2026-10-11","10/11/2026 11:00:00 AM","NS","449","Tercera División RFEF - Group 11","Spain","Santanyí","Llosetense","9789","9782"
"2026-10-11 00:24:42","1616117","2026-10-11","10/11/2026 11:00:00 AM","NS","450","Tercera División RFEF - Group 12","Spain","Lanzarote","UD San Fernando","9797","9804"
"2026-10-11 00:24:42","1616726","2026-10-11","10/11/2026 11:00:00 AM","NS","452","Tercera División RFEF - Group 14","Spain","Castuera","Atlético Pueblonuevo","22149","20279"
"2026-10-11 00:24:42","1616731","2026-10-11","10/11/2026 11:00:00 AM","NS","452","Tercera División RFEF - Group 14","Spain","Puebla Calzada","Moralo","24613","9836"
"2026-10-11 00:24:42","1616733","2026-10-11","10/11/2026 11:00:00 AM","NS","452","Tercera División RFEF - Group 14","Spain","Plasencia","Quintana","9838","28119"
"2026-10-11 00:24:42","1616734","2026-10-11","10/11/2026 11:00:00 AM","NS","452","Tercera División RFEF - Group 14","Spain","Villanovense","Azuaga","5282","9826"
"2026-10-11 00:24:42","1617345","2026-10-11","10/11/2026 11:00:00 AM","NS","454","Tercera División RFEF - Group 16","Spain","Varea","Agoncillo","9873","15323"
"2026-10-11 00:24:42","1617652","2026-10-11","10/11/2026 11:00:00 AM","NS","455","Tercera División RFEF - Group 17","Spain","Real Zaragoza II","Atlético Monzón","9887","9878"
"2026-10-11 00:24:42","1617953","2026-10-11","10/11/2026 11:00:00 AM","NS","456","Tercera División RFEF - Group 18","Spain","Illescas","La Solana","9901","9903"
"2026-10-11 00:24:42","1630100","2026-10-11","10/11/2026 11:00:00 AM","NS","1241","U19 league","Serbia","Usce U19","TSC U19","28271","28272"
"2026-10-11 00:24:42","1634002","2026-10-11","10/11/2026 11:00:00 AM","NS","653","Second League - Group 4","Russia","Izhevsk","Chelyabinsk II","27650","25866"
"2026-10-11 00:24:42","1634032","2026-10-11","10/11/2026 11:00:00 AM","NS","653","Second League - Group 4","Russia","KDV","Dinamo Barnaul","25867","6794"
"2026-10-11 00:24:42","1634034","2026-10-11","10/11/2026 11:00:00 AM","NS","653","Second League - Group 4","Russia","Krylya Sovetov II","Akron II","14140","21535"
"2026-10-11 00:24:42","1634974","2026-10-11","10/11/2026 11:00:00 AM","NS","637","V.League 2","Vietnam","Sanna Khanh Hoa","Pho Hien","3677","9166"
"2026-10-11 00:24:42","1636942","2026-10-11","10/11/2026 11:00:00 AM","NS","494","Super League 2","Greece","Ellas Syros","Niki Volos","22244","5056"
"2026-10-11 00:24:42","1645150","2026-10-11","10/11/2026 11:00:00 AM","NS","666","Friendlies Women","World","Slovenia U19 W","Scotland U19 W","27187","27178"
"2026-10-11 00:24:42","1552185","2026-10-11","10/11/2026 11:15:00 AM","NS","88","Eredivisie","Netherlands","Utrecht","Willem II","207","195"
"2026-10-11 00:24:42","1616727","2026-10-11","10/11/2026 11:15:00 AM","NS","452","Tercera División RFEF - Group 14","Spain","CD Zafra","Montijo","28118","9835"
"2026-10-11 00:24:42","1550139","2026-10-11","10/11/2026 11:30:00 AM","NS","135","Serie A","Italy","Como","AS Roma","895","497"
"2026-10-11 00:24:42","1572082","2026-10-11","10/11/2026 11:30:00 AM","NS","875","Segunda División RFEF - Group 1","Spain","Real Oviedo II","Racing Santander II","9576","9643"
"2026-10-11 00:24:42","1572999","2026-10-11","10/11/2026 11:30:00 AM","NS","878","Segunda División RFEF - Group 4","Spain","Linares Deportivo","Antoniano","9398","7522"
"2026-10-11 00:24:42","1584427","2026-10-11","10/11/2026 11:30:00 AM","NS","203","Süper Lig","Turkey","Konyaspor","Başakşehir","607","564"
"2026-10-11 00:24:42","1595668","2026-10-11","10/11/2026 11:30:00 AM","NS","488","U19 Bundesliga","Germany","FSV Frankfurt U19","Wehen Wiesbaden U19","13952","13964"
"2026-10-11 00:24:42","1608699","2026-10-11","10/11/2026 11:30:00 AM","NS","942","Serie C - Girone B","Italy","Torres","Atalanta II","9534","22104"
"2026-10-11 00:24:42","1609071","2026-10-11","10/11/2026 11:30:00 AM","NS","943","Serie C - Girone C","Italy","Team Altamura","Catania","9549","1580"
"2026-10-11 00:24:42","1612754","2026-10-11","10/11/2026 11:30:00 AM","NS","439","Tercera División RFEF - Group 1","Spain","Coruña","Celta de Vigo III","26534","20255"
"2026-10-11 00:24:42","1615198","2026-10-11","10/11/2026 11:30:00 AM","NS","447","Tercera División RFEF - Group 9","Spain","Churriana Vega","Cantoria","26547","28108"
"2026-10-11 00:24:42","1615202","2026-10-11","10/11/2026 11:30:00 AM","NS","447","Tercera División RFEF - Group 9","Spain","Melilla","UD San Pedro","5268","17562"
"2026-10-11 00:24:42","1615814","2026-10-11","10/11/2026 11:30:00 AM","NS","449","Tercera División RFEF - Group 11","Spain","Migjorn","Cardassar","24579","15311"
"2026-10-11 00:24:42","1630098","2026-10-11","10/11/2026 11:30:00 AM","NS","1241","U19 league","Serbia","Cukaricki U19","OFK Beograd U19","28266","28274"
"2026-10-11 00:24:42","1590178","2026-10-11","10/11/2026 11:45:00 AM","NS","211","First NL","Croatia","Dugopolje","Croatia Zmijavci","1471","6254"
"2026-10-11 00:24:42","1496169","2026-10-11","10/11/2026 12:00:00 PM","NS","473","2. Division - Group 1","Norway","Bjarg","Notodden","16217","2161"
"2026-10-11 00:24:42","1496175","2026-10-11","10/11/2026 12:00:00 PM","NS","473","2. Division - Group 1","Norway","Vidar","Brattvåg","7046","6970"
"2026-10-11 00:24:42","1496353","2026-10-11","10/11/2026 12:00:00 PM","NS","474","2. Division - Group 2","Norway","Kjelsås","Rana","7001","16229"
"2026-10-11 00:24:42","1496356","2026-10-11","10/11/2026 12:00:00 PM","NS","474","2. Division - Group 2","Norway","Stjørdals-Blink","Tromsdalen Uil","7033","2158"
"2026-10-11 00:24:42","1497264","2026-10-11","10/11/2026 12:00:00 PM","NS","778","3. Division - Girone 5","Norway","Kongsvinger II","Bossekop","16206","18444"
"2026-10-11 00:24:42","1497718","2026-10-11","10/11/2026 12:00:00 PM","NS","114","Superettan","Sweden","Orebro SK","Ljungskile SK","365","2165"
"2026-10-11 00:24:42","1504578","2026-10-11","10/11/2026 12:00:00 PM","NS","564","Ettan - Södra","Sweden","Utsikten","Angelholms FF","6706","2168"
"2026-10-11 00:24:42","1510695","2026-10-11","10/11/2026 12:00:00 PM","NS","592","Division 2 - Norra Götaland","Sweden","Husqvarna","Herrestads","6675","18422"
"2026-10-11 00:24:42","1510877","2026-10-11","10/11/2026 12:00:00 PM","NS","593","Division 2 - Norra Svealand","Sweden","Angby","Viggbyholms IK","27410","20838"
"2026-10-11 00:24:42","1511036","2026-10-11","10/11/2026 12:00:00 PM","NS","597","Division 2 - Södra Götaland","Sweden","Österlen","Torns","12619","6701"
"2026-10-11 00:24:42","1511240","2026-10-11","10/11/2026 12:00:00 PM","NS","595","Division 2 - Södra Svealand","Sweden","Eker Örebro","Forward","25570","11666"
"2026-10-11 00:24:42","1511241","2026-10-11","10/11/2026 12:00:00 PM","NS","595","Division 2 - Södra Svealand","Sweden","Nyköping","Karlslund","6691","11660"
"2026-10-11 00:24:42","1511423","2026-10-11","10/11/2026 12:00:00 PM","NS","596","Division 2 - Västra Götaland","Sweden","Västra Frölunda","Torslanda","12609","12620"
"2026-10-11 00:24:42","1515931","2026-10-11","10/11/2026 12:00:00 PM","NS","365","Virsliga","Latvia","Ogre United","BFC Daugavpils","18936","4149"
"2026-10-11 00:24:42","1516150","2026-10-11","10/11/2026 12:00:00 PM","NS","369","Super League","Uzbekistan","Olmaliq","Navbahor","4219","4216"
"2026-10-11 00:24:42","1516152","2026-10-11","10/11/2026 12:00:00 PM","NS","369","Super League","Uzbekistan","Sogdiana","Lokomotiv","4223","3695"
"2026-10-11 00:24:42","1525998","2026-10-11","10/11/2026 12:00:00 PM","NS","116","Premier League","Belarus","FC Vitebsk","FC Isloch Minsk R.","382","391"
"2026-10-11 00:24:42","1528111","2026-10-11","10/11/2026 12:00:00 PM","NS","389","Premier League","Kazakhstan","Kaspiy","Altay","4552","4544"
"2026-10-11 00:24:42","1528732","2026-10-11","10/11/2026 12:00:00 PM","NS","170","League One","China","Shaanxi Union","Dongguan United","23286","17263"
"2026-10-11 00:24:42","1528734","2026-10-11","10/11/2026 12:00:00 PM","NS","170","League One","China","Guangxi Hengchen","Shenzhen Juniors","23268","23265"
"2026-10-11 00:24:42","1528788","2026-10-11","10/11/2026 12:00:00 PM","NS","170","League One","China","Ningbo Professional","Nanjing City","27556","16619"
"2026-10-11 00:24:42","1529636","2026-10-11","10/11/2026 12:00:00 PM","NS","364","1. Liga","Latvia","Smiltene","Tukums II","4142","18837"
"2026-10-11 00:24:42","1536490","2026-10-11","10/11/2026 12:00:00 PM","NS","652","Second League - Group 2","Russia","Tver","Luki-Energiya","14120","6812"
"2026-10-11 00:24:42","1536726","2026-10-11","10/11/2026 12:00:00 PM","NS","650","Second League - Group 3","Russia","Arsenal Tula II","Orel","17720","23318"
"2026-10-11 00:24:42","1536727","2026-10-11","10/11/2026 12:00:00 PM","NS","650","Second League - Group 3","Russia","Metallurg Lipetsk","Saturn Ramenskoye","6815","6827"
"2026-10-11 00:24:42","1551468","2026-10-11","10/11/2026 12:00:00 PM","NS","371","First League","Macedonia","Shkëndija Haraçinë","Shkendija","24781","609"
"2026-10-11 00:24:42","1556674","2026-10-11","10/11/2026 12:00:00 PM","NS","179","Premiership","Scotland","Motherwell","Celtic","256","247"
"2026-10-11 00:24:42","1560036","2026-10-11","10/11/2026 12:00:00 PM","NS","345","Czech Liga","Czech-Republic","Slovan Liberec","Slovácko","782","3719"
"2026-10-11 00:24:42","1561403","2026-10-11","10/11/2026 12:00:00 PM","NS","235","Premier League","Russia","Akhmat","Baltika","1085","2006"
"2026-10-11 00:24:42","1563186","2026-10-11","10/11/2026 12:00:00 PM","NS","40","Championship","England","Southampton","Portsmouth","41","1355"
"2026-10-11 00:24:42","1572998","2026-10-11","10/11/2026 12:00:00 PM","NS","878","Segunda División RFEF - Group 4","Spain","Las Palmas II","Tenerife II","9574","9802"
"2026-10-11 00:24:42","1591640","2026-10-11","10/11/2026 12:00:00 PM","NS","205","2. Lig","Turkey","Serik Spor","Adana 01 FK","7421","22009"
"2026-10-11 00:24:42","1593040","2026-10-11","10/11/2026 12:00:00 PM","NS","336","Druha Liga","Ukraine","Ruh Lviv","Nyva Vinnytsya","3632","6494"
"2026-10-11 00:24:42","1593922","2026-10-11","10/11/2026 12:00:00 PM","NS","633","NB III - Northeast","Hungary","Hajdúnánás","Tiszaújváros","24497","5149"
"2026-10-11 00:24:42","1594158","2026-10-11","10/11/2026 12:00:00 PM","NS","635","NB III - Northwest","Hungary","Balatonalmádi","Veszprém","11750","7569"
"2026-10-11 00:24:42","1594399","2026-10-11","10/11/2026 12:00:00 PM","NS","1023","NB III - Southeast","Hungary","BKV Előre","Szeged-Csanád II","5070","21857"
"2026-10-11 00:24:42","1594400","2026-10-11","10/11/2026 12:00:00 PM","NS","1023","NB III - Southeast","Hungary","ESMTK","Honvéd II","5087","11853"
"2026-10-11 00:24:42","1594643","2026-10-11","10/11/2026 12:00:00 PM","NS","634","NB III - Southwest","Hungary","Siofok","Pécsi MFC","2413","5130"
"2026-10-11 00:24:42","1595664","2026-10-11","10/11/2026 12:00:00 PM","NS","488","U19 Bundesliga","Germany","Chemnitzer FC U19","Union Berlin U19","10250","10275"
"2026-10-11 00:24:42","1595675","2026-10-11","10/11/2026 12:00:00 PM","NS","488","U19 Bundesliga","Germany","Carl Zeiss Jena U19","Babelsberg U19","13951","19357"
"2026-10-11 00:24:42","1595681","2026-10-11","10/11/2026 12:00:00 PM","NS","488","U19 Bundesliga","Germany","Rot-Weiss Essen U19","Osnabrück U19","13957","13955"
"2026-10-11 00:24:42","1595687","2026-10-11","10/11/2026 12:00:00 PM","NS","488","U19 Bundesliga","Germany","Viktoria Köln U19","Bochum U19","10276","10248"
"2026-10-11 00:24:42","1598040","2026-10-11","10/11/2026 12:00:00 PM","NS","296","Thai League 1","Thailand","Lamphun Warrior","Bangkok United","6572","2770"
"2026-10-11 00:24:42","1598041","2026-10-11","10/11/2026 12:00:00 PM","NS","296","Thai League 1","Thailand","Prachuap","Chiangrai United","2791","2771"
"2026-10-11 00:24:42","1602687","2026-10-11","10/11/2026 12:00:00 PM","NS","297","Thai League 2","Thailand","Mahasarakham United","Uttaradit","17910","6610"
"2026-10-11 00:24:42","1602688","2026-10-11","10/11/2026 12:00:00 PM","NS","297","Thai League 2","Thailand","Satun","Khon Kaen United","22348","10086"
"2026-10-11 00:24:42","1604265","2026-10-11","10/11/2026 12:00:00 PM","NS","749","Oberliga - Bremen","Germany","Schwachhausen","Grohn","12851","28043"
"2026-10-11 00:24:42","1609927","2026-10-11","10/11/2026 12:00:00 PM","NS","317","1st League - RS","Bosnia","Kozara Gradiška","Rudar Prijedor","3369","3377"
"2026-10-11 00:24:42","1616118","2026-10-11","10/11/2026 12:00:00 PM","NS","450","Tercera División RFEF - Group 12","Spain","Mensajero","San Bartolomé","5269","22148"
"2026-10-11 00:24:42","1628858","2026-10-11","10/11/2026 12:00:00 PM","NS","460","Campeonato de Portugal Prio - Group D","Portugal","Lajense","1º Dezembro","20037","4718"
"2026-10-11 00:24:42","1629068","2026-10-11","10/11/2026 12:00:00 PM","NS","276","FKF Premier League","Kenya","Ulinzi Stars","Tusker","2474","2475"
"2026-10-11 00:24:42","1629438","2026-10-11","10/11/2026 12:00:00 PM","NS","1240","U19 league","Turkey","Beşiktaş U19","Kocaelispor U19","7973","28250"
"2026-10-11 00:24:42","1633905","2026-10-11","10/11/2026 12:00:00 PM","NS","340","V.League 1","Vietnam","Song Lam Nghe An","Ho Chi Minh","3678","3672"
"2026-10-11 00:24:42","1634003","2026-10-11","10/11/2026 12:00:00 PM","NS","653","Second League - Group 4","Russia","Nosta","Rubin Kazan 2","6818","21032"
"2026-10-11 00:24:42","1634975","2026-10-11","10/11/2026 12:00:00 PM","NS","637","V.League 2","Vietnam","Binh Dinh","Bóng đá Huế","9160","9162"
"2026-10-11 00:24:42","1638519","2026-10-11","10/11/2026 12:00:00 PM","NS","929","League Two","China","Shangyu Pterosaur","Nantong Haimen Codion","19320","19319"
"2026-10-11 00:24:42","1639192","2026-10-11","10/11/2026 12:00:00 PM","NS","143","Copa del Rey","Spain","Güímar","Hortaleza","9794","28411"
"2026-10-11 00:24:42","1639376","2026-10-11","10/11/2026 12:00:00 PM","NS","589","Taiwan Football Premier League","Chinese-Taipei","Kaohsiung","Hang Yuen","28419","8028"
"2026-10-11 00:24:42","1643234","2026-10-11","10/11/2026 12:00:00 PM","NS","667","Friendlies Clubs","World","Sirius","IF Brommapojkarna","370","371"
"2026-10-11 00:24:42","1620513","2026-10-11","10/11/2026 12:15:00 PM","NS","581","Gamma Ethniki - Group 6","Greece","Preveza","Levante","12393","28408"
"2026-10-11 00:24:42","1638202","2026-10-11","10/11/2026 12:15:00 PM","NS","661","Cup","Lithuania","Minija","Kauno Žalgiris","3864","3872"
"2026-10-11 00:24:42","1496355","2026-10-11","10/11/2026 12:30:00 PM","NS","474","2. Division - Group 2","Norway","Lørenskog","Trygg/Lade","7008","7039"
"2026-10-11 00:24:42","1509196","2026-10-11","10/11/2026 12:30:00 PM","NS","327","Erovnuli Liga","Georgia","Samgurali","Gagra","10017","3505"
"2026-10-11 00:24:42","1513642","2026-10-11","10/11/2026 12:30:00 PM","NS","329","Meistriliiga","Estonia","FC Levadia Tallinn","Paide","2273","3528"
"2026-10-11 00:24:42","1528733","2026-10-11","10/11/2026 12:30:00 PM","NS","170","League One","China","Guangzhou E-Power","Heilongjiang Lava Spring","23269","1445"
"2026-10-11 00:24:42","1558650","2026-10-11","10/11/2026 12:30:00 PM","NS","144","Jupiler Pro League","Belgium","Standard Liege","Charleroi","733","736"
"2026-10-11 00:24:42","1576188","2026-10-11","10/11/2026 12:30:00 PM","NS","79","2. Bundesliga","Germany","VfL Bochum","Arminia Bielefeld","176","188"
"2026-10-11 00:24:42","1576192","2026-10-11","10/11/2026 12:30:00 PM","NS","79","2. Bundesliga","Germany","Hertha BSC","SpVgg Greuther Fürth","159","178"
"2026-10-11 00:24:42","1576195","2026-10-11","10/11/2026 12:30:00 PM","NS","79","2. Bundesliga","Germany","FC St. Pauli","Karlsruher SC","186","785"
"2026-10-11 00:24:42","1584019","2026-10-11","10/11/2026 12:30:00 PM","NS","80","3. Liga","Germany","FC Ingolstadt 04","SV Wehen","184","1319"
"2026-10-11 00:24:42","1590066","2026-10-11","10/11/2026 12:30:00 PM","NS","310","Superliga","Albania","Laci","Egnatia Rrogozhinë","2256","3327"
"2026-10-11 00:24:42","1590414","2026-10-11","10/11/2026 12:30:00 PM","NS","552","3. Lig - Group 1","Turkey","Amasyaspor 1968","Silivrispor","19299","7422"
"2026-10-11 00:24:42","1590418","2026-10-11","10/11/2026 12:30:00 PM","NS","552","3. Lig - Group 1","Turkey","Fatsa Belediyespor","Beykoz Anadolu","7404","3609"
"2026-10-11 00:24:42","1590422","2026-10-11","10/11/2026 12:30:00 PM","NS","552","3. Lig - Group 1","Turkey","Tokat Bld Plevnespor","Zonguldak Kömürspor","21035","3611"
"2026-10-11 00:24:42","1591027","2026-10-11","10/11/2026 12:30:00 PM","NS","554","3. Lig - Group 3","Turkey","Diyarbekirspor","Kırıkkale Büyük Anadolu","7398","6531"
"2026-10-11 00:24:42","1591029","2026-10-11","10/11/2026 12:30:00 PM","NS","554","3. Lig - Group 3","Turkey","Karaköprü Belediyespor","Bitlis Özgüzelderespor","7408","6513"
"2026-10-11 00:24:42","1591032","2026-10-11","10/11/2026 12:30:00 PM","NS","554","3. Lig - Group 3","Turkey","Mazıdağı Fosfatspor","Yozgat Bld Bozokspor","20295","22448"
"2026-10-11 00:24:42","1598042","2026-10-11","10/11/2026 12:30:00 PM","NS","296","Thai League 1","Thailand","Sisaket United","Chonburi FC","18395","2772"
"2026-10-11 00:24:42","1602689","2026-10-11","10/11/2026 12:30:00 PM","NS","297","Thai League 2","Thailand","Chainat","Songkhla","2781","6604"
"2026-10-11 00:24:42","1603468","2026-10-11","10/11/2026 12:30:00 PM","NS","368","Premier League","Singapore","Home United","Young Lions","4204","4208"
"2026-10-11 00:24:42","1603469","2026-10-11","10/11/2026 12:30:00 PM","NS","368","Premier League","Singapore","Tanjong Pagar","Tampines Rovers","10077","4206"
"2026-10-11 00:24:42","1604266","2026-10-11","10/11/2026 12:30:00 PM","NS","749","Oberliga - Bremen","Germany","Eiche Horn","Aumund-Vegesack","24523","13937"
"2026-10-11 00:24:42","1628350","2026-10-11","10/11/2026 12:30:00 PM","NS","311","1st Division","Albania","Besa Kavajë","Iliria Fushë-Krujë","3322","3330"
"2026-10-11 00:24:42","1628351","2026-10-11","10/11/2026 12:30:00 PM","NS","311","1st Division","Albania","Burreli","Besëlidhja Lezhë","3324","3323"
"2026-10-11 00:24:42","1628354","2026-10-11","10/11/2026 12:30:00 PM","NS","311","1st Division","Albania","Kastrioti Krujë","Oriku","3319","3333"
"2026-10-11 00:24:42","1628355","2026-10-11","10/11/2026 12:30:00 PM","NS","311","1st Division","Albania","Korabi Peshkopi","Pogradeci","3331","3334"
"2026-10-11 00:24:42","1642169","2026-10-11","10/11/2026 12:30:00 PM","NS","323","Indian Super League","India","Inter Kashi","Kerala Blasters","22595","3477"
"2026-10-11 00:24:42","1523273","2026-10-11","10/11/2026 12:35:00 PM","NS","169","Super League","China","Chongqing Tongliang Long","Shandong Luneng","21262","844"
"2026-10-11 00:24:42","1523274","2026-10-11","10/11/2026 12:35:00 PM","NS","169","Super League","China","Shenyang Urban","Wuhan Three Towns","5684","5695"
"2026-10-11 00:24:42","1636945","2026-10-11","10/11/2026 12:45:00 PM","NS","494","Super League 2","Greece","Marko","Larisa","12403","953"
"2026-10-11 00:24:42","1494294","2026-10-11","10/11/2026 1:00:00 PM","NS","113","Allsvenskan","Sweden","Hammarby FF","Djurgardens IF","363","364"
"2026-10-11 00:24:42","1511033","2026-10-11","10/11/2026 1:00:00 PM","NS","597","Division 2 - Södra Götaland","Sweden","Karlshamn","Staffanstorp United","12615","26891"
"2026-10-11 00:24:42","1511424","2026-10-11","10/11/2026 1:00:00 PM","NS","596","Division 2 - Västra Götaland","Sweden","Galtabacks","Hestrafor","27309","25576"
"2026-10-11 00:24:42","1527746","2026-10-11","10/11/2026 1:00:00 PM","NS","571","Vysshaya Liga","Tajikistan","Ravshan","Khosilot Farkhor","12272","8041"
"2026-10-11 00:24:42","1534467","2026-10-11","10/11/2026 1:00:00 PM","NS","117","1. Division","Belarus","Lida","Orsha","3387","3390"
"2026-10-11 00:24:42","1536052","2026-10-11","10/11/2026 1:00:00 PM","NS","651","Second League - Group 1","Russia","Dynamo Makhachkala II","Sevastopol","21853","13240"
"2026-10-11 00:24:42","1549032","2026-10-11","10/11/2026 1:00:00 PM","NS","119","Superliga","Denmark","Randers FC","Viborg","401","2070"
"2026-10-11 00:24:42","1549033","2026-10-11","10/11/2026 1:00:00 PM","NS","119","Superliga","Denmark","Silkeborg","AC Horsens","2073","404"
"2026-10-11 00:24:42","1551123","2026-10-11","10/11/2026 1:00:00 PM","NS","172","First League","Bulgaria","Septemvri Sofia","Dunav Ruse","856","683"
"2026-10-11 00:24:42","1551352","2026-10-11","10/11/2026 1:00:00 PM","NS","120","1. Division","Denmark","Vendsyssel FF","HB Koge","399","2063"
"2026-10-11 00:24:42","1554185","2026-10-11","10/11/2026 1:00:00 PM","NS","287","Prva Liga","Serbia","Grafičar","Javor","4252","2653"
"2026-10-11 00:24:42","1554188","2026-10-11","10/11/2026 1:00:00 PM","NS","287","Prva Liga","Serbia","Naftagas","Napredak","19839","2655"
"2026-10-11 00:24:42","1554321","2026-10-11","10/11/2026 1:00:00 PM","NS","287","Prva Liga","Serbia","OFK Bor 1919","TSC Backa Topola","26409","2646"
"2026-10-11 00:24:42","1555404","2026-10-11","10/11/2026 1:00:00 PM","NS","207","Super League","Switzerland","Grasshoppers","BSC Young Boys","1013","565"
"2026-10-11 00:24:42","1559389","2026-10-11","10/11/2026 1:00:00 PM","NS","356","Second League","Montenegro","Kom","Mladost Lješkopolje","3749","3750"
"2026-10-11 00:24:42","1559391","2026-10-11","10/11/2026 1:00:00 PM","NS","356","Second League","Montenegro","Rudar","Zeta","2258","676"
"2026-10-11 00:24:42","1566378","2026-10-11","10/11/2026 1:00:00 PM","NS","745","Oberliga - Hamburg","Germany","Buchholz","Paloma","12746","12828"
"2026-10-11 00:24:42","1568202","2026-10-11","10/11/2026 1:00:00 PM","NS","783","III Liga - Group 4","Poland","Naprzód","Sokół Kolb.","26184","26185"
"2026-10-11 00:24:42","1569960","2026-10-11","10/11/2026 1:00:00 PM","NS","141","Segunda División","Spain","FC Andorra","Castellón","8157","5254"
"2026-10-11 00:24:42","1570406","2026-10-11","10/11/2026 1:00:00 PM","NS","140","La Liga","Spain","Elche","Celta Vigo","797","538"
"2026-10-11 00:24:42","1574022","2026-10-11","10/11/2026 1:00:00 PM","NS","223","Regionalliga - West","Austria","Röthis","SK St. Johann","8258","27905"
"2026-10-11 00:24:42","1575817","2026-10-11","10/11/2026 1:00:00 PM","NS","122","2. Division","Denmark","Nykobing FC","VSK Århus","2064","6064"
"2026-10-11 00:24:42","1577016","2026-10-11","10/11/2026 1:00:00 PM","NS","754","Oberliga - Nordost-Nord","Germany","Sparta Lichtenberg","Hertha Zehlendorf","12858","12786"
"2026-10-11 00:24:42","1577250","2026-10-11","10/11/2026 1:00:00 PM","NS","755","Oberliga - Nordost-Süd","Germany","Budissa Bautzen","Weissenfels","12747","27910"
"2026-10-11 00:24:42","1577251","2026-10-11","10/11/2026 1:00:00 PM","NS","755","Oberliga - Nordost-Süd","Germany","Dresden II","Krieschow","27909","14713"
"2026-10-11 00:24:42","1577253","2026-10-11","10/11/2026 1:00:00 PM","NS","755","Oberliga - Nordost-Süd","Germany","Einheit Rudolstadt","Auerbach","14548","9350"
"2026-10-11 00:24:42","1577255","2026-10-11","10/11/2026 1:00:00 PM","NS","755","Oberliga - Nordost-Süd","Germany","VfL Halle","ZFC Meuselwitz","14812","9358"
"2026-10-11 00:24:42","1580254","2026-10-11","10/11/2026 1:00:00 PM","NS","744","Oberliga - Schleswig-Holstein","Germany","SV Eichede","Eckernförder SV","1646","16068"
"2026-10-11 00:24:42","1580255","2026-10-11","10/11/2026 1:00:00 PM","NS","744","Oberliga - Schleswig-Holstein","Germany","TSB Flensburg","Holstein Kiel II","12872","9344"
"2026-10-11 00:24:42","1580256","2026-10-11","10/11/2026 1:00:00 PM","NS","744","Oberliga - Schleswig-Holstein","Germany","VfR Neumünster","Oldenburger SV","13940","16073"
"2026-10-11 00:24:42","1581535","2026-10-11","10/11/2026 1:00:00 PM","NS","342","Premier League","Armenia","Sardarapat","FC Noah","26198","3684"
"2026-10-11 00:24:42","1581932","2026-10-11","10/11/2026 1:00:00 PM","NS","334","Persha Liga","Ukraine","Nyva Ternopil","Kolos Kovalivka II","6493","24585"
"2026-10-11 00:24:42","1582461","2026-10-11","10/11/2026 1:00:00 PM","NS","753","Oberliga - Baden-Württemberg","Germany","Türkspor Neckarsulm","FC 08 Villingen","20874","1619"
"2026-10-11 00:24:42","1582462","2026-10-11","10/11/2026 1:00:00 PM","NS","753","Oberliga - Baden-Württemberg","Germany","TSV Singen","Backnang","26167","16113"
"2026-10-11 00:24:42","1583881","2026-10-11","10/11/2026 1:00:00 PM","NS","1025","Second League A - Division A Gold","Russia","FK Sokol Saratov","Dinamo Vladivostok","1995","16856"
"2026-10-11 00:24:42","1586593","2026-10-11","10/11/2026 1:00:00 PM","NS","84","Regionalliga - Nord","Germany","Phönix Lübeck","Eintracht Norderstedt","12831","1631"
"2026-10-11 00:24:42","1586595","2026-10-11","10/11/2026 1:00:00 PM","NS","84","Regionalliga - Nord","Germany","St. Pauli II","HSC Hannover","9346","9339"
"2026-10-11 00:24:42","1586596","2026-10-11","10/11/2026 1:00:00 PM","NS","84","Regionalliga - Nord","Germany","Todesfelde","Weiche Flensburg","12880","1649"
"2026-10-11 00:24:42","1586892","2026-10-11","10/11/2026 1:00:00 PM","NS","85","Regionalliga - Nordost","Germany","Greifswalder FC","Erzgebirge Aue","16118","190"
"2026-10-11 00:24:42","1586893","2026-10-11","10/11/2026 1:00:00 PM","NS","85","Regionalliga - Nordost","Germany","Hallescher FC","RSV Eintracht","1316","14754"
"2026-10-11 00:24:42","1587183","2026-10-11","10/11/2026 1:00:00 PM","NS","86","Regionalliga - SudWest","Germany","Freiburg II","SGV Freiberg","9363","12846"
"2026-10-11 00:24:42","1587499","2026-10-11","10/11/2026 1:00:00 PM","NS","87","Regionalliga - West","Germany","Bochum II","SV Rodinghausen","24430","1650"
"2026-10-11 00:24:42","1587506","2026-10-11","10/11/2026 1:00:00 PM","NS","87","Regionalliga - West","Germany","Wiedenbrück","Bonner SC","12897","1637"
"2026-10-11 00:24:42","1590417","2026-10-11","10/11/2026 1:00:00 PM","NS","552","3. Lig - Group 1","Turkey","Düzcespor","Pazarspor","7399","7420"
"2026-10-11 00:24:42","1590420","2026-10-11","10/11/2026 1:00:00 PM","NS","552","3. Lig - Group 1","Turkey","Karadeniz Ereğli BSK","Yalova Yeşilovaspor","13369","24957"
"2026-10-11 00:24:42","1590720","2026-10-11","10/11/2026 1:00:00 PM","NS","553","3. Lig - Group 2","Turkey","Alanya 1221 FK","Bursa Yıldırımspor","15361","6517"
"2026-10-11 00:24:42","1591028","2026-10-11","10/11/2026 1:00:00 PM","NS","554","3. Lig - Group 3","Turkey","Talasgücü Belediyespor","Adanaspor","21995","3564"
"2026-10-11 00:24:42","1591030","2026-10-11","10/11/2026 1:00:00 PM","NS","554","3. Lig - Group 3","Turkey","Kırşehir Belediyespor","Ağrı 1970","6341","6509"
"2026-10-11 00:24:42","1591338","2026-10-11","10/11/2026 1:00:00 PM","NS","205","2. Lig","Turkey","Hatayspor","Elazığspor","3575","3571"
"2026-10-11 00:24:42","1592539","2026-10-11","10/11/2026 1:00:00 PM","NS","751","Oberliga - Niederrhein","Germany","Holzheimer SG","BW Dingden","14706","26165"
"2026-10-11 00:24:42","1595670","2026-10-11","10/11/2026 1:00:00 PM","NS","488","U19 Bundesliga","Germany","Hamburger SV U19","BAK 07 U19","10257","19441"
"2026-10-11 00:24:42","1595679","2026-10-11","10/11/2026 1:00:00 PM","NS","488","U19 Bundesliga","Germany","Meppen U19","Preußen Münster U19","19444","10270"
"2026-10-11 00:24:42","1598043","2026-10-11","10/11/2026 1:00:00 PM","NS","296","Thai League 1","Thailand","Port FC","Pattani","2789","6582"
"2026-10-11 00:24:42","1601904","2026-10-11","10/11/2026 1:00:00 PM","NS","419","Premyer Liqa","Azerbaijan","Imisli FK","Qarabag","5570","556"
"2026-10-11 00:24:42","1602690","2026-10-11","10/11/2026 1:00:00 PM","NS","297","Thai League 2","Thailand","Chanthaburi","Nong Bua Pitchaya","6557","2796"
"2026-10-11 00:24:42","1604267","2026-10-11","10/11/2026 1:00:00 PM","NS","749","Oberliga - Bremen","Germany","Hemelingen","OSC Bremerhaven","12783","16094"
"2026-10-11 00:24:42","1604882","2026-10-11","10/11/2026 1:00:00 PM","NS","599","1. Liga Classic - Group 1","Switzerland","Servette II","Chênois","16323","12692"
"2026-10-11 00:24:42","1609696","2026-10-11","10/11/2026 1:00:00 PM","NS","601","1. Liga Classic - Group 3","Switzerland","Widnau","Eschen / Mauren","16377","12713"
"2026-10-11 00:24:42","1618398","2026-10-11","10/11/2026 1:00:00 PM","NS","92","Derde Divisie","Netherlands","UDI '19","Dongen","3938","1285"
"2026-10-11 00:24:42","1619457","2026-10-11","10/11/2026 1:00:00 PM","NS","1195","Liga E Pare","Kosovo","FC Besa Peja","Kika","25421","15574"
"2026-10-11 00:24:42","1619458","2026-10-11","10/11/2026 1:00:00 PM","NS","1195","Liga E Pare","Kosovo","Ferizaj","Mitrovica","14394","26099"
"2026-10-11 00:24:42","1619460","2026-10-11","10/11/2026 1:00:00 PM","NS","1195","Liga E Pare","Kosovo","Liria Prizren","Dinamo Ferizaj","14402","22815"
"2026-10-11 00:24:42","1619461","2026-10-11","10/11/2026 1:00:00 PM","NS","1195","Liga E Pare","Kosovo","Prishtina e Re","Trepça Mitrovicë","22816","14403"
"2026-10-11 00:24:42","1619464","2026-10-11","10/11/2026 1:00:00 PM","NS","1195","Liga E Pare","Kosovo","Trepça'89","Ramiz Sadiku","3885","15579"
"2026-10-11 00:24:42","1619465","2026-10-11","10/11/2026 1:00:00 PM","NS","1195","Liga E Pare","Kosovo","Vjosa","2 Korriku","20690","14398"
"2026-10-11 00:24:42","1622788","2026-10-11","10/11/2026 1:00:00 PM","NS","274","Liga 1","Indonesia","Persib Bandung","Dewa United","2445","17902"
"2026-10-11 00:24:42","1623142","2026-10-11","10/11/2026 1:00:00 PM","NS","312","1a Divisió","Andorra","Penya Encarnada","Sporting Escaldes","3352","3354"
"2026-10-11 00:24:42","1629060","2026-10-11","10/11/2026 1:00:00 PM","NS","276","FKF Premier League","Kenya","3K","Mara Sugar","24667","19483"
"2026-10-11 00:24:42","1629063","2026-10-11","10/11/2026 1:00:00 PM","NS","276","FKF Premier League","Kenya","Migori Youth","Police","19484","8560"
"2026-10-11 00:24:42","1629439","2026-10-11","10/11/2026 1:00:00 PM","NS","1240","U19 league","Turkey","Eyupspor U19","Goztepe U19","28244","28248"
"2026-10-11 00:24:42","1629701","2026-10-11","10/11/2026 1:00:00 PM","NS","392","Challenge League","Malta","Pietà Hotspurs","Tarxien Rainbows","4607","4629"
"2026-10-11 00:24:42","1630245","2026-10-11","10/11/2026 1:00:00 PM","NS","394","Super Liga","Moldova","Milsami Orhei","Politehnica UTM","691","26115"
"2026-10-11 00:24:42","1636943","2026-10-11","10/11/2026 1:00:00 PM","NS","494","Super League 2","Greece","Apollon Pontou","Pyrgos 1968","2102","26587"
"2026-10-11 00:24:42","1636944","2026-10-11","10/11/2026 1:00:00 PM","NS","494","Super League 2","Greece","Anagennisi Karditsas","Zakynthos","2094","6326"
"2026-10-11 00:24:42","1637669","2026-10-11","10/11/2026 1:00:00 PM","NS","275","Liga 2","Indonesia","Persikad Depok FC","Semen Padang","26646","2456"
"2026-10-11 00:24:42","1638104","2026-10-11","10/11/2026 1:00:00 PM","NS","244","Veikkausliiga","Finland","Inter Turku","KuPS","1164","1165"
"2026-10-11 00:24:42","1641304","2026-10-11","10/11/2026 1:00:00 PM","NS","363","Premier League","Ethiopia","Ethiopia Bunna","Sheger Ketema","4116","26880"
"2026-10-11 00:24:42","1641306","2026-10-11","10/11/2026 1:00:00 PM","NS","363","Premier League","Ethiopia","Hadiya Hosaena","Bahardar","9983","4112"
"2026-10-11 00:24:42","1641308","2026-10-11","10/11/2026 1:00:00 PM","NS","363","Premier League","Ethiopia","Awassa Kenema","Mekelakeya","4111","4120"
"2026-10-11 00:24:42","1642488","2026-10-11","10/11/2026 1:00:00 PM","NS","583","Gamma Ethniki - Group 8","Greece","Vyrona","Ialysos","26591","7512"
"2026-10-11 00:24:42","1633906","2026-10-11","10/11/2026 1:15:00 PM","NS","340","V.League 1","Vietnam","Ha Noi","Bắc Ninh","3670","26601"
"2026-10-11 00:24:42","1640175","2026-10-11","10/11/2026 1:15:00 PM","NS","500","FA Cup","Malaysia","Kuala Lumpur FA","DPMM FC Brunei","2517","4202"
"2026-10-11 00:24:42","1494775","2026-10-11","10/11/2026 1:30:00 PM","NS","103","Eliteserien","Norway","Fredrikstad","Tromso","2149","325"
"2026-10-11 00:24:42","1496174","2026-10-11","10/11/2026 1:30:00 PM","NS","473","2. Division - Group 1","Norway","Træff","Sandviken","7040","14545"
"2026-10-11 00:24:42","1538695","2026-10-11","10/11/2026 1:30:00 PM","NS","391","Super League","Malawi","Karonga United","CIVO United","4589","11125"
"2026-10-11 00:24:42","1538698","2026-10-11","10/11/2026 1:30:00 PM","NS","391","Super League","Malawi","Nyasa Big Bullets","Blue Eagles","4599","4584"
"2026-10-11 00:24:42","1538700","2026-10-11","10/11/2026 1:30:00 PM","NS","391","Super League","Malawi","Creck","Moyale Barracks","23427","4593"
"2026-10-11 00:24:42","1538701","2026-10-11","10/11/2026 1:30:00 PM","NS","391","Super League","Malawi","Dedza Dynamos","Masters FC","18747","27655"
"2026-10-11 00:24:42","1552186","2026-10-11","10/11/2026 1:30:00 PM","NS","88","Eredivisie","Netherlands","Telstar","ADO Den Haag","427","198"
"2026-10-11 00:24:42","1552187","2026-10-11","10/11/2026 1:30:00 PM","NS","88","Eredivisie","Netherlands","PEC Zwolle","Cambuur","193","420"
"2026-10-11 00:24:42","1558232","2026-10-11","10/11/2026 1:30:00 PM","NS","107","I Liga","Poland","ŁKS Łódź","Ruch Chorzów","3498","6953"
"2026-10-11 00:24:42","1559388","2026-10-11","10/11/2026 1:30:00 PM","NS","356","Second League","Montenegro","Iskra","Berane","3738","3743"
"2026-10-11 00:24:42","1561681","2026-10-11","10/11/2026 1:30:00 PM","NS","109","II Liga - East","Poland","Sokół Kleczew","Hutnik Kraków","16255","6942"
"2026-10-11 00:24:42","1561936","2026-10-11","10/11/2026 1:30:00 PM","NS","218","Bundesliga","Austria","SCR Altach","Wolfsberger AC","618","1025"
"2026-10-11 00:24:42","1561939","2026-10-11","10/11/2026 1:30:00 PM","NS","218","Bundesliga","Austria","TSV Hartberg","Austria Lustenau","1072","1399"
"2026-10-11 00:24:42","1578350","2026-10-11","10/11/2026 1:30:00 PM","NS","150","Second Amateur Division - VFV B","Belgium","Nijlen","Racing Mechelen","5883","5906"
"2026-10-11 00:24:42","1579141","2026-10-11","10/11/2026 1:30:00 PM","NS","353","4. liga - Divizie D","Czech-Republic","Humpolec","Velká Bíteš","7301","7371"
"2026-10-11 00:24:42","1579142","2026-10-11","10/11/2026 1:30:00 PM","NS","353","4. liga - Divizie D","Czech-Republic","Pelhřimov","Sparta Brno","21651","20825"
"2026-10-11 00:24:42","1579143","2026-10-11","10/11/2026 1:30:00 PM","NS","353","4. liga - Divizie D","Czech-Republic","Sokol Tasovice","Chotebor","7355","26124"
"2026-10-11 00:24:42","1579265","2026-10-11","10/11/2026 1:30:00 PM","NS","354","4. liga - Divizie E","Czech-Republic","Kroměříž II","Strání","26230","7363"
"2026-10-11 00:24:42","1579379","2026-10-11","10/11/2026 1:30:00 PM","NS","686","4. liga - Divizie F","Czech-Republic","Bílovec","Vratimov","16875","16877"
"2026-10-11 00:24:42","1579380","2026-10-11","10/11/2026 1:30:00 PM","NS","686","4. liga - Divizie F","Czech-Republic","Bospor Bohumín","Frydek-Mistek B","7277","27930"
"2026-10-11 00:24:42","1579384","2026-10-11","10/11/2026 1:30:00 PM","NS","686","4. liga - Divizie F","Czech-Republic","Pustá Polom","Šumperk","24188","7387"
"2026-10-11 00:24:42","1581152","2026-10-11","10/11/2026 1:30:00 PM","NS","750","Oberliga - Hessen","Germany","TuBa Pohlheim","Eintracht Stadtallendorf","19284","12761"
"2026-10-11 00:24:42","1588994","2026-10-11","10/11/2026 1:30:00 PM","NS","748","Oberliga - Niedersachsen","Germany","Germania Egestorf","Spelle-Venhaus","1632","14787"
"2026-10-11 00:24:42","1588995","2026-10-11","10/11/2026 1:30:00 PM","NS","748","Oberliga - Niedersachsen","Germany","Lüneburger SK Hansa","Borussia Hildesheim","1645","12742"
"2026-10-11 00:24:42","1588996","2026-10-11","10/11/2026 1:30:00 PM","NS","748","Oberliga - Niedersachsen","Germany","Meppen II","Vorsfelde","21951","19287"
"2026-10-11 00:24:42","1590415","2026-10-11","10/11/2026 1:30:00 PM","NS","552","3. Lig - Group 1","Turkey","Beykoz İshaklıspor","İnkılapspor","24603","26467"
"2026-10-11 00:24:42","1590416","2026-10-11","10/11/2026 1:30:00 PM","NS","552","3. Lig - Group 1","Turkey","Kartal Bulvarspor","Orduspor 1967","19301","17261"
"2026-10-11 00:24:42","1590419","2026-10-11","10/11/2026 1:30:00 PM","NS","552","3. Lig - Group 1","Turkey","Gölcükspor","Galata","7405","26465"
"2026-10-11 00:24:42","1590421","2026-10-11","10/11/2026 1:30:00 PM","NS","552","3. Lig - Group 1","Turkey","Küçükçekmece Sinopspor","Karabük İdman Yurdu","21994","20294"
"2026-10-11 00:24:42","1590723","2026-10-11","10/11/2026 1:30:00 PM","NS","553","3. Lig - Group 2","Turkey","Nilüfer Belediye","Kepezspor","24602","6529"
"2026-10-11 00:24:42","1590724","2026-10-11","10/11/2026 1:30:00 PM","NS","553","3. Lig - Group 2","Turkey","Denizli İYG","Ayvalikgucu","26470","13407"
"2026-10-11 00:24:42","1590727","2026-10-11","10/11/2026 1:30:00 PM","NS","553","3. Lig - Group 2","Turkey","Söke 1970","Bigaspor","19303","6512"
"2026-10-11 00:24:42","1590728","2026-10-11","10/11/2026 1:30:00 PM","NS","553","3. Lig - Group 2","Turkey","Uşak Spor","Altay","3610","3566"
"2026-10-11 00:24:42","1591337","2026-10-11","10/11/2026 1:30:00 PM","NS","205","2. Lig","Turkey","Güzide Gebzespor","Erbaaspor","6511","7401"
"2026-10-11 00:24:42","1591637","2026-10-11","10/11/2026 1:30:00 PM","NS","205","2. Lig","Turkey","İnegölspor","Fethiyespor","3612","3590"
"2026-10-11 00:24:42","1591638","2026-10-11","10/11/2026 1:30:00 PM","NS","205","2. Lig","Turkey","Karacabey Belediyespor","1461 Trabzon FK","7407","6340"
"2026-10-11 00:24:42","1608318","2026-10-11","10/11/2026 1:30:00 PM","NS","138","Serie C - Girone A","Italy","Renate","Giana Erminio","875","865"
"2026-10-11 00:24:42","1608696","2026-10-11","10/11/2026 1:30:00 PM","NS","942","Serie C - Girone B","Italy","Ravenna","Campobasso FC","1705","9510"
"2026-10-11 00:24:42","1608697","2026-10-11","10/11/2026 1:30:00 PM","NS","942","Serie C - Girone B","Italy","Sambenedettese","Latina","871","804"
"2026-10-11 00:24:42","1609077","2026-10-11","10/11/2026 1:30:00 PM","NS","943","Serie C - Girone C","Italy","Foggia","Potenza","521","1710"
"2026-10-11 00:24:42","1609080","2026-10-11","10/11/2026 1:30:00 PM","NS","943","Serie C - Girone C","Italy","Scafatese","Sorrento","24701","9537"
"2026-10-11 00:24:42","1610125","2026-10-11","10/11/2026 1:30:00 PM","NS","600","1. Liga Classic - Group 2","Switzerland","Münsingen","Zug","10589","12710"
"2026-10-11 00:24:42","1618399","2026-10-11","10/11/2026 1:30:00 PM","NS","92","Derde Divisie","Netherlands","Groene Ster","GOES","1236","3892"
"2026-10-11 00:24:42","1638890","2026-10-11","10/11/2026 1:30:00 PM","NS","500","FA Cup","Malaysia","Selangor","Imigresen","2526","10430"
"2026-10-11 00:24:42","1639097","2026-10-11","10/11/2026 1:30:00 PM","NS","765","PFL","Philippines","Kaya","Manila Digger","8030","21576"
"2026-10-11 00:24:42","1640706","2026-10-11","10/11/2026 1:30:00 PM","NS","291","Azadegan League","Iran","Fard Alborz","Shahin Bandar Ameri","25364","16468"
"2026-10-11 00:24:42","1643241","2026-10-11","10/11/2026 1:30:00 PM","NS","666","Friendlies Women","World","India W","Russia W","16931","1776"
"2026-10-11 00:24:42","1553185","2026-10-11","10/11/2026 1:45:00 PM","NS","106","Ekstraklasa","Poland","Piast Gliwice","Widzew Łódź","349","6962"
"2026-10-11 00:24:42","1560254","2026-10-11","10/11/2026 1:45:00 PM","NS","271","NB I","Hungary","Zalaegerszegi TE","Nyiregyhaza","2414","2403"
"2026-10-11 00:24:42","1602502","2026-10-11","10/11/2026 1:45:00 PM","NS","284","Liga II","Romania","Bihor Oradea","FC Bacau","20033","22000"
"2026-10-11 00:24:42","1497082","2026-10-11","10/11/2026 2:00:00 PM","NS","777","3. Division - Girone 4","Norway","Mandalskameratene","Stabæk II","12812","16231"
"2026-10-11 00:24:42","1497262","2026-10-11","10/11/2026 2:00:00 PM","NS","778","3. Division - Girone 5","Norway","Fauske Sprint","Harstad","27277","6994"
"2026-10-11 00:24:42","1497720","2026-10-11","10/11/2026 2:00:00 PM","NS","114","Superettan","Sweden","IFK Varnamo","Falkenbergs FF","2163","812"
"2026-10-11 00:24:42","1504321","2026-10-11","10/11/2026 2:00:00 PM","NS","1087","Ykkösliiga","Finland","SJK Akatemia","Kooteepee","9198","2076"
"2026-10-11 00:24:42","1505295","2026-10-11","10/11/2026 2:00:00 PM","NS","563","Ettan - Norra","Sweden","Järfälla","Umeå FC","16598","6705"
"2026-10-11 00:24:42","1510696","2026-10-11","10/11/2026 2:00:00 PM","NS","592","Division 2 - Norra Götaland","Sweden","IF Karlstad II","Vänersborgs IF","12571","6713"
"2026-10-11 00:24:42","1511034","2026-10-11","10/11/2026 2:00:00 PM","NS","597","Division 2 - Södra Götaland","Sweden","IFK Trelleborg","Karlskrona","20839","6683"
"2026-10-11 00:24:42","1515932","2026-10-11","10/11/2026 2:00:00 PM","NS","365","Virsliga","Latvia","Rīgas FS","FS Jelgava","4160","18834"
"2026-10-11 00:24:42","1525994","2026-10-11","10/11/2026 2:00:00 PM","NS","116","Premier League","Belarus","FC Gomel","ML Vitebsk","389","7808"
"2026-10-11 00:24:42","1536486","2026-10-11","10/11/2026 2:00:00 PM","NS","652","Second League - Group 2","Russia","Cherepovets","Torpedo Vladimir","24450","6830"
"2026-10-11 00:24:42","1536489","2026-10-11","10/11/2026 2:00:00 PM","NS","652","Second League - Group 2","Russia","Spartak Moscow 2","Zvezda St. Petersburg","2003","6840"
"2026-10-11 00:24:42","1548539","2026-10-11","10/11/2026 2:00:00 PM","NS","210","HNL","Croatia","NK Lokomotiva Zagreb","NK Varazdin","1017","1483"
"2026-10-11 00:24:42","1550142","2026-10-11","10/11/2026 2:00:00 PM","NS","135","Serie A","Italy","Lazio","Monza","487","1579"
"2026-10-11 00:24:42","1550143","2026-10-11","10/11/2026 2:00:00 PM","NS","135","Serie A","Italy","Lecce","Bologna","867","500"
"2026-10-11 00:24:42","1551467","2026-10-11","10/11/2026 2:00:00 PM","NS","371","First League","Macedonia","Skopje","Vardar Skopje","4332","574"
"2026-10-11 00:24:42","1552779","2026-10-11","10/11/2026 2:00:00 PM","NS","61","Ligue 1","France","Nice","Strasbourg","84","95"
"2026-10-11 00:24:42","1553883","2026-10-11","10/11/2026 2:00:00 PM","NS","286","Super Liga","Serbia","Radnicki NIS","Vojvodina","2254","702"
"2026-10-11 00:24:42","1556670","2026-10-11","10/11/2026 2:00:00 PM","NS","179","Premiership","Scotland","Aberdeen","ST Johnstone","252","258"
"2026-10-11 00:24:42","1557421","2026-10-11","10/11/2026 2:00:00 PM","NS","39","Premier League","England","Crystal Palace","Nottingham Forest","52","65"
"2026-10-11 00:24:42","1557422","2026-10-11","10/11/2026 2:00:00 PM","NS","39","Premier League","England","Hull City","Everton","64","45"
"2026-10-11 00:24:42","1558021","2026-10-11","10/11/2026 2:00:00 PM","NS","373","1. SNL","Slovenia","Nafta","Bravo","4376","4359"
"2026-10-11 00:24:42","1560039","2026-10-11","10/11/2026 2:00:00 PM","NS","345","Czech Liga","Czech-Republic","Teplice","Sigma Olomouc","3720","2250"
"2026-10-11 00:24:42","1561160","2026-10-11","10/11/2026 2:00:00 PM","NS","506","2. liga","Slovakia","Šamorín","Petržalka","10545","10538"
"2026-10-11 00:24:42","1565743","2026-10-11","10/11/2026 2:00:00 PM","NS","646","3. liga - Center","Slovakia","Baník Kalinovo","Fomat Martin","14080","14082"
"2026-10-11 00:24:42","1565744","2026-10-11","10/11/2026 2:00:00 PM","NS","646","3. liga - Center","Slovakia","Sokol Medzibrod","Fiľakovo","15050","14081"
"2026-10-11 00:24:42","1565745","2026-10-11","10/11/2026 2:00:00 PM","NS","646","3. liga - Center","Slovakia","Podkonice","Kysucké Nové Mesto","15025","14999"
"2026-10-11 00:24:42","1565927","2026-10-11","10/11/2026 2:00:00 PM","NS","645","3. liga - East","Slovakia","MSK Tesla Stropkov","Raslavice","14069","17258"
"2026-10-11 00:24:42","1566119","2026-10-11","10/11/2026 2:00:00 PM","NS","644","3. liga - West","Slovakia","Komárno II","Slovan Duslo Šaľa","26245","14063"
"2026-10-11 00:24:42","1568198","2026-10-11","10/11/2026 2:00:00 PM","NS","783","III Liga - Group 4","Poland","Hetman Zamosc","Czarni Połaniec","12789","17403"
"2026-10-11 00:24:42","1569134","2026-10-11","10/11/2026 2:00:00 PM","NS","780","III Liga - Group 1","Poland","Olimpia Zambrów","Lechia T. Mazowiecki","6946","16238"
"2026-10-11 00:24:42","1569391","2026-10-11","10/11/2026 2:00:00 PM","NS","705","Campionato Primavera - 1","Italy","Juventus U20","Genoa U20","24744","24732"
"2026-10-11 00:24:42","1571855","2026-10-11","10/11/2026 2:00:00 PM","NS","272","NB II","Hungary","Csakvar","Kecskeméti TE","2409","5111"
"2026-10-11 00:24:42","1574128","2026-10-11","10/11/2026 2:00:00 PM","NS","221","Regionalliga - Ost","Austria","Leobendorf","Fach-Donaufeld","4951","8366"
"2026-10-11 00:24:42","1574374","2026-10-11","10/11/2026 2:00:00 PM","NS","510","1. Liga Promotion","Switzerland","Biel-Bienne","Basel II","12700","10585"
"2026-10-11 00:24:42","1575039","2026-10-11","10/11/2026 2:00:00 PM","NS","1114","Carioca U20","Brazil","Vasco da Gama U20","Flamengo U20","12979","11054"
"2026-10-11 00:24:42","1576500","2026-10-11","10/11/2026 2:00:00 PM","NS","95","Segunda Liga","Portugal","Farense","Feirense","231","213"
"2026-10-11 00:24:42","1577965","2026-10-11","10/11/2026 2:00:00 PM","NS","349","3. liga - MSFL","Czech-Republic","Polanka nad Odrou","Uherský Brod","7332","8624"
"2026-10-11 00:24:42","1578111","2026-10-11","10/11/2026 2:00:00 PM","NS","149","Second Amateur Division - VFV A","Belgium","Eendracht Aalst","HO Kalken","5783","5813"
"2026-10-11 00:24:42","1578114","2026-10-11","10/11/2026 2:00:00 PM","NS","149","Second Amateur Division - VFV A","Belgium","RFC Wetteren","Sparta Petegem","5905","5927"
"2026-10-11 00:24:42","1578354","2026-10-11","10/11/2026 2:00:00 PM","NS","150","Second Amateur Division - VFV B","Belgium","Sint-Truiden II","Cappellen","24388","5767"
"2026-10-11 00:24:42","1579385","2026-10-11","10/11/2026 2:00:00 PM","NS","686","4. liga - Divizie F","Czech-Republic","Zabreh","Valašské Meziříčí","26129","7370"
"2026-10-11 00:24:42","1579834","2026-10-11","10/11/2026 2:00:00 PM","NS","487","First Amateur Division","Belgium","Flénu","Union Saint-Gilloise II","19779","19902"
"2026-10-11 00:24:42","1579835","2026-10-11","10/11/2026 2:00:00 PM","NS","487","First Amateur Division","Belgium","Habay-la-Neuve","Albert Quévy-Mons","5814","5740"
"2026-10-11 00:24:42","1579836","2026-10-11","10/11/2026 2:00:00 PM","NS","487","First Amateur Division","Belgium","Standard Liège II","Onhaye","19047","5888"
"2026-10-11 00:24:42","1579970","2026-10-11","10/11/2026 2:00:00 PM","NS","487","First Amateur Division","Belgium","Spouwen-Mopertingen","Tienen","5934","5951"
"2026-10-11 00:24:42","1579971","2026-10-11","10/11/2026 2:00:00 PM","NS","487","First Amateur Division","Belgium","Cercle Brugge II","Lyra-Lierse Berlaar","19897","5864"
"2026-10-11 00:24:42","1579972","2026-10-11","10/11/2026 2:00:00 PM","NS","487","First Amateur Division","Belgium","Harelbeke","Thes Sport","5817","6227"
"2026-10-11 00:24:42","1579973","2026-10-11","10/11/2026 2:00:00 PM","NS","487","First Amateur Division","Belgium","Oud-Heverlee Leuven II","Heist","19957","6217"
"2026-10-11 00:24:42","1579974","2026-10-11","10/11/2026 2:00:00 PM","NS","487","First Amateur Division","Belgium","Merelbeke","Mandel United","5871","5868"
"2026-10-11 00:24:42","1581153","2026-10-11","10/11/2026 2:00:00 PM","NS","750","Oberliga - Hessen","Germany","Kassel","Fernwald","26172","14677"
"2026-10-11 00:24:42","1582463","2026-10-11","10/11/2026 2:00:00 PM","NS","753","Oberliga - Baden-Württemberg","Germany","Karlsruhe II","1. FC Muhlhausen","26166","27968"
"2026-10-11 00:24:42","1582464","2026-10-11","10/11/2026 2:00:00 PM","NS","753","Oberliga - Baden-Württemberg","Germany","Young Boys Reutlingen","Normannia Gmünd","27969","19257"
"2026-10-11 00:24:42","1582807","2026-10-11","10/11/2026 2:00:00 PM","NS","315","Premijer Liga","Bosnia","Radnik Bijeljina","Zeljeznicar Sarajevo","3359","654"
"2026-10-11 00:24:42","1582886","2026-10-11","10/11/2026 2:00:00 PM","NS","148","Second Amateur Division - ACFF","Belgium","Aywaille","Acren-Lessines","5747","5737"
"2026-10-11 00:24:42","1582887","2026-10-11","10/11/2026 2:00:00 PM","NS","148","Second Amateur Division - ACFF","Belgium","Entité Manageoise","La Calamine","5793","8461"
"2026-10-11 00:24:42","1582888","2026-10-11","10/11/2026 2:00:00 PM","NS","148","Second Amateur Division - ACFF","Belgium","Ganshoren","Stade Mouscronnois","5806","24556"
"2026-10-11 00:24:42","1582889","2026-10-11","10/11/2026 2:00:00 PM","NS","148","Second Amateur Division - ACFF","Belgium","Stockay-Warfusée","Crossing Schaerbeek","5942","5770"
"2026-10-11 00:24:42","1583878","2026-10-11","10/11/2026 2:00:00 PM","NS","1025","Second League A - Division A Gold","Russia","Dinamo Bryansk","Rodina Moskva II","6795","19453"
"2026-10-11 00:24:42","1584425","2026-10-11","10/11/2026 2:00:00 PM","NS","203","Süper Lig","Turkey","Gaziantep FK","Çorum FK","3573","6343"
"2026-10-11 00:24:42","1585774","2026-10-11","10/11/2026 2:00:00 PM","NS","204","1. Lig","Turkey","Fatih Karagümrük","Muğlaspor","3589","7414"
"2026-10-11 00:24:42","1586590","2026-10-11","10/11/2026 2:00:00 PM","NS","84","Regionalliga - Nord","Germany","Bremer SV","SV Drochtersen/Assel","1630","1623"
"2026-10-11 00:24:42","1586597","2026-10-11","10/11/2026 2:00:00 PM","NS","84","Regionalliga - Nord","Germany","VfB Oldenburg","Kickers Emden","9347","12804"
"2026-10-11 00:24:42","1587502","2026-10-11","10/11/2026 2:00:00 PM","NS","87","Regionalliga - West","Germany","Köln II","Borussia M'gladbach II","9371","9368"
"2026-10-11 00:24:42","1591634","2026-10-11","10/11/2026 2:00:00 PM","NS","205","2. Lig","Turkey","24 Erzincanspor","Beyoğlu Yeni Çarşı","7392","7406"
"2026-10-11 00:24:42","1592248","2026-10-11","10/11/2026 2:00:00 PM","NS","747","Oberliga - Westfalen","Germany","Arminia II","Preußen Münster II","26186","14753"
"2026-10-11 00:24:42","1592250","2026-10-11","10/11/2026 2:00:00 PM","NS","747","Oberliga - Westfalen","Germany","Victoria Clarholz","Maaslingen","14814","28002"
"2026-10-11 00:24:42","1592251","2026-10-11","10/11/2026 2:00:00 PM","NS","747","Oberliga - Westfalen","Germany","Eintracht Rheine","Schermbeck","14663","14779"
"2026-10-11 00:24:42","1592252","2026-10-11","10/11/2026 2:00:00 PM","NS","747","Oberliga - Westfalen","Germany","Hiltrup","Erkenschwick","14704","14667"
"2026-10-11 00:24:42","1592253","2026-10-11","10/11/2026 2:00:00 PM","NS","747","Oberliga - Westfalen","Germany","Sprockhovel","Lippstadt 08","14527","9372"
"2026-10-11 00:24:42","1592255","2026-10-11","10/11/2026 2:00:00 PM","NS","747","Oberliga - Westfalen","Germany","Vreden","Ennepetal","16088","14666"
"2026-10-11 00:24:42","1592256","2026-10-11","10/11/2026 2:00:00 PM","NS","747","Oberliga - Westfalen","Germany","Verl II","Westfalia Kinderhaus","24431","17114"
"2026-10-11 00:24:42","1592538","2026-10-11","10/11/2026 2:00:00 PM","NS","751","Oberliga - Niederrhein","Germany","SSVg Velbert","SC St. Tönis","12847","19466"
"2026-10-11 00:24:42","1592540","2026-10-11","10/11/2026 2:00:00 PM","NS","751","Oberliga - Niederrhein","Germany","SF Baumberg","Schonnebeck","12844","12848"
"2026-10-11 00:24:42","1592541","2026-10-11","10/11/2026 2:00:00 PM","NS","751","Oberliga - Niederrhein","Germany","Meerbusch","Viktoria Jüchen-Garz.","14553","23678"
"2026-10-11 00:24:42","1592542","2026-10-11","10/11/2026 2:00:00 PM","NS","751","Oberliga - Niederrhein","Germany","Scherpenberg","Wuppertaler SV","14780","9375"
"2026-10-11 00:24:42","1592543","2026-10-11","10/11/2026 2:00:00 PM","NS","751","Oberliga - Niederrhein","Germany","Sonsbeck","Monheim","14555","12818"
"2026-10-11 00:24:42","1597786","2026-10-11","10/11/2026 2:00:00 PM","NS","865","Liga 3","Portugal","Guimaraes B","Pacos Ferreira","232","234"
"2026-10-11 00:24:42","1601546","2026-10-11","10/11/2026 2:00:00 PM","NS","136","Serie B","Italy","Catanzaro","Mantova","1687","1693"
"2026-10-11 00:24:42","1606178","2026-10-11","10/11/2026 2:00:00 PM","NS","177","Third League - Southeast","Bulgaria","Gigant Saedinenie","Lokomotiv Plovdiv II","8532","17307"
"2026-10-11 00:24:42","1606180","2026-10-11","10/11/2026 2:00:00 PM","NS","177","Third League - Southeast","Bulgaria","Sayana Haskovo","Botev Plovdiv II","17308","16963"
"2026-10-11 00:24:42","1609074","2026-10-11","10/11/2026 2:00:00 PM","NS","943","Serie C - Girone C","Italy","Casarano","Salernitana","9542","514"
"2026-10-11 00:24:42","1610332","2026-10-11","10/11/2026 2:00:00 PM","NS","746","Oberliga - Mittelrhein","Germany","Hennef 05","Düren Merzenich","12784","12754"
"2026-10-11 00:24:42","1610333","2026-10-11","10/11/2026 2:00:00 PM","NS","746","Oberliga - Mittelrhein","Germany","Wegberg-Beeck","SSV Merten","14148","14770"
"2026-10-11 00:24:42","1611094","2026-10-11","10/11/2026 2:00:00 PM","NS","316","1st League - FBiH","Bosnia","TOŠK Tešanj","Igman Konjic","3380","3367"
"2026-10-11 00:24:42","1619574","2026-10-11","10/11/2026 2:00:00 PM","NS","566","Ligue A","Burundi","Ngozi City","Royal Vision","12185","24755"
"2026-10-11 00:24:42","1619576","2026-10-11","10/11/2026 2:00:00 PM","NS","566","Ligue A","Burundi","Musongati","Le Messager Ngozi","12184","8104"
"2026-10-11 00:24:42","1620012","2026-10-11","10/11/2026 2:00:00 PM","NS","577","Gamma Ethniki - Group 2","Greece","PAO Kristoni","Iraklis Therm.","20056","26578"
"2026-10-11 00:24:42","1620013","2026-10-11","10/11/2026 2:00:00 PM","NS","577","Gamma Ethniki - Group 2","Greece","Poseidon Nea Michaniona","Kilkisiakos","12375","12366"
"2026-10-11 00:24:42","1620044","2026-10-11","10/11/2026 2:00:00 PM","NS","577","Gamma Ethniki - Group 2","Greece","Agiou Nikolaou","Polykastrou","28146","28154"
"2026-10-11 00:24:42","1620045","2026-10-11","10/11/2026 2:00:00 PM","NS","577","Gamma Ethniki - Group 2","Greece","Finikas Polichnis","Makedonikos Neapolis","28149","12372"
"2026-10-11 00:24:42","1620046","2026-10-11","10/11/2026 2:00:00 PM","NS","577","Gamma Ethniki - Group 2","Greece","Mpam","Akrites Sykeon","28150","26581"
"2026-10-11 00:24:42","1620286","2026-10-11","10/11/2026 2:00:00 PM","NS","579","Gamma Ethniki - Group 4","Greece","Anthoupoli","Elassona","24871","6302"
"2026-10-11 00:24:42","1620287","2026-10-11","10/11/2026 2:00:00 PM","NS","579","Gamma Ethniki - Group 4","Greece","Trikala","Sarakinos","2091","26584"
"2026-10-11 00:24:42","1620288","2026-10-11","10/11/2026 2:00:00 PM","NS","579","Gamma Ethniki - Group 4","Greece","Feraios","Ermis Exochi","28159","26583"
"2026-10-11 00:24:42","1620289","2026-10-11","10/11/2026 2:00:00 PM","NS","579","Gamma Ethniki - Group 4","Greece","Iraklis Larissa","Ethnikos Neou Keramidiou","12383","5041"
"2026-10-11 00:24:42","1620290","2026-10-11","10/11/2026 2:00:00 PM","NS","579","Gamma Ethniki - Group 4","Greece","Karitsa","Digenis Neochori","6306","12382"
"2026-10-11 00:24:42","1620396","2026-10-11","10/11/2026 2:00:00 PM","NS","580","Gamma Ethniki - Group 5","Greece","Karystos","Asteras Stavros","26589","20048"
"2026-10-11 00:24:42","1620398","2026-10-11","10/11/2026 2:00:00 PM","NS","580","Gamma Ethniki - Group 5","Greece","Fokikos","Kifissos","13912","28162"
"2026-10-11 00:24:42","1620399","2026-10-11","10/11/2026 2:00:00 PM","NS","580","Gamma Ethniki - Group 5","Greece","Lamia","Tamynaikos Aliveriou","956","28163"
"2026-10-11 00:24:42","1620400","2026-10-11","10/11/2026 2:00:00 PM","NS","580","Gamma Ethniki - Group 5","Greece","Nea Artaki","Katsantonis Agrafon","6312","28161"
"2026-10-11 00:24:42","1620508","2026-10-11","10/11/2026 2:00:00 PM","NS","581","Gamma Ethniki - Group 6","Greece","Lefkimmi","Agios Matthaios","12389","15250"
"2026-10-11 00:24:42","1620509","2026-10-11","10/11/2026 2:00:00 PM","NS","581","Gamma Ethniki - Group 6","Greece","Panachaiki FC","Pallixouriakos","2106","5060"
"2026-10-11 00:24:42","1620510","2026-10-11","10/11/2026 2:00:00 PM","NS","581","Gamma Ethniki - Group 6","Greece","Panagriniakos","Aris Filiates","15254","24872"
"2026-10-11 00:24:42","1620511","2026-10-11","10/11/2026 2:00:00 PM","NS","581","Gamma Ethniki - Group 6","Greece","Panegialios","Tilikratis","2097","5066"
"2026-10-11 00:24:42","1620512","2026-10-11","10/11/2026 2:00:00 PM","NS","581","Gamma Ethniki - Group 6","Greece","Plataria","Atromitos Patras","28164","6298"
"2026-10-11 00:24:42","1624071","2026-10-11","10/11/2026 2:00:00 PM","NS","426","Serie D - Girone A","Italy","Alessandria","Fezzanese","878","9433"
"2026-10-11 00:24:42","1624072","2026-10-11","10/11/2026 2:00:00 PM","NS","426","Serie D - Girone A","Italy","Bra","Saluzzo","9430","17814"
"2026-10-11 00:24:42","1624073","2026-10-11","10/11/2026 2:00:00 PM","NS","426","Serie D - Girone A","Italy","Chisola","Derthona","19970","17810"
"2026-10-11 00:24:42","1624074","2026-10-11","10/11/2026 2:00:00 PM","NS","426","Serie D - Girone A","Italy","Gozzano","Ligorna","1714","9437"
"2026-10-11 00:24:42","1624075","2026-10-11","10/11/2026 2:00:00 PM","NS","426","Serie D - Girone A","Italy","Imperia","Biellese","17811","26505"
"2026-10-11 00:24:42","1624076","2026-10-11","10/11/2026 2:00:00 PM","NS","426","Serie D - Girone A","Italy","Sestri Levante","Celle Varazze","17815","26507"
"2026-10-11 00:24:42","1624077","2026-10-11","10/11/2026 2:00:00 PM","NS","426","Serie D - Girone A","Italy","Valenzana","Sanremese","26514","9439"
"2026-10-11 00:24:42","1624279","2026-10-11","10/11/2026 2:00:00 PM","NS","426","Serie D - Girone A","Italy","Asti","Lascaris","17808","28191"
"2026-10-11 00:24:42","1624280","2026-10-11","10/11/2026 2:00:00 PM","NS","426","Serie D - Girone A","Italy","Millesimo","Borgosesia","28192","9429"
"2026-10-11 00:24:42","1624376","2026-10-11","10/11/2026 2:00:00 PM","NS","427","Serie D - Girone B","Italy","Milan II","Rovato Vertovese","24205","26519"
"2026-10-11 00:24:42","1624378","2026-10-11","10/11/2026 2:00:00 PM","NS","427","Serie D - Girone B","Italy","Pro Palazzolo","Caldiero Terme","22329","9465"
"2026-10-11 00:24:42","1624379","2026-10-11","10/11/2026 2:00:00 PM","NS","427","Serie D - Girone B","Italy","Real Calepina","Villa Valle","17140","9460"
"2026-10-11 00:24:42","1624380","2026-10-11","10/11/2026 2:00:00 PM","NS","427","Serie D - Girone B","Italy","Scanzorosciate","Brusaporto","9457","9445"
"2026-10-11 00:24:42","1624381","2026-10-11","10/11/2026 2:00:00 PM","NS","427","Serie D - Girone B","Italy","Tritium","Club Milano","9459","22307"
"2026-10-11 00:24:42","1624586","2026-10-11","10/11/2026 2:00:00 PM","NS","427","Serie D - Girone B","Italy","Leon","Pavonese","17904","28194"
"2026-10-11 00:24:42","1624587","2026-10-11","10/11/2026 2:00:00 PM","NS","427","Serie D - Girone B","Italy","Nibbiano & Valtidone","Virtus Ciserano Bergamo","28193","9462"
"2026-10-11 00:24:42","1624677","2026-10-11","10/11/2026 2:00:00 PM","NS","428","Serie D - Girone C","Italy","Altavilla","Clodiense","26504","9469"
"2026-10-11 00:24:42","1624678","2026-10-11","10/11/2026 2:00:00 PM","NS","428","Serie D - Girone C","Italy","Bassano Virtus","Brian Lignano","881","24683"
"2026-10-11 00:24:42","1624679","2026-10-11","10/11/2026 2:00:00 PM","NS","428","Serie D - Girone C","Italy","Campodarsego","Virtus Bolzano","1592","9461"
"2026-10-11 00:24:42","1624680","2026-10-11","10/11/2026 2:00:00 PM","NS","428","Serie D - Girone C","Italy","Cjarlins Muzane","Legnago Salus","9468","9472"
"2026-10-11 00:24:42","1624681","2026-10-11","10/11/2026 2:00:00 PM","NS","428","Serie D - Girone C","Italy","Conegliano","Mestre","26508","1704"
"2026-10-11 00:24:42","1624682","2026-10-11","10/11/2026 2:00:00 PM","NS","428","Serie D - Girone C","Italy","Luparense","Este","9473","9471"
"2026-10-11 00:24:42","1624867","2026-10-11","10/11/2026 2:00:00 PM","NS","428","Serie D - Girone C","Italy","Calvi Noale","Sandona","24685","28196"
"2026-10-11 00:24:42","1624868","2026-10-11","10/11/2026 2:00:00 PM","NS","428","Serie D - Girone C","Italy","FC Obermais","Schio","17133","28197"
"2026-10-11 00:24:42","1624869","2026-10-11","10/11/2026 2:00:00 PM","NS","428","Serie D - Girone C","Italy","LME","Triestina","28195","877"
"2026-10-11 00:24:42","1624983","2026-10-11","10/11/2026 2:00:00 PM","NS","434","Serie D - Girone I","Italy","CastrumFavara","Igea Virtus","24763","22310"
"2026-10-11 00:24:42","1624985","2026-10-11","10/11/2026 2:00:00 PM","NS","434","Serie D - Girone I","Italy","Reggina","Vibonese","1692","1681"
"2026-10-11 00:24:42","1624986","2026-10-11","10/11/2026 2:00:00 PM","NS","434","Serie D - Girone I","Italy","Sambiase","Trapani 1905","24699","17862"
"2026-10-11 00:24:42","1624987","2026-10-11","10/11/2026 2:00:00 PM","NS","434","Serie D - Girone I","Italy","Siracusa","Vigor Lamezia","894","26516"
"2026-10-11 00:24:42","1624988","2026-10-11","10/11/2026 2:00:00 PM","NS","434","Serie D - Girone I","Italy","Ragusa","Nissa","20303","24694"
"2026-10-11 00:24:42","1625174","2026-10-11","10/11/2026 2:00:00 PM","NS","434","Serie D - Girone I","Italy","Digiesse PraiaTortora","Modica","28199","28200"
"2026-10-11 00:24:42","1625175","2026-10-11","10/11/2026 2:00:00 PM","NS","434","Serie D - Girone I","Italy","Enna","Calcio Avola","24690","28198"
"2026-10-11 00:24:42","1625306","2026-10-11","10/11/2026 2:00:00 PM","NS","429","Serie D - Girone D","Italy","Castellanzese","Arconatese","9448","9444"
"2026-10-11 00:24:42","1625307","2026-10-11","10/11/2026 2:00:00 PM","NS","429","Serie D - Girone D","Italy","Cittadella Vis Modena","USD Casatese","24686","17563"
"2026-10-11 00:24:42","1625308","2026-10-11","10/11/2026 2:00:00 PM","NS","429","Serie D - Girone D","Italy","Lentigione","Pontedera","9487","1591"
"2026-10-11 00:24:42","1625309","2026-10-11","10/11/2026 2:00:00 PM","NS","429","Serie D - Girone D","Italy","Pavia","Varesina","26512","18177"
"2026-10-11 00:24:42","1625310","2026-10-11","10/11/2026 2:00:00 PM","NS","429","Serie D - Girone D","Italy","Pistoiese","Correggese","1589","9483"
"2026-10-11 00:24:42","1625311","2026-10-11","10/11/2026 2:00:00 PM","NS","429","Serie D - Girone D","Italy","Pro Patria","Sant'Angelo","1706","19983"
"2026-10-11 00:24:42","1625312","2026-10-11","10/11/2026 2:00:00 PM","NS","429","Serie D - Girone D","Italy","Pro Sesto","Solbiatese","9456","28201"
"2026-10-11 00:24:42","1625314","2026-10-11","10/11/2026 2:00:00 PM","NS","429","Serie D - Girone D","Italy","Città di Varese","Oltrepò","17809","24695"
"2026-10-11 00:24:42","1625612","2026-10-11","10/11/2026 2:00:00 PM","NS","430","Serie D - Girone E","Italy","Gavorrano","Terranuova Traiana","1699","19988"
"2026-10-11 00:24:42","1625613","2026-10-11","10/11/2026 2:00:00 PM","NS","430","Serie D - Girone E","Italy","Lucchese","Ternana","889","516"
"2026-10-11 00:24:42","1625614","2026-10-11","10/11/2026 2:00:00 PM","NS","430","Serie D - Girone E","Italy","Mezzolara","Sasso Marconi Zola","9488","9490"
"2026-10-11 00:24:42","1625615","2026-10-11","10/11/2026 2:00:00 PM","NS","430","Serie D - Girone E","Italy","Montevarchi Calcio","Rondinella","9500","28202"
"2026-10-11 00:24:42","1625616","2026-10-11","10/11/2026 2:00:00 PM","NS","430","Serie D - Girone E","Italy","Prato","San Donato Tavarnelle","1680","9502"
"2026-10-11 00:24:42","1625617","2026-10-11","10/11/2026 2:00:00 PM","NS","430","Serie D - Girone E","Italy","Scandicci","Ghivizzano Borgo Mozzano","9504","9435"
"2026-10-11 00:24:42","1625618","2026-10-11","10/11/2026 2:00:00 PM","NS","430","Serie D - Girone E","Italy","Progresso","Robur Siena","13168","1583"
"2026-10-11 00:24:42","1625619","2026-10-11","10/11/2026 2:00:00 PM","NS","430","Serie D - Girone E","Italy","Seravezza","Flaminia","9441","9497"
"2026-10-11 00:24:42","1625620","2026-10-11","10/11/2026 2:00:00 PM","NS","430","Serie D - Girone E","Italy","Tau Altopascio","Grassina","19986","9498"
"2026-10-11 00:24:42","1625918","2026-10-11","10/11/2026 2:00:00 PM","NS","433","Serie D - Girone H","Italy","Nardò","Gravina","9536","9546"
"2026-10-11 00:24:42","1625919","2026-10-11","10/11/2026 2:00:00 PM","NS","433","Serie D - Girone H","Italy","Bisceglie","USD Palmese","1703","19991"
"2026-10-11 00:24:42","1625920","2026-10-11","10/11/2026 2:00:00 PM","NS","433","Serie D - Girone H","Italy","Ebolitana","Martina Franca","28203","19975"
"2026-10-11 00:24:42","1625922","2026-10-11","10/11/2026 2:00:00 PM","NS","433","Serie D - Girone H","Italy","Ischia","Melfi","22311","1690"
"2026-10-11 00:24:42","1625924","2026-10-11","10/11/2026 2:00:00 PM","NS","433","Serie D - Girone H","Italy","Real Normanna","Fidelis Andria","17858","1695"
"2026-10-11 00:24:42","1625926","2026-10-11","10/11/2026 2:00:00 PM","NS","433","Serie D - Girone H","Italy","Virtus Francavilla","Real Forio 2014","873","28208"
"2026-10-11 00:24:42","1626224","2026-10-11","10/11/2026 2:00:00 PM","NS","431","Serie D - Girone F","Italy","Angelana","Pietralunga","28204","28207"
"2026-10-11 00:24:42","1626225","2026-10-11","10/11/2026 2:00:00 PM","NS","431","Serie D - Girone F","Italy","Fossombrone","Termoli Calcio","22308","19987"
"2026-10-11 00:24:42","1626226","2026-10-11","10/11/2026 2:00:00 PM","NS","431","Serie D - Girone F","Italy","Real Giulianova","Ancona","9516","897"
"2026-10-11 00:24:42","1626227","2026-10-11","10/11/2026 2:00:00 PM","NS","431","Serie D - Girone F","Italy","Lanciano FC","Montecchio Gallo","28205","28206"
"2026-10-11 00:24:42","1626228","2026-10-11","10/11/2026 2:00:00 PM","NS","431","Serie D - Girone F","Italy","L'Aquila","Santegidiese","22312","28209"
"2026-10-11 00:24:42","1626229","2026-10-11","10/11/2026 2:00:00 PM","NS","431","Serie D - Girone F","Italy","Maceratese","Foligno Calcio","900","9496"
"2026-10-11 00:24:42","1626231","2026-10-11","10/11/2026 2:00:00 PM","NS","431","Serie D - Girone F","Italy","Sporting Trestina","Teramo","9505","1683"
"2026-10-11 00:24:42","1626232","2026-10-11","10/11/2026 2:00:00 PM","NS","431","Serie D - Girone F","Italy","Vigor Senigallia","Atletico Ascoli","19992","22302"
"2026-10-11 00:24:42","1626530","2026-10-11","10/11/2026 2:00:00 PM","NS","432","Serie D - Girone G","Italy","Albalonga","Certosa V. Campagnano","1586","28211"
"2026-10-11 00:24:42","1626531","2026-10-11","10/11/2026 2:00:00 PM","NS","432","Serie D - Girone G","Italy","Anzio","Unipomezia","22300","17834"
"2026-10-11 00:24:42","1626532","2026-10-11","10/11/2026 2:00:00 PM","NS","432","Serie D - Girone G","Italy","Aranova","Trastevere","28210","874"
"2026-10-11 00:24:42","1626533","2026-10-11","10/11/2026 2:00:00 PM","NS","432","Serie D - Girone G","Italy","Atletico Lodigiani","Sarnese","24762","24700"
"2026-10-11 00:24:42","1626534","2026-10-11","10/11/2026 2:00:00 PM","NS","432","Serie D - Girone G","Italy","Città di Anagni","Gelbison","9526","9544"
"2026-10-11 00:24:42","1626535","2026-10-11","10/11/2026 2:00:00 PM","NS","432","Serie D - Girone G","Italy","Monastir","Latte Dolce","26523","9528"
"2026-10-11 00:24:42","1626536","2026-10-11","10/11/2026 2:00:00 PM","NS","432","Serie D - Girone G","Italy","Ossese","Venafro","28212","28213"
"2026-10-11 00:24:42","1626537","2026-10-11","10/11/2026 2:00:00 PM","NS","432","Serie D - Girone G","Italy","Paganese","Budoni","890","9524"
"2026-10-11 00:24:42","1626538","2026-10-11","10/11/2026 2:00:00 PM","NS","432","Serie D - Girone G","Italy","Sarrabus Ogliastra","Afragolese","19984","17841"
"2026-10-11 00:24:42","1629066","2026-10-11","10/11/2026 2:00:00 PM","NS","276","FKF Premier League","Kenya","Nairobi United","KCB","22231","2476"
"2026-10-11 00:24:42","1629702","2026-10-11","10/11/2026 2:00:00 PM","NS","392","Challenge League","Malta","Attard","Melita","19912","4620"
"2026-10-11 00:24:42","1630582","2026-10-11","10/11/2026 2:00:00 PM","NS","400","Super League","Zambia","Zanaco","Konkola Blades","5215","5514"
"2026-10-11 00:24:42","1630584","2026-10-11","10/11/2026 2:00:00 PM","NS","400","Super League","Zambia","Power Dynamos","Nchanga Rangers","5211","5511"
"2026-10-11 00:24:42","1632495","2026-10-11","10/11/2026 2:00:00 PM","NS","405","National Soccer League","Rwanda","Amagaju","Mukura","5311","5320"
"2026-10-11 00:24:42","1632496","2026-10-11","10/11/2026 2:00:00 PM","NS","405","National Soccer League","Rwanda","Musanze","Gasogi United","5321","7574"
"2026-10-11 00:24:42","1632497","2026-10-11","10/11/2026 2:00:00 PM","NS","405","National Soccer League","Rwanda","Sunrise","Police","5324","5322"
"2026-10-11 00:24:42","1634004","2026-10-11","10/11/2026 2:00:00 PM","NS","653","Second League - Group 4","Russia","Orenburg II","Ural II","14141","12887"
"2026-10-11 00:24:42","1635280","2026-10-11","10/11/2026 2:00:00 PM","NS","585","Premier League","Uganda","Mbarara City","Blacks Power","12455","20297"
"2026-10-11 00:24:42","1637228","2026-10-11","10/11/2026 2:00:00 PM","NS","1243","Super League Women","South-Africa","University of Johannesburg W","Tshwane University W","28363","28361"
"2026-10-11 00:24:42","1638924","2026-10-11","10/11/2026 2:00:00 PM","NS","176","Third League - Northwest","Bulgaria","Etar VT II","Spartak Pleven II","15141","28218"
"2026-10-11 00:24:42","1639900","2026-10-11","10/11/2026 2:00:00 PM","NS","404","Campionato","San-Marino","Cosmos","Juvenes / Dogana","5298","5302"
"2026-10-11 00:24:42","1639901","2026-10-11","10/11/2026 2:00:00 PM","NS","404","Campionato","San-Marino","Domagnano","Tre Penne","5299","700"
"2026-10-11 00:24:42","1639902","2026-10-11","10/11/2026 2:00:00 PM","NS","404","Campionato","San-Marino","Virtus","San Marino Academy","5308","22179"
"2026-10-11 00:24:42","1641305","2026-10-11","10/11/2026 2:00:00 PM","NS","363","Premier League","Ethiopia","Gamo Chencha","Ethiopian Medhin","28447","20030"
"2026-10-11 00:24:42","1642354","2026-10-11","10/11/2026 2:00:00 PM","NS","582","Gamma Ethniki - Group 7","Greece","Asteras Vlachioti","Telos Agras","12408","28458"
"2026-10-11 00:24:42","1642355","2026-10-11","10/11/2026 2:00:00 PM","NS","582","Gamma Ethniki - Group 7","Greece","Miltiadis Pyrgos","Ermis Kiveriou","24876","28460"
"2026-10-11 00:24:42","1642356","2026-10-11","10/11/2026 2:00:00 PM","NS","582","Gamma Ethniki - Group 7","Greece","Panargiakos","Loutraki","6315","24874"
"2026-10-11 00:24:42","1642357","2026-10-11","10/11/2026 2:00:00 PM","NS","582","Gamma Ethniki - Group 7","Greece","Panthouriakos","Iraklis Xylokastro","20059","15482"
"2026-10-11 00:24:42","1642358","2026-10-11","10/11/2026 2:00:00 PM","NS","582","Gamma Ethniki - Group 7","Greece","Panthyreatikos","Asteras Amaliadas","28459","28462"
"2026-10-11 00:24:42","1642359","2026-10-11","10/11/2026 2:00:00 PM","NS","582","Gamma Ethniki - Group 7","Greece","Pelopas Kiatou","Korinthos","26586","6307"
"2026-10-11 00:24:42","1642486","2026-10-11","10/11/2026 2:00:00 PM","NS","583","Gamma Ethniki - Group 8","Greece","Apollon Kalyt.","Apollon Smirnis","26588","951"
"2026-10-11 00:24:42","1642487","2026-10-11","10/11/2026 2:00:00 PM","NS","583","Gamma Ethniki - Group 8","Greece","Diagoras","Afantou","7510","20043"
"2026-10-11 00:24:42","1642489","2026-10-11","10/11/2026 2:00:00 PM","NS","583","Gamma Ethniki - Group 8","Greece","Egaleo","Ethnikos Piraeus","7511","5042"
"2026-10-11 00:24:42","1642490","2026-10-11","10/11/2026 2:00:00 PM","NS","583","Gamma Ethniki - Group 8","Greece","Proodeftiki","Ionikos","13924","7513"
"2026-10-11 00:24:42","1642491","2026-10-11","10/11/2026 2:00:00 PM","NS","583","Gamma Ethniki - Group 8","Greece","PAO Rouf","Amfiali","13931","28457"
"2026-10-11 00:24:42","1642616","2026-10-11","10/11/2026 2:00:00 PM","NS","693","Gamma Ethniki - Group 9","Greece","Ethnikos Asteras","Ilisiakos","13921","6304"
"2026-10-11 00:24:42","1642617","2026-10-11","10/11/2026 2:00:00 PM","NS","693","Gamma Ethniki - Group 9","Greece","Asteras Varis","Saronikos Anavyssou","15229","24860"
"2026-10-11 00:24:42","1642620","2026-10-11","10/11/2026 2:00:00 PM","NS","693","Gamma Ethniki - Group 9","Greece","Thyella Diastavroseos","Ilioupoli","5064","15235"
"2026-10-11 00:24:42","1642728","2026-10-11","10/11/2026 2:00:00 PM","NS","694","Gamma Ethniki - Group 10","Greece","Agios Nikolaos","Giouchtas","12417","12418"
"2026-10-11 00:24:42","1642729","2026-10-11","10/11/2026 2:00:00 PM","NS","694","Gamma Ethniki - Group 10","Greece","Atsalenios","Panakrotiriakos","6299","12419"
"2026-10-11 00:24:42","1642730","2026-10-11","10/11/2026 2:00:00 PM","NS","694","Gamma Ethniki - Group 10","Greece","Chersonissos","Tympaki","28461","20677"
"2026-10-11 00:24:42","1642731","2026-10-11","10/11/2026 2:00:00 PM","NS","694","Gamma Ethniki - Group 10","Greece","Episkopi","Platanias","5038","958"
"2026-10-11 00:24:42","1642732","2026-10-11","10/11/2026 2:00:00 PM","NS","694","Gamma Ethniki - Group 10","Greece","Ergotelis","Rethymniakos","2105","12421"
"2026-10-11 00:24:42","1642733","2026-10-11","10/11/2026 2:00:00 PM","NS","694","Gamma Ethniki - Group 10","Greece","Kissamikos","AE Neapolis","2096","15368"
"2026-10-11 00:24:42","1643520","2026-10-11","10/11/2026 2:00:00 PM","NS","1086","Paulista - U20","Brazil","Desportivo Brasil U20","São Paulo U20","13003","12973"
"2026-10-11 00:24:42","1644121","2026-10-11","10/11/2026 2:00:00 PM","NS","636","Ýokary Liga","Turkmenistan","Aşgabat","Altyn Asyr","13159","8023"
"2026-10-11 00:24:42","1644122","2026-10-11","10/11/2026 2:00:00 PM","NS","636","Ýokary Liga","Turkmenistan","Nebitci","Şagadam","8039","12903"
"2026-10-11 00:24:42","1644178","2026-10-11","10/11/2026 2:00:00 PM","NS","742","Copa Paulista","Brazil","União São João","São José EC","22852","15622"
"2026-10-11 00:24:42","1644255","2026-10-11","10/11/2026 2:00:00 PM","NS","251","Division Intermedia","Paraguay","General Caballero","Deportivo Santani","1181","1189"
"2026-10-11 00:24:42","1644256","2026-10-11","10/11/2026 2:00:00 PM","NS","251","Division Intermedia","Paraguay","Resistencia","12 de Junio VH","2135","23154"
"2026-10-11 00:24:42","1644399","2026-10-11","10/11/2026 2:00:00 PM","NS","401","Premier Soccer League","Zimbabwe","CAPS United","Simba Bhora","5218","21055"
"2026-10-11 00:24:42","1645137","2026-10-11","10/11/2026 2:00:00 PM","NS","962","Premier League","Lesotho","LCS","LDF","20976","20977"
"2026-10-11 00:24:42","1645138","2026-10-11","10/11/2026 2:00:00 PM","NS","962","Premier League","Lesotho","Lijabatho","Members","20980","26611"
"2026-10-11 00:24:42","1645139","2026-10-11","10/11/2026 2:00:00 PM","NS","962","Premier League","Lesotho","Linare","Manonyane","20981","20985"
"2026-10-11 00:24:42","1645140","2026-10-11","10/11/2026 2:00:00 PM","NS","962","Premier League","Lesotho","SC Villa","LMPS","12457","20978"
"2026-10-11 00:24:42","1645361","2026-10-11","10/11/2026 2:00:00 PM","NS","1052","Kakkonen - Play-offs","Finland","Kiffen","GBK","9174","9191"
"2026-10-11 00:24:42","1590016","2026-10-11","10/11/2026 2:10:00 PM","NS","303","Division 1","United-Arab-Emirates","Emirates Club","Dubai City","2868","17713"
"2026-10-11 00:24:42","1590018","2026-10-11","10/11/2026 2:10:00 PM","NS","303","Division 1","United-Arab-Emirates","Dibba Al Hisn","Al Bataeh","9140","9136"
"2026-10-11 00:24:42","1590017","2026-10-11","10/11/2026 2:15:00 PM","NS","303","Division 1","United-Arab-Emirates","Al Hamriyah","Al Urooba","9137","9139"
"2026-10-11 00:24:42","1592254","2026-10-11","10/11/2026 2:15:00 PM","NS","747","Oberliga - Westfalen","Germany","SpVgg Herne Horsthausen","TuS Hordel","28001","27324"
"2026-10-11 00:24:42","1610334","2026-10-11","10/11/2026 2:15:00 PM","NS","746","Oberliga - Mittelrhein","Germany","Hürth","Frechen","14708","12768"
"2026-10-11 00:24:42","1629065","2026-10-11","10/11/2026 2:15:00 PM","NS","276","FKF Premier League","Kenya","AFC Leopards","Bandari","2472","2460"
"2026-10-11 00:24:42","1496354","2026-10-11","10/11/2026 2:30:00 PM","NS","474","2. Division - Group 2","Norway","Levanger","Hønefoss","2145","6998"
"2026-10-11 00:24:42","1497267","2026-10-11","10/11/2026 2:30:00 PM","NS","778","3. Division - Girone 5","Norway","Tromsø II","Lillestrøm II","16232","16207"
"2026-10-11 00:24:42","1513643","2026-10-11","10/11/2026 2:30:00 PM","NS","329","Meistriliiga","Estonia","Kuressaare","Flora Tallinn","3526","687"
"2026-10-11 00:24:42","1551572","2026-10-11","10/11/2026 2:30:00 PM","NS","332","Super Liga","Slovakia","Ružomberok","Žilina","3549","3554"
"2026-10-11 00:24:42","1561404","2026-10-11","10/11/2026 2:30:00 PM","NS","235","Premier League","Russia","CSKA Moscow","Rodina Moskva","555","6822"
"2026-10-11 00:24:42","1574376","2026-10-11","10/11/2026 2:30:00 PM","NS","510","1. Liga Promotion","Switzerland","Lugano II","Kreuzlingen","17441","14504"
"2026-10-11 00:24:42","1575183","2026-10-11","10/11/2026 2:30:00 PM","NS","78","Bundesliga","Germany","1. FC Köln","Borussia Mönchengladbach","192","163"
"2026-10-11 00:24:42","1581154","2026-10-11","10/11/2026 2:30:00 PM","NS","750","Oberliga - Hessen","Germany","Rot-Weiß Walldorf","Eddersheim","16102","12755"
"2026-10-11 00:24:42","1582284","2026-10-11","10/11/2026 2:30:00 PM","NS","393","Premier League","Malta","Hamrun Spartans","Hibernians","4626","3884"
"2026-10-11 00:24:42","1590183","2026-10-11","10/11/2026 2:30:00 PM","NS","211","First NL","Croatia","Segesta Sisak","Dinamo Zagreb U21","5722","22416"
"2026-10-11 00:24:42","1607446","2026-10-11","10/11/2026 2:30:00 PM","NS","202","Ligue 1","Tunisia","ES Sahel","CS Hammam-Lif","990","1191"
"2026-10-11 00:24:42","1607447","2026-10-11","10/11/2026 2:30:00 PM","NS","202","Ligue 1","Tunisia","Jeunesse Sportive Omrane","AS Marsa","18284","10368"
"2026-10-11 00:24:42","1607448","2026-10-11","10/11/2026 2:30:00 PM","NS","202","Ligue 1","Tunisia","ES Metlaoui","Stade Tunisien","984","991"
"2026-10-11 00:24:42","1607450","2026-10-11","10/11/2026 2:30:00 PM","NS","202","Ligue 1","Tunisia","ES Zarzis","ES Hammam-Sousse","989","10609"
"2026-10-11 00:24:42","1610336","2026-10-11","10/11/2026 2:30:00 PM","NS","746","Oberliga - Mittelrhein","Germany","Fortuna Köln II","Lindenthal-Hohenlind","14681","20860"
"2026-10-11 00:24:42","1610337","2026-10-11","10/11/2026 2:30:00 PM","NS","746","Oberliga - Mittelrhein","Germany","TuS BW Königsdorf","Porz","14800","14751"
"2026-10-11 00:24:42","1610506","2026-10-11","10/11/2026 2:30:00 PM","NS","746","Oberliga - Mittelrhein","Germany","Eintracht Hohkeppel","Chlodwig Zulpich","19465","28056"
"2026-10-11 00:24:42","1625921","2026-10-11","10/11/2026 2:30:00 PM","NS","433","Serie D - Girone H","Italy","Francavilla","Gladiator","9543","9545"
"2026-10-11 00:24:42","1627729","2026-10-11","10/11/2026 2:30:00 PM","NS","289","1st Division","South-Africa","Cape Town City","The Bees","2697","25529"
"2026-10-11 00:24:42","1627736","2026-10-11","10/11/2026 2:30:00 PM","NS","289","1st Division","South-Africa","Gomora United FC","Upington City","26396","22235"
"2026-10-11 00:24:42","1644226","2026-10-11","10/11/2026 2:30:00 PM","NS","828","Ligue 2","Tunisia","Kerkennah","AS Agareb","10616","10595"
"2026-10-11 00:24:42","1644230","2026-10-11","10/11/2026 2:30:00 PM","NS","828","Ligue 2","Tunisia","Ariana","Kalaâ Sport","10598","10614"
"2026-10-11 00:24:42","1644231","2026-10-11","10/11/2026 2:30:00 PM","NS","828","Ligue 2","Tunisia","Bouchamma","Stade Gabesien","10643","985"
"2026-10-11 00:24:42","1644232","2026-10-11","10/11/2026 2:30:00 PM","NS","828","Ligue 2","Tunisia","CO Medenine","AS Kasserine","982","10615"
"2026-10-11 00:24:42","1644233","2026-10-11","10/11/2026 2:30:00 PM","NS","828","Ligue 2","Tunisia","JS Kairouanaise","Ksour Essef","993","10649"
"2026-10-11 00:24:42","1644234","2026-10-11","10/11/2026 2:30:00 PM","NS","828","Ligue 2","Tunisia","Moknine","Jendouba Sport","10624","10611"
"2026-10-11 00:24:42","1644235","2026-10-11","10/11/2026 2:30:00 PM","NS","828","Ligue 2","Tunisia","Olympique du Kef","EGS Gafsa","13357","10604"
"2026-10-11 00:24:42","1644236","2026-10-11","10/11/2026 2:30:00 PM","NS","828","Ligue 2","Tunisia","Sporting Ben Arous","US Tataouine","10634","1190"
"2026-10-11 00:24:42","1603038","2026-10-11","10/11/2026 2:40:00 PM","NS","307","Pro League","Saudi-Arabia","Al-Fayha","Al Riyadh","2944","10511"
"2026-10-11 00:24:42","1610338","2026-10-11","10/11/2026 2:45:00 PM","NS","746","Oberliga - Mittelrhein","Germany","VfL Vichttal","Siegburger SV","14813","12853"
"2026-10-11 00:24:42","1496170","2026-10-11","10/11/2026 3:00:00 PM","NS","473","2. Division - Group 1","Norway","Eik-Tønsberg","Lysekloster","16211","7007"
"2026-10-11 00:24:42","1505292","2026-10-11","10/11/2026 3:00:00 PM","NS","563","Ettan - Norra","Sweden","Assyriska FF","FBK Karlstad","2169","12622"
"2026-10-11 00:24:42","1505293","2026-10-11","10/11/2026 3:00:00 PM","NS","563","Ettan - Norra","Sweden","Gefle IF","Piteå","813","11671"
"2026-10-11 00:24:42","1505294","2026-10-11","10/11/2026 3:00:00 PM","NS","563","Ettan - Norra","Sweden","Hammarby Talang","Enköping","16596","12578"
"2026-10-11 00:24:42","1506540","2026-10-11","10/11/2026 3:00:00 PM","NS","367","Meistaradeildin","Faroe-Islands","HB Torshavn","KI Klaksvik","4133","701"
"2026-10-11 00:24:42","1506541","2026-10-11","10/11/2026 3:00:00 PM","NS","367","Meistaradeildin","Faroe-Islands","Skála","NSI Runavik","4191","682"
"2026-10-11 00:24:42","1510878","2026-10-11","10/11/2026 3:00:00 PM","NS","593","Division 2 - Norra Svealand","Sweden","Sunnersta","Korsnäs","23659","18427"
"2026-10-11 00:24:42","1511243","2026-10-11","10/11/2026 3:00:00 PM","NS","595","Division 2 - Södra Svealand","Sweden","Sleipner","Fittja","11670","26890"
"2026-10-11 00:24:42","1528110","2026-10-11","10/11/2026 3:00:00 PM","NS","389","Premier League","Kazakhstan","Kaisar","Ordabasy","4562","692"
"2026-10-11 00:24:42","1549029","2026-10-11","10/11/2026 3:00:00 PM","NS","119","Superliga","Denmark","Brondby","Lyngby","407","625"
"2026-10-11 00:24:42","1558649","2026-10-11","10/11/2026 3:00:00 PM","NS","144","Jupiler Pro League","Belgium","Union St. Gilloise","OH Leuven","1393","260"
"2026-10-11 00:24:42","1558961","2026-10-11","10/11/2026 3:00:00 PM","NS","374","2. SNL","Slovenia","Krško","Triglav","4365","4363"
"2026-10-11 00:24:42","1558964","2026-10-11","10/11/2026 3:00:00 PM","NS","374","2. SNL","Slovenia","Primorje","Dravinja","14007","16302"
"2026-10-11 00:24:42","1558965","2026-10-11","10/11/2026 3:00:00 PM","NS","374","2. SNL","Slovenia","Slovan Ljubljana","Bistrica","20198","6718"
"2026-10-11 00:24:42","1559174","2026-10-11","10/11/2026 3:00:00 PM","NS","145","Challenger Pro League","Belgium","Patro Eisden","KRC Genk II","6222","19045"
"2026-10-11 00:24:42","1562302","2026-10-11","10/11/2026 3:00:00 PM","NS","350","4. liga - Divizie A","Czech-Republic","Strakonice","Petřín Plzeň","21499","7330"
"2026-10-11 00:24:42","1562529","2026-10-11","10/11/2026 3:00:00 PM","NS","352","4. liga - Divizie C","Czech-Republic","Dvůr Králové","Chlumec nad Cidlinou","7286","7281"
"2026-10-11 00:24:42","1562531","2026-10-11","10/11/2026 3:00:00 PM","NS","352","4. liga - Divizie C","Czech-Republic","Kolín","Chrudim II","7309","19641"
"2026-10-11 00:24:42","1562534","2026-10-11","10/11/2026 3:00:00 PM","NS","352","4. liga - Divizie C","Czech-Republic","Svitavy","Vysoké Mýto","26128","7378"
"2026-10-11 00:24:42","1562535","2026-10-11","10/11/2026 3:00:00 PM","NS","352","4. liga - Divizie C","Czech-Republic","Ústí nad Orlicí","Trutnov","7381","7367"
"2026-10-11 00:24:42","1562784","2026-10-11","10/11/2026 3:00:00 PM","NS","685","3. liga - CFL B","Czech-Republic","Varnsdorf","Hradec Králové II","3728","14495"
"2026-10-11 00:24:42","1562786","2026-10-11","10/11/2026 3:00:00 PM","NS","685","3. liga - CFL B","Czech-Republic","Sokol Zápy","Čáslav","7356","7384"
"2026-10-11 00:24:42","1572383","2026-10-11","10/11/2026 3:00:00 PM","NS","876","Segunda División RFEF - Group 2","Spain","Girona II","Espanyol II","15343","9590"
"2026-10-11 00:24:42","1577547","2026-10-11","10/11/2026 3:00:00 PM","NS","236","First League","Russia","FC Sochi","FC UFA","2012","1078"
"2026-10-11 00:24:42","1581148","2026-10-11","10/11/2026 3:00:00 PM","NS","750","Oberliga - Hessen","Germany","Darmstadt 98 II","Kassel 2","24517","27934"
"2026-10-11 00:24:42","1582808","2026-10-11","10/11/2026 3:00:00 PM","NS","315","Premijer Liga","Bosnia","Sloga Doboj","Zrinjski","8504","588"
"2026-10-11 00:24:42","1583882","2026-10-11","10/11/2026 3:00:00 PM","NS","1025","Second League A - Division A Gold","Russia","Volgar Astrakhan","Novosibirsk","2004","6819"
"2026-10-11 00:24:42","1586888","2026-10-11","10/11/2026 3:00:00 PM","NS","85","Regionalliga - Nordost","Germany","SV Babelsberg 03","Lokomotive Leipzig","1622","9355"
"2026-10-11 00:24:42","1586891","2026-10-11","10/11/2026 3:00:00 PM","NS","85","Regionalliga - Nordost","Germany","Chemnitzer FC","FC Rot-Weiß Erfurt","1328","1329"
"2026-10-11 00:24:42","1589503","2026-10-11","10/11/2026 3:00:00 PM","NS","261","National Division","Luxembourg","FC Differdange 03","Résidence Walferdange","684","15900"
"2026-10-11 00:24:42","1589504","2026-10-11","10/11/2026 3:00:00 PM","NS","261","National Division","Luxembourg","Etzella Ettelbruck","F91 Dudelange","2042","578"
"2026-10-11 00:24:42","1589505","2026-10-11","10/11/2026 3:00:00 PM","NS","261","National Division","Luxembourg","Swift Hesperange","Victoria Rosport","11907","2038"
"2026-10-11 00:24:42","1589506","2026-10-11","10/11/2026 3:00:00 PM","NS","261","National Division","Luxembourg","US Hostert","Progres Niederkorn","2040","658"
"2026-10-11 00:24:42","1589507","2026-10-11","10/11/2026 3:00:00 PM","NS","261","National Division","Luxembourg","UN Kaerjeng 97","AS Jeunesse Esch","2035","2034"
"2026-10-11 00:24:42","1589508","2026-10-11","10/11/2026 3:00:00 PM","NS","261","National Division","Luxembourg","Racing FC Union Luxembourg","Atert Bissen","2030","15847"
"2026-10-11 00:24:42","1589509","2026-10-11","10/11/2026 3:00:00 PM","NS","261","National Division","Luxembourg","US Rumelange","US Mondorf-les-bains","2033","2037"
"2026-10-11 00:24:42","1589510","2026-10-11","10/11/2026 3:00:00 PM","NS","261","National Division","Luxembourg","Wiltz","UNA Strassen","11906","2036"
"2026-10-11 00:24:42","1591635","2026-10-11","10/11/2026 3:00:00 PM","NS","205","2. Lig","Turkey","Yeni Orduspor","Kırklarelispor","7426","3596"
"2026-10-11 00:24:42","1592017","2026-10-11","10/11/2026 3:00:00 PM","NS","1041","Júniores U19","Portugal","Santa Clara U19","Benfica U19","26301","7888"
"2026-10-11 00:24:42","1592018","2026-10-11","10/11/2026 3:00:00 PM","NS","1041","Júniores U19","Portugal","Academico Viseu U19","Moreirense U19","22505","26300"
"2026-10-11 00:24:42","1593327","2026-10-11","10/11/2026 3:00:00 PM","NS","197","Super League 1","Greece","Iraklis 1908","Levadiakos","17991","957"
"2026-10-11 00:24:42","1593328","2026-10-11","10/11/2026 3:00:00 PM","NS","197","Super League 1","Greece","Kifisia","Panetolikos","5050","949"
"2026-10-11 00:24:42","1597779","2026-10-11","10/11/2026 3:00:00 PM","NS","865","Liga 3","Portugal","Atlético CP","Caldas","4872","4733"
"2026-10-11 00:24:42","1597784","2026-10-11","10/11/2026 3:00:00 PM","NS","865","Liga 3","Portugal","São João Ver","Varzim","6367","237"
"2026-10-11 00:24:42","1597994","2026-10-11","10/11/2026 3:00:00 PM","NS","1036","Copa Santa Catarina","Brazil","Barra","Metropolitano","18271","7860"
"2026-10-11 00:24:42","1601054","2026-10-11","10/11/2026 3:00:00 PM","NS","594","Division 2 - Norrland","Sweden","Lucksta","Skellefteå","18999","11669"
"2026-10-11 00:24:42","1604883","2026-10-11","10/11/2026 3:00:00 PM","NS","599","1. Liga Classic - Group 1","Switzerland","Azzurri","Echallens","26346","6623"
"2026-10-11 00:24:42","1605402","2026-10-11","10/11/2026 3:00:00 PM","NS","457","Campeonato de Portugal Prio - Group A","Portugal","SC Braga B","Tirsense","246","15128"
"2026-10-11 00:24:42","1605403","2026-10-11","10/11/2026 3:00:00 PM","NS","457","Campeonato de Portugal Prio - Group A","Portugal","Brito","Chaves II","15126","4736"
"2026-10-11 00:24:42","1605404","2026-10-11","10/11/2026 3:00:00 PM","NS","457","Campeonato de Portugal Prio - Group A","Portugal","Celoricense","Vila Meã","26193","15211"
"2026-10-11 00:24:42","1605405","2026-10-11","10/11/2026 3:00:00 PM","NS","457","Campeonato de Portugal Prio - Group A","Portugal","Bragança","Montalegre","4827","4770"
"2026-10-11 00:24:42","1605406","2026-10-11","10/11/2026 3:00:00 PM","NS","457","Campeonato de Portugal Prio - Group A","Portugal","Maia Lidador","Maria da Fonte","24641","4765"
"2026-10-11 00:24:42","1605407","2026-10-11","10/11/2026 3:00:00 PM","NS","457","Campeonato de Portugal Prio - Group A","Portugal","Ponte da Barca","Rebordosa","4888","6365"
"2026-10-11 00:24:42","1605408","2026-10-11","10/11/2026 3:00:00 PM","NS","457","Campeonato de Portugal Prio - Group A","Portugal","Vinhais","Os Limianos","4815","4776"
"2026-10-11 00:24:42","1605584","2026-10-11","10/11/2026 3:00:00 PM","NS","458","Campeonato de Portugal Prio - Group B","Portugal","Castro Daire","Salgueiros","6353","4859"
"2026-10-11 00:24:42","1605585","2026-10-11","10/11/2026 3:00:00 PM","NS","458","Campeonato de Portugal Prio - Group B","Portugal","Cinfães","Alpendorada","4737","17775"
"2026-10-11 00:24:42","1605587","2026-10-11","10/11/2026 3:00:00 PM","NS","458","Campeonato de Portugal Prio - Group B","Portugal","Ovarense","Beira-Mar","15363","4661"
"2026-10-11 00:24:42","1605589","2026-10-11","10/11/2026 3:00:00 PM","NS","458","Campeonato de Portugal Prio - Group B","Portugal","Sousense","Estrela Calheta","4862","28053"
"2026-10-11 00:24:42","1605590","2026-10-11","10/11/2026 3:00:00 PM","NS","458","Campeonato de Portugal Prio - Group B","Portugal","União Lamas","Camacha","4864","4828"
"2026-10-11 00:24:42","1605766","2026-10-11","10/11/2026 3:00:00 PM","NS","459","Campeonato de Portugal Prio - Group C","Portugal","Fátima","Nazarenos","4746","26480"
"2026-10-11 00:24:42","1605767","2026-10-11","10/11/2026 3:00:00 PM","NS","459","Campeonato de Portugal Prio - Group C","Portugal","Atlético Malveira","Fazendense","4873","4883"
"2026-10-11 00:24:42","1605768","2026-10-11","10/11/2026 3:00:00 PM","NS","459","Campeonato de Portugal Prio - Group C","Portugal","Mortágua","Benfica Castelo Branco","4850","4731"
"2026-10-11 00:24:42","1605769","2026-10-11","10/11/2026 3:00:00 PM","NS","459","Campeonato de Portugal Prio - Group C","Portugal","AD Nogueirense","Naval 1893","4719","4664"
"2026-10-11 00:24:42","1605770","2026-10-11","10/11/2026 3:00:00 PM","NS","459","Campeonato de Portugal Prio - Group C","Portugal","O Elvas","UD da Serra","17388","20042"
"2026-10-11 00:24:42","1605771","2026-10-11","10/11/2026 3:00:00 PM","NS","459","Campeonato de Portugal Prio - Group C","Portugal","Oliveira Hospital","FC Alverca II","4773","22092"
"2026-10-11 00:24:42","1605772","2026-10-11","10/11/2026 3:00:00 PM","NS","459","Campeonato de Portugal Prio - Group C","Portugal","Os Marialvas","Sertanense","20038","4794"
"2026-10-11 00:24:42","1605941","2026-10-11","10/11/2026 3:00:00 PM","NS","460","Campeonato de Portugal Prio - Group D","Portugal","Amora","Lagoa","4726","4886"
"2026-10-11 00:24:42","1605942","2026-10-11","10/11/2026 3:00:00 PM","NS","460","Campeonato de Portugal Prio - Group D","Portugal","Imortal Albufeira","Portel","17385","22166"
"2026-10-11 00:24:42","1605943","2026-10-11","10/11/2026 3:00:00 PM","NS","460","Campeonato de Portugal Prio - Group D","Portugal","Juventude Évora","Aljustrelense","4755","4722"
"2026-10-11 00:24:42","1605944","2026-10-11","10/11/2026 3:00:00 PM","NS","460","Campeonato de Portugal Prio - Group D","Portugal","FC Serpa","Sintrense","17442","4796"
"2026-10-11 00:24:42","1605945","2026-10-11","10/11/2026 3:00:00 PM","NS","460","Campeonato de Portugal Prio - Group D","Portugal","Vitoria Setubal","Real","219","10149"
"2026-10-11 00:24:42","1610118","2026-10-11","10/11/2026 3:00:00 PM","NS","600","1. Liga Classic - Group 2","Switzerland","Black Stars","Solothurn","6617","12709"
"2026-10-11 00:24:42","1612249","2026-10-11","10/11/2026 3:00:00 PM","NS","233","Premier League","Egypt","Olympic El Qanah","AL Masry","13822","1031"
"2026-10-11 00:24:42","1617040","2026-10-11","10/11/2026 3:00:00 PM","NS","453","Tercera División RFEF - Group 15","Spain","Subiza","Bidezarra","9856","15320"
"2026-10-11 00:24:42","1617339","2026-10-11","10/11/2026 3:00:00 PM","NS","454","Tercera División RFEF - Group 16","Spain","Berceo","La Calzada","9863","9867"
"2026-10-11 00:24:42","1624982","2026-10-11","10/11/2026 3:00:00 PM","NS","434","Serie D - Girone I","Italy","AC Palermo","Licata","26521","9557"
"2026-10-11 00:24:42","1624984","2026-10-11","10/11/2026 3:00:00 PM","NS","434","Serie D - Girone I","Italy","Gela","Milazzo","26510","26522"
"2026-10-11 00:24:42","1625313","2026-10-11","10/11/2026 3:00:00 PM","NS","429","Serie D - Girone D","Italy","Coriano","Crema","26518","9484"
"2026-10-11 00:24:42","1625925","2026-10-11","10/11/2026 3:00:00 PM","NS","433","Serie D - Girone H","Italy","Turris","Manfredonia","5608","22313"
"2026-10-11 00:24:42","1626795","2026-10-11","10/11/2026 3:00:00 PM","NS","1154","Catarinense - 3","Brazil","Internacional SC","FC Porto","7844","25115"
"2026-10-11 00:24:42","1626796","2026-10-11","10/11/2026 3:00:00 PM","NS","1154","Catarinense - 3","Brazil","Manchester SC","Caçador","28217","21206"
"2026-10-11 00:24:42","1627283","2026-10-11","10/11/2026 3:00:00 PM","NS","397","Girabola","Angola","Académica do Lobito","1º de Agosto","4915","4913"
"2026-10-11 00:24:42","1627284","2026-10-11","10/11/2026 3:00:00 PM","NS","397","Girabola","Angola","CD Lunda-Sul","Sporting de Cabinda","17987","4926"
"2026-10-11 00:24:42","1630096","2026-10-11","10/11/2026 3:00:00 PM","NS","1241","U19 league","Serbia","Brodarac U19","Mladost Lucani U19","7891","28268"
"2026-10-11 00:24:42","1630246","2026-10-11","10/11/2026 3:00:00 PM","NS","394","Super Liga","Moldova","Petrocub","Zimbru","2271","4633"
"2026-10-11 00:24:42","1634082","2026-10-11","10/11/2026 3:00:00 PM","NS","412","Premier League","Botswana","Police XI","Extension Gunners","5426","5420"
"2026-10-11 00:24:42","1639188","2026-10-11","10/11/2026 3:00:00 PM","NS","143","Copa del Rey","Spain","Prat","San Rafael","9592","9787"
"2026-10-11 00:24:42","1642170","2026-10-11","10/11/2026 3:00:00 PM","NS","323","Indian Super League","India","Churchill Brothers","Mumbai City","3462","3478"
"2026-10-11 00:24:42","1643100","2026-10-11","10/11/2026 3:00:00 PM","NS","1138","Paranaense - 3","Brazil","PSTC Procopense","City London","1212","26724"
"2026-10-11 00:24:42","1643170","2026-10-11","10/11/2026 3:00:00 PM","NS","268","Primera División","Uruguay","Juventud","Racing Montevideo","2353","2359"
"2026-10-11 00:24:42","1644449","2026-10-11","10/11/2026 3:00:00 PM","NS","134","Torneo Federal A","Argentina","Fundacion Amigos","Atenas","27574","21043"
"2026-10-11 00:24:42","1569959","2026-10-11","10/11/2026 3:15:00 PM","NS","141","Segunda División","Spain","Almeria","Leganes","723","537"
"2026-10-11 00:24:42","1570412","2026-10-11","10/11/2026 3:15:00 PM","NS","140","La Liga","Spain","Real Sociedad","Deportivo La Coruna","548","544"
"2026-10-11 00:24:42","1590019","2026-10-11","10/11/2026 3:15:00 PM","NS","303","Division 1","United-Arab-Emirates","Forte Virtus","Al Fujairah SC","27994","2880"
"2026-10-11 00:24:42","1494293","2026-10-11","10/11/2026 3:30:00 PM","NS","113","Allsvenskan","Sweden","BK Hacken","Orgryte IS","367","2166"
"2026-10-11 00:24:42","1551119","2026-10-11","10/11/2026 3:30:00 PM","NS","172","First League","Bulgaria","Cherno More Varna","Levski Sofia","851","646"
"2026-10-11 00:24:42","1555405","2026-10-11","10/11/2026 3:30:00 PM","NS","207","Super League","Switzerland","FC ST. Gallen","Lausanne","1011","1014"
"2026-10-11 00:24:42","1555406","2026-10-11","10/11/2026 3:30:00 PM","NS","207","Super League","Switzerland","FC Vaduz","FC Basel 1893","660","551"
"2026-10-11 00:24:42","1570783","2026-10-11","10/11/2026 3:30:00 PM","NS","435","Primera División RFEF - Group 1","Spain","Ponferradina","Real Avilés","4907","9632"
"2026-10-11 00:24:42","1570784","2026-10-11","10/11/2026 3:30:00 PM","NS","435","Primera División RFEF - Group 1","Spain","Pontevedra","Mérida AD","9407","10140"
"2026-10-11 00:24:42","1575517","2026-10-11","10/11/2026 3:30:00 PM","NS","94","Primeira Liga","Portugal","Rio Ave","Nacional","226","225"
"2026-10-11 00:24:42","1584014","2026-10-11","10/11/2026 3:30:00 PM","NS","80","3. Liga","Germany","Alemannia Aachen","FC Viktoria Köln","4259","1620"
"2026-10-11 00:24:42","1590368","2026-10-11","10/11/2026 3:30:00 PM","NS","968","Championnat D1","Gabon","Missile","Vautour Club","21192","21194"
"2026-10-11 00:24:42","1601906","2026-10-11","10/11/2026 3:30:00 PM","NS","419","Premyer Liqa","Azerbaijan","Safa Baku","Turan","25318","5499"
"2026-10-11 00:24:42","1613674","2026-10-11","10/11/2026 3:30:00 PM","NS","442","Tercera División RFEF - Group 4","Spain","Aretxabaleta","Pasaia KE","24571","9661"
"2026-10-11 00:24:42","1613978","2026-10-11","10/11/2026 3:30:00 PM","NS","443","Tercera División RFEF - Group 5","Spain","Peralada","L'Hospitalet","9676","9392"
"2026-10-11 00:24:42","1617038","2026-10-11","10/11/2026 3:30:00 PM","NS","453","Tercera División RFEF - Group 15","Spain","Cantolagua","Cirbonero","15321","9847"
"2026-10-11 00:24:42","1619742","2026-10-11","10/11/2026 3:30:00 PM","NS","758","Premier Division","Gibraltar","Europa Point","College 1975","16131","16130"
"2026-10-11 00:24:42","1627285","2026-10-11","10/11/2026 3:30:00 PM","NS","397","Girabola","Angola","Desportivo Huíla","São Salvador","4918","22359"
"2026-10-11 00:24:42","1627286","2026-10-11","10/11/2026 3:30:00 PM","NS","397","Girabola","Angola","FC Luanda","Recreativo do Libolo","28229","4924"
"2026-10-11 00:24:42","1627289","2026-10-11","10/11/2026 3:30:00 PM","NS","397","Girabola","Angola","1º de Maio","Bravos do Maquis FC","4914","4921"
"2026-10-11 00:24:42","1629703","2026-10-11","10/11/2026 3:30:00 PM","NS","392","Challenge League","Malta","Gudja United","St. Andrews","4616","4610"
"2026-10-11 00:24:42","1552188","2026-10-11","10/11/2026 3:45:00 PM","NS","88","Eredivisie","Netherlands","Excelsior","Groningen","196","202"
"2026-10-11 00:24:42","1560251","2026-10-11","10/11/2026 3:45:00 PM","NS","271","NB I","Hungary","Budapest Honved","Ujpest","576","2255"
"2026-10-11 00:24:42","1634786","2026-10-11","10/11/2026 3:45:00 PM","NS","330","Premier League","Kuwait","Al Sahel","Al Fahaheel","3542","3533"
"2026-10-11 00:24:42","1494772","2026-10-11","10/11/2026 4:00:00 PM","NS","103","Eliteserien","Norway","Aalesund","Sarpsborg 08 FF","757","333"
"2026-10-11 00:24:42","1494779","2026-10-11","10/11/2026 4:00:00 PM","NS","103","Eliteserien","Norway","Start","Ham-Kam","334","2159"
"2026-10-11 00:24:42","1495967","2026-10-11","10/11/2026 4:00:00 PM","NS","104","1. Division","Norway","Asane","Sogndal","2148","758"
"2026-10-11 00:24:42","1495968","2026-10-11","10/11/2026 4:00:00 PM","NS","104","1. Division","Norway","Egersund","hodd","6976","2150"
"2026-10-11 00:24:42","1495969","2026-10-11","10/11/2026 4:00:00 PM","NS","104","1. Division","Norway","Kongsvinger","Ranheim","2144","322"
"2026-10-11 00:24:42","1495970","2026-10-11","10/11/2026 4:00:00 PM","NS","104","1. Division","Norway","Lyn","Stromsgodset","7006","324"
"2026-10-11 00:24:42","1495971","2026-10-11","10/11/2026 4:00:00 PM","NS","104","1. Division","Norway","ODD Ballklubb","Bryne","330","2142"
"2026-10-11 00:24:42","1495972","2026-10-11","10/11/2026 4:00:00 PM","NS","104","1. Division","Norway","Raufoss","Moss","2153","7012"
"2026-10-11 00:24:42","1495973","2026-10-11","10/11/2026 4:00:00 PM","NS","104","1. Division","Norway","Sandnes ULF","Haugesund","2146","328"
"2026-10-11 00:24:42","1495974","2026-10-11","10/11/2026 4:00:00 PM","NS","104","1. Division","Norway","Stabaek","Strommen","323","2147"
"2026-10-11 00:24:42","1496352","2026-10-11","10/11/2026 4:00:00 PM","NS","474","2. Division - Group 2","Norway","Junkeren","Grorud","7000","6993"
"2026-10-11 00:24:42","1497713","2026-10-11","10/11/2026 4:00:00 PM","NS","114","Superettan","Sweden","IK brage","Helsingborg","2175","811"
"2026-10-11 00:24:42","1509193","2026-10-11","10/11/2026 4:00:00 PM","NS","327","Erovnuli Liga","Georgia","Dinamo Batumi","Dinamo Tbilisi","705","2262"
"2026-10-11 00:24:42","1529637","2026-10-11","10/11/2026 4:00:00 PM","NS","364","1. Liga","Latvia","Riga FC II","Rēzekne FA","18835","4141"
"2026-10-11 00:24:42","1534468","2026-10-11","10/11/2026 4:00:00 PM","NS","117","1. Division","Belarus","Minsk II","Smorgon","11249","3393"
"2026-10-11 00:24:42","1553881","2026-10-11","10/11/2026 4:00:00 PM","NS","286","Super Liga","Serbia","FK Partizan","Novi Pazar","573","2643"
"2026-10-11 00:24:42","1558235","2026-10-11","10/11/2026 4:00:00 PM","NS","107","I Liga","Poland","Puszcza Niepołomice","Polonia Bytom","3490","12835"
"2026-10-11 00:24:42","1561940","2026-10-11","10/11/2026 4:00:00 PM","NS","218","Bundesliga","Austria","Lask Linz","Rapid Vienna","1026","781"
"2026-10-11 00:24:42","1565264","2026-10-11","10/11/2026 4:00:00 PM","NS","283","Liga I","Romania","Csikszereda","Universitatea Craiova","6230","632"
"2026-10-11 00:24:42","1565489","2026-10-11","10/11/2026 4:00:00 PM","NS","333","Premier League","Ukraine","Bukovyna","Polessya","6486","6496"
"2026-10-11 00:24:42","1572078","2026-10-11","10/11/2026 4:00:00 PM","NS","875","Segunda División RFEF - Group 1","Spain","Arosa","Bergantiños","9605","9383"
"2026-10-11 00:24:42","1572079","2026-10-11","10/11/2026 4:00:00 PM","NS","875","Segunda División RFEF - Group 1","Spain","Coruxo","Compostela","9385","5256"
"2026-10-11 00:24:42","1572688","2026-10-11","10/11/2026 4:00:00 PM","NS","877","Segunda División RFEF - Group 3","Spain","Cieza","Intercity","20277","8160"
"2026-10-11 00:24:42","1572695","2026-10-11","10/11/2026 4:00:00 PM","NS","877","Segunda División RFEF - Group 3","Spain","Ucam Murcia","Alcoyano","800","9686"
"2026-10-11 00:24:42","1572995","2026-10-11","10/11/2026 4:00:00 PM","NS","878","Segunda División RFEF - Group 4","Spain","Badajoz","Marbella","9382","5267"
"2026-10-11 00:24:42","1573304","2026-10-11","10/11/2026 4:00:00 PM","NS","879","Segunda División RFEF - Group 5","Spain","Navalcarnero","A Madrid III","5271","26543"
"2026-10-11 00:24:42","1573306","2026-10-11","10/11/2026 4:00:00 PM","NS","879","Segunda División RFEF - Group 5","Spain","Real Ávila","Numancia","9736","717"
"2026-10-11 00:24:42","1592875","2026-10-11","10/11/2026 4:00:00 PM","NS","1200","Liga MX U21","Mexico","Atl. San Luis U21","Santos Laguna U21","26827","26841"
"2026-10-11 00:24:42","1592876","2026-10-11","10/11/2026 4:00:00 PM","NS","1200","Liga MX U21","Mexico","UNAM Pumas U21","Cruz Azul U21","26844","26832"
"2026-10-11 00:24:42","1594160","2026-10-11","10/11/2026 4:00:00 PM","NS","635","NB III - Northwest","Hungary","Haladás VSE","MTE 1904","17285","2412"
"2026-10-11 00:24:42","1602147","2026-10-11","10/11/2026 4:00:00 PM","NS","570","Premier League","Ghana","Ashanti Gold","Samartex","8056","20022"
"2026-10-11 00:24:42","1602148","2026-10-11","10/11/2026 4:00:00 PM","NS","570","Premier League","Ghana","Bechem United","Vision","8099","22782"
"2026-10-11 00:24:42","1602149","2026-10-11","10/11/2026 4:00:00 PM","NS","570","Premier League","Ghana","Berekum Chelsea","Debibi United","12244","21071"
"2026-10-11 00:24:42","1602150","2026-10-11","10/11/2026 4:00:00 PM","NS","570","Premier League","Ghana","Bibiani Gold Stars","Basake Holy Stars","17993","22763"
"2026-10-11 00:24:42","1602151","2026-10-11","10/11/2026 4:00:00 PM","NS","570","Premier League","Ghana","Hearts of Oak","Port City","12249","26805"
"2026-10-11 00:24:42","1602152","2026-10-11","10/11/2026 4:00:00 PM","NS","570","Premier League","Ghana","Karela","Dreams","12251","4450"
"2026-10-11 00:24:42","1602153","2026-10-11","10/11/2026 4:00:00 PM","NS","570","Premier League","Ghana","Medeama","Heart of Lions","12255","13882"
"2026-10-11 00:24:42","1602155","2026-10-11","10/11/2026 4:00:00 PM","NS","570","Premier League","Ghana","Young Apostles","Aduana Stars","22783","8079"
"2026-10-11 00:24:42","1603573","2026-10-11","10/11/2026 4:00:00 PM","NS","318","1. Division","Cyprus","Anorthosis","Pafos","2269","3403"
"2026-10-11 00:24:42","1606055","2026-10-11","10/11/2026 4:00:00 PM","NS","460","Campeonato de Portugal Prio - Group D","Portugal","Santa Clara B","Alcochetense","28044","6348"
"2026-10-11 00:24:42","1612755","2026-10-11","10/11/2026 4:00:00 PM","NS","439","Tercera División RFEF - Group 1","Spain","Villalbés","Estradense","9618","9611"
"2026-10-11 00:24:42","1613361","2026-10-11","10/11/2026 4:00:00 PM","NS","441","Tercera División RFEF - Group 3","Spain","Cayón","Torina","15339","9650"
"2026-10-11 00:24:42","1613362","2026-10-11","10/11/2026 4:00:00 PM","NS","441","Tercera División RFEF - Group 3","Spain","Barquereño","Selaya","8152","9645"
"2026-10-11 00:24:42","1614280","2026-10-11","10/11/2026 4:00:00 PM","NS","444","Tercera División RFEF - Group 6","Spain","Eldense B","Vall de Uxó","28103","24779"
"2026-10-11 00:24:42","1614896","2026-10-11","10/11/2026 4:00:00 PM","NS","446","Tercera División RFEF - Group 8","Spain","Palencia CF","Salamanca II","17538","9737"
"2026-10-11 00:24:42","1615507","2026-10-11","10/11/2026 4:00:00 PM","NS","448","Tercera División RFEF - Group 10","Spain","Linense","Utrera","9596","9769"
"2026-10-11 00:24:42","1616422","2026-10-11","10/11/2026 4:00:00 PM","NS","451","Tercera División RFEF - Group 13","Spain","Algar","San Javier","20438","28116"
"2026-10-11 00:24:42","1617340","2026-10-11","10/11/2026 4:00:00 PM","NS","454","Tercera División RFEF - Group 16","Spain","Calahorra","Haro Deportivo","9581","9389"
"2026-10-11 00:24:42","1617342","2026-10-11","10/11/2026 4:00:00 PM","NS","454","Tercera División RFEF - Group 16","Spain","Cenicero","San Marcial","17612","26554"
"2026-10-11 00:24:42","1617346","2026-10-11","10/11/2026 4:00:00 PM","NS","454","Tercera División RFEF - Group 16","Spain","Vianés","Calasancio","9874","9865"
"2026-10-11 00:24:42","1617951","2026-10-11","10/11/2026 4:00:00 PM","NS","456","Tercera División RFEF - Group 18","Spain","CD Villa","Villarrubia","28123","9417"
"2026-10-11 00:24:42","1617957","2026-10-11","10/11/2026 4:00:00 PM","NS","456","Tercera División RFEF - Group 18","Spain","Torrijos","Noblejas","9909","24653"
"2026-10-11 00:24:42","1620685","2026-10-11","10/11/2026 4:00:00 PM","NS","415","Championnat National","Benin","Buffles","Djeffa","5457","16423"
"2026-10-11 00:24:42","1620686","2026-10-11","10/11/2026 4:00:00 PM","NS","415","Championnat National","Benin","Dynamo Abomey","Coton Sport Ouidah","5460","18113"
"2026-10-11 00:24:42","1620687","2026-10-11","10/11/2026 4:00:00 PM","NS","415","Championnat National","Benin","Espoir Savalou","AS Sobemap","16425","5468"
"2026-10-11 00:24:42","1620688","2026-10-11","10/11/2026 4:00:00 PM","NS","415","Championnat National","Benin","Hodio","Damissa","16427","16422"
"2026-10-11 00:24:42","1623143","2026-10-11","10/11/2026 4:00:00 PM","NS","312","1a Divisió","Andorra","FC Santa Coloma","Casa de Portugal","591","27343"
"2026-10-11 00:24:42","1628542","2026-10-11","10/11/2026 4:00:00 PM","NS","399","NPFL","Nigeria","Abia Warriors","Rivers United","5171","5192"
"2026-10-11 00:24:42","1628543","2026-10-11","10/11/2026 4:00:00 PM","NS","399","NPFL","Nigeria","Barau FC","Enugu Rangers","26400","5176"
"2026-10-11 00:24:42","1628545","2026-10-11","10/11/2026 4:00:00 PM","NS","399","NPFL","Nigeria","Kun Khalifat FC","Shooting Stars","26401","5504"
"2026-10-11 00:24:42","1628546","2026-10-11","10/11/2026 4:00:00 PM","NS","399","NPFL","Nigeria","Nasarawa United","Doma United","5188","20809"
"2026-10-11 00:24:42","1628547","2026-10-11","10/11/2026 4:00:00 PM","NS","399","NPFL","Nigeria","Plateau United","Kano Pillars","5190","5183"
"2026-10-11 00:24:42","1628549","2026-10-11","10/11/2026 4:00:00 PM","NS","399","NPFL","Nigeria","Sporting Lagos","Bendel Insurance","22585","5173"
"2026-10-11 00:24:42","1628550","2026-10-11","10/11/2026 4:00:00 PM","NS","399","NPFL","Nigeria","Warri Wolves","Inter Lagos","5508","28168"
"2026-10-11 00:24:42","1630853","2026-10-11","10/11/2026 4:00:00 PM","NS","1196","Division One League","Ghana","Bectero Sasana","KAC Soccer","28282","26800"
"2026-10-11 00:24:42","1630854","2026-10-11","10/11/2026 4:00:00 PM","NS","1196","Division One League","Ghana","Dormaa","Eleven Wonders","26795","12246"
"2026-10-11 00:24:42","1630855","2026-10-11","10/11/2026 4:00:00 PM","NS","1196","Division One League","Ghana","Ebusua Dwarfs","Nsuopun Fidelity","12245","25396"
"2026-10-11 00:24:42","1630856","2026-10-11","10/11/2026 4:00:00 PM","NS","1196","Division One League","Ghana","Fettehman United","Ebony FC","28286","26796"
"2026-10-11 00:24:42","1630857","2026-10-11","10/11/2026 4:00:00 PM","NS","1196","Division One League","Ghana","Future Stars","Soccer Intellectuals","23627","22777"
"2026-10-11 00:24:42","1630858","2026-10-11","10/11/2026 4:00:00 PM","NS","1196","Division One League","Ghana","Golden Warriors","Golden Kicks","26797","21074"
"2026-10-11 00:24:42","1630860","2026-10-11","10/11/2026 4:00:00 PM","NS","1196","Division One League","Ghana","Home Stars","Kotoku Royals","22768","20020"
"2026-10-11 00:24:42","1630864","2026-10-11","10/11/2026 4:00:00 PM","NS","1196","Division One League","Ghana","PAC Academy","Sefwi All Stars","21085","21089"
"2026-10-11 00:24:42","1630869","2026-10-11","10/11/2026 4:00:00 PM","NS","1196","Division One League","Ghana","Skyy","King Faisal","21090","12252"
"2026-10-11 00:24:42","1630871","2026-10-11","10/11/2026 4:00:00 PM","NS","1196","Division One League","Ghana","Techiman Liberty","Mighty Royals","22780","26802"
"2026-10-11 00:24:42","1630872","2026-10-11","10/11/2026 4:00:00 PM","NS","1196","Division One League","Ghana","True Democracy","Accra Lions","25401","17992"
"2026-10-11 00:24:42","1630874","2026-10-11","10/11/2026 4:00:00 PM","NS","1196","Division One League","Ghana","WAFA","7th Wave","12256","28281"
"2026-10-11 00:24:42","1630875","2026-10-11","10/11/2026 4:00:00 PM","NS","1196","Division One League","Ghana","Wa Power","Kalibi SC","21098","28285"
"2026-10-11 00:24:42","1634033","2026-10-11","10/11/2026 4:00:00 PM","NS","653","Second League - Group 4","Russia","Khimik Dzerzhinsk","Pobeda Nizhniy Novgorod","16858","27651"
"2026-10-11 00:24:42","1636946","2026-10-11","10/11/2026 4:00:00 PM","NS","494","Super League 2","Greece","Olympiakos Piraeus II","Asteras Tripolis II","18017","25017"
"2026-10-11 00:24:42","1640707","2026-10-11","10/11/2026 4:00:00 PM","NS","291","Azadegan League","Iran","Novin Ahvaz","Naft Masjed Soleyman","28321","2707"
"2026-10-11 00:24:42","1641171","2026-10-11","10/11/2026 4:00:00 PM","NS","201","Botola 2","Morocco","Chabab Atl. Khenifra","Chabab Mohammédia","970","6387"
"2026-10-11 00:24:42","1641173","2026-10-11","10/11/2026 4:00:00 PM","NS","201","Botola 2","Morocco","Olympique Dcheïra","Wydad Fès","3454","3459"
"2026-10-11 00:24:42","1641175","2026-10-11","10/11/2026 4:00:00 PM","NS","201","Botola 2","Morocco","El Massira","Mouloudia Oujda","3451","1075"
"2026-10-11 00:24:42","1641309","2026-10-11","10/11/2026 4:00:00 PM","NS","363","Premier League","Ethiopia","Sidama Bunna","Ethiopia Nigd Bank","4123","4130"
"2026-10-11 00:24:42","1552781","2026-10-11","10/11/2026 4:15:00 PM","NS","61","Ligue 1","France","Rennes","Auxerre","94","108"
"2026-10-11 00:24:42","1592877","2026-10-11","10/11/2026 4:15:00 PM","NS","1200","Liga MX U21","Mexico","Pachuca U21","Necaxa U21","26838","26837"
"2026-10-11 00:24:42","1601551","2026-10-11","10/11/2026 4:15:00 PM","NS","136","Serie B","Italy","Padova","Carrarese","870","1581"
"2026-10-11 00:24:42","1603035","2026-10-11","10/11/2026 4:25:00 PM","NS","307","Pro League","Saudi-Arabia","Abha","Al-Faisaly FC","2951","2930"
"2026-10-11 00:24:42","1505534","2026-10-11","10/11/2026 4:30:00 PM","NS","265","Primera División","Chile","Everton de Vina","D. La Serena","2325","2341"
"2026-10-11 00:24:42","1511697","2026-10-11","10/11/2026 4:30:00 PM","NS","266","Primera B","Chile","Antofagasta","San Marcos de Arica","2327","2345"
"2026-10-11 00:24:42","1553186","2026-10-11","10/11/2026 4:30:00 PM","NS","106","Ekstraklasa","Poland","Pogon Szczecin","Korona Kielce","348","346"
"2026-10-11 00:24:42","1557424","2026-10-11","10/11/2026 4:30:00 PM","NS","39","Premier League","England","Liverpool","Manchester City","40","50"
"2026-10-11 00:24:42","1558020","2026-10-11","10/11/2026 4:30:00 PM","NS","373","1. SNL","Slovenia","Brinje-Grosuplje","Maribor","12744","552"
"2026-10-11 00:24:42","1572997","2026-10-11","10/11/2026 4:30:00 PM","NS","878","Segunda División RFEF - Group 4","Spain","Ciudad de Lucena","Don Benito","9756","5259"
"2026-10-11 00:24:42","1575179","2026-10-11","10/11/2026 4:30:00 PM","NS","78","Bundesliga","Germany","SC Freiburg","FC Schalke 04","160","174"
"2026-10-11 00:24:42","1597778","2026-10-11","10/11/2026 4:30:00 PM","NS","865","Liga 3","Portugal","Fafe","Trofense","809","4801"
"2026-10-11 00:24:42","1608314","2026-10-11","10/11/2026 4:30:00 PM","NS","138","Serie C - Girone A","Italy","Lecco","Alcione","6379","17824"
"2026-10-11 00:24:42","1608319","2026-10-11","10/11/2026 4:30:00 PM","NS","138","Serie C - Girone A","Italy","Trento","Folgore Caratese","17147","9450"
"2026-10-11 00:24:42","1608320","2026-10-11","10/11/2026 4:30:00 PM","NS","138","Serie C - Girone A","Italy","Treviso","Ospitaletto","22319","24696"
"2026-10-11 00:24:42","1608691","2026-10-11","10/11/2026 4:30:00 PM","NS","942","Serie C - Girone B","Italy","Forli","Livorno","1688","868"
"2026-10-11 00:24:42","1608693","2026-10-11","10/11/2026 4:30:00 PM","NS","942","Serie C - Girone B","Italy","Perugia","Vado","524","9442"
"2026-10-11 00:24:42","1611088","2026-10-11","10/11/2026 4:30:00 PM","NS","316","1st League - FBiH","Bosnia","GOŠK Gabela","Jedinstvo Bihać","3356","7529"
"2026-10-11 00:24:42","1612749","2026-10-11","10/11/2026 4:30:00 PM","NS","439","Tercera División RFEF - Group 1","Spain","Antela","Barco","28094","9608"
"2026-10-11 00:24:42","1612751","2026-10-11","10/11/2026 4:30:00 PM","NS","439","Tercera División RFEF - Group 1","Spain","Boiro","Viveiro","22566","15307"
"2026-10-11 00:24:42","1612752","2026-10-11","10/11/2026 4:30:00 PM","NS","439","Tercera División RFEF - Group 1","Spain","Celtiga","Alondras","26533","9603"
"2026-10-11 00:24:42","1616729","2026-10-11","10/11/2026 4:30:00 PM","NS","452","Tercera División RFEF - Group 14","Spain","Guadiana","Jerez","28117","9832"
"2026-10-11 00:24:42","1616730","2026-10-11","10/11/2026 4:30:00 PM","NS","452","Tercera División RFEF - Group 14","Spain","Jaraíz","Cabeza Buey","18094","26552"
"2026-10-11 00:24:42","1629704","2026-10-11","10/11/2026 4:30:00 PM","NS","392","Challenge League","Malta","Santa Lucía","Zurrieq","3651","16545"
"2026-10-11 00:24:42","1644717","2026-10-11","10/11/2026 4:30:00 PM","NS","423","Ligue 1","Burkina-Faso","Vitesse","Comoé","17923","25180"
"2026-10-11 00:24:42","1645366","2026-10-11","10/11/2026 4:30:00 PM","NS","386","Ligue 1","Ivory-Coast","Mouna","SOL","22583","6346"
"2026-10-11 00:24:42","1645367","2026-10-11","10/11/2026 4:30:00 PM","NS","386","Ligue 1","Ivory-Coast","Stella","Yamoussoukro","16588","28442"
"2026-10-11 00:24:42","1536487","2026-10-11","10/11/2026 5:00:00 PM","NS","652","Second League - Group 2","Russia","Chertanovo Moscow","Baltika II","2014","25868"
"2026-10-11 00:24:42","1548541","2026-10-11","10/11/2026 5:00:00 PM","NS","210","HNL","Croatia","NK Slaven Belupo","HNK Rijeka","1018","561"
"2026-10-11 00:24:42","1549030","2026-10-11","10/11/2026 5:00:00 PM","NS","119","Superliga","Denmark","FC Midtjylland","FC Copenhagen","397","400"
"2026-10-11 00:24:42","1550145","2026-10-11","10/11/2026 5:00:00 PM","NS","135","Serie A","Italy","Sassuolo","AC Milan","488","489"
"2026-10-11 00:24:42","1551571","2026-10-11","10/11/2026 5:00:00 PM","NS","332","Super Liga","Slovakia","Podbrezová","Spartak Trnava","3548","1120"
"2026-10-11 00:24:42","1553646","2026-10-11","10/11/2026 5:00:00 PM","NS","372","Second League","Macedonia","Belasica","Pelister","4328","693"
"2026-10-11 00:24:42","1554184","2026-10-11","10/11/2026 5:00:00 PM","NS","287","Prva Liga","Serbia","Dubočica","FK Spartak Zdrepceva KRV","12312","2251"
"2026-10-11 00:24:42","1554189","2026-10-11","10/11/2026 5:00:00 PM","NS","287","Prva Liga","Serbia","FK Vozdovac","OFK Vršac","2658","12329"
"2026-10-11 00:24:42","1560038","2026-10-11","10/11/2026 5:00:00 PM","NS","345","Czech Liga","Czech-Republic","Sparta Praha","Pardubice","628","3724"
"2026-10-11 00:24:42","1572386","2026-10-11","10/11/2026 5:00:00 PM","NS","876","Segunda División RFEF - Group 2","Spain","Olot","Terrassa","9403","9681"
"2026-10-11 00:24:42","1572387","2026-10-11","10/11/2026 5:00:00 PM","NS","876","Segunda División RFEF - Group 2","Spain","Tudelano","Reddis","5279","22136"
"2026-10-11 00:24:42","1572691","2026-10-11","10/11/2026 5:00:00 PM","NS","877","Segunda División RFEF - Group 3","Spain","La Nucía","Lorca Deportiva","9393","9400"
"2026-10-11 00:24:42","1573000","2026-10-11","10/11/2026 5:00:00 PM","NS","878","Segunda División RFEF - Group 4","Spain","Mijas Las Lagunas","Sevilla Atletico","22569","730"
"2026-10-11 00:24:42","1573001","2026-10-11","10/11/2026 5:00:00 PM","NS","878","Segunda División RFEF - Group 4","Spain","Sanluqueño","Recreativo Huelva","9601","9410"
"2026-10-11 00:24:42","1573301","2026-10-11","10/11/2026 5:00:00 PM","NS","879","Segunda División RFEF - Group 5","Spain","Conquense","Albacete II","5257","9895"
"2026-10-11 00:24:42","1573302","2026-10-11","10/11/2026 5:00:00 PM","NS","879","Segunda División RFEF - Group 5","Spain","Gimnástica Segoviana","Real Valladolid II","9387","9587"
"2026-10-11 00:24:42","1573303","2026-10-11","10/11/2026 5:00:00 PM","NS","879","Segunda División RFEF - Group 5","Spain","Guadalajara","Getafe II","9900","9572"
"2026-10-11 00:24:42","1573305","2026-10-11","10/11/2026 5:00:00 PM","NS","879","Segunda División RFEF - Group 5","Spain","Calvo Sotelo","RSD Alcalá","9899","9714"
"2026-10-11 00:24:42","1581537","2026-10-11","10/11/2026 5:00:00 PM","NS","342","Premier League","Armenia","FC Urartu","Ararat","2276","3682"
"2026-10-11 00:24:42","1582283","2026-10-11","10/11/2026 5:00:00 PM","NS","393","Premier League","Malta","Sliema Wanderers","Gzira United","4628","2264"
"2026-10-11 00:24:42","1584422","2026-10-11","10/11/2026 5:00:00 PM","NS","203","Süper Lig","Turkey","Beşiktaş","Kocaelispor","549","7411"
"2026-10-11 00:24:42","1585771","2026-10-11","10/11/2026 5:00:00 PM","NS","204","1. Lig","Turkey","Bursaspor","Mardin 1969","1003","6533"
"2026-10-11 00:24:42","1590721","2026-10-11","10/11/2026 5:00:00 PM","NS","553","3. Lig - Group 2","Turkey","Balıkesirspor","Akşehirspor","3568","6508"
"2026-10-11 00:24:42","1590722","2026-10-11","10/11/2026 5:00:00 PM","NS","553","3. Lig - Group 2","Turkey","Bucaspor 1928","Gaziemirspor","7396","28388"
"2026-10-11 00:24:42","1590725","2026-10-11","10/11/2026 5:00:00 PM","NS","553","3. Lig - Group 2","Turkey","Eskişehirspor","Etimesgut SK","3572","3587"
"2026-10-11 00:24:42","1590726","2026-10-11","10/11/2026 5:00:00 PM","NS","553","3. Lig - Group 2","Turkey","Karsiyaka","Anadolu Üniversitesi","7409","21997"
"2026-10-11 00:24:42","1591031","2026-10-11","10/11/2026 5:00:00 PM","NS","554","3. Lig - Group 3","Turkey","Yeşilyurt Belediyespor","Yeni Malatyaspor","6541","999"
"2026-10-11 00:24:42","1591033","2026-10-11","10/11/2026 5:00:00 PM","NS","554","3. Lig - Group 3","Turkey","Niğde Belediyesispor","Karaman FK","22445","6526"
"2026-10-11 00:24:42","1591034","2026-10-11","10/11/2026 5:00:00 PM","NS","554","3. Lig - Group 3","Turkey","Yeni Mersin Idmanyurdu","Osmaniyespor","6546","7418"
"2026-10-11 00:24:42","1591332","2026-10-11","10/11/2026 5:00:00 PM","NS","205","2. Lig","Turkey","Adana Demirspor","Somaspor","3563","6538"
"2026-10-11 00:24:42","1591639","2026-10-11","10/11/2026 5:00:00 PM","NS","205","2. Lig","Turkey","Sakaryaspor","İskenderunspor","3602","7403"
"2026-10-11 00:24:42","1593325","2026-10-11","10/11/2026 5:00:00 PM","NS","197","Super League 1","Greece","Aris Thessalonikis","Volos NFC","1123","2110"
"2026-10-11 00:24:42","1603572","2026-10-11","10/11/2026 5:00:00 PM","NS","318","1. Division","Cyprus","AEL","Omonia 29is Maiou","3396","14126"
"2026-10-11 00:24:42","1603577","2026-10-11","10/11/2026 5:00:00 PM","NS","318","1. Division","Cyprus","Olympiakos","Aris","3415","3408"
"2026-10-11 00:24:42","1612753","2026-10-11","10/11/2026 5:00:00 PM","NS","439","Tercera División RFEF - Group 1","Spain","Lalin","Silva","28095","9615"
"2026-10-11 00:24:42","1612756","2026-10-11","10/11/2026 5:00:00 PM","NS","439","Tercera División RFEF - Group 1","Spain","Sarriana","Arenteiro","22130","9604"
"2026-10-11 00:24:42","1613973","2026-10-11","10/11/2026 5:00:00 PM","NS","443","Tercera División RFEF - Group 5","Spain","Badalona","Vilanova","5250","26542"
"2026-10-11 00:24:42","1615197","2026-10-11","10/11/2026 5:00:00 PM","NS","447","Tercera División RFEF - Group 9","Spain","Arenas Armilla","Malaga City","20272","24962"
"2026-10-11 00:24:42","1615203","2026-10-11","10/11/2026 5:00:00 PM","NS","447","Tercera División RFEF - Group 9","Spain","Motril","Atlético Porcuna","9751","7523"
"2026-10-11 00:24:42","1615204","2026-10-11","10/11/2026 5:00:00 PM","NS","447","Tercera División RFEF - Group 9","Spain","Ciudad de Torredonjimeno","Huétor Vega","9743","9747"
"2026-10-11 00:24:42","1616428","2026-10-11","10/11/2026 5:00:00 PM","NS","451","Tercera División RFEF - Group 13","Spain","Los Garres","Olímpico Totana","9814","9818"
"2026-10-11 00:24:42","1616728","2026-10-11","10/11/2026 5:00:00 PM","NS","452","Tercera División RFEF - Group 14","Spain","Gévora","Llerenense","25032","9833"
"2026-10-11 00:24:42","1617956","2026-10-11","10/11/2026 5:00:00 PM","NS","456","Tercera División RFEF - Group 18","Spain","Toledo","Huracán Balazote","9908","15330"
"2026-10-11 00:24:42","1617958","2026-10-11","10/11/2026 5:00:00 PM","NS","456","Tercera División RFEF - Group 18","Spain","Villarrobledo","Villacañas","9602","9910"
"2026-10-11 00:24:42","1625923","2026-10-11","10/11/2026 5:00:00 PM","NS","433","Serie D - Girone H","Italy","Nocerina","Brindisi","9548","9541"
"2026-10-11 00:24:42","1635995","2026-10-11","10/11/2026 5:00:00 PM","NS","1242","Primera Premier","Mexico","H2O Purepechas","Lobos ULMX","28340","17787"
"2026-10-11 00:24:42","1641797","2026-10-11","10/11/2026 5:00:00 PM","NS","282","Segunda División","Peru","U. San Martin","Bentín Tacna Heroica","2549","22462"
"2026-10-11 00:24:42","1642102","2026-10-11","10/11/2026 5:00:00 PM","NS","664","Superliga","Kosovo","Prishtina","Dukagjini","680","14393"
"2026-10-11 00:24:42","1643398","2026-10-11","10/11/2026 5:00:00 PM","NS","417","Premier League","Bahrain","East Riffa","A'Ali","5485","20386"
"2026-10-11 00:24:42","1643399","2026-10-11","10/11/2026 5:00:00 PM","NS","417","Premier League","Bahrain","Sitra","Al Najma","10238","5479"
"2026-10-11 00:24:42","1643450","2026-10-11","10/11/2026 5:00:00 PM","NS","269","Segunda División","Uruguay","Atenas","Miramar","2364","2373"
"2026-10-11 00:24:42","1506539","2026-10-11","10/11/2026 5:15:00 PM","NS","367","Meistaradeildin","Faroe-Islands","AB","B36 Torshavn","4184","678"
"2026-10-11 00:24:42","1506542","2026-10-11","10/11/2026 5:15:00 PM","NS","367","Meistaradeildin","Faroe-Islands","B68","Vikingur Gota","4186","580"
"2026-10-11 00:24:42","1571159","2026-10-11","10/11/2026 5:15:00 PM","NS","436","Primera División RFEF - Group 2","Spain","Europa Fc","Algeciras","593","9597"
"2026-10-11 00:24:42","1525993","2026-10-11","10/11/2026 5:30:00 PM","NS","116","Premier League","Belarus","FC Dnepr Mogilev","Dinamo Minsk","384","394"
"2026-10-11 00:24:42","1558652","2026-10-11","10/11/2026 5:30:00 PM","NS","144","Jupiler Pro League","Belgium","KVC Westerlo","Antwerp","261","740"
"2026-10-11 00:24:42","1561410","2026-10-11","10/11/2026 5:30:00 PM","NS","235","Premier League","Russia","Rubin","Dynamo","1083","1088"
"2026-10-11 00:24:42","1569966","2026-10-11","10/11/2026 5:30:00 PM","NS","141","Segunda División","Spain","Mallorca","Las Palmas","798","534"
"2026-10-11 00:24:42","1570405","2026-10-11","10/11/2026 5:30:00 PM","NS","140","La Liga","Spain","Real Betis","Osasuna","543","727"
"2026-10-11 00:24:42","1582806","2026-10-11","10/11/2026 5:30:00 PM","NS","315","Premijer Liga","Bosnia","Čelik","FK Sarajevo","3363","679"
"2026-10-11 00:24:42","1590067","2026-10-11","10/11/2026 5:30:00 PM","NS","310","Superliga","Albania","Partizani","Tirana","708","694"
"2026-10-11 00:24:42","1590069","2026-10-11","10/11/2026 5:30:00 PM","NS","310","Superliga","Albania","Vllaznia Shkodër","Dinamo Tirana","3339","3326"
"2026-10-11 00:24:42","1624382","2026-10-11","10/11/2026 5:30:00 PM","NS","427","Serie D - Girone B","Italy","Virtus Verona","Chievo","1707","491"
"2026-10-11 00:24:42","1639793","2026-10-11","10/11/2026 5:30:00 PM","NS","242","Liga Pro","Ecuador","Universidad Catolica","Macara","1157","1155"
"2026-10-11 00:24:42","1571162","2026-10-11","10/11/2026 5:45:00 PM","NS","436","Primera División RFEF - Group 2","Spain","Rayo Majadahonda","Real Murcia","861","5275"
"2026-10-11 00:24:42","1551120","2026-10-11","10/11/2026 6:00:00 PM","NS","172","First League","Bulgaria","CSKA 1948","CSKA Sofia","1426","853"
"2026-10-11 00:24:42","1553884","2026-10-11","10/11/2026 6:00:00 PM","NS","286","Super Liga","Serbia","Zemun","Železničar Pančevo","2642","12360"
"2026-10-11 00:24:42","1560250","2026-10-11","10/11/2026 6:00:00 PM","NS","271","NB I","Hungary","Gyori ETO FC","Puskas Academy","2402","2391"
"2026-10-11 00:24:42","1572996","2026-10-11","10/11/2026 6:00:00 PM","NS","878","Segunda División RFEF - Group 4","Spain","Estepona","Atlético Central","15358","24723"
"2026-10-11 00:24:42","1575511","2026-10-11","10/11/2026 6:00:00 PM","NS","94","Primeira Liga","Portugal","Benfica","Vitória SC","211","224"
"2026-10-11 00:24:42","1576496","2026-10-11","10/11/2026 6:00:00 PM","NS","95","Segunda Liga","Portugal","União de Leiria","Academica","4662","239"
"2026-10-11 00:24:42","1612250","2026-10-11","10/11/2026 6:00:00 PM","NS","233","Premier League","Egypt","Zamalek SC","Al Ahly","1040","1577"
"2026-10-11 00:24:42","1615510","2026-10-11","10/11/2026 6:00:00 PM","NS","448","Tercera División RFEF - Group 10","Spain","Xerez Deportivo","San Roque Lepe","9771","9767"
"2026-10-11 00:24:42","1635279","2026-10-11","10/11/2026 6:00:00 PM","NS","585","Premier League","Uganda","Vipers","Maroons","8114","12454"
"2026-10-11 00:24:42","1635996","2026-10-11","10/11/2026 6:00:00 PM","NS","1242","Primera Premier","Mexico","Montañeses","Tapachula","17788","24954"
"2026-10-11 00:24:42","1641178","2026-10-11","10/11/2026 6:00:00 PM","NS","201","Botola 2","Morocco","Yacoub El Mansour","Riadi Salmi","25058","3456"
"2026-10-11 00:24:42","1645337","2026-10-11","10/11/2026 6:00:00 PM","NS","762","Premier League","Mauritania","AC Douane","Gendrim","17924","20470"
"2026-10-11 00:24:42","1634787","2026-10-11","10/11/2026 6:05:00 PM","NS","330","Premier League","Kuwait","Al Sulaibikhat","Al Jahra","3543","3534"
"2026-10-11 00:24:42","1494777","2026-10-11","10/11/2026 6:15:00 PM","NS","103","Eliteserien","Norway","Lillestrom","Molde","321","329"
"2026-10-11 00:24:42","1555517","2026-10-11","10/11/2026 6:15:00 PM","NS","383","Ligat Ha'al","Israel","Hapoel Ramat Gan","Beitar Jerusalem","4489","657"
"2026-10-11 00:24:42","1558647","2026-10-11","10/11/2026 6:15:00 PM","NS","144","Jupiler Pro League","Belgium","KV Mechelen","St. Truiden","266","735"
"2026-10-11 00:24:42","1559172","2026-10-11","10/11/2026 6:15:00 PM","NS","145","Challenger Pro League","Belgium","KAA Gent II","Seraing United","19685","10244"
"2026-10-11 00:24:42","1561685","2026-10-11","10/11/2026 6:30:00 PM","NS","109","II Liga - East","Poland","Zawisza Bydgoszcz","Znicz Pruszków","13843","6964"
"2026-10-11 00:24:42","1584016","2026-10-11","10/11/2026 6:30:00 PM","NS","80","3. Liga","Germany","Fortuna Düsseldorf","Verl","158","4265"
"2026-10-11 00:24:42","1601550","2026-10-11","10/11/2026 6:30:00 PM","NS","136","Serie B","Italy","Modena","Hellas Verona","899","504"
"2026-10-11 00:24:42","1619745","2026-10-11","10/11/2026 6:30:00 PM","NS","758","Premier Division","Gibraltar","Glacis United","Hound Dogs","16132","16790"
"2026-10-11 00:24:42","1493178","2026-10-11","10/11/2026 6:45:00 PM","NS","128","Liga Profesional Argentina","Argentina","San Lorenzo","Deportivo Riestra","460","476"
"2026-10-11 00:24:42","1498868","2026-10-11","10/11/2026 7:00:00 PM","NS","129","Primera Nacional","Argentina","Atlanta","San Martin Tucuman","1948","485"
"2026-10-11 00:24:42","1498875","2026-10-11","10/11/2026 7:00:00 PM","NS","129","Primera Nacional","Argentina","Deportivo Madryn","Chaco For Ever","1929","1946"
"2026-10-11 00:24:42","1499672","2026-10-11","10/11/2026 7:00:00 PM","NS","131","Primera B Metropolitana","Argentina","Argentino de Merlo","Sportivo Italiano","2430","8388"
"2026-10-11 00:24:42","1505532","2026-10-11","10/11/2026 7:00:00 PM","NS","265","Primera División","Chile","Coquimbo Unido","Colo Colo","2330","2315"
"2026-10-11 00:24:42","1511698","2026-10-11","10/11/2026 7:00:00 PM","NS","266","Primera B","Chile","Deportes Copiapo","Cobreloa","2343","2332"
"2026-10-11 00:24:42","1549501","2026-10-11","10/11/2026 7:00:00 PM","NS","281","Primera División","Peru","UTC Cajamarca","Sporting Cristal","2539","2546"
"2026-10-11 00:24:42","1565265","2026-10-11","10/11/2026 7:00:00 PM","NS","283","Liga I","Romania","Farul Constanta","Petrolul Ploiesti","2596","2598"
"2026-10-11 00:24:42","1593329","2026-10-11","10/11/2026 7:00:00 PM","NS","197","Super League 1","Greece","Olympiakos Piraeus","Panathinaikos","553","617"
"2026-10-11 00:24:42","1603043","2026-10-11","10/11/2026 7:00:00 PM","NS","307","Pro League","Saudi-Arabia","Al Shabab","Al Taawon","2940","2936"
"2026-10-11 00:24:42","1605283","2026-10-11","10/11/2026 7:00:00 PM","NS","1155","Carioca B2","Brazil","SE Belford Roxo","Serra Macaense","22354","13116"
"2026-10-11 00:24:42","1605284","2026-10-11","10/11/2026 7:00:00 PM","NS","1155","Carioca B2","Brazil","Búzios","Friburguense","25962","12295"
"2026-10-11 00:24:42","1605285","2026-10-11","10/11/2026 7:00:00 PM","NS","1155","Carioca B2","Brazil","Cardoso Moreira","Paraty","27826","23638"
"2026-10-11 00:24:42","1605286","2026-10-11","10/11/2026 7:00:00 PM","NS","1155","Carioca B2","Brazil","Rio de Janeiro","Campos AA","22353","13110"
"2026-10-11 00:24:42","1605287","2026-10-11","10/11/2026 7:00:00 PM","NS","1155","Carioca B2","Brazil","Paduano","7 de Abril","20007","17736"
"2026-10-11 00:24:42","1610864","2026-10-11","10/11/2026 7:00:00 PM","NS","1037","Paraibano 2","Brazil","Santa Rita","Spartax","10150","22366"
"2026-10-11 00:24:42","1623144","2026-10-11","10/11/2026 7:00:00 PM","NS","312","1a Divisió","Andorra","Atlètic Club d'Escaldes","Esperança d'Andorra","3345","19195"
"2026-10-11 00:24:42","1630329","2026-10-11","10/11/2026 7:00:00 PM","NS","1150","Gaúcho - 3","Brazil","EC Novo Horizonte","Cruz A.","26747","28276"
"2026-10-11 00:24:42","1637853","2026-10-11","10/11/2026 7:00:00 PM","SUSP","75","Serie C","Brazil","Brusque","Paysandu","1211","149"
"2026-10-11 00:24:42","1637854","2026-10-11","10/11/2026 7:00:00 PM","SUSP","75","Serie C","Brazil","Ferroviária","Inter De Limeira","7826","1201"
"2026-10-11 00:24:42","1643174","2026-10-11","10/11/2026 7:00:00 PM","NS","268","Primera División","Uruguay","Cerro Largo","Albion FC","2369","2378"
"2026-10-11 00:24:42","1643427","2026-10-11","10/11/2026 7:00:00 PM","NS","1088","Pernambucano - U20","Brazil","America PE U20","Santa Cruz U20","23488","13053"
"2026-10-11 00:24:42","1644744","2026-10-11","10/11/2026 7:00:00 PM","NS","710","Nacional B","Bolivia","Chaco","CD IN San Juan FC","26427","26596"
"2026-10-11 00:24:42","1645141","2026-10-11","10/11/2026 7:00:00 PM","NS","1067","Torneo Promocional Amateur","Argentina","Defensores Glew","SAT Moreno","23097","23106"
"2026-10-11 00:24:42","1553184","2026-10-11","10/11/2026 7:15:00 PM","NS","106","Ekstraklasa","Poland","Legia Warszawa","Wisla Krakow","339","338"
"2026-10-11 00:24:42","1558233","2026-10-11","10/11/2026 7:15:00 PM","NS","107","I Liga","Poland","Odra Opole","Miedz Legnica","3488","335"
"2026-10-11 00:24:42","1498867","2026-10-11","10/11/2026 7:30:00 PM","NS","129","Primera Nacional","Argentina","Almirante Brown","San Miguel","8375","8379"
"2026-10-11 00:24:42","1498869","2026-10-11","10/11/2026 7:30:00 PM","NS","129","Primera Nacional","Argentina","CA Estudiantes","Deportivo Moron","1936","469"
"2026-10-11 00:24:42","1498874","2026-10-11","10/11/2026 7:30:00 PM","NS","129","Primera Nacional","Argentina","Defensores De Belgrano","Acassuso","1067","2425"
"2026-10-11 00:24:42","1606336","2026-10-11","10/11/2026 7:30:00 PM","NS","1030","Goiano - 2","Brazil","Goiânia","Mineiros","10674","24769"
"2026-10-11 00:24:42","1637966","2026-10-11","10/11/2026 7:30:00 PM","NS","1133","Goiano - 3","Brazil","Novo Horizonte","Rioverdense","28393","24772"
"2026-10-11 00:24:42","1637967","2026-10-11","10/11/2026 7:30:00 PM","NS","1133","Goiano - 3","Brazil","Royal","Itumbiara","8569","7845"
"2026-10-11 00:24:42","1641288","2026-10-11","10/11/2026 7:30:00 PM","NS","134","Torneo Federal A","Argentina","Costa Brava","Villa Mitre","25757","1938"
"2026-10-11 00:24:42","1641290","2026-10-11","10/11/2026 7:30:00 PM","NS","134","Torneo Federal A","Argentina","El Linqueño","Douglas Haig","21041","789"
"2026-10-11 00:24:42","1644450","2026-10-11","10/11/2026 7:30:00 PM","NS","134","Torneo Federal A","Argentina","Juventud Unida Univ.","Sol de América","3947","3982"
"2026-10-11 00:24:42","1644456","2026-10-11","10/11/2026 7:30:00 PM","NS","134","Torneo Federal A","Argentina","Cipolletti","Alvarado","1949","1962"
"2026-10-11 00:24:42","1550138","2026-10-11","10/11/2026 7:45:00 PM","NS","135","Serie A","Italy","Cagliari","Juventus","490","496"
"2026-10-11 00:24:42","1552782","2026-10-11","10/11/2026 7:45:00 PM","NS","61","Ligue 1","France","Estac Troyes","Marseille","110","81"
"2026-10-11 00:24:42","1639823","2026-10-11","10/11/2026 7:45:00 PM","NS","242","Liga Pro","Ecuador","Orense SC","Deportivo Cuenca","1992","1154"
"2026-10-11 00:24:42","1492400","2026-10-11","10/11/2026 8:00:00 PM","NS","71","Serie A","Brazil","Atletico-MG","Santos","1062","128"
"2026-10-11 00:24:42","1494038","2026-10-11","10/11/2026 8:00:00 PM","NS","489","USL League One","USA","One Knoxville","Spokane Velocity","18905","22785"
"2026-10-11 00:24:42","1498877","2026-10-11","10/11/2026 8:00:00 PM","NS","129","Primera Nacional","Argentina","Gimnasia Jujuy","Gimnasia Y Tiro","479","1928"
"2026-10-11 00:24:42","1498879","2026-10-11","10/11/2026 8:00:00 PM","NS","129","Primera Nacional","Argentina","Patronato","Club Atlético Güemes","444","3969"
"2026-10-11 00:24:42","1498882","2026-10-11","10/11/2026 8:00:00 PM","NS","129","Primera Nacional","Argentina","Temperley","Nueva Chicago","454","484"
"2026-10-11 00:24:42","1520934","2026-10-11","10/11/2026 8:00:00 PM","NS","72","Serie B","Brazil","Juventude","São Bernardo","152","7865"
"2026-10-11 00:24:42","1569962","2026-10-11","10/11/2026 8:00:00 PM","NS","141","Segunda División","Spain","Cadiz","Sporting Gijon","724","731"
"2026-10-11 00:24:42","1570409","2026-10-11","10/11/2026 8:00:00 PM","NS","140","La Liga","Spain","Racing Santander","Valencia","4665","532"
"2026-10-11 00:24:42","1571158","2026-10-11","10/11/2026 8:00:00 PM","NS","436","Primera División RFEF - Group 2","Spain","Atlético Madrid II","Zaragoza","9570","732"
"2026-10-11 00:24:42","1600687","2026-10-11","10/11/2026 8:00:00 PM","NS","711","Segunda División","Chile","Deportes Rengo","Colina","5636","5634"
"2026-10-11 00:24:42","1600688","2026-10-11","10/11/2026 8:00:00 PM","NS","711","Segunda División","Chile","Santiago Morning","Real San Joaquín","2335","18779"
"2026-10-11 00:24:42","1601462","2026-10-11","10/11/2026 8:00:00 PM","NS","163","Liga de Ascenso","Costa-Rica","Quepos Cambute","AD Sarchí","19738","19737"
"2026-10-11 00:24:42","1601463","2026-10-11","10/11/2026 8:00:00 PM","NS","163","Liga de Ascenso","Costa-Rica","Santa Cruz FC","ADR Jicaral","26550","2043"
"2026-10-11 00:24:42","1606335","2026-10-11","10/11/2026 8:00:00 PM","NS","1030","Goiano - 2","Brazil","Goianésia","Bom Jesus EC","7873","26499"
"2026-10-11 00:24:42","1606337","2026-10-11","10/11/2026 8:00:00 PM","NS","1030","Goiano - 2","Brazil","Morrinhos","Grêmio Anápolis","18297","13127"
"2026-10-11 00:24:42","1606338","2026-10-11","10/11/2026 8:00:00 PM","NS","1030","Goiano - 2","Brazil","Rio Verde","Crixás EC","24771","26500"
"2026-10-11 00:24:42","1610863","2026-10-11","10/11/2026 8:00:00 PM","NS","1037","Paraibano 2","Brazil","Cruzeiro PB","Picuiense","24599","22364"
"2026-10-11 00:24:42","1610865","2026-10-11","10/11/2026 8:00:00 PM","NS","1037","Paraibano 2","Brazil","São Paulo Crystal","Guarabira","12911","22363"
"2026-10-11 00:24:42","1610866","2026-10-11","10/11/2026 8:00:00 PM","NS","1037","Paraibano 2","Brazil","Serrano PB","Femar","7836","28058"
"2026-10-11 00:24:42","1610867","2026-10-11","10/11/2026 8:00:00 PM","NS","1037","Paraibano 2","Brazil","Sport PB","Auto Esporte","12910","18306"
"2026-10-11 00:24:42","1619323","2026-10-11","10/11/2026 8:00:00 PM","NS","344","Primera División","Bolivia","Real Potosí","The Strongest","3708","3711"
"2026-10-11 00:24:42","1641287","2026-10-11","10/11/2026 8:00:00 PM","NS","134","Torneo Federal A","Argentina","Boca Unidos","Bartolomé Mitre","467","25756"
"2026-10-11 00:24:42","1641291","2026-10-11","10/11/2026 8:00:00 PM","NS","134","Torneo Federal A","Argentina","Gimnasia Concepción","9 de Julio Rafaela","3945","21040"
"2026-10-11 00:24:42","1643451","2026-10-11","10/11/2026 8:00:00 PM","NS","269","Segunda División","Uruguay","La Luz","Plaza Colonia","18295","2355"
"2026-10-11 00:24:42","1644258","2026-10-11","10/11/2026 8:00:00 PM","NS","241","Copa Colombia","Colombia","Santa Fe","Fortaleza FC","1139","1147"
"2026-10-11 00:24:42","1644451","2026-10-11","10/11/2026 8:00:00 PM","NS","134","Torneo Federal A","Argentina","Sportivo Las Parejas","Defensores de Belgrano VR","1950","2426"
"2026-10-11 00:24:42","1644457","2026-10-11","10/11/2026 8:00:00 PM","NS","134","Torneo Federal A","Argentina","Olimpo Bahia Blanca","San Martin Formosa","443","1935"
"2026-10-11 00:24:42","1644745","2026-10-11","10/11/2026 8:00:00 PM","NS","710","Nacional B","Bolivia","Atletico Sucre","EM Huanuni","28290","15698"
"2026-10-11 00:24:42","1644746","2026-10-11","10/11/2026 8:00:00 PM","NS","710","Nacional B","Bolivia","Unión Tarija","Independiente CBBA","26486","28292"
"2026-10-11 00:24:42","1644747","2026-10-11","10/11/2026 8:00:00 PM","NS","710","Nacional B","Bolivia","Deportivo Tigres","Primero Mayo","28291","26485"
"2026-10-11 00:24:42","1644748","2026-10-11","10/11/2026 8:00:00 PM","NS","710","Nacional B","Bolivia","Mineros Potosi","Ciudad Nueva Santa Cruz","28293","17745"
"2026-10-11 00:24:42","1644749","2026-10-11","10/11/2026 8:00:00 PM","NS","710","Nacional B","Bolivia","San Martin de Yacuiba","Municipal Tiquipaya","28294","15704"
"2026-10-11 00:24:42","1520921","2026-10-11","10/11/2026 8:10:00 PM","NS","72","Serie B","Brazil","Atletico Goianiense","Sport Recife","144","123"
"2026-10-11 00:24:42","1638628","2026-10-11","10/11/2026 8:15:00 PM","NS","164","Úrvalsdeild","Iceland","Breidablik","Keflavik","276","269"
"2026-10-11 00:24:42","1638630","2026-10-11","10/11/2026 8:15:00 PM","NS","164","Úrvalsdeild","Iceland","Vikingur Reykjavik","IA Akranes","278","827"
"2026-10-11 00:24:42","1575510","2026-10-11","10/11/2026 8:30:00 PM","NS","94","Primeira Liga","Portugal","Arouca","Estrela","240","15130"
"2026-10-11 00:24:42","1645223","2026-10-11","10/11/2026 8:30:00 PM","NS","300","Segunda División","Venezuela","Petare FC","Dinamo de Puerto La Cruz","2853","2858"
"2026-10-11 00:24:42","1645226","2026-10-11","10/11/2026 8:30:00 PM","NS","300","Segunda División","Venezuela","Atletico el Vigia FC","Urena SC","2832","2816"
"2026-10-11 00:24:42","1645227","2026-10-11","10/11/2026 8:30:00 PM","NS","300","Segunda División","Venezuela","Real Frontera","Puerto Cabello II","2847","25902"
"2026-10-11 00:24:42","1645338","2026-10-11","10/11/2026 8:50:00 PM","NS","762","Premier League","Mauritania","Nouakchott King's","SNIM","16172","8071"
"2026-10-11 00:24:42","1493174","2026-10-11","10/11/2026 9:00:00 PM","NS","128","Liga Profesional Argentina","Argentina","Platense","Argentinos JRS","1064","458"
"2026-10-11 00:24:42","1493177","2026-10-11","10/11/2026 9:00:00 PM","NS","128","Liga Profesional Argentina","Argentina","Rosario Central","Independ. Rivadavia","437","473"
"2026-10-11 00:24:42","1498870","2026-10-11","10/11/2026 9:00:00 PM","NS","129","Primera Nacional","Argentina","Atletico Mitre","Colon Santa Fe","466","448"
"2026-10-11 00:24:42","1498871","2026-10-11","10/11/2026 9:00:00 PM","NS","129","Primera Nacional","Argentina","Central Norte","Ferro Carril Oeste","1951","470"
"2026-10-11 00:24:42","1498876","2026-10-11","10/11/2026 9:00:00 PM","NS","129","Primera Nacional","Argentina","Deportivo Maipu","San Martin S.J.","1954","461"
"2026-10-11 00:24:42","1549598","2026-10-11","10/11/2026 9:00:00 PM","NS","240","Primera B","Colombia","Envigado","Internacional Palmira","1129","23326"
"2026-10-11 00:24:42","1610589","2026-10-11","10/11/2026 9:00:00 PM","NS","711","Segunda División","Chile","General Velásquez","Lota Schwager","5639","27606"
"2026-10-11 00:24:42","1632029","2026-10-11","10/11/2026 9:00:00 PM","NS","252","Division Profesional - Clausura","Paraguay","Rubio NU","Olimpia","1185","1182"
"2026-10-11 00:24:42","1634918","2026-10-11","10/11/2026 9:00:00 PM","NS","759","Liga Mayor","Dominican-Republic","Vega Real","Salcedo","16142","25556"
"2026-10-11 00:24:42","1638777","2026-10-11","10/11/2026 9:00:00 PM","NS","299","Primera División","Venezuela","Anzoátegui FC","Carabobo FC","18806","2810"
"2026-10-11 00:24:42","1638779","2026-10-11","10/11/2026 9:00:00 PM","NS","299","Primera División","Venezuela","Trujillanos FC","Puerto Cabello","2815","2827"
"2026-10-11 00:24:42","1641796","2026-10-11","10/11/2026 9:00:00 PM","NS","282","Segunda División","Peru","Santos","Deportivo Binacional","4226","2550"
"2026-10-11 00:24:42","1644209","2026-10-11","10/11/2026 9:00:00 PM","NS","200","Botola Pro","Morocco","Wydad AC","CODM Meknès","968","22218"
"2026-10-11 00:24:42","1645224","2026-10-11","10/11/2026 9:00:00 PM","NS","300","Segunda División","Venezuela","Aragua FC","Mineros de Guyana","2817","2824"
"2026-10-11 00:24:42","1645375","2026-10-11","10/11/2026 9:00:00 PM","NS","322","Premier League","Jamaica","Cavalier","Montego Bay United","3437","3441"
"2026-10-11 00:24:42","1645376","2026-10-11","10/11/2026 9:00:00 PM","NS","322","Premier League","Jamaica","Dunbeholden","Molynes United","3438","6407"
"2026-10-11 00:24:42","1645377","2026-10-11","10/11/2026 9:00:00 PM","NS","322","Premier League","Jamaica","Humble Lions","Chapelton","3440","20597"
"2026-10-11 00:24:42","1641798","2026-10-11","10/11/2026 9:15:00 PM","NS","282","Segunda División","Peru","Comerciantes","Deportiva Agropecuaria","10494","22469"
"2026-10-11 00:24:42","1492405","2026-10-11","10/11/2026 9:30:00 PM","NS","71","Serie A","Brazil","Flamengo","Fluminense","127","124"
"2026-10-11 00:24:42","1492406","2026-10-11","10/11/2026 9:30:00 PM","NS","71","Serie A","Brazil","Gremio","Internacional","130","119"
"2026-10-11 00:24:42","1492407","2026-10-11","10/11/2026 9:30:00 PM","NS","71","Serie A","Brazil","Palmeiras","Corinthians","121","131"
"2026-10-11 00:24:42","1505533","2026-10-11","10/11/2026 9:30:00 PM","NS","265","Primera División","Chile","Concepción","Union La Calera","5635","2326"
"2026-10-11 00:24:42","1520926","2026-10-11","10/11/2026 9:30:00 PM","NS","72","Serie B","Brazil","Nautico Recife","Vila Nova","755","142"
"2026-10-11 00:24:42","1549507","2026-10-11","10/11/2026 9:30:00 PM","NS","281","Primera División","Peru","Sport Boys","Alianza Atletico","2544","2560"
"2026-10-11 00:24:42","1641294","2026-10-11","10/11/2026 9:30:00 PM","NS","134","Torneo Federal A","Argentina","Sportivo Belgrano","Sarmiento de La Banda","1966","23255"
"2026-10-11 00:24:42","1559663","2026-10-11","10/11/2026 10:00:00 PM","NS","339","Liga Nacional","Guatemala","Deportivo San Pedro","Comunicaciones","27883","3658"
"2026-10-11 00:24:42","1583786","2026-10-11","10/11/2026 10:00:00 PM","NS","304","Liga Panameña de Fútbol","Panama","Union Cocle","Herrera","27364","15619"
"2026-10-11 00:24:42","1600627","2026-10-11","10/11/2026 10:00:00 PM","NS","370","Primera Division","El-Salvador","Águila","Isidro Metapán","4310","4304"
"2026-10-11 00:24:42","1600628","2026-10-11","10/11/2026 10:00:00 PM","NS","370","Primera Division","El-Salvador","Atletico Balboa","FAS","28018","4302"
"2026-10-11 00:24:42","1636819","2026-10-11","10/11/2026 10:00:00 PM","NS","234","Liga Nacional","Honduras","Estrella Roja","Real Espana","11370","1058"
"2026-10-11 00:24:42","1638966","2026-10-11","10/11/2026 10:00:00 PM","NS","396","Primera Division","Nicaragua","Jalapa","Managua","10160","4644"
"2026-10-11 00:24:42","1641609","2026-10-11","10/11/2026 10:00:00 PM","NS","909","MLS Next Pro","USA","New York RB II","Huntsville City","4004","21140"
"2026-10-11 00:24:42","1644220","2026-10-11","10/11/2026 10:00:00 PM","NS","1048","Premier Division","Antigua-And-Barbuda","Pigotts Bullets","Garden Stars","22800","22793"
"2026-10-11 00:24:42","1644445","2026-10-11","10/11/2026 10:00:00 PM","NS","666","Friendlies Women","World","Chile W","Bolivia W","1977","16924"
"2026-10-11 00:24:42","1645228","2026-10-11","10/11/2026 10:00:00 PM","NS","300","Segunda División","Venezuela","Deportivo Lara","Zamora FC B","2812","2841"
"2026-10-11 00:24:42","1549818","2026-10-11","10/11/2026 10:05:00 PM","NS","239","Primera A","Colombia","Jaguares","Deportes Tolima","1133","1142"
"2026-10-11 00:24:42","1619324","2026-10-11","10/11/2026 10:15:00 PM","NS","344","Primera División","Bolivia","Aurora","Nacional Potosí","3637","3706"
"2026-10-11 00:24:42","1520924","2026-10-11","10/11/2026 10:30:00 PM","NS","72","Serie B","Brazil","Cuiaba","Avai","1193","145"
"2026-10-11 00:24:42","1520928","2026-10-11","10/11/2026 10:30:00 PM","NS","72","Serie B","Brazil","Operario-PR","Goias","1223","151"
"2026-10-11 00:24:42","1638776","2026-10-11","10/11/2026 10:30:00 PM","NS","299","Primera División","Venezuela","Caracas FC","Zamora FC","2808","2806"
"2026-10-11 00:24:42","1639792","2026-10-11","10/11/2026 10:30:00 PM","NS","242","Liga Pro","Ecuador","LDU de Quito","Barcelona SC","1158","1152"
"2026-10-11 00:24:42","1643175","2026-10-11","10/11/2026 10:30:00 PM","NS","268","Primera División","Uruguay","Central Espanol","Club Nacional","2368","2356"
"2026-10-11 00:24:42","1549596","2026-10-11","10/11/2026 11:00:00 PM","NS","240","Primera B","Colombia","Barranquilla","Quindio","1466","1461"
"2026-10-11 00:24:42","1549602","2026-10-11","10/11/2026 11:00:00 PM","NS","240","Primera B","Colombia","Union Magdalena","Leones FC","1465","1143"
"2026-10-11 00:24:42","1631761","2026-10-11","10/11/2026 11:00:00 PM","NS","722","Liga Premier Serie A","Mexico","Acambaro","Ciervos","22051","15925"
"2026-10-11 00:24:42","1631762","2026-10-11","10/11/2026 11:00:00 PM","NS","722","Liga Premier Serie A","Mexico","Guerreros","Héroes de Zaci","26426","26526"
"2026-10-11 00:24:42","1631763","2026-10-11","10/11/2026 11:00:00 PM","NS","722","Liga Premier Serie A","Mexico","Real Apodaca","Correcaminos UAT II","22047","17782"
"2026-10-11 00:24:42","1634920","2026-10-11","10/11/2026 11:00:00 PM","NS","759","Liga Mayor","Dominican-Republic","Cibao","Atlántico","8004","16138"
"2026-10-11 00:24:42","1638780","2026-10-11","10/11/2026 11:00:00 PM","NS","299","Primera División","Venezuela","Monagas SC","Estudiantes de Merida FC","2811","2818"
"2026-10-11 00:24:42","1643452","2026-10-11","10/11/2026 11:00:00 PM","NS","269","Segunda División","Uruguay","Sportivo Huracan","Fenix","2377","2357"
"2026-10-11 00:24:42","1645241","2026-10-11","10/11/2026 11:00:00 PM","NS","568","Eerste Divisie","Suriname","Robin Hood","FC Inter Wanica","10980","12214"
"2026-10-11 00:24:42","1493175","2026-10-11","10/11/2026 11:15:00 PM","NS","128","Liga Profesional Argentina","Argentina","Racing Club","Belgrano Cordoba","436","440"
"2026-10-11 00:24:42","1632027","2026-10-11","10/11/2026 11:20:00 PM","NS","252","Division Profesional - Clausura","Paraguay","Libertad Asuncion","Club Guarani","1179","1174"
"2026-10-11 00:24:42","1492401","2026-10-11","10/11/2026 11:30:00 PM","NS","71","Serie A","Brazil","Bahia","Mirassol","118","7848"
"2026-10-11 00:24:42","1498872","2026-10-11","10/11/2026 11:30:00 PM","NS","129","Primera Nacional","Argentina","Ciudad de Bolívar","San Telmo","16612","1932"
