"snapshot","fixture_id","date","kickoff","status","league_id","league","country","home","away","home_id","away_id"
"2026-10-04 13:04:57","1493721","2026-10-04","10/4/2026 12:00:00 AM","FT","255","USL Championship","USA","Brooklyn","Rhode Island","27252","22855"
"2026-10-04 13:04:57","1493723","2026-10-04","10/4/2026 12:00:00 AM","FT","255","USL Championship","USA","Detroit City","Birmingham Legion","9043","3989"
"2026-10-04 13:04:57","1493727","2026-10-04","10/4/2026 12:00:00 AM","FT","255","USL Championship","USA","Lexington","El Paso Locomotive","20808","3993"
"2026-10-04 13:04:57","1494020","2026-10-04","10/4/2026 12:00:00 AM","FT","489","USL League One","USA","Naples","NY Cosmos","25485","9033"
"2026-10-04 13:04:57","1494025","2026-10-04","10/4/2026 12:00:00 AM","FT","489","USL League One","USA","Westchester SC","Alta","25488","25838"
"2026-10-04 13:04:57","1511610","2026-10-04","10/4/2026 12:00:00 AM","FT","266","Primera B","Chile","Deportes Santa Cruz","San Marcos de Arica","2346","2345"
"2026-10-04 13:04:57","1600619","2026-10-04","10/4/2026 12:00:00 AM","FT","370","Primera Division","El-Salvador","Isidro Metapán","Atletico Balboa","4304","28018"
"2026-10-04 13:04:57","1601452","2026-10-04","10/4/2026 12:00:00 AM","FT","163","Liga de Ascenso","Costa-Rica","Aserri FC","Quepos Cambute","2056","19738"
"2026-10-04 13:04:57","1603385","2026-10-04","10/4/2026 12:00:00 AM","FT","673","Liga MX Femenil","Mexico","Querétaro W","Atlético San Luis W","14871","14874"
"2026-10-04 13:04:57","1635984","2026-10-04","10/4/2026 12:00:00 AM","FT","1242","Primera Premier","Mexico","Tapachula","Chapulineros","24954","26525"
"2026-10-04 13:04:57","1635985","2026-10-04","10/4/2026 12:00:00 AM","FT","1242","Primera Premier","Mexico","Inter Playa del Carmen","Deportiva Venados","12793","19907"
"2026-10-04 13:04:57","1607641","2026-10-04","10/4/2026 12:10:00 AM","PEN","241","Copa Colombia","Colombia","Barranquilla","Millonarios","1466","1125"
"2026-10-04 13:04:57","1583781","2026-10-04","10/4/2026 12:15:00 AM","FT","304","Liga Panameña de Fútbol","Panama","Veraguas","Tauro FC","15620","2885"
"2026-10-04 13:04:57","1493732","2026-10-04","10/4/2026 12:30:00 AM","FT","255","USL Championship","USA","Tampa Bay Rowdies","Miami FC","4021","9030"
"2026-10-04 13:04:57","1494021","2026-10-04","10/4/2026 12:30:00 AM","FT","489","USL League One","USA","Fort Wayne","Forward Madison","16679","9025"
"2026-10-04 13:04:57","1494023","2026-10-04","10/4/2026 12:30:00 AM","FT","489","USL League One","USA","Sarasota Paradise","Charlotte Independence","21289","3991"
"2026-10-04 13:04:57","1619704","2026-10-04","10/4/2026 12:30:00 AM","FT","964","Copa de la División Profesional","Bolivia","The Strongest","Universitario de Vinto","3711","17762"
"2026-10-04 13:04:57","1643510","2026-10-04","10/4/2026 12:30:00 AM","FT","667","Friendlies Clubs","World","Monterrey","Toluca","2282","2281"
"2026-10-04 13:04:57","1493724","2026-10-04","10/4/2026 1:00:00 AM","FT","255","USL Championship","USA","FC Tulsa","Sacramento Republic","4022","4015"
"2026-10-04 13:04:57","1631624","2026-10-04","10/4/2026 1:00:00 AM","FT","872","Liga Premier Serie B","Mexico","Deportivo Ayense","Racing de Veracruz 2","22054","28302"
"2026-10-04 13:04:57","1631754","2026-10-04","10/4/2026 1:00:00 AM","FT","722","Liga Premier Serie A","Mexico","Dragones de Oaxaca","Real Refineros","26393","28307"
"2026-10-04 13:04:57","1635981","2026-10-04","10/4/2026 1:00:00 AM","FT","1242","Primera Premier","Mexico","Tigres de Alica","H2O Purepechas","24952","28340"
"2026-10-04 13:04:57","1638959","2026-10-04","10/4/2026 1:00:00 AM","FT","396","Primera Division","Nicaragua","Walter Ferretti","Jalapa","4648","10160"
"2026-10-04 13:04:57","1639024","2026-10-04","10/4/2026 1:00:00 AM","FT","955","National League - National","New-Zealand","Auckland United","Napier City Rovers","20649","20642"
"2026-10-04 13:04:57","1640514","2026-10-04","10/4/2026 1:00:00 AM","FT","10","Friendlies","World","Argentina","Burkina Faso","26","1502"
"2026-10-04 13:04:57","1508568","2026-10-04","10/4/2026 1:45:00 AM","FT","254","NWSL Women","USA","Portland Thorns W","Boston Legacy W","3001","27377"
"2026-10-04 13:04:57","1493722","2026-10-04","10/4/2026 2:00:00 AM","FT","255","USL Championship","USA","Colorado Springs","Oakland Roots","3992","10874"
"2026-10-04 13:04:57","1494024","2026-10-04","10/4/2026 2:00:00 AM","FT","489","USL League One","USA","Spokane Velocity","Portland Hearts of Pine","22785","25486"
"2026-10-04 13:04:57","1581436","2026-10-04","10/4/2026 2:00:00 AM","FT","263","Liga de Expansión MX","Mexico","Durango","Mineros de Zacatecas","15941","2299"
"2026-10-04 13:04:57","1581437","2026-10-04","10/4/2026 2:00:00 AM","FT","263","Liga de Expansión MX","Mexico","Monarcas","Tlaxcala","2284","14280"
"2026-10-04 13:04:57","1581438","2026-10-04","10/4/2026 2:00:00 AM","FT","263","Liga de Expansión MX","Mexico","Cancún","Tapatío","14276","14278"
"2026-10-04 13:04:57","1581480","2026-10-04","10/4/2026 2:00:00 AM","FT","263","Liga de Expansión MX","Mexico","Piratas","Alebrijes de Oaxaca","27935","2300"
"2026-10-04 13:04:57","1600620","2026-10-04","10/4/2026 2:00:00 AM","FT","370","Primera Division","El-Salvador","Alianza","Firpo","4299","4303"
"2026-10-04 13:04:57","1635986","2026-10-04","10/4/2026 2:00:00 AM","FT","1242","Primera Premier","Mexico","Lobos ULMX","Tritons Vallarta","17787","17790"
"2026-10-04 13:04:57","1635987","2026-10-04","10/4/2026 2:00:00 AM","NS","1242","Primera Premier","Mexico","Los Cabos United","Cordobés","19908","24939"
"2026-10-04 13:04:57","1639025","2026-10-04","10/4/2026 2:00:00 AM","FT","955","National League - National","New-Zealand","Cashmere Technical","Wellington Phoenix II","20651","2535"
"2026-10-04 13:04:57","1603386","2026-10-04","10/4/2026 2:06:00 AM","FT","673","Liga MX Femenil","Mexico","Tijuana W","Atlante W","14872","28036"
"2026-10-04 13:04:57","1549653","2026-10-04","10/4/2026 2:20:00 AM","FT","240","Primera B","Colombia","Real Cartagena","Popayan","1459","1460"
"2026-10-04 13:04:57","1583779","2026-10-04","10/4/2026 2:30:00 AM","FT","304","Liga Panameña de Fútbol","Panama","Plaza Amador","Deportivo Universitario","2883","2888"
"2026-10-04 13:04:57","1601455","2026-10-04","10/4/2026 2:30:00 AM","FT","163","Liga de Ascenso","Costa-Rica","Municipal Grecia","Santa Cruz FC","818","26550"
"2026-10-04 13:04:57","1493730","2026-10-04","10/4/2026 3:00:00 AM","FT","255","USL Championship","USA","Orange County SC","Monterey Bay","4007","18375"
"2026-10-04 13:04:57","1559660","2026-10-04","10/4/2026 3:00:00 AM","FT","339","Liga Nacional","Guatemala","Xelajú","Deportivo San Pedro","3667","27883"
"2026-10-04 13:04:57","1629004","2026-10-04","10/4/2026 3:00:00 AM","FT","10","Friendlies","World","USA","Mexico","2384","16"
"2026-10-04 13:04:57","1639983","2026-10-04","10/4/2026 3:00:00 AM","FT","536","CONCACAF Nations League","World","Belize","French Guyana","5528","8118"
"2026-10-04 13:04:57","1493726","2026-10-04","10/4/2026 3:30:00 AM","FT","255","USL Championship","USA","Las Vegas Lights","San Antonio","3998","4017"
"2026-10-04 13:04:57","1603387","2026-10-04","10/4/2026 4:10:00 AM","FT","673","Liga MX Femenil","Mexico","Necaxa W","Cruz Azul W","14880","14875"
"2026-10-04 13:04:57","1583874","2026-10-04","10/4/2026 5:00:00 AM","FT","1025","Second League A - Division A Gold","Russia","Dinamo Vladivostok","Volgar Astrakhan","16856","2004"
"2026-10-04 13:04:57","1606681","2026-10-04","10/4/2026 5:00:00 AM","FT","99","J2 League","Japan","Consadole Sapporo","Iwaki","279","7127"
"2026-10-04 13:04:57","1606682","2026-10-04","10/4/2026 5:00:00 AM","FT","99","J2 League","Japan","Vanraure Hachinohe","Yokohama FC","4326","307"
"2026-10-04 13:04:57","1520565","2026-10-04","10/4/2026 6:00:00 AM","FT","295","K3 League","South-Korea","Dangjin Citizen","Gyeongju HNP","18653","7083"
"2026-10-04 13:04:57","1520566","2026-10-04","10/4/2026 6:00:00 AM","FT","295","K3 League","South-Korea","Mokpo City","Busan Transportation","7096","7056"
"2026-10-04 13:04:57","1555725","2026-10-04","10/4/2026 6:00:00 AM","FT","100","J3 League","Japan","Kamatamare Sanuki","Tochigi SC","317","315"
"2026-10-04 13:04:57","1569849","2026-10-04","10/4/2026 6:00:00 AM","FT","1234","K4 League","South-Korea","Jincheon","Jungnang Chorus Mustang","27863","7092"
"2026-10-04 13:04:57","1569850","2026-10-04","10/4/2026 6:00:00 AM","FT","1234","K4 League","South-Korea","Seosan Pioneer","Pyeongchang United","27865","18656"
"2026-10-04 13:04:57","1606683","2026-10-04","10/4/2026 6:00:00 AM","FT","99","J2 League","Japan","Blaublitz Akita","Sagan Tosu","4315","295"
"2026-10-04 13:04:57","1640420","2026-10-04","10/4/2026 6:00:00 AM","FT","764","Premier League","Mongolia","Central Stallions","Khovd Western","22067","26669"
"2026-10-04 13:04:57","1569851","2026-10-04","10/4/2026 7:00:00 AM","FT","1234","K4 League","South-Korea","Pyeongtaek Citizen","Sejong SA","7101","25720"
"2026-10-04 13:04:57","1606684","2026-10-04","10/4/2026 7:00:00 AM","FT","99","J2 League","Japan","Vegalta Sendai","Jubilo Iwata","286","280"
"2026-10-04 13:04:57","1637230","2026-10-04","10/4/2026 8:00:00 AM","FT","1243","Super League Women","South-Africa","Richmond United W","Mamelodi Sundowns W","28358","25376"
"2026-10-04 13:04:57","1639094","2026-10-04","10/4/2026 8:00:00 AM","FT","765","PFL","Philippines","Manila Digger","Dynamic Herb Cebu","21576","18265"
"2026-10-04 13:04:57","1599244","2026-10-04","10/4/2026 9:00:00 AM","FT","676","Central Youth League","Poland","Stal Rzeszów U19","Raków Częstochowa U19","24519","20594"
"2026-10-04 13:04:57","1634001","2026-10-04","10/4/2026 9:00:00 AM","FT","653","Second League - Group 4","Russia","Ural II","Nosta","12887","6818"
"2026-10-04 13:04:57","1637964","2026-10-04","10/4/2026 9:00:00 AM","FT","1199","League Cup","Hong-Kong","BC Rangers","Wofoo Tai Po","26471","4457"
"2026-10-04 13:04:57","1637965","2026-10-04","10/4/2026 9:00:00 AM","FT","1199","League Cup","Hong-Kong","Kowloon City","Eastern District","20392","4467"
"2026-10-04 13:04:57","1640421","2026-10-04","10/4/2026 9:00:00 AM","FT","764","Premier League","Mongolia","Deren","Khovd","16185","18104"
"2026-10-04 13:04:57","1640844","2026-10-04","10/4/2026 9:00:00 AM","FT","734","Diski Challenge","South-Africa","Marumo Gallants U23","Sekhukhune United U23","17717","17719"
"2026-10-04 13:04:57","1640845","2026-10-04","10/4/2026 9:00:00 AM","FT","734","Diski Challenge","South-Africa","Polokwane City U23","Golden Arrows U23","22378","15991"
"2026-10-04 13:04:57","1641018","2026-10-04","10/4/2026 9:00:00 AM","FT","734","Diski Challenge","South-Africa","Milford FC U23","Kruger United U23","28444","28443"
"2026-10-04 13:04:57","1562522","2026-10-04","10/4/2026 9:15:00 AM","FT","352","4. liga - Divizie C","Czech-Republic","Chlumec nad Cidlinou","Hlinsko","7281","7295"
"2026-10-04 13:04:57","1562651","2026-10-04","10/4/2026 9:15:00 AM","FT","348","3. liga - CFL A","Czech-Republic","Admira Praha","Jiskra Domažlice","7268","7304"
"2026-10-04 13:04:57","1562652","2026-10-04","10/4/2026 9:15:00 AM","FT","348","3. liga - CFL A","Czech-Republic","Bohemians 1905 II","Písek","14473","7334"
"2026-10-04 13:04:57","1562775","2026-10-04","10/4/2026 9:15:00 AM","FT","685","3. liga - CFL B","Czech-Republic","Hradec Králové II","Mladá Boleslav II","14495","12816"
"2026-10-04 13:04:57","1577954","2026-10-04","10/4/2026 9:15:00 AM","FT","349","3. liga - MSFL","Czech-Republic","Zbrojovka Brno II","Blansko","8633","7276"
"2026-10-04 13:04:57","1577956","2026-10-04","10/4/2026 9:15:00 AM","FT","349","3. liga - MSFL","Czech-Republic","Karviná II","Zlín II","15134","8625"
"2026-10-04 13:04:57","1577958","2026-10-04","10/4/2026 9:15:00 AM","FT","349","3. liga - MSFL","Czech-Republic","Uničov","Polanka nad Odrou","7369","7332"
"2026-10-04 13:04:57","1561156","2026-10-04","10/4/2026 9:30:00 AM","FT","506","2. liga","Slovakia","Petržalka","Malženice","10538","14058"
"2026-10-04 13:04:57","1562656","2026-10-04","10/4/2026 9:30:00 AM","FT","348","3. liga - CFL A","Czech-Republic","Viktoria Plzeň II","Dukla Praha II","8620","15132"
"2026-10-04 13:04:57","1565737","2026-10-04","10/4/2026 9:30:00 AM","NS","646","3. liga - Center","Slovakia","Ružomberok II","Banská Byst II","10541","26242"
"2026-10-04 13:04:57","1566109","2026-10-04","10/4/2026 9:30:00 AM","NS","644","3. liga - West","Slovakia","Trenčín II","Nitra","26247","3547"
"2026-10-04 13:04:57","1566111","2026-10-04","10/4/2026 9:30:00 AM","NS","644","3. liga - West","Slovakia","DAC II","Komárno II","26244","26245"
"2026-10-04 13:04:57","1589726","2026-10-04","10/4/2026 9:30:00 AM","NS","794","3. SNL - East","Slovenia","Videm","Šampion Celje","6725","6726"
"2026-10-04 13:04:57","1637658","2026-10-04","10/4/2026 9:30:00 AM","FT","275","Liga 2","Indonesia","Barito Putera","Persela Lamongan","2453","2450"
"2026-10-04 13:04:57","1637659","2026-10-04","10/4/2026 9:30:00 AM","FT","275","Liga 2","Indonesia","Deltras","Persiba Balikpapan","15771","2457"
"2026-10-04 13:04:57","1566365","2026-10-04","10/4/2026 9:45:00 AM","FT","745","Oberliga - Hamburg","Germany","Paloma","ETSV Hamburg","12828","20851"
"2026-10-04 13:04:57","1497257","2026-10-04","10/4/2026 10:00:00 AM","FT","778","3. Division - Girone 5","Norway","Skjervøy","Fauske Sprint","7024","27277"
"2026-10-04 13:04:57","1536482","2026-10-04","10/4/2026 10:00:00 AM","FT","652","Second League - Group 2","Russia","Yenisey II","Chertanovo Moscow","17724","2014"
"2026-10-04 13:04:57","1555724","2026-10-04","10/4/2026 10:00:00 AM","FT","100","J3 League","Japan","Kagoshima United","Fukushima United","2236","4318"
"2026-10-04 13:04:57","1562777","2026-10-04","10/4/2026 10:00:00 AM","FT","685","3. liga - CFL B","Czech-Republic","Teplice II","Neratovice-Byškovice","12877","7320"
"2026-10-04 13:04:57","1567261","2026-10-04","10/4/2026 10:00:00 AM","FT","939","Oberliga - Bayern Süd","Germany","Hankofen-Hailing","Landshut","12780","27898"
"2026-10-04 13:04:57","1572681","2026-10-04","10/4/2026 10:00:00 AM","FT","877","Segunda División RFEF - Group 3","Spain","Deportiva Minera","La Nucía","9811","9393"
"2026-10-04 13:04:57","1594389","2026-10-04","10/4/2026 10:00:00 AM","FT","1023","NB III - Southeast","Hungary","Honvéd II","III. Kerületi TUE","11853","5102"
"2026-10-04 13:04:57","1607023","2026-10-04","10/4/2026 10:00:00 AM","NS","1034","2. Frauen Bundesliga","Germany","Ingolstadt W","Bochum W","20483","20473"
"2026-10-04 13:04:57","1616415","2026-10-04","10/4/2026 10:00:00 AM","FT","451","Tercera División RFEF - Group 13","Spain","Cartagena LU II","Algar","17715","20438"
"2026-10-04 13:04:57","1630094","2026-10-04","10/4/2026 10:00:00 AM","FT","1241","U19 league","Serbia","Partizan U19","Vojvodina U19","22398","28270"
"2026-10-04 13:04:57","1637228","2026-10-04","10/4/2026 10:00:00 AM","NS","1243","Super League Women","South-Africa","University of Johannesburg W","Tshwane University W","28363","28361"
"2026-10-04 13:04:57","1643004","2026-10-04","10/4/2026 10:00:00 AM","FT","10","Friendlies","World","Brazil U20","Mexico U20","16200","10293"
"2026-10-04 13:04:57","1572686","2026-10-04","10/4/2026 10:30:00 AM","FT","877","Segunda División RFEF - Group 3","Spain","Valencia II","Peña Deportiva","9594","9405"
"2026-10-04 13:04:57","1572990","2026-10-04","10/4/2026 10:30:00 AM","FT","878","Segunda División RFEF - Group 4","Spain","Sevilla Atletico","Badajoz","730","9382"
"2026-10-04 13:04:57","1581923","2026-10-04","10/4/2026 10:30:00 AM","2H","334","Persha Liga","Ukraine","Kolos Kovalivka II","Oleksandria","24585","3619"
"2026-10-04 13:04:57","1582138","2026-10-04","10/4/2026 10:30:00 AM","FT","638","Kvindeliga","Denmark","Odense Q W","Fortuna Hjørring W","13984","10890"
"2026-10-04 13:04:57","1614575","2026-10-04","10/4/2026 10:30:00 AM","FT","445","Tercera División RFEF - Group 7","Spain","Torrejón","Unión Adarve","9717","9719"
"2026-10-04 13:04:57","1614581","2026-10-04","10/4/2026 10:30:00 AM","FT","445","Tercera División RFEF - Group 7","Spain","RC Alcobendas","Rayo Vallecano II","28105","9715"
"2026-10-04 13:04:57","1614583","2026-10-04","10/4/2026 10:30:00 AM","FT","445","Tercera División RFEF - Group 7","Spain","Trival Valderas","Las Rozas","9718","9395"
"2026-10-04 13:04:57","1616418","2026-10-04","10/4/2026 10:30:00 AM","FT","451","Tercera División RFEF - Group 13","Spain","Atlético Pulpileño","Santomera","9808","24655"
"2026-10-04 13:04:57","1617941","2026-10-04","10/4/2026 10:30:00 AM","FT","456","Tercera División RFEF - Group 18","Spain","Manchego","Almansa","9905","9896"
"2026-10-04 13:04:57","1620392","2026-10-04","10/4/2026 10:30:00 AM","FT","580","Gamma Ethniki - Group 5","Greece","Asteras Stavros","Diagoras Agias","20048","28160"
"2026-10-04 13:04:57","1643199","2026-10-04","10/4/2026 10:30:00 AM","FT","10","Friendlies","World","Faroe Islands U19","United Arab Emirates U19","10362","22439"
"2026-10-04 13:04:57","1572679","2026-10-04","10/4/2026 10:45:00 AM","FT","877","Segunda División RFEF - Group 3","Spain","Castellonense","Real Murcia II","22138","9820"
"2026-10-04 13:04:57","1614576","2026-10-04","10/4/2026 10:45:00 AM","FT","445","Tercera División RFEF - Group 7","Spain","Móstoles","Leganés II","9712","9710"
"2026-10-04 13:04:57","1639093","2026-10-04","10/4/2026 10:45:00 AM","FT","765","PFL","Philippines","Davao Aguilas","Tuloy","22754","21580"
"2026-10-04 13:04:57","1501498","2026-10-04","10/4/2026 11:00:00 AM","FT","736","Elitettan","Sweden","Umeå W","Husqvarna W","11081","16033"
"2026-10-04 13:04:57","1511234","2026-10-04","10/4/2026 11:00:00 AM","FT","595","Division 2 - Södra Svealand","Sweden","Nacka Iliria","Karlslund","14510","11660"
"2026-10-04 13:04:57","1570767","2026-10-04","10/4/2026 11:00:00 AM","FT","435","Primera División RFEF - Group 1","Spain","Athletic Club II","Extremadura 1924","9579","24612"
"2026-10-04 13:04:57","1570773","2026-10-04","10/4/2026 11:00:00 AM","FT","435","Primera División RFEF - Group 1","Spain","UD Logroñés","Deportivo La Coruña II","5280","9610"
"2026-10-04 13:04:57","1571151","2026-10-04","10/4/2026 11:00:00 AM","FT","436","Primera División RFEF - Group 2","Spain","Real Murcia","Gimnastic","5275","714"
"2026-10-04 13:04:57","1571154","2026-10-04","10/4/2026 11:00:00 AM","FT","436","Primera División RFEF - Group 2","Spain","Villarreal II","Ibiza","9595","9390"
"2026-10-04 13:04:57","1572678","2026-10-04","10/4/2026 11:00:00 AM","FT","877","Segunda División RFEF - Group 3","Spain","Atlético Baleares","Poblense","9381","5273"
"2026-10-04 13:04:57","1572680","2026-10-04","10/4/2026 11:00:00 AM","FT","877","Segunda División RFEF - Group 3","Spain","Intercity","Yeclano","8160","5283"
"2026-10-04 13:04:57","1572684","2026-10-04","10/4/2026 11:00:00 AM","FT","877","Segunda División RFEF - Group 3","Spain","Mallorca II","Alcoyano","9783","9686"
"2026-10-04 13:04:57","1572988","2026-10-04","10/4/2026 11:00:00 AM","FT","878","Segunda División RFEF - Group 4","Spain","Recreativo Huelva","Las Palmas II","9410","9574"
"2026-10-04 13:04:57","1572989","2026-10-04","10/4/2026 11:00:00 AM","FT","878","Segunda División RFEF - Group 4","Spain","Sanluqueño","Mijas Las Lagunas","9601","22569"
"2026-10-04 13:04:57","1572992","2026-10-04","10/4/2026 11:00:00 AM","FT","878","Segunda División RFEF - Group 4","Spain","Xerez","Tenerife II","9770","9802"
"2026-10-04 13:04:57","1573294","2026-10-04","10/4/2026 11:00:00 AM","FT","879","Segunda División RFEF - Group 5","Spain","Getafe II","Numancia","9572","717"
"2026-10-04 13:04:57","1573296","2026-10-04","10/4/2026 11:00:00 AM","FT","879","Segunda División RFEF - Group 5","Spain","RSD Alcalá","Navalcarnero","9714","5271"
"2026-10-04 13:04:57","1573297","2026-10-04","10/4/2026 11:00:00 AM","FT","879","Segunda División RFEF - Group 5","Spain","SS Reyes","Real Ávila","9412","9736"
"2026-10-04 13:04:57","1573298","2026-10-04","10/4/2026 11:00:00 AM","FT","879","Segunda División RFEF - Group 5","Spain","Real Valladolid II","Calvo Sotelo","9587","9899"
"2026-10-04 13:04:57","1573601","2026-10-04","10/4/2026 11:00:00 AM","FT","142","Primera División Femenina","Spain","Granad. Tenerife W","Edf Logrono W","1913","1923"
"2026-10-04 13:04:57","1573604","2026-10-04","10/4/2026 11:00:00 AM","FT","142","Primera División Femenina","Spain","Granada","Eibar W","22018","15225"
"2026-10-04 13:04:57","1576482","2026-10-04","10/4/2026 11:00:00 AM","FT","95","Segunda Liga","Portugal","Farense","Chaves","231","223"
"2026-10-04 13:04:57","1581722","2026-10-04","10/4/2026 11:00:00 AM","NS","1033","Ekstraliga Women","Poland","Pogon Szczecin W","Rekord Bielsko-Biala W","22259","22261"
"2026-10-04 13:04:57","1581723","2026-10-04","10/4/2026 11:00:00 AM","NS","1033","Ekstraliga Women","Poland","Slask Wroclaw W","Czarni Sosnowiec W","22262","16838"
"2026-10-04 13:04:57","1583877","2026-10-04","10/4/2026 11:00:00 AM","FT","1025","Second League A - Division A Gold","Russia","Novosibirsk","Dinamo Bryansk","6819","6795"
"2026-10-04 13:04:57","1591630","2026-10-04","10/4/2026 11:00:00 AM","FT","205","2. Lig","Turkey"," Kahramanmaraş İstiklal Spor","Ankara Demirspor","24601","3581"
"2026-10-04 13:04:57","1599242","2026-10-04","10/4/2026 11:00:00 AM","FT","676","Central Youth League","Poland","Lech Poznań U19","Miedź Legnica U19","7958","20592"
"2026-10-04 13:04:57","1599243","2026-10-04","10/4/2026 11:00:00 AM","FT","676","Central Youth League","Poland","Polonia Warszawa U19","Legia Warszawa U19","20593","7987"
"2026-10-04 13:04:57","1606685","2026-10-04","10/4/2026 11:00:00 AM","FT","99","J2 League","Japan","Tegevajaro Miyazaki","Omiya Ardija","10409","313"
"2026-10-04 13:04:57","1612747","2026-10-04","10/4/2026 11:00:00 AM","FT","439","Tercera División RFEF - Group 1","Spain","Viveiro","Celtiga","15307","26533"
"2026-10-04 13:04:57","1613048","2026-10-04","10/4/2026 11:00:00 AM","FT","440","Tercera División RFEF - Group 2","Spain","Sporting Gijón II","Langreo","9577","5265"
"2026-10-04 13:04:57","1613049","2026-10-04","10/4/2026 11:00:00 AM","FT","440","Tercera División RFEF - Group 2","Spain","Lealtad","Avilés Stadium","9396","15333"
"2026-10-04 13:04:57","1613051","2026-10-04","10/4/2026 11:00:00 AM","FT","440","Tercera División RFEF - Group 2","Spain","Llanes","Condal","9628","9622"
"2026-10-04 13:04:57","1613052","2026-10-04","10/4/2026 11:00:00 AM","FT","440","Tercera División RFEF - Group 2","Spain","Praviano","Caudal","9631","9619"
"2026-10-04 13:04:57","1613657","2026-10-04","10/4/2026 11:00:00 AM","FT","442","Tercera División RFEF - Group 4","Spain","Deportivo Alavés III","Sodupe","22134","9666"
"2026-10-04 13:04:57","1613661","2026-10-04","10/4/2026 11:00:00 AM","FT","442","Tercera División RFEF - Group 4","Spain","Eibar III","Real Sociedad III","25023","9662"
"2026-10-04 13:04:57","1613964","2026-10-04","10/4/2026 11:00:00 AM","PST","443","Tercera División RFEF - Group 5","Spain","Cerdanyola del Vallès","Martinenc","9670","28101"
"2026-10-04 13:04:57","1613967","2026-10-04","10/4/2026 11:00:00 AM","PST","443","Tercera División RFEF - Group 5","Spain","L'Hospitalet","Mollerussa","9392","18096"
"2026-10-04 13:04:57","1613968","2026-10-04","10/4/2026 11:00:00 AM","PST","443","Tercera División RFEF - Group 5","Spain","Montañesa","L'Escala","15345","17528"
"2026-10-04 13:04:57","1613969","2026-10-04","10/4/2026 11:00:00 AM","PST","443","Tercera División RFEF - Group 5","Spain","San Cristóbal","Grama","9678","15344"
"2026-10-04 13:04:57","1614577","2026-10-04","10/4/2026 11:00:00 AM","FT","445","Tercera División RFEF - Group 7","Spain","Colonia Moscardó","Pozuelo Alarcón","17589","9713"
"2026-10-04 13:04:57","1614578","2026-10-04","10/4/2026 11:00:00 AM","FT","445","Tercera División RFEF - Group 7","Spain","Fuenlabrada","Villanueva Pardillo","4906","15353"
"2026-10-04 13:04:57","1614886","2026-10-04","10/4/2026 11:00:00 AM","FT","446","Tercera División RFEF - Group 8","Spain","Cristo Atlético","Unionistas II","9728","26546"
"2026-10-04 13:04:57","1615190","2026-10-04","10/4/2026 11:00:00 AM","FT","447","Tercera División RFEF - Group 9","Spain","Alhaurino","Melilla","15357","5268"
"2026-10-04 13:04:57","1615191","2026-10-04","10/4/2026 11:00:00 AM","FT","447","Tercera División RFEF - Group 9","Spain","Huétor Vega","Mancha Real","9747","9749"
"2026-10-04 13:04:57","1615194","2026-10-04","10/4/2026 11:00:00 AM","FT","447","Tercera División RFEF - Group 9","Spain","Torre del Mar","Arenas Armilla","17558","20272"
"2026-10-04 13:04:57","1615195","2026-10-04","10/4/2026 11:00:00 AM","NS","447","Tercera División RFEF - Group 9","Spain","UD San Pedro","Motril","17562","9751"
"2026-10-04 13:04:57","1615494","2026-10-04","10/4/2026 11:00:00 AM","FT","448","Tercera División RFEF - Group 10","Spain","Utrera","Cádiz II","9769","9598"
"2026-10-04 13:04:57","1615501","2026-10-04","10/4/2026 11:00:00 AM","FT","448","Tercera División RFEF - Group 10","Spain","Tomares","Portuense","15528","28111"
"2026-10-04 13:04:57","1615807","2026-10-04","10/4/2026 11:00:00 AM","FT","449","Tercera División RFEF - Group 11","Spain","Ibiza Islas Pitiusas","Formentera","9781","9780"
"2026-10-04 13:04:57","1616411","2026-10-04","10/4/2026 11:00:00 AM","FT","451","Tercera División RFEF - Group 13","Spain","Águilas II","Unión Molinense","24656","20278"
"2026-10-04 13:04:57","1616722","2026-10-04","10/4/2026 11:00:00 AM","2H","452","Tercera División RFEF - Group 14","Spain","Moralo","Gévora","9836","25032"
"2026-10-04 13:04:57","1617639","2026-10-04","10/4/2026 11:00:00 AM","FT","455","Tercera División RFEF - Group 17","Spain","CD Sietamo","Belchite 97","28122","9880"
"2026-10-04 13:04:57","1617942","2026-10-04","10/4/2026 11:00:00 AM","LIVE","456","Tercera División RFEF - Group 18","Spain","Huracán Balazote","San Clemente","15330","17619"
"2026-10-04 13:04:57","1617947","2026-10-04","10/4/2026 11:00:00 AM","FT","456","Tercera División RFEF - Group 18","Spain","Socuéllamos","Guadalajara II","9414","26555"
"2026-10-04 13:04:57","1617949","2026-10-04","10/4/2026 11:00:00 AM","FT","456","Tercera División RFEF - Group 18","Spain","Villarrubia","Torrijos","9417","9909"
"2026-10-04 13:04:57","1620505","2026-10-04","10/4/2026 11:00:00 AM","NS","581","Gamma Ethniki - Group 6","Greece","Pallixouriakos","Preveza","5060","12393"
"2026-10-04 13:04:57","1623504","2026-10-04","10/4/2026 11:00:00 AM","FT","728","Liga 1 Feminin","Romania","Univ. Craiova W","FC Rapid Bucuresti W","28171","28170"
"2026-10-04 13:04:57","1630095","2026-10-04","10/4/2026 11:00:00 AM","FT","1241","U19 league","Serbia","TSC U19","Vozdovac U19","28272","28269"
"2026-10-04 13:04:57","1633999","2026-10-04","10/4/2026 11:00:00 AM","FT","653","Second League - Group 4","Russia","Izhevsk","Orenburg II","27650","14141"
"2026-10-04 13:04:57","1634029","2026-10-04","10/4/2026 11:00:00 AM","FT","653","Second League - Group 4","Russia","Akron II","Dinamo Barnaul","21535","6794"
"2026-10-04 13:04:57","1634030","2026-10-04","10/4/2026 11:00:00 AM","FT","653","Second League - Group 4","Russia","KDV","Khimik Dzerzhinsk","25867","16858"
"2026-10-04 13:04:57","1638600","2026-10-04","10/4/2026 11:00:00 AM","NS","10","Friendlies","World","Germany U17","England U17","17954","17949"
"2026-10-04 13:04:57","1640846","2026-10-04","10/4/2026 11:00:00 AM","FT","734","Diski Challenge","South-Africa","Kaizer Chiefs U23","Mamelodi Sundowns U23","15992","15993"
"2026-10-04 13:04:57","1641767","2026-10-04","10/4/2026 11:00:00 AM","FT","174","Cup","Bulgaria","Belasitsa","Dobrudzha","8540","1427"
"2026-10-04 13:04:57","1642961","2026-10-04","10/4/2026 11:00:00 AM","NS","667","Friendlies Clubs","World","Dynamo","Rodina Moskva","1088","6822"
"2026-10-04 13:04:57","1575084","2026-10-04","10/4/2026 11:15:00 AM","NS","91","Eredivisie Women","Netherlands","Twente W","Utrecht W","1899","21940"
"2026-10-04 13:04:57","1613046","2026-10-04","10/4/2026 11:15:00 AM","2H","440","Tercera División RFEF - Group 2","Spain","Astur","Mosconia","25030","9629"
"2026-10-04 13:04:57","1616717","2026-10-04","10/4/2026 11:15:00 AM","2H","452","Tercera División RFEF - Group 14","Spain","Azuaga","Guadiana","9826","28117"
"2026-10-04 13:04:57","1581921","2026-10-04","10/4/2026 11:30:00 AM","2H","334","Persha Liga","Ukraine","Ahrobiznes Volochysk","UCSA","3620","21957"
"2026-10-04 13:04:57","1601258","2026-10-04","10/4/2026 11:30:00 AM","2H","139","Serie A Women","Italy","Napoli W","Como 1907 W","14432","27960"
"2026-10-04 13:04:57","1606052","2026-10-04","10/4/2026 11:30:00 AM","2H","460","Campeonato de Portugal Prio - Group D","Portugal","Santa Clara B","Real","28044","10149"
"2026-10-04 13:04:57","1608307","2026-10-04","10/4/2026 11:30:00 AM","2H","138","Serie C - Girone A","Italy","Lecco","Union Brescia","6379","26356"
"2026-10-04 13:04:57","1608310","2026-10-04","10/4/2026 11:30:00 AM","2H","138","Serie C - Girone A","Italy","Treviso","Giana Erminio","22319","865"
"2026-10-04 13:04:57","1613047","2026-10-04","10/4/2026 11:30:00 AM","2H","440","Tercera División RFEF - Group 2","Spain","Covadonga","Siero","9623","9634"
"2026-10-04 13:04:57","1616718","2026-10-04","10/4/2026 11:30:00 AM","2H","452","Tercera División RFEF - Group 14","Spain","Cabeza Buey","Villanovense","26552","5282"
"2026-10-04 13:04:57","1616721","2026-10-04","10/4/2026 11:30:00 AM","2H","452","Tercera División RFEF - Group 14","Spain","Montijo","Jaraíz","9835","18094"
"2026-10-04 13:04:57","1624675","2026-10-04","10/4/2026 11:30:00 AM","2H","428","Serie D - Girone C","Italy","Triestina","FC Obermais","877","17133"
"2026-10-04 13:04:57","1495403","2026-10-04","10/4/2026 12:00:00 PM","NS","725","Toppserien","Norway","Hønefoss W","Bodø / Glimt W","18991","22858"
"2026-10-04 13:04:57","1495404","2026-10-04","10/4/2026 12:00:00 PM","NS","725","Toppserien","Norway","Lyn W","Haugesund W","15955","25760"
"2026-10-04 13:04:57","1495405","2026-10-04","10/4/2026 12:00:00 PM","NS","725","Toppserien","Norway","Molde W","Stabæk W","25761","15953"
"2026-10-04 13:04:57","1495406","2026-10-04","10/4/2026 12:00:00 PM","NS","725","Toppserien","Norway","Røa W","LSK Kvinner W","18379","10894"
"2026-10-04 13:04:57","1496346","2026-10-04","10/4/2026 12:00:00 PM","NS","474","2. Division - Group 2","Norway","Rana","Eidsvold","16229","6978"
"2026-10-04 13:04:57","1497076","2026-10-04","10/4/2026 12:00:00 PM","2H","777","3. Division - Girone 4","Norway","Stabæk II","Haugesund II","16231","18439"
"2026-10-04 13:04:57","1497256","2026-10-04","10/4/2026 12:00:00 PM","2H","778","3. Division - Girone 5","Norway","Lillestrøm II","Strømsgodset II","16207","12865"
"2026-10-04 13:04:57","1501493","2026-10-04","10/4/2026 12:00:00 PM","2H","736","Elitettan","Sweden","Göteborg W","Alingsås W","10893","16001"
"2026-10-04 13:04:57","1504568","2026-10-04","10/4/2026 12:00:00 PM","2H","564","Ettan - Södra","Sweden","Olympic","Trelleborg","12601","369"
"2026-10-04 13:04:57","1505290","2026-10-04","10/4/2026 12:00:00 PM","HT","563","Ettan - Norra","Sweden","Vasalund","Arlanda","6708","16597"
"2026-10-04 13:04:57","1510869","2026-10-04","10/4/2026 12:00:00 PM","HT","593","Division 2 - Norra Svealand","Sweden","Angby","Helges","27410","27386"
"2026-10-04 13:04:57","1510871","2026-10-04","10/4/2026 12:00:00 PM","NS","593","Division 2 - Norra Svealand","Sweden","Korsnäs","Franke","18427","6665"
"2026-10-04 13:04:57","1511416","2026-10-04","10/4/2026 12:00:00 PM","2H","596","Division 2 - Västra Götaland","Sweden","Astrio","Västra Frölunda","6657","12609"
"2026-10-04 13:04:57","1561673","2026-10-04","10/4/2026 12:00:00 PM","2H","109","II Liga - East","Poland","Znicz Pruszków","Stal Stalowa Wola","6964","6958"
"2026-10-04 13:04:57","1566367","2026-10-04","10/4/2026 12:00:00 PM","NS","745","Oberliga - Hamburg","Germany","Pinneberg","Süderelbe","27365","14796"
"2026-10-04 13:04:57","1572991","2026-10-04","10/4/2026 12:00:00 PM","2H","878","Segunda División RFEF - Group 4","Spain","Tamaraceite","Antoniano","9415","7522"
"2026-10-04 13:04:57","1574115","2026-10-04","10/4/2026 12:00:00 PM","2H","221","Regionalliga - Ost","Austria","Scheiblingkirchen","Leobendorf","4982","4951"
"2026-10-04 13:04:57","1574628","2026-10-04","10/4/2026 12:00:00 PM","2H","484","Frauenliga","Austria","Austria Wien W","SK Rapid W","17575","27906"
"2026-10-04 13:04:57","1593030","2026-10-04","10/4/2026 12:00:00 PM","HT","336","Druha Liga","Ukraine","Ruh Lviv","Bratslav Vinnytsia","3632","28006"
"2026-10-04 13:04:57","1594152","2026-10-04","10/4/2026 12:00:00 PM","HT","635","NB III - Northwest","Hungary","1908 SZAC","SC Sopron","5068","7557"
"2026-10-04 13:04:57","1594391","2026-10-04","10/4/2026 12:00:00 PM","2H","1023","NB III - Southeast","Hungary","Dabas","Csepel","5083","5081"
"2026-10-04 13:04:57","1601047","2026-10-04","10/4/2026 12:00:00 PM","NS","594","Division 2 - Norrland","Sweden","Fransta","Storfors","27459","16604"
"2026-10-04 13:04:57","1609395","2026-10-04","10/4/2026 12:00:00 PM","HT","699","Women's Championship","England","Durham W","Newcastle United W","15403","15515"
"2026-10-04 13:04:57","1616105","2026-10-04","10/4/2026 12:00:00 PM","HT","450","Tercera División RFEF - Group 12","Spain","Marino","Playas Sotavento","9799","25036"
"2026-10-04 13:04:57","1616111","2026-10-04","10/4/2026 12:00:00 PM","HT","450","Tercera División RFEF - Group 12","Spain","UD San Fernando","Estrella","9804","20275"
"2026-10-04 13:04:57","1620504","2026-10-04","10/4/2026 12:00:00 PM","NS","581","Gamma Ethniki - Group 6","Greece","Levante","Plataria","28408","28164"
"2026-10-04 13:04:57","1634031","2026-10-04","10/4/2026 12:00:00 PM","2H","653","Second League - Group 4","Russia","Pobeda Nizhniy Novgorod","Krylya Sovetov II","27651","14140"
"2026-10-04 13:04:57","1639192","2026-10-04","10/4/2026 12:00:00 PM","NS","143","Copa del Rey","Spain","Güímar","Hortaleza","9794","28411"
"2026-10-04 13:04:57","1641773","2026-10-04","10/4/2026 12:00:00 PM","2H","174","Cup","Bulgaria","FK Minyor Pernik","Beroe","6392","857"
"2026-10-04 13:04:57","1641776","2026-10-04","10/4/2026 12:00:00 PM","2H","174","Cup","Bulgaria","Oborishte","Yantra 2019","1411","8528"
"2026-10-04 13:04:57","1577619","2026-10-04","10/4/2026 12:30:00 PM","1H","236","First League","Russia","Veles","Volga Ulyanovsk","6833","6834"
"2026-10-04 13:04:57","1593033","2026-10-04","10/4/2026 12:30:00 PM","PST","336","Druha Liga","Ukraine","Metalurh Zaporizhya","Karbon Cherkasy","5627","26451"
"2026-10-04 13:04:57","1643436","2026-10-04","10/4/2026 12:30:00 PM","1H","1201","IFA Shield","India","ATK Mohun Bagan","Minerva Punjab","15516","3466"
"2026-10-04 13:04:57","1593148","2026-10-04","10/4/2026 12:45:00 PM","1H","82","Frauen Bundesliga","Germany","VfL Wolfsburg W","Hamburger SV W","1863","20498"
"2026-10-04 13:04:57","1636939","2026-10-04","10/4/2026 12:45:00 PM","1H","494","Super League 2","Greece","Pyrgos 1968","Panionios","26587","622"
"2026-10-04 13:04:57","1495572","2026-10-04","10/4/2026 1:00:00 PM","1H","549","Damallsvenskan","Sweden","Djurgården W","AIK W","11076","15629"
"2026-10-04 13:04:57","1496348","2026-10-04","10/4/2026 1:00:00 PM","NS","474","2. Division - Group 2","Norway","Tromsdalen Uil","Levanger","2158","2145"
"2026-10-04 13:04:57","1496526","2026-10-04","10/4/2026 1:00:00 PM","1H","774","3. Division - Girone 1","Norway","Bærum","IF Ready","6974","6999"
"2026-10-04 13:04:57","1497074","2026-10-04","10/4/2026 1:00:00 PM","1H","777","3. Division - Girone 4","Norway","Madla","Brodd","7009","6971"
"2026-10-04 13:04:57","1510688","2026-10-04","10/4/2026 1:00:00 PM","1H","592","Division 2 - Norra Götaland","Sweden","Ahlafors","Motala","12570","11673"
"2026-10-04 13:04:57","1511027","2026-10-04","10/4/2026 1:00:00 PM","NS","597","Division 2 - Södra Götaland","Sweden","Berga","Österlen","12612","12619"
"2026-10-04 13:04:57","1511029","2026-10-04","10/4/2026 1:00:00 PM","NS","597","Division 2 - Södra Götaland","Sweden","Karlskrona","Linero","6683","25572"
"2026-10-04 13:04:57","1534459","2026-10-04","10/4/2026 1:00:00 PM","1H","117","1. Division","Belarus","Bumprom","Minsk II","7802","11249"
"2026-10-04 13:04:57","1535665","2026-10-04","10/4/2026 1:00:00 PM","1H","915","1. Division Women","Norway","Start W","TIL 2020 W","25762","18989"
"2026-10-04 13:04:57","1535725","2026-10-04","10/4/2026 1:00:00 PM","1H","915","1. Division Women","Norway","Kolbotn W","Klepp W","15952","15951"
"2026-10-04 13:04:57","1535727","2026-10-04","10/4/2026 1:00:00 PM","1H","915","1. Division Women","Norway","Frigg Oslo FK W","Fyllingsdalen W","27637","20885"
"2026-10-04 13:04:57","1536479","2026-10-04","10/4/2026 1:00:00 PM","1H","652","Second League - Group 2","Russia","Dinamo Vologda","Dinamo St. Petersburg","19447","17725"
"2026-10-04 13:04:57","1536481","2026-10-04","10/4/2026 1:00:00 PM","1H","652","Second League - Group 2","Russia","Luki-Energiya","Iskra Smolensk","6812","27645"
"2026-10-04 13:04:57","1554182","2026-10-04","10/4/2026 1:00:00 PM","1H","287","Prva Liga","Serbia","OFK Vršac","Metalac GM","12329","2647"
"2026-10-04 13:04:57","1569957","2026-10-04","10/4/2026 1:00:00 PM","1H","141","Segunda División","Spain","Real Sociedad II","Granada CF","9585","715"
"2026-10-04 13:04:57","1574632","2026-10-04","10/4/2026 1:00:00 PM","1H","484","Frauenliga","Austria","St. Pölten W","Sturm Graz W","10227","10232"
"2026-10-04 13:04:57","1575811","2026-10-04","10/4/2026 1:00:00 PM","1H","122","2. Division","Denmark","Thisted FC","Roskilde","2069","2067"
"2026-10-04 13:04:57","1576989","2026-10-04","10/4/2026 1:00:00 PM","NS","754","Oberliga - Nordost-Nord","Germany","Makkabi","Hansa Rostock II","14722","16119"
"2026-10-04 13:04:57","1580241","2026-10-04","10/4/2026 1:00:00 PM","NS","744","Oberliga - Schleswig-Holstein","Germany","Oldenburger SV","Heider SV","16073","9343"
"2026-10-04 13:04:57","1581924","2026-10-04","10/4/2026 1:00:00 PM","1H","334","Persha Liga","Ukraine","Kulykiv","Probiy Horodenka","24566","24568"
"2026-10-04 13:04:57","1582137","2026-10-04","10/4/2026 1:00:00 PM","1H","638","Kvindeliga","Denmark","Nordsjælland W","Køge W","13983","13982"
"2026-10-04 13:04:57","1583873","2026-10-04","10/4/2026 1:00:00 PM","1H","1025","Second League A - Division A Gold","Russia","Alaniya Vladikavkaz","FK Sokol Saratov","6787","1995"
"2026-10-04 13:04:57","1586586","2026-10-04","10/4/2026 1:00:00 PM","1H","84","Regionalliga - Nord","Germany","HSC Hannover","Schöningen","9339","19475"
"2026-10-04 13:04:57","1587493","2026-10-04","10/4/2026 1:00:00 PM","NS","87","Regionalliga - West","Germany","Rot-weiss Oberhausen","Paderborn II","1658","12827"
"2026-10-04 13:04:57","1587497","2026-10-04","10/4/2026 1:00:00 PM","1H","87","Regionalliga - West","Germany","Sportfreunde Siegen","Borussia Dortmund II","13935","9367"
"2026-10-04 13:04:57","1591323","2026-10-04","10/4/2026 1:00:00 PM","1H","205","2. Lig","Turkey","68 Aksaray Belediyespor","Ankaraspor","6507","780"
"2026-10-04 13:04:57","1591328","2026-10-04","10/4/2026 1:00:00 PM","1H","205","2. Lig","Turkey","Kastamonuspor","Arnavutköy Belediyespor","3594","15101"
"2026-10-04 13:04:57","1591625","2026-10-04","10/4/2026 1:00:00 PM","1H","205","2. Lig","Turkey","Adana 01 FK","12 Bingölspor","22009","6504"
"2026-10-04 13:04:57","1591628","2026-10-04","10/4/2026 1:00:00 PM","1H","205","2. Lig","Turkey","İskenderunspor","24 Erzincanspor","7403","7392"
"2026-10-04 13:04:57","1594394","2026-10-04","10/4/2026 1:00:00 PM","NS","1023","NB III - Southeast","Hungary","Szeged-Csanád II","Hódmezővásárhely","21857","5101"
"2026-10-04 13:04:57","1604874","2026-10-04","10/4/2026 1:00:00 PM","NS","599","1. Liga Classic - Group 1","Switzerland","Servette II","Lausanne Sport II","16323","12693"
"2026-10-04 13:04:57","1607024","2026-10-04","10/4/2026 1:00:00 PM","NS","1034","2. Frauen Bundesliga","Germany","Borussia Monchengladbach W","Viktoria Berlin W","1864","20504"
"2026-10-04 13:04:57","1607025","2026-10-04","10/4/2026 1:00:00 PM","NS","1034","2. Frauen Bundesliga","Germany","Hertha Berlin W","Hoffenheim II W","27444","22296"
"2026-10-04 13:04:57","1607026","2026-10-04","10/4/2026 1:00:00 PM","NS","1034","2. Frauen Bundesliga","Germany","Carl Zeiss Jena  W","SC Sand W","16849","1862"
"2026-10-04 13:04:57","1607027","2026-10-04","10/4/2026 1:00:00 PM","NS","1034","2. Frauen Bundesliga","Germany","Turbine Potsdam W","Eintracht Frankfurt II W","1869","22293"
"2026-10-04 13:04:57","1607028","2026-10-04","10/4/2026 1:00:00 PM","NS","1034","2. Frauen Bundesliga","Germany","SGS Essen W","Meppen W","1868","14013"
"2026-10-04 13:04:57","1607144","2026-10-04","10/4/2026 1:00:00 PM","NS","1034","2. Frauen Bundesliga","Germany","FC Koln II W","Andernach W","28045","20495"
"2026-10-04 13:04:57","1618379","2026-10-04","10/4/2026 1:00:00 PM","NS","92","Derde Divisie","Netherlands","Blauw Geel","UNA","1263","1284"
"2026-10-04 13:04:57","1618380","2026-10-04","10/4/2026 1:00:00 PM","NS","92","Derde Divisie","Netherlands","Gemert","FC Lisse","1230","1257"
"2026-10-04 13:04:57","1620507","2026-10-04","10/4/2026 1:00:00 PM","NS","581","Gamma Ethniki - Group 6","Greece","Tilikratis","Agios Matthaios","5066","15250"
"2026-10-04 13:04:57","1626521","2026-10-04","10/4/2026 1:00:00 PM","1H","432","Serie D - Girone G","Italy","Afragolese","Ossese","17841","28212"
"2026-10-04 13:04:57","1636933","2026-10-04","10/4/2026 1:00:00 PM","1H","494","Super League 2","Greece","Asteras Tripolis II","Anagennisi Karditsas","25017","2094"
"2026-10-04 13:04:57","1637446","2026-10-04","10/4/2026 1:00:00 PM","1H","1244","B-Liga Women","Denmark","Esbjerg W","Thy ThistedQ W","28371","13985"
"2026-10-04 13:04:57","1637660","2026-10-04","10/4/2026 1:00:00 PM","1H","275","Liga 2","Indonesia","Semen Padang","PSPS","2456","4236"
"2026-10-04 13:04:57","1641766","2026-10-04","10/4/2026 1:00:00 PM","1H","174","Cup","Bulgaria","Bdin","Montana","8519","1424"
"2026-10-04 13:04:57","1641768","2026-10-04","10/4/2026 1:00:00 PM","NS","174","Cup","Bulgaria","Benkovski Isperih","Akademik Svishtov","21835","8518"
"2026-10-04 13:04:57","1641772","2026-10-04","10/4/2026 1:00:00 PM","1H","174","Cup","Bulgaria","Lokomotiv Mezdra","Pirin Blagoevgrad","8523","1428"
"2026-10-04 13:04:57","1641774","2026-10-04","10/4/2026 1:00:00 PM","NS","174","Cup","Bulgaria","Natsional Sofia","Lokomotiv G. Oryahovitsa","22250","1420"
"2026-10-04 13:04:57","1641775","2026-10-04","10/4/2026 1:00:00 PM","NS","174","Cup","Bulgaria","Neftochimic Burgas","Sportist Svoge","1425","8550"
"2026-10-04 13:04:57","1641777","2026-10-04","10/4/2026 1:00:00 PM","NS","174","Cup","Bulgaria","Rodopa Smolyan","Nesebar","8536","1410"
"2026-10-04 13:04:57","1641778","2026-10-04","10/4/2026 1:00:00 PM","NS","174","Cup","Bulgaria","Spartak Plovdiv","Botev Ihtiman","14568","6390"
"2026-10-04 13:04:57","1641779","2026-10-04","10/4/2026 1:00:00 PM","1H","174","Cup","Bulgaria","Chavdar Troyan","Marek","14565","8543"
"2026-10-04 13:04:57","1641780","2026-10-04","10/4/2026 1:00:00 PM","1H","174","Cup","Bulgaria","Volov Shumen","Chernomorets 1919 Burgas","8551","8530"
"2026-10-04 13:04:57","1641781","2026-10-04","10/4/2026 1:00:00 PM","NS","174","Cup","Bulgaria","Yambol 1915","Hebar 1918","8539","4659"
"2026-10-04 13:04:57","1641782","2026-10-04","10/4/2026 1:00:00 PM","1H","174","Cup","Bulgaria","Zagorets","Rilski Sportist","6399","8547"
"2026-10-04 13:04:57","1642482","2026-10-04","10/4/2026 1:00:00 PM","NS","583","Gamma Ethniki - Group 8","Greece","Vyrona","Apollon Kalyt.","26591","26588"
"2026-10-04 13:04:57","1642962","2026-10-04","10/4/2026 1:00:00 PM","NS","667","Friendlies Clubs","World","CSKA Moscow","Arsenal Tula","555","1077"
"2026-10-04 13:04:57","1643003","2026-10-04","10/4/2026 1:00:00 PM","1H","10","Friendlies","World","Denmark U20","United States U20","22429","10306"
"2026-10-04 13:04:57","1571150","2026-10-04","10/4/2026 1:15:00 PM","NS","436","Primera División RFEF - Group 2","Spain","Huesca","Europa Fc","726","593"
"2026-10-04 13:04:57","1495959","2026-10-04","10/4/2026 1:30:00 PM","NS","104","1. Division","Norway","Bryne","Lyn","2142","7006"
"2026-10-04 13:04:57","1551826","2026-10-04","10/4/2026 1:30:00 PM","NS","89","Eerste Divisie","Netherlands","VVV Venlo","Roda","204","414"
"2026-10-04 13:04:57","1566369","2026-10-04","10/4/2026 1:30:00 PM","NS","745","Oberliga - Hamburg","Germany","Nikola Tesla","Buchholz","26174","12746"
"2026-10-04 13:04:57","1573870","2026-10-04","10/4/2026 1:30:00 PM","NS","223","Regionalliga - West","Austria","Swarovski Tirol II","Lauterach","8344","8255"
"2026-10-04 13:04:57","1581142","2026-10-04","10/4/2026 1:30:00 PM","NS","750","Oberliga - Hessen","Germany","TuBa Pohlheim","FC Gießen","19284","9362"
"2026-10-04 13:04:57","1591631","2026-10-04","10/4/2026 1:30:00 PM","NS","205","2. Lig","Turkey","Kütahyaspor","Yeni Orduspor","11092","7426"
"2026-10-04 13:04:57","1598929","2026-10-04","10/4/2026 1:30:00 PM","NS","752","Oberliga - Rheinland-Pfalz / Saar","Germany","Ahrweiler","Pirmasens","19204","9365"
"2026-10-04 13:04:57","1604875","2026-10-04","10/4/2026 1:30:00 PM","NS","599","1. Liga Classic - Group 1","Switzerland","Coffrane","Sion II","17413","10590"
"2026-10-04 13:04:57","1608682","2026-10-04","10/4/2026 1:30:00 PM","NS","942","Serie C - Girone B","Italy","Campobasso FC","Torres","9510","9534"
"2026-10-04 13:04:57","1608685","2026-10-04","10/4/2026 1:30:00 PM","NS","942","Serie C - Girone B","Italy","Guidonia Montecelio 1937","Pineto","882","9514"
"2026-10-04 13:04:57","1608688","2026-10-04","10/4/2026 1:30:00 PM","NS","942","Serie C - Girone B","Italy","Pianese","Ravenna","6381","1705"
"2026-10-04 13:04:57","1609064","2026-10-04","10/4/2026 1:30:00 PM","NS","943","Serie C - Girone C","Italy","Cosenza","Foggia","10137","521"
"2026-10-04 13:04:57","1610116","2026-10-04","10/4/2026 1:30:00 PM","NS","600","1. Liga Classic - Group 2","Switzerland","Bassecourt","Thun II","6614","16348"
"2026-10-04 13:04:57","1610117","2026-10-04","10/4/2026 1:30:00 PM","NS","600","1. Liga Classic - Group 2","Switzerland","Delémont","Grasshopper II","12702","12704"
"2026-10-04 13:04:57","1618381","2026-10-04","10/4/2026 1:30:00 PM","NS","92","Derde Divisie","Netherlands","GOES","UDI '19","3892","3938"
"2026-10-04 13:04:57","1639092","2026-10-04","10/4/2026 1:30:00 PM","NS","765","PFL","Philippines","Maharlika","Philippine Army","16191","21578"
"2026-10-04 13:04:57","1495402","2026-10-04","10/4/2026 2:00:00 PM","NS","725","Toppserien","Norway","Brann W","Fortuna Ålesund W","18380","18985"
"2026-10-04 13:04:57","1495573","2026-10-04","10/4/2026 2:00:00 PM","NS","549","Damallsvenskan","Sweden","Häcken W","Uppsala W","16483","11082"
"2026-10-04 13:04:57","1495574","2026-10-04","10/4/2026 2:00:00 PM","NS","549","Damallsvenskan","Sweden","Hammarby W","Brommapojkarna W","15630","16004"
"2026-10-04 13:04:57","1495575","2026-10-04","10/4/2026 2:00:00 PM","NS","549","Damallsvenskan","Sweden","Malmö FF W","Rosengård W","21698","11075"
"2026-10-04 13:04:57","1496168","2026-10-04","10/4/2026 2:00:00 PM","NS","473","2. Division - Group 1","Norway","Sandviken","Arendal","14545","2155"
"2026-10-04 13:04:57","1511028","2026-10-04","10/4/2026 2:00:00 PM","NS","597","Division 2 - Södra Götaland","Sweden","IFK Trelleborg","Räppe","20839","12617"
"2026-10-04 13:04:57","1528937","2026-10-04","10/4/2026 2:00:00 PM","NS","5","UEFA Nations League","World","Azerbaijan","Lithuania","1096","1097"
"2026-10-04 13:04:57","1536478","2026-10-04","10/4/2026 2:00:00 PM","NS","652","Second League - Group 2","Russia","Baltika II","Kosmos Dolgoprudny","25868","19452"
"2026-10-04 13:04:57","1558955","2026-10-04","10/4/2026 2:00:00 PM","NS","374","2. SNL","Slovenia","Bistrica","Rudar","6718","4361"
"2026-10-04 13:04:57","1559382","2026-10-04","10/4/2026 2:00:00 PM","NS","356","Second League","Montenegro","Berane","Jedinstvo","3743","3747"
"2026-10-04 13:04:57","1559385","2026-10-04","10/4/2026 2:00:00 PM","NS","356","Second League","Montenegro","Mogren","Kom","10701","3749"
"2026-10-04 13:04:57","1565738","2026-10-04","10/4/2026 2:00:00 PM","NS","646","3. liga - Center","Slovakia","Baník Kalinovo","Sokol Medzibrod","14080","15050"
"2026-10-04 13:04:57","1565919","2026-10-04","10/4/2026 2:00:00 PM","NS","645","3. liga - East","Slovakia","Raslavice","Spišská Nová Ves","17258","10555"
"2026-10-04 13:04:57","1565920","2026-10-04","10/4/2026 2:00:00 PM","NS","645","3. liga - East","Slovakia","Snina","Slávia TU Košice","14075","14074"
"2026-10-04 13:04:57","1566110","2026-10-04","10/4/2026 2:00:00 PM","NS","644","3. liga - West","Slovakia","Beluša","Nové Zámky","14053","14061"
"2026-10-04 13:04:57","1568191","2026-10-04","10/4/2026 2:00:00 PM","NS","783","III Liga - Group 4","Poland","Hetman Zamosc","Chełmianka Chełm","12789","6936"
"2026-10-04 13:04:57","1578105","2026-10-04","10/4/2026 2:00:00 PM","NS","149","Second Amateur Division - VFV A","Belgium","Londerzeel","VW Hamme","5862","5966"
"2026-10-04 13:04:57","1578344","2026-10-04","10/4/2026 2:00:00 PM","NS","150","Second Amateur Division - VFV B","Belgium","Rupel Boom","Sint-Truiden II","6225","24388"
"2026-10-04 13:04:57","1578345","2026-10-04","10/4/2026 2:00:00 PM","NS","150","Second Amateur Division - VFV B","Belgium","Diegem Sport","Tongeren","5776","19787"
"2026-10-04 13:04:57","1578346","2026-10-04","10/4/2026 2:00:00 PM","NS","150","Second Amateur Division - VFV B","Belgium","Eendracht Termien","Wilrijk","5786","21831"
"2026-10-04 13:04:57","1579132","2026-10-04","10/4/2026 2:00:00 PM","NS","353","4. liga - Divizie D","Czech-Republic","Chotebor","Havlíčkův Brod","26124","7292"
"2026-10-04 13:04:57","1579135","2026-10-04","10/4/2026 2:00:00 PM","NS","353","4. liga - Divizie D","Czech-Republic","Velká Bíteš","Bedrichov","7371","27927"
"2026-10-04 13:04:57","1579136","2026-10-04","10/4/2026 2:00:00 PM","NS","353","4. liga - Divizie D","Czech-Republic","Žďár nad Sázavou","Sokol Tasovice","7389","7355"
"2026-10-04 13:04:57","1579137","2026-10-04","10/4/2026 2:00:00 PM","NS","353","4. liga - Divizie D","Czech-Republic","Znojmo","Humpolec","3734","7301"
"2026-10-04 13:04:57","1579252","2026-10-04","10/4/2026 2:00:00 PM","NS","354","4. liga - Divizie E","Czech-Republic","Kozlovice","Břeclav","7311","8631"
"2026-10-04 13:04:57","1579253","2026-10-04","10/4/2026 2:00:00 PM","NS","354","4. liga - Divizie E","Czech-Republic","Sokol Lanžhot","Holešov","7351","16876"
"2026-10-04 13:04:57","1579256","2026-10-04","10/4/2026 2:00:00 PM","NS","354","4. liga - Divizie E","Czech-Republic","Strání","Šternberk","7363","19440"
"2026-10-04 13:04:57","1579257","2026-10-04","10/4/2026 2:00:00 PM","NS","354","4. liga - Divizie E","Czech-Republic","Tatran Všechovice","Prostejov B","7366","27928"
"2026-10-04 13:04:57","1579373","2026-10-04","10/4/2026 2:00:00 PM","NS","686","4. liga - Divizie F","Czech-Republic","Frydek-Mistek B","Zabreh","27930","26129"
"2026-10-04 13:04:57","1579375","2026-10-04","10/4/2026 2:00:00 PM","NS","686","4. liga - Divizie F","Czech-Republic","Kravare","Pustá Polom","21912","24188"
"2026-10-04 13:04:57","1579376","2026-10-04","10/4/2026 2:00:00 PM","NS","686","4. liga - Divizie F","Czech-Republic","Šumperk","Bílovec","7387","16875"
"2026-10-04 13:04:57","1579830","2026-10-04","10/4/2026 2:00:00 PM","NS","487","First Amateur Division","Belgium","Onhaye","Sporting Charleroi II","5888","19959"
"2026-10-04 13:04:57","1579967","2026-10-04","10/4/2026 2:00:00 PM","NS","487","First Amateur Division","Belgium","Knokke","Oud-Heverlee Leuven II","5847","19957"
"2026-10-04 13:04:57","1579968","2026-10-04","10/4/2026 2:00:00 PM","NS","487","First Amateur Division","Belgium","Tienen","Merelbeke","5951","5871"
"2026-10-04 13:04:57","1580937","2026-10-04","10/4/2026 2:00:00 PM","NS","64","Feminine Division 1","France","FC Fleury 91 W","Paris Saint Germain W","1677","1667"
"2026-10-04 13:04:57","1581143","2026-10-04","10/4/2026 2:00:00 PM","NS","750","Oberliga - Hessen","Germany","Eddersheim","Hummetroth","12755","26171"
"2026-10-04 13:04:57","1581144","2026-10-04","10/4/2026 2:00:00 PM","NS","750","Oberliga - Hessen","Germany","1960 Hanau","Hadamar","21947","14550"
"2026-10-04 13:04:57","1581786","2026-10-04","10/4/2026 2:00:00 PM","NS","739","AXA Women’s Super League","Switzerland","St. Gallen W","Servette Chênois W","16041","15548"
"2026-10-04 13:04:57","1582455","2026-10-04","10/4/2026 2:00:00 PM","NS","753","Oberliga - Baden-Württemberg","Germany","Karlsruhe II","Balingen","26166","9360"
"2026-10-04 13:04:57","1582875","2026-10-04","10/4/2026 2:00:00 PM","NS","148","Second Amateur Division - ACFF","Belgium","Acren-Lessines","Union Namur","5737","5964"
"2026-10-04 13:04:57","1582876","2026-10-04","10/4/2026 2:00:00 PM","NS","148","Second Amateur Division - ACFF","Belgium","RUS Binche","Ganshoren","20403","5806"
"2026-10-04 13:04:57","1582877","2026-10-04","10/4/2026 2:00:00 PM","NS","148","Second Amateur Division - ACFF","Belgium","AS Eupen II","Richelle United","24386","5913"
"2026-10-04 13:04:57","1582878","2026-10-04","10/4/2026 2:00:00 PM","NS","148","Second Amateur Division - ACFF","Belgium","Jette","Braine","5836","5764"
"2026-10-04 13:04:57","1582879","2026-10-04","10/4/2026 2:00:00 PM","NS","148","Second Amateur Division - ACFF","Belgium","Crossing Schaerbeek","Stade Verviers","5770","22256"
"2026-10-04 13:04:57","1582880","2026-10-04","10/4/2026 2:00:00 PM","NS","148","Second Amateur Division - ACFF","Belgium","SG-Tertre-Hautrage","Huy","5917","5832"
"2026-10-04 13:04:57","1583875","2026-10-04","10/4/2026 2:00:00 PM","NS","1025","Second League A - Division A Gold","Russia","Mashuk-KMV","Dinamo Kirov","6814","21538"
"2026-10-04 13:04:57","1588983","2026-10-04","10/4/2026 2:00:00 PM","PST","748","Oberliga - Niedersachsen","Germany","Drochtersen/Assel II","Lüneburger SK Hansa","27988","1645"
"2026-10-04 13:04:57","1588984","2026-10-04","10/4/2026 2:00:00 PM","PST","748","Oberliga - Niedersachsen","Germany","Hemmingen","Germania Egestorf","27989","1632"
"2026-10-04 13:04:57","1588985","2026-10-04","10/4/2026 2:00:00 PM","PST","748","Oberliga - Niedersachsen","Germany","Borussia Hildesheim","Wilhelmshaven","12742","13941"
"2026-10-04 13:04:57","1588986","2026-10-04","10/4/2026 2:00:00 PM","NS","748","Oberliga - Niedersachsen","Germany","Nordhorn","Meppen II","27990","21951"
"2026-10-04 13:04:57","1588988","2026-10-04","10/4/2026 2:00:00 PM","NS","748","Oberliga - Niedersachsen","Germany","Vorsfelde","Eintracht Braunschw. II","19287","24467"
"2026-10-04 13:04:57","1592239","2026-10-04","10/4/2026 2:00:00 PM","NS","747","Oberliga - Westfalen","Germany","Erkenschwick","Verl II","14667","24431"
"2026-10-04 13:04:57","1592240","2026-10-04","10/4/2026 2:00:00 PM","NS","747","Oberliga - Westfalen","Germany","Gievenbeck","Hiltrup","14693","14704"
"2026-10-04 13:04:57","1592242","2026-10-04","10/4/2026 2:00:00 PM","NS","747","Oberliga - Westfalen","Germany","Maaslingen","Eintracht Rheine","28002","14663"
"2026-10-04 13:04:57","1592244","2026-10-04","10/4/2026 2:00:00 PM","NS","747","Oberliga - Westfalen","Germany","Schermbeck","Sprockhovel","14779","14527"
"2026-10-04 13:04:57","1592245","2026-10-04","10/4/2026 2:00:00 PM","NS","747","Oberliga - Westfalen","Germany","Westfalia Kinderhaus","Arminia II","17114","26186"
"2026-10-04 13:04:57","1592535","2026-10-04","10/4/2026 2:00:00 PM","NS","751","Oberliga - Niederrhein","Germany","Schonnebeck","Fortuna Düsseldorf II","12848","9369"
"2026-10-04 13:04:57","1598931","2026-10-04","10/4/2026 2:00:00 PM","NS","752","Oberliga - Rheinland-Pfalz / Saar","Germany","Gonsenheim","FV Engers 07","12773","12767"
"2026-10-04 13:04:57","1598932","2026-10-04","10/4/2026 2:00:00 PM","NS","752","Oberliga - Rheinland-Pfalz / Saar","Germany","Gau-Odernheim","Schott Mainz","26168","14524"
"2026-10-04 13:04:57","1601254","2026-10-04","10/4/2026 2:00:00 PM","NS","139","Serie A Women","Italy","AC Milan W","Juventus W","1893","1886"
"2026-10-04 13:04:57","1605572","2026-10-04","10/4/2026 2:00:00 PM","NS","458","Campeonato de Portugal Prio - Group B","Portugal","Castro Daire","Estrela Calheta","6353","28053"
"2026-10-04 13:04:57","1606177","2026-10-04","10/4/2026 2:00:00 PM","PST","177","Third League - Southeast","Bulgaria","Botev Plovdiv II","Yambol 1915","16963","8539"
"2026-10-04 13:04:57","1607691","2026-10-04","10/4/2026 2:00:00 PM","NS","44","FA WSL","England","Tottenham Hotspur W","London City Lionesses W","4899","15406"
"2026-10-04 13:04:57","1607693","2026-10-04","10/4/2026 2:00:00 PM","NS","44","FA WSL","England","Aston Villa W","Crystal Palace W","14219","15409"
"2026-10-04 13:04:57","1607694","2026-10-04","10/4/2026 2:00:00 PM","NS","44","FA WSL","England","Brighton W","Charlton Athletic W","1857","15402"
"2026-10-04 13:04:57","1607695","2026-10-04","10/4/2026 2:00:00 PM","NS","44","FA WSL","England","Everton W","Birmingham City W","1855","1845"
"2026-10-04 13:04:57","1607696","2026-10-04","10/4/2026 2:00:00 PM","NS","44","FA WSL","England","West Ham W","Chelsea W","1856","1853"
"2026-10-04 13:04:57","1607976","2026-10-04","10/4/2026 2:00:00 PM","NS","1238","Regionalliga - South","Austria","Wolfsberger AC II","Austria Klagenfurt","8253","1405"
"2026-10-04 13:04:57","1609396","2026-10-04","10/4/2026 2:00:00 PM","NS","699","Women's Championship","England","Bristol City W","Southampton W","1846","15454"
"2026-10-04 13:04:57","1609397","2026-10-04","10/4/2026 2:00:00 PM","NS","699","Women's Championship","England","Nottingham Forest W","Burnley W","15450","15439"
"2026-10-04 13:04:57","1609398","2026-10-04","10/4/2026 2:00:00 PM","NS","699","Women's Championship","England","Sheffield United W","Ipswich Town W","15407","15422"
"2026-10-04 13:04:57","1609399","2026-10-04","10/4/2026 2:00:00 PM","NS","699","Women's Championship","England","Sunderland W","Leicester City FC W","1848","15404"
"2026-10-04 13:04:57","1609400","2026-10-04","10/4/2026 2:00:00 PM","NS","699","Women's Championship","England","Wolverhampton W","Watford W","15433","15457"
"2026-10-04 13:04:57","1610326","2026-10-04","10/4/2026 2:00:00 PM","NS","746","Oberliga - Mittelrhein","Germany","Hennef 05","Fortuna Köln II","12784","14681"
"2026-10-04 13:04:57","1610327","2026-10-04","10/4/2026 2:00:00 PM","NS","746","Oberliga - Mittelrhein","Germany","SSV Merten","Eintracht Hohkeppel","14770","19465"
"2026-10-04 13:04:57","1610328","2026-10-04","10/4/2026 2:00:00 PM","NS","746","Oberliga - Mittelrhein","Germany","Porz","Wegberg-Beeck","14751","14148"
"2026-10-04 13:04:57","1612511","2026-10-04","10/4/2026 2:00:00 PM","NS","640","Kansallinen Liiga","Finland","JyPK W","HJS Akatemia W","13992","28085"
"2026-10-04 13:04:57","1619565","2026-10-04","10/4/2026 2:00:00 PM","NS","566","Ligue A","Burundi","Royal Vision","Vital'O","24755","12186"
"2026-10-04 13:04:57","1619567","2026-10-04","10/4/2026 2:00:00 PM","NS","566","Ligue A","Burundi","Bumamuru","Flambeau du Centre","12177","12179"
"2026-10-04 13:04:57","1619568","2026-10-04","10/4/2026 2:00:00 PM","NS","566","Ligue A","Burundi","Kayanza United","Inter Star","12181","12180"
"2026-10-04 13:04:57","1619569","2026-10-04","10/4/2026 2:00:00 PM","NS","566","Ligue A","Burundi","Le Messager Ngozi","Panthere Noir","8104","28130"
"2026-10-04 13:04:57","1620171","2026-10-04","10/4/2026 2:00:00 PM","NS","578","Gamma Ethniki - Group 3","Greece","Anagennisi Artas","Naousa","12387","24858"
"2026-10-04 13:04:57","1620172","2026-10-04","10/4/2026 2:00:00 PM","NS","578","Gamma Ethniki - Group 3","Greece","Eordaikos","Doxa Mascholouriou","15479","28156"
"2026-10-04 13:04:57","1620173","2026-10-04","10/4/2026 2:00:00 PM","NS","578","Gamma Ethniki - Group 3","Greece","Kastoria","Makedonikos Siatista","20398","28157"
"2026-10-04 13:04:57","1620174","2026-10-04","10/4/2026 2:00:00 PM","NS","578","Gamma Ethniki - Group 3","Greece","Thyella Katsikas","PAS Giannina","15255","950"
"2026-10-04 13:04:57","1620175","2026-10-04","10/4/2026 2:00:00 PM","NS","578","Gamma Ethniki - Group 3","Greece","Veria","Vatolakkos","961","28158"
"2026-10-04 13:04:57","1620281","2026-10-04","10/4/2026 2:00:00 PM","NS","579","Gamma Ethniki - Group 4","Greece","Digenis Neochori","Anthoupoli","12382","24871"
"2026-10-04 13:04:57","1620282","2026-10-04","10/4/2026 2:00:00 PM","NS","579","Gamma Ethniki - Group 4","Greece","Ermis Exochi","Elassona","26583","6302"
"2026-10-04 13:04:57","1620283","2026-10-04","10/4/2026 2:00:00 PM","NS","579","Gamma Ethniki - Group 4","Greece","Ethnikos Neou Keramidiou","Feraios","5041","28159"
"2026-10-04 13:04:57","1620284","2026-10-04","10/4/2026 2:00:00 PM","NS","579","Gamma Ethniki - Group 4","Greece","Iraklis Larissa","Trikala","12383","2091"
"2026-10-04 13:04:57","1620285","2026-10-04","10/4/2026 2:00:00 PM","NS","579","Gamma Ethniki - Group 4","Greece","Sarakinos","Pierikos","26584","12384"
"2026-10-04 13:04:57","1620391","2026-10-04","10/4/2026 2:00:00 PM","NS","580","Gamma Ethniki - Group 5","Greece","Karystos","Nea Artaki","26589","6312"
"2026-10-04 13:04:57","1620393","2026-10-04","10/4/2026 2:00:00 PM","NS","580","Gamma Ethniki - Group 5","Greece","Katsantonis Agrafon","A. Schimatari","28161","26585"
"2026-10-04 13:04:57","1620394","2026-10-04","10/4/2026 2:00:00 PM","NS","580","Gamma Ethniki - Group 5","Greece","Tamynaikos Aliveriou","Fokikos","28163","13912"
"2026-10-04 13:04:57","1620395","2026-10-04","10/4/2026 2:00:00 PM","NS","580","Gamma Ethniki - Group 5","Greece","Thiva","Kifissos","24880","28162"
"2026-10-04 13:04:57","1620502","2026-10-04","10/4/2026 2:00:00 PM","NS","581","Gamma Ethniki - Group 6","Greece","Aris Filiates","Panegialios","24872","2097"
"2026-10-04 13:04:57","1620503","2026-10-04","10/4/2026 2:00:00 PM","NS","581","Gamma Ethniki - Group 6","Greece","Atromitos Patras","Lefkimmi","6298","12389"
"2026-10-04 13:04:57","1620506","2026-10-04","10/4/2026 2:00:00 PM","NS","581","Gamma Ethniki - Group 6","Greece","Panagriniakos","Panachaiki FC","15254","2106"
"2026-10-04 13:04:57","1624064","2026-10-04","10/4/2026 2:00:00 PM","NS","426","Serie D - Girone A","Italy","Biellese","Gozzano","26505","1714"
"2026-10-04 13:04:57","1624065","2026-10-04","10/4/2026 2:00:00 PM","NS","426","Serie D - Girone A","Italy","Borgosesia","Sestri Levante","9429","17815"
"2026-10-04 13:04:57","1624066","2026-10-04","10/4/2026 2:00:00 PM","NS","426","Serie D - Girone A","Italy","Celle Varazze","Chisola","26507","19970"
"2026-10-04 13:04:57","1624067","2026-10-04","10/4/2026 2:00:00 PM","NS","426","Serie D - Girone A","Italy","Derthona","Alessandria","17810","878"
"2026-10-04 13:04:57","1624068","2026-10-04","10/4/2026 2:00:00 PM","NS","426","Serie D - Girone A","Italy","Fezzanese","Valenzana","9433","26514"
"2026-10-04 13:04:57","1624069","2026-10-04","10/4/2026 2:00:00 PM","NS","426","Serie D - Girone A","Italy","Ligorna","Saluzzo","9437","17814"
"2026-10-04 13:04:57","1624070","2026-10-04","10/4/2026 2:00:00 PM","NS","426","Serie D - Girone A","Italy","Sanremese","Bra","9439","9430"
"2026-10-04 13:04:57","1624277","2026-10-04","10/4/2026 2:00:00 PM","NS","426","Serie D - Girone A","Italy","Asti","Millesimo","17808","28192"
"2026-10-04 13:04:57","1624278","2026-10-04","10/4/2026 2:00:00 PM","NS","426","Serie D - Girone A","Italy","Lascaris","Imperia","28191","17811"
"2026-10-04 13:04:57","1624369","2026-10-04","10/4/2026 2:00:00 PM","NS","427","Serie D - Girone B","Italy","Brusaporto","Pro Palazzolo","9445","22329"
"2026-10-04 13:04:57","1624371","2026-10-04","10/4/2026 2:00:00 PM","NS","427","Serie D - Girone B","Italy","Virtus Ciserano Bergamo","Virtus Verona","9462","1707"
"2026-10-04 13:04:57","1624372","2026-10-04","10/4/2026 2:00:00 PM","NS","427","Serie D - Girone B","Italy","Club Milano","Leon","22307","17904"
"2026-10-04 13:04:57","1624373","2026-10-04","10/4/2026 2:00:00 PM","NS","427","Serie D - Girone B","Italy","Piacenza","Scanzorosciate","872","9457"
"2026-10-04 13:04:57","1624374","2026-10-04","10/4/2026 2:00:00 PM","NS","427","Serie D - Girone B","Italy","Rovato Vertovese","Real Calepina","26519","17140"
"2026-10-04 13:04:57","1624375","2026-10-04","10/4/2026 2:00:00 PM","NS","427","Serie D - Girone B","Italy","Villa Valle","Fiorenzuola","9460","9485"
"2026-10-04 13:04:57","1624584","2026-10-04","10/4/2026 2:00:00 PM","NS","427","Serie D - Girone B","Italy","Caldiero Terme","Nibbiano & Valtidone","9465","28193"
"2026-10-04 13:04:57","1624671","2026-10-04","10/4/2026 2:00:00 PM","NS","428","Serie D - Girone C","Italy","Brian Lignano","Luparense","24683","9473"
"2026-10-04 13:04:57","1624672","2026-10-04","10/4/2026 2:00:00 PM","NS","428","Serie D - Girone C","Italy","Este","Conegliano","9471","26508"
"2026-10-04 13:04:57","1624673","2026-10-04","10/4/2026 2:00:00 PM","NS","428","Serie D - Girone C","Italy","Legnago Salus","Bassano Virtus","9472","881"
"2026-10-04 13:04:57","1624674","2026-10-04","10/4/2026 2:00:00 PM","NS","428","Serie D - Girone C","Italy","Mestre","Campodarsego","1704","1592"
"2026-10-04 13:04:57","1624866","2026-10-04","10/4/2026 2:00:00 PM","NS","428","Serie D - Girone C","Italy","Clodiense","Sandona","9469","28196"
"2026-10-04 13:04:57","1624976","2026-10-04","10/4/2026 2:00:00 PM","NS","434","Serie D - Girone I","Italy","Gela","AC Palermo","26510","26521"
"2026-10-04 13:04:57","1624977","2026-10-04","10/4/2026 2:00:00 PM","NS","434","Serie D - Girone I","Italy","Igea Virtus","Nissa","22310","24694"
"2026-10-04 13:04:57","1624979","2026-10-04","10/4/2026 2:00:00 PM","NS","434","Serie D - Girone I","Italy","Milazzo","Siracusa","26522","894"
"2026-10-04 13:04:57","1624981","2026-10-04","10/4/2026 2:00:00 PM","NS","434","Serie D - Girone I","Italy","Vigor Lamezia","CastrumFavara","26516","24763"
"2026-10-04 13:04:57","1625171","2026-10-04","10/4/2026 2:00:00 PM","NS","434","Serie D - Girone I","Italy","Calcio Avola","Ragusa","28198","20303"
"2026-10-04 13:04:57","1625172","2026-10-04","10/4/2026 2:00:00 PM","NS","434","Serie D - Girone I","Italy","Modica","Enna","28200","24690"
"2026-10-04 13:04:57","1625173","2026-10-04","10/4/2026 2:00:00 PM","NS","434","Serie D - Girone I","Italy","Vibonese","Digiesse PraiaTortora","1681","28199"
"2026-10-04 13:04:57","1625297","2026-10-04","10/4/2026 2:00:00 PM","NS","429","Serie D - Girone D","Italy","Arconatese","Pro Sesto","9444","9456"
"2026-10-04 13:04:57","1625298","2026-10-04","10/4/2026 2:00:00 PM","NS","429","Serie D - Girone D","Italy","Correggese","Pavia","9483","26512"
"2026-10-04 13:04:57","1625299","2026-10-04","10/4/2026 2:00:00 PM","NS","429","Serie D - Girone D","Italy","Crema","Città di Varese","9484","17809"
"2026-10-04 13:04:57","1625300","2026-10-04","10/4/2026 2:00:00 PM","NS","429","Serie D - Girone D","Italy","Oltrepò","Lentigione","24695","9487"
"2026-10-04 13:04:57","1625301","2026-10-04","10/4/2026 2:00:00 PM","NS","429","Serie D - Girone D","Italy","Pontedera","Cittadella Vis Modena","1591","24686"
"2026-10-04 13:04:57","1625302","2026-10-04","10/4/2026 2:00:00 PM","NS","429","Serie D - Girone D","Italy","Sant'Angelo","Castellanzese","19983","9448"
"2026-10-04 13:04:57","1625304","2026-10-04","10/4/2026 2:00:00 PM","NS","429","Serie D - Girone D","Italy","USD Casatese","Pistoiese","17563","1589"
"2026-10-04 13:04:57","1625305","2026-10-04","10/4/2026 2:00:00 PM","NS","429","Serie D - Girone D","Italy","Varesina","Pro Patria","18177","1706"
"2026-10-04 13:04:57","1625603","2026-10-04","10/4/2026 2:00:00 PM","NS","430","Serie D - Girone E","Italy","Flaminia","Gavorrano","9497","1699"
"2026-10-04 13:04:57","1625604","2026-10-04","10/4/2026 2:00:00 PM","NS","430","Serie D - Girone E","Italy","Ghivizzano Borgo Mozzano","Tau Altopascio","9435","19986"
"2026-10-04 13:04:57","1625605","2026-10-04","10/4/2026 2:00:00 PM","NS","430","Serie D - Girone E","Italy","Grassina","Lucchese","9498","889"
"2026-10-04 13:04:57","1625606","2026-10-04","10/4/2026 2:00:00 PM","NS","430","Serie D - Girone E","Italy","Rondinella","Progresso","28202","13168"
"2026-10-04 13:04:57","1625607","2026-10-04","10/4/2026 2:00:00 PM","NS","430","Serie D - Girone E","Italy","San Donato Tavarnelle","Mezzolara","9502","9488"
"2026-10-04 13:04:57","1625608","2026-10-04","10/4/2026 2:00:00 PM","NS","430","Serie D - Girone E","Italy","Sasso Marconi Zola","Scandicci","9490","9504"
"2026-10-04 13:04:57","1625609","2026-10-04","10/4/2026 2:00:00 PM","NS","430","Serie D - Girone E","Italy","Robur Siena","Seravezza","1583","9441"
"2026-10-04 13:04:57","1625610","2026-10-04","10/4/2026 2:00:00 PM","NS","430","Serie D - Girone E","Italy","Ternana","Montevarchi Calcio","516","9500"
"2026-10-04 13:04:57","1625909","2026-10-04","10/4/2026 2:00:00 PM","NS","433","Serie D - Girone H","Italy","Brindisi","Real Normanna","9541","17858"
"2026-10-04 13:04:57","1625910","2026-10-04","10/4/2026 2:00:00 PM","NS","433","Serie D - Girone H","Italy","Fidelis Andria","Real Forio 2014","1695","28208"
"2026-10-04 13:04:57","1625911","2026-10-04","10/4/2026 2:00:00 PM","NS","433","Serie D - Girone H","Italy","Gladiator","Turris","9545","5608"
"2026-10-04 13:04:57","1625913","2026-10-04","10/4/2026 2:00:00 PM","NS","433","Serie D - Girone H","Italy","Ischia","Ebolitana","22311","28203"
"2026-10-04 13:04:57","1625916","2026-10-04","10/4/2026 2:00:00 PM","NS","433","Serie D - Girone H","Italy","Melfi","Nocerina","1690","9548"
"2026-10-04 13:04:57","1625917","2026-10-04","10/4/2026 2:00:00 PM","NS","433","Serie D - Girone H","Italy","USD Palmese","Nardò","19991","9536"
"2026-10-04 13:04:57","1626215","2026-10-04","10/4/2026 2:00:00 PM","NS","431","Serie D - Girone F","Italy","Ancona","Sporting Trestina","897","9505"
"2026-10-04 13:04:57","1626216","2026-10-04","10/4/2026 2:00:00 PM","NS","431","Serie D - Girone F","Italy","Atletico Ascoli","Fossombrone","22302","22308"
"2026-10-04 13:04:57","1626217","2026-10-04","10/4/2026 2:00:00 PM","NS","431","Serie D - Girone F","Italy","Foligno Calcio","Angelana","9496","28204"
"2026-10-04 13:04:57","1626218","2026-10-04","10/4/2026 2:00:00 PM","NS","431","Serie D - Girone F","Italy","Montecchio Gallo","Notaresco","28206","9518"
"2026-10-04 13:04:57","1626219","2026-10-04","10/4/2026 2:00:00 PM","NS","431","Serie D - Girone F","Italy","Pietralunga","L'Aquila","28207","22312"
"2026-10-04 13:04:57","1626220","2026-10-04","10/4/2026 2:00:00 PM","NS","431","Serie D - Girone F","Italy","Recanatese","Maceratese","9517","900"
"2026-10-04 13:04:57","1626221","2026-10-04","10/4/2026 2:00:00 PM","NS","431","Serie D - Girone F","Italy","Santegidiese","Real Giulianova","28209","9516"
"2026-10-04 13:04:57","1626222","2026-10-04","10/4/2026 2:00:00 PM","NS","431","Serie D - Girone F","Italy","Teramo","Vigor Senigallia","1683","19992"
"2026-10-04 13:04:57","1626223","2026-10-04","10/4/2026 2:00:00 PM","NS","431","Serie D - Girone F","Italy","Termoli Calcio","Lanciano FC","19987","28205"
"2026-10-04 13:04:57","1626524","2026-10-04","10/4/2026 2:00:00 PM","NS","432","Serie D - Girone G","Italy","Certosa V. Campagnano","Aranova","28211","28210"
"2026-10-04 13:04:57","1626525","2026-10-04","10/4/2026 2:00:00 PM","NS","432","Serie D - Girone G","Italy","Gelbison","Venafro","9544","28213"
"2026-10-04 13:04:57","1626526","2026-10-04","10/4/2026 2:00:00 PM","NS","432","Serie D - Girone G","Italy","Latte Dolce","Sarrabus Ogliastra","9528","19984"
"2026-10-04 13:04:57","1626528","2026-10-04","10/4/2026 2:00:00 PM","NS","432","Serie D - Girone G","Italy","Trastevere","Città di Anagni","874","9526"
"2026-10-04 13:04:57","1626529","2026-10-04","10/4/2026 2:00:00 PM","NS","432","Serie D - Girone G","Italy","Unipomezia","Atletico Lodigiani","17834","24762"
"2026-10-04 13:04:57","1626876","2026-10-04","10/4/2026 2:00:00 PM","PST","175","Third League - Northeast","Bulgaria","Benkovski Isperih","Ludogorets III","21835","14222"
"2026-10-04 13:04:57","1630572","2026-10-04","10/4/2026 2:00:00 PM","NS","400","Super League","Zambia","Green Buffaloes","Chirundu Utd","5199","28278"
"2026-10-04 13:04:57","1630573","2026-10-04","10/4/2026 2:00:00 PM","NS","400","Super League","Zambia","Makeni All Stars","Kansanshi Dynamos","28279","7455"
"2026-10-04 13:04:57","1630574","2026-10-04","10/4/2026 2:00:00 PM","NS","400","Super League","Zambia","Mutondo Stars","Red Arrows","21875","5213"
"2026-10-04 13:04:57","1634000","2026-10-04","10/4/2026 2:00:00 PM","NS","653","Second League - Group 4","Russia","Rubin Kazan 2","Chelyabinsk II","21032","25866"
"2026-10-04 13:04:57","1635483","2026-10-04","10/4/2026 2:00:00 PM","NS","249","Kakkonen - Lohko C","Finland","TP-47","Vaajakoski","9214","9201"
"2026-10-04 13:04:57","1637231","2026-10-04","10/4/2026 2:00:00 PM","NS","1243","Super League Women","South-Africa","First Touch W","City Lads W","28354","28350"
"2026-10-04 13:04:57","1638921","2026-10-04","10/4/2026 2:00:00 PM","NS","176","Third League - Northwest","Bulgaria","Spartak Pleven II","Partizan","28218","6395"
"2026-10-04 13:04:57","1640830","2026-10-04","10/4/2026 2:00:00 PM","NS","10","Friendlies","World","Comoros","Senegal","1524","13"
"2026-10-04 13:04:57","1641619","2026-10-04","10/4/2026 2:00:00 PM","NS","268","Primera División","Uruguay","Danubio","Cerro Largo","2352","2369"
"2026-10-04 13:04:57","1641869","2026-10-04","10/4/2026 2:00:00 PM","NS","269","Segunda División","Uruguay","Colón","Oriental","15628","2376"
"2026-10-04 13:04:57","1642351","2026-10-04","10/4/2026 2:00:00 PM","NS","582","Gamma Ethniki - Group 7","Greece","Korinthos","Miltiadis Pyrgos","6307","24876"
"2026-10-04 13:04:57","1642480","2026-10-04","10/4/2026 2:00:00 PM","NS","583","Gamma Ethniki - Group 8","Greece","Afantou","PAO Rouf","20043","13931"
"2026-10-04 13:04:57","1642481","2026-10-04","10/4/2026 2:00:00 PM","NS","583","Gamma Ethniki - Group 8","Greece","Apollon Smirnis","Proodeftiki","951","13924"
"2026-10-04 13:04:57","1642483","2026-10-04","10/4/2026 2:00:00 PM","NS","583","Gamma Ethniki - Group 8","Greece","Ethnikos Piraeus","Amfiali","5042","28457"
"2026-10-04 13:04:57","1642484","2026-10-04","10/4/2026 2:00:00 PM","NS","583","Gamma Ethniki - Group 8","Greece","Ialysos","Egaleo","7512","7511"
"2026-10-04 13:04:57","1642485","2026-10-04","10/4/2026 2:00:00 PM","NS","583","Gamma Ethniki - Group 8","Greece","Ionikos","Diagoras","7513","7510"
"2026-10-04 13:04:57","1642611","2026-10-04","10/4/2026 2:00:00 PM","NS","693","Gamma Ethniki - Group 9","Greece","Ilisiakos","Saronikos Anavyssou","6304","24860"
"2026-10-04 13:04:57","1642612","2026-10-04","10/4/2026 2:00:00 PM","NS","693","Gamma Ethniki - Group 9","Greece","Ilioupoli","Asteras Varis","15235","15229"
"2026-10-04 13:04:57","1642613","2026-10-04","10/4/2026 2:00:00 PM","NS","693","Gamma Ethniki - Group 9","Greece","Asteras Magoula","Asteras Kaisarianis","13915","22271"
"2026-10-04 13:04:57","1642615","2026-10-04","10/4/2026 2:00:00 PM","NS","693","Gamma Ethniki - Group 9","Greece","Nea Ionia","Acharnaikos","24879","2086"
"2026-10-04 13:04:57","1643198","2026-10-04","10/4/2026 2:00:00 PM","NS","10","Friendlies","World","South Africa U23","Algeria U23","10195","10186"
"2026-10-04 13:04:57","1644148","2026-10-04","10/4/2026 2:00:00 PM","AWD","652","Second League - Group 2","Russia","Irkutsk","Cherepovets","21539","24450"
"2026-10-04 13:04:57","1634297","2026-10-04","10/4/2026 2:10:00 PM","NS","1218","Pro League U23","United-Arab-Emirates","Al Sharjah U23","Al Wahda U23","27490","27491"
"2026-10-04 13:04:57","1643421","2026-10-04","10/4/2026 2:15:00 PM","PST","847","Premier League","Eswatini","Red Rhinos","Mbabane Swallows","28440","8107"
"2026-10-04 13:04:57","1496713","2026-10-04","10/4/2026 2:30:00 PM","NS","775","3. Division - Girone 2","Norway","Spjelkavik","Ranheim II","7030","16224"
"2026-10-04 13:04:57","1568390","2026-10-04","10/4/2026 2:30:00 PM","NS","783","III Liga - Group 4","Poland","Busko-Zdroj","Wisła Kraków II","27900","24324"
"2026-10-04 13:04:57","1581145","2026-10-04","10/4/2026 2:30:00 PM","NS","750","Oberliga - Hessen","Germany","Kassel 2","Baunatal","27934","4261"
"2026-10-04 13:04:57","1589723","2026-10-04","10/4/2026 2:30:00 PM","NS","794","3. SNL - East","Slovenia","Čarda Martjanci","Podvinci","14454","16304"
"2026-10-04 13:04:57","1589827","2026-10-04","10/4/2026 2:30:00 PM","NS","795","3. SNL - West","Slovenia","Vipava","Litija","16311","20163"
"2026-10-04 13:04:57","1592246","2026-10-04","10/4/2026 2:30:00 PM","NS","747","Oberliga - Westfalen","Germany","Ennepetal","ASC Dortmund","14666","12726"
"2026-10-04 13:04:57","1592247","2026-10-04","10/4/2026 2:30:00 PM","NS","747","Oberliga - Westfalen","Germany","TuS Hordel","Vreden","27324","16088"
"2026-10-04 13:04:57","1592536","2026-10-04","10/4/2026 2:30:00 PM","NS","751","Oberliga - Niederrhein","Germany","Büderich","Holzheimer SG","19657","14706"
"2026-10-04 13:04:57","1592752","2026-10-04","10/4/2026 2:30:00 PM","NS","751","Oberliga - Niederrhein","Germany","Solingen-Wald","Meerbusch","28003","14553"
"2026-10-04 13:04:57","1610329","2026-10-04","10/4/2026 2:30:00 PM","NS","746","Oberliga - Mittelrhein","Germany","Frechen","VfL Vichttal","12768","14813"
"2026-10-04 13:04:57","1610330","2026-10-04","10/4/2026 2:30:00 PM","NS","746","Oberliga - Mittelrhein","Germany","Siegburger SV","Lindenthal-Hohenlind","12853","20860"
"2026-10-04 13:04:57","1610505","2026-10-04","10/4/2026 2:30:00 PM","NS","746","Oberliga - Mittelrhein","Germany","Chlodwig Zulpich","Bornheim","28056","26275"
"2026-10-04 13:04:57","1624676","2026-10-04","10/4/2026 2:30:00 PM","NS","428","Serie D - Girone C","Italy","Virtus Bolzano","Calvi Noale","9461","24685"
"2026-10-04 13:04:57","1624980","2026-10-04","10/4/2026 2:30:00 PM","NS","434","Serie D - Girone I","Italy","Trapani 1905","Reggina","17862","1692"
"2026-10-04 13:04:57","1625912","2026-10-04","10/4/2026 2:30:00 PM","NS","433","Serie D - Girone H","Italy","Gravina","Virtus Francavilla","9546","873"
"2026-10-04 13:04:57","1625914","2026-10-04","10/4/2026 2:30:00 PM","NS","433","Serie D - Girone H","Italy","Manfredonia","Bisceglie","22313","1703"
"2026-10-04 13:04:57","1625915","2026-10-04","10/4/2026 2:30:00 PM","NS","433","Serie D - Girone H","Italy","Martina Franca","Francavilla","19975","9543"
"2026-10-04 13:04:57","1626522","2026-10-04","10/4/2026 2:30:00 PM","NS","432","Serie D - Girone G","Italy","Albalonga","Anzio","1586","22300"
"2026-10-04 13:04:57","1626527","2026-10-04","10/4/2026 2:30:00 PM","NS","432","Serie D - Girone G","Italy","Sarnese","Paganese","24700","890"
"2026-10-04 13:04:57","1642262","2026-10-04","10/4/2026 2:30:00 PM","NS","1015","CAF U23 Cup of Nations","World","South Sudan U23","Djibouti U23","17126","17122"
"2026-10-04 13:04:57","1642963","2026-10-04","10/4/2026 2:30:00 PM","NS","667","Friendlies Clubs","World","Hamburger SV","FC Copenhagen","175","400"
"2026-10-04 13:04:57","1610331","2026-10-04","10/4/2026 2:45:00 PM","NS","746","Oberliga - Mittelrhein","Germany","Neunkirchen-Seelscheid","Hürth","28348","14708"
"2026-10-04 13:04:57","1496162","2026-10-04","10/4/2026 3:00:00 PM","NS","473","2. Division - Group 1","Norway","Brattvåg","Sotra","6970","7028"
"2026-10-04 13:04:57","1496349","2026-10-04","10/4/2026 3:00:00 PM","NS","474","2. Division - Group 2","Norway","Trygg/Lade","Junkeren","7039","7000"
"2026-10-04 13:04:57","1497255","2026-10-04","10/4/2026 3:00:00 PM","NS","778","3. Division - Girone 5","Norway","Harstad","Skedsmo","6994","19711"
"2026-10-04 13:04:57","1510689","2026-10-04","10/4/2026 3:00:00 PM","NS","592","Division 2 - Norra Götaland","Sweden","IF Karlstad II","Tord","12571","12618"
"2026-10-04 13:04:57","1511235","2026-10-04","10/4/2026 3:00:00 PM","NS","595","Division 2 - Södra Svealand","Sweden","Örebro Syrianska","Haninge","11664","6672"
"2026-10-04 13:04:57","1536717","2026-10-04","10/4/2026 3:00:00 PM","NS","650","Second League - Group 3","Russia","Ryazan","Avangard Kursk","6823","2009"
"2026-10-04 13:04:57","1554176","2026-10-04","10/4/2026 3:00:00 PM","NS","287","Prva Liga","Serbia","Javor","Borac Cacak","2653","2649"
"2026-10-04 13:04:57","1558954","2026-10-04","10/4/2026 3:00:00 PM","NS","374","2. SNL","Slovenia","Ilirija","Beltinci","4381","4366"
"2026-10-04 13:04:57","1559386","2026-10-04","10/4/2026 3:00:00 PM","NS","356","Second League","Montenegro","Zeta","Grbalj","676","3737"
"2026-10-04 13:04:57","1562080","2026-10-04","10/4/2026 3:00:00 PM","NS","408","Premiership","Northern-Ireland","Bangor","Coleraine FC","11112","669"
"2026-10-04 13:04:57","1562411","2026-10-04","10/4/2026 3:00:00 PM","NS","351","4. liga - Divizie B","Czech-Republic","Sokol Hostouň","Rapid Psáry","7350","24200"
"2026-10-04 13:04:57","1562524","2026-10-04","10/4/2026 3:00:00 PM","NS","352","4. liga - Divizie C","Czech-Republic","Spartak Police n/Metují","Letohrad","24193","7313"
"2026-10-04 13:04:57","1562526","2026-10-04","10/4/2026 3:00:00 PM","NS","352","4. liga - Divizie C","Czech-Republic","Turnov","Chrudim II","19437","19641"
"2026-10-04 13:04:57","1562527","2026-10-04","10/4/2026 3:00:00 PM","NS","352","4. liga - Divizie C","Czech-Republic","Ústí nad Orlicí","Kolín","7381","7309"
"2026-10-04 13:04:57","1562658","2026-10-04","10/4/2026 3:00:00 PM","NS","348","3. liga - CFL A","Czech-Republic","Slavia III","Povltava FA","26232","14005"
"2026-10-04 13:04:57","1562772","2026-10-04","10/4/2026 3:00:00 PM","NS","685","3. liga - CFL B","Czech-Republic","Benátky nad Jizerou","Chrudim","7274","3722"
"2026-10-04 13:04:57","1562773","2026-10-04","10/4/2026 3:00:00 PM","NS","685","3. liga - CFL B","Czech-Republic","Sokol Brozany","Sokol Zápy","7349","7356"
"2026-10-04 13:04:57","1562774","2026-10-04","10/4/2026 3:00:00 PM","NS","685","3. liga - CFL B","Czech-Republic","Čáslav","Velké Hamry","7384","7372"
"2026-10-04 13:04:57","1562778","2026-10-04","10/4/2026 3:00:00 PM","NS","685","3. liga - CFL B","Czech-Republic","Varnsdorf","Slovan Liberec II","3728","12855"
"2026-10-04 13:04:57","1574366","2026-10-04","10/4/2026 3:00:00 PM","NS","510","1. Liga Promotion","Switzerland","Bellinzona","Zürich II","6616","10591"
"2026-10-04 13:04:57","1578106","2026-10-04","10/4/2026 3:00:00 PM","NS","149","Second Amateur Division - VFV A","Belgium","Voorde Appelterre","Torhout","5975","5955"
"2026-10-04 13:04:57","1583876","2026-10-04","10/4/2026 3:00:00 PM","NS","1025","Second League A - Division A Gold","Russia","Rodina Moskva II","Kaluga","19453","6802"
"2026-10-04 13:04:57","1593147","2026-10-04","10/4/2026 3:00:00 PM","NS","82","Frauen Bundesliga","Germany","Stuttgart W","Union Berlin W","24130","24133"
"2026-10-04 13:04:57","1605925","2026-10-04","10/4/2026 3:00:00 PM","NS","460","Campeonato de Portugal Prio - Group D","Portugal","Lajense","Juventude Évora","20037","4755"
"2026-10-04 13:04:57","1609688","2026-10-04","10/4/2026 3:00:00 PM","NS","601","1. Liga Classic - Group 3","Switzerland","Winterthur II","St. Gallen II","12721","12718"
"2026-10-04 13:04:57","1614272","2026-10-04","10/4/2026 3:00:00 PM","NS","444","Tercera División RFEF - Group 6","Spain","Levante II","Crevillente","9591","9690"
"2026-10-04 13:04:57","1624978","2026-10-04","10/4/2026 3:00:00 PM","NS","434","Serie D - Girone I","Italy","Licata","Sambiase","9557","24699"
"2026-10-04 13:04:57","1626523","2026-10-04","10/4/2026 3:00:00 PM","NS","432","Serie D - Girone G","Italy","Budoni","Monastir","9524","26523"
"2026-10-04 13:04:57","1628537","2026-10-04","10/4/2026 3:00:00 PM","NS","399","NPFL","Nigeria","Niger Tornadoes","Kun Khalifat FC","5189","26401"
"2026-10-04 13:04:57","1639187","2026-10-04","10/4/2026 3:00:00 PM","NS","143","Copa del Rey","Spain","Noja","Ribadesella CF","17535","28413"
"2026-10-04 13:04:57","1639188","2026-10-04","10/4/2026 3:00:00 PM","NS","143","Copa del Rey","Spain","Prat","San Rafael","9592","9787"
"2026-10-04 13:04:57","1639189","2026-10-04","10/4/2026 3:00:00 PM","NS","143","Copa del Rey","Spain","CD San Jose","Auriense","28423","28410"
"2026-10-04 13:04:57","1639316","2026-10-04","10/4/2026 3:00:00 PM","NS","212","Cup","Croatia","Vukovar","Dinamo Zagreb","5730","620"
"2026-10-04 13:04:57","1640507","2026-10-04","10/4/2026 3:00:00 PM","NS","10","Friendlies","World","Kyrgyzstan","Lebanon","1554","1551"
"2026-10-04 13:04:57","1641285","2026-10-04","10/4/2026 3:00:00 PM","NS","134","Torneo Federal A","Argentina","Cipolletti","Sol de América","1949","3982"
"2026-10-04 13:04:57","1642017","2026-10-04","10/4/2026 3:00:00 PM","NS","828","Ligue 2","Tunisia","BS Bouhajla","AS Soliman","10599","6253"
"2026-10-04 13:04:57","1642023","2026-10-04","10/4/2026 3:00:00 PM","NS","828","Ligue 2","Tunisia","Jendouba Sport","Ariana","10611","10598"
"2026-10-04 13:04:57","1642024","2026-10-04","10/4/2026 3:00:00 PM","NS","828","Ligue 2","Tunisia","Kalaâ Sport","JS Kairouanaise","10614","993"
"2026-10-04 13:04:57","1642025","2026-10-04","10/4/2026 3:00:00 PM","NS","828","Ligue 2","Tunisia","AS Kasserine","Olympique du Kef","10615","13357"
"2026-10-04 13:04:57","1642026","2026-10-04","10/4/2026 3:00:00 PM","NS","828","Ligue 2","Tunisia","Korba","EGS Gafsa","10617","10604"
"2026-10-04 13:04:57","1642027","2026-10-04","10/4/2026 3:00:00 PM","NS","828","Ligue 2","Tunisia","Ksour Essef","CO Medenine","10649","982"
"2026-10-04 13:04:57","1642028","2026-10-04","10/4/2026 3:00:00 PM","NS","828","Ligue 2","Tunisia","Redeyef","Bouchamma","10665","10643"
"2026-10-04 13:04:57","1642029","2026-10-04","10/4/2026 3:00:00 PM","NS","828","Ligue 2","Tunisia","Stade Gabesien","Moknine","985","10624"
"2026-10-04 13:04:57","1642964","2026-10-04","10/4/2026 3:00:00 PM","NS","667","Friendlies Clubs","World","Ludogorets","Cherno More Varna","566","851"
"2026-10-04 13:04:57","1569954","2026-10-04","10/4/2026 3:15:00 PM","NS","141","Segunda División","Spain","Sporting Gijon","Celta de Vigo II","731","9571"
"2026-10-04 13:04:57","1570769","2026-10-04","10/4/2026 3:30:00 PM","NS","435","Primera División RFEF - Group 1","Spain","Ponferradina","Mirandes","4907","799"
"2026-10-04 13:04:57","1570775","2026-10-04","10/4/2026 3:30:00 PM","NS","435","Primera División RFEF - Group 1","Spain","Zamora","CD Coria","9418","9827"
"2026-10-04 13:04:57","1614579","2026-10-04","10/4/2026 3:30:00 PM","NS","445","Tercera División RFEF - Group 7","Spain","Galapagar","Cala Pozuelo","17516","24709"
"2026-10-04 13:04:57","1617643","2026-10-04","10/4/2026 3:30:00 PM","NS","455","Tercera División RFEF - Group 17","Spain","Brea","CDJ Tamarite","9883","9884"
"2026-10-04 13:04:57","1632814","2026-10-04","10/4/2026 3:30:00 PM","NS","291","Azadegan League","Iran","Shenavarsazi Qeshm","Mes Soongoun","22890","22236"
"2026-10-04 13:04:57","1643422","2026-10-04","10/4/2026 3:30:00 PM","NS","560","Presidents Cup","United-Arab-Emirates","Al Arabi","Al Urooba","9135","9139"
"2026-10-04 13:04:57","1643423","2026-10-04","10/4/2026 3:30:00 PM","NS","560","Presidents Cup","United-Arab-Emirates","Al Fujairah SC","Dibba Al Hisn","2880","9140"
"2026-10-04 13:04:57","1575080","2026-10-04","10/4/2026 3:45:00 PM","NS","91","Eredivisie Women","Netherlands","De Graafschap W","AZ W","27907","21939"
"2026-10-04 13:04:57","1575081","2026-10-04","10/4/2026 3:45:00 PM","NS","91","Eredivisie Women","Netherlands","ADO Den Haag W","PSV/Eindhoven W","1894","1895"
"2026-10-04 13:04:57","1575082","2026-10-04","10/4/2026 3:45:00 PM","NS","91","Eredivisie Women","Netherlands","Feyenoord W","Ajax W","16853","1898"
"2026-10-04 13:04:57","1575083","2026-10-04","10/4/2026 3:45:00 PM","NS","91","Eredivisie Women","Netherlands","PEC Zwolle W","Heerenveen W","1900","1897"
"2026-10-04 13:04:57","1495407","2026-10-04","10/4/2026 4:00:00 PM","NS","725","Toppserien","Norway","Vålerenga W","Rosenborg W","15535","15956"
"2026-10-04 13:04:57","1496164","2026-10-04","10/4/2026 4:00:00 PM","NS","473","2. Division - Group 1","Norway","Lysekloster","jerv","7007","2151"
"2026-10-04 13:04:57","1496165","2026-10-04","10/4/2026 4:00:00 PM","NS","473","2. Division - Group 1","Norway","Mjondalen","Træff","2152","7040"
"2026-10-04 13:04:57","1505289","2026-10-04","10/4/2026 4:00:00 PM","NS","563","Ettan - Norra","Sweden","Umeå FC","Hammarby Talang","6705","16596"
"2026-10-04 13:04:57","1509164","2026-10-04","10/4/2026 4:00:00 PM","NS","327","Erovnuli Liga","Georgia","FC Iberia 1999","Dinamo Tbilisi","3502","2262"
"2026-10-04 13:04:57","1557302","2026-10-04","10/4/2026 4:00:00 PM","NS","146","Super League Women","Belgium","OH Leuven W","RAAL La Louviere W","1790","27853"
"2026-10-04 13:04:57","1561670","2026-10-04","10/4/2026 4:00:00 PM","NS","109","II Liga - East","Poland","Górnik Łęczna","Chojniczanka Chojnice","6941","3482"
"2026-10-04 13:04:57","1572068","2026-10-04","10/4/2026 4:00:00 PM","NS","875","Segunda División RFEF - Group 1","Spain","Bergantiños","Coruxo","9383","9385"
"2026-10-04 13:04:57","1572069","2026-10-04","10/4/2026 4:00:00 PM","NS","875","Segunda División RFEF - Group 1","Spain","Compostela","Real Oviedo II","5256","9576"
"2026-10-04 13:04:57","1572070","2026-10-04","10/4/2026 4:00:00 PM","NS","875","Segunda División RFEF - Group 1","Spain","Gernika","Sestao River","5263","9413"
"2026-10-04 13:04:57","1572071","2026-10-04","10/4/2026 4:00:00 PM","NS","875","Segunda División RFEF - Group 1","Spain","Ourense CF","Arosa","9612","9605"
"2026-10-04 13:04:57","1572372","2026-10-04","10/4/2026 4:00:00 PM","NS","876","Segunda División RFEF - Group 2","Spain","Arnedo","Ebro","9862","5261"
"2026-10-04 13:04:57","1572373","2026-10-04","10/4/2026 4:00:00 PM","NS","876","Segunda División RFEF - Group 2","Spain","Barbastro","Utebo","9879","9891"
"2026-10-04 13:04:57","1572375","2026-10-04","10/4/2026 4:00:00 PM","NS","876","Segunda División RFEF - Group 2","Spain","Osasuna II","Calamocha","9584","9885"
"2026-10-04 13:04:57","1572377","2026-10-04","10/4/2026 4:00:00 PM","NS","876","Segunda División RFEF - Group 2","Spain","Reddis","Manresa","22136","9675"
"2026-10-04 13:04:57","1572380","2026-10-04","10/4/2026 4:00:00 PM","NS","876","Segunda División RFEF - Group 2","Spain","UD Logroñés II","Olot","9872","9403"
"2026-10-04 13:04:57","1572987","2026-10-04","10/4/2026 4:00:00 PM","NS","878","Segunda División RFEF - Group 4","Spain","Marbella","Real Betis II","5267","9765"
"2026-10-04 13:04:57","1573291","2026-10-04","10/4/2026 4:00:00 PM","NS","879","Segunda División RFEF - Group 5","Spain","A Madrid III","Conquense","26543","5257"
"2026-10-04 13:04:57","1573292","2026-10-04","10/4/2026 4:00:00 PM","NS","879","Segunda División RFEF - Group 5","Spain","Atlético Tordesillas","Salamanca UDS","9724","9588"
"2026-10-04 13:04:57","1581721","2026-10-04","10/4/2026 4:00:00 PM","NS","1033","Ekstraliga Women","Poland","Legia W","UKS Łódź W","27936","19053"
"2026-10-04 13:04:57","1600715","2026-10-04","10/4/2026 4:00:00 PM","NS","711","Segunda División","Chile","Municipal Salamanca","Linares Unido","18775","15717"
"2026-10-04 13:04:57","1602138","2026-10-04","10/4/2026 4:00:00 PM","NS","570","Premier League","Ghana","Aduana Stars","Swedru All Blacks","8079","21093"
"2026-10-04 13:04:57","1602140","2026-10-04","10/4/2026 4:00:00 PM","NS","570","Premier League","Ghana","Debibi United","Medeama","21071","12255"
"2026-10-04 13:04:57","1602142","2026-10-04","10/4/2026 4:00:00 PM","NS","570","Premier League","Ghana","Heart of Lions","Ashanti Gold","13882","8056"
"2026-10-04 13:04:57","1602143","2026-10-04","10/4/2026 4:00:00 PM","NS","570","Premier League","Ghana","Basake Holy Stars","Berekum Chelsea","22763","12244"
"2026-10-04 13:04:57","1602144","2026-10-04","10/4/2026 4:00:00 PM","NS","570","Premier League","Ghana","Port City","Bechem United","26805","8099"
"2026-10-04 13:04:57","1602145","2026-10-04","10/4/2026 4:00:00 PM","NS","570","Premier League","Ghana","Samartex","Young Apostles","20022","22783"
"2026-10-04 13:04:57","1612743","2026-10-04","10/4/2026 4:00:00 PM","NS","439","Tercera División RFEF - Group 1","Spain","Celta de Vigo III","Atlético Arteixo","20255","19650"
"2026-10-04 13:04:57","1612744","2026-10-04","10/4/2026 4:00:00 PM","NS","439","Tercera División RFEF - Group 1","Spain","Portonovo SD","Lalin","28096","28095"
"2026-10-04 13:04:57","1612746","2026-10-04","10/4/2026 4:00:00 PM","NS","439","Tercera División RFEF - Group 1","Spain","Somozas","Sarriana","9616","22130"
"2026-10-04 13:04:57","1613045","2026-10-04","10/4/2026 4:00:00 PM","NS","440","Tercera División RFEF - Group 2","Spain","Andes","Gijón Industrial","28097","9624"
"2026-10-04 13:04:57","1613353","2026-10-04","10/4/2026 4:00:00 PM","NS","441","Tercera División RFEF - Group 3","Spain","Castro","Tropezón","15336","9651"
"2026-10-04 13:04:57","1613356","2026-10-04","10/4/2026 4:00:00 PM","NS","441","Tercera División RFEF - Group 3","Spain","Selaya","Naval Reinosa","9645","28098"
"2026-10-04 13:04:57","1613658","2026-10-04","10/4/2026 4:00:00 PM","NS","442","Tercera División RFEF - Group 4","Spain","Amurrio Club","Leioa","17315","9397"
"2026-10-04 13:04:57","1613963","2026-10-04","10/4/2026 4:00:00 PM","NS","443","Tercera División RFEF - Group 5","Spain","Atlètic Lleida","Pobla Mafumet","24574","9677"
"2026-10-04 13:04:57","1614277","2026-10-04","10/4/2026 4:00:00 PM","NS","444","Tercera División RFEF - Group 6","Spain","Vall de Uxó","Atzeneta","24779","9688"
"2026-10-04 13:04:57","1614882","2026-10-04","10/4/2026 4:00:00 PM","NS","446","Tercera División RFEF - Group 8","Spain","Bembibre","La Virgen del Camino","9725","9732"
"2026-10-04 13:04:57","1615189","2026-10-04","10/4/2026 4:00:00 PM","NS","447","Tercera División RFEF - Group 9","Spain","Cantoria","Almería II","28108","9741"
"2026-10-04 13:04:57","1615493","2026-10-04","10/4/2026 4:00:00 PM","NS","448","Tercera División RFEF - Group 10","Spain","Recreativo Huelva","Xerez Deportivo","9410","9771"
"2026-10-04 13:04:57","1615804","2026-10-04","10/4/2026 4:00:00 PM","NS","449","Tercera División RFEF - Group 11","Spain","PE Sant Jordi","Inter Ibiza","15313","17598"
"2026-10-04 13:04:57","1616419","2026-10-04","10/4/2026 4:00:00 PM","NS","451","Tercera División RFEF - Group 13","Spain","San Javier","Los Garres","28116","9814"
"2026-10-04 13:04:57","1617329","2026-10-04","10/4/2026 4:00:00 PM","NS","454","Tercera División RFEF - Group 16","Spain","Agoncillo","Vianés","15323","9874"
"2026-10-04 13:04:57","1617330","2026-10-04","10/4/2026 4:00:00 PM","NS","454","Tercera División RFEF - Group 16","Spain","Alfaro","Calahorra","9860","9581"
"2026-10-04 13:04:57","1617333","2026-10-04","10/4/2026 4:00:00 PM","NS","454","Tercera División RFEF - Group 16","Spain","Haro Deportivo","Anguiano","9389","9861"
"2026-10-04 13:04:57","1617334","2026-10-04","10/4/2026 4:00:00 PM","NS","454","Tercera División RFEF - Group 16","Spain","Oyonesa","Varea","9869","9873"
"2026-10-04 13:04:57","1617335","2026-10-04","10/4/2026 4:00:00 PM","NS","454","Tercera División RFEF - Group 16","Spain","Pradejón","Berceo","9870","9863"
"2026-10-04 13:04:57","1617635","2026-10-04","10/4/2026 4:00:00 PM","NS","455","Tercera División RFEF - Group 17","Spain","Almudévar","Illueca","9877","9391"
"2026-10-04 13:04:57","1617636","2026-10-04","10/4/2026 4:00:00 PM","NS","455","Tercera División RFEF - Group 17","Spain","Andorra CF","Ejea","17498","9589"
"2026-10-04 13:04:57","1617641","2026-10-04","10/4/2026 4:00:00 PM","NS","455","Tercera División RFEF - Group 17","Spain","La Almunia","Cuarte","20287","9886"
"2026-10-04 13:04:57","1620676","2026-10-04","10/4/2026 4:00:00 PM","NS","415","Championnat National","Benin","ASPAC","Djeffa","5453","16423"
"2026-10-04 13:04:57","1620677","2026-10-04","10/4/2026 4:00:00 PM","NS","415","Championnat National","Benin","AS Sobemap","Hodio","5468","16427"
"2026-10-04 13:04:57","1620678","2026-10-04","10/4/2026 4:00:00 PM","NS","415","Championnat National","Benin","Cavaliers","Dynamo Abomey","16420","5460"
"2026-10-04 13:04:57","1620679","2026-10-04","10/4/2026 4:00:00 PM","NS","415","Championnat National","Benin","Coton Sport Ouidah","Bani Gansè","18113","20668"
"2026-10-04 13:04:57","1628531","2026-10-04","10/4/2026 4:00:00 PM","NS","399","NPFL","Nigeria","Doma United","Warri Wolves","20809","5508"
"2026-10-04 13:04:57","1628532","2026-10-04","10/4/2026 4:00:00 PM","NS","399","NPFL","Nigeria","Bendel Insurance","Barau FC","5173","26400"
"2026-10-04 13:04:57","1628533","2026-10-04","10/4/2026 4:00:00 PM","NS","399","NPFL","Nigeria","Enyimba","Plateau United","5177","5190"
"2026-10-04 13:04:57","1628534","2026-10-04","10/4/2026 4:00:00 PM","NS","399","NPFL","Nigeria","Inter Lagos","Katsina United","28168","5184"
"2026-10-04 13:04:57","1628536","2026-10-04","10/4/2026 4:00:00 PM","NS","399","NPFL","Nigeria","Kwara United","Ranchers Bees","5185","28169"
"2026-10-04 13:04:57","1628538","2026-10-04","10/4/2026 4:00:00 PM","NS","399","NPFL","Nigeria","Enugu Rangers","Abia Warriors","5176","5171"
"2026-10-04 13:04:57","1628539","2026-10-04","10/4/2026 4:00:00 PM","NS","399","NPFL","Nigeria","Rivers United","Ikorodu City","5192","24512"
"2026-10-04 13:04:57","1628540","2026-10-04","10/4/2026 4:00:00 PM","NS","399","NPFL","Nigeria","Shooting Stars","Nasarawa United","5504","5188"
"2026-10-04 13:04:57","1630830","2026-10-04","10/4/2026 4:00:00 PM","NS","1196","Division One League","Ghana","Berekum City","Real Tamale","22764","13885"
"2026-10-04 13:04:57","1630834","2026-10-04","10/4/2026 4:00:00 PM","NS","1196","Division One League","Ghana","Eleven Wonders","Bectero Sasana","12246","28282"
"2026-10-04 13:04:57","1630835","2026-10-04","10/4/2026 4:00:00 PM","NS","1196","Division One League","Ghana","Elmina Sharks","PAC Academy","12247","21085"
"2026-10-04 13:04:57","1630837","2026-10-04","10/4/2026 4:00:00 PM","NS","1196","Division One League","Ghana","Great Olympics","True Democracy","12248","25401"
"2026-10-04 13:04:57","1630838","2026-10-04","10/4/2026 4:00:00 PM","NS","1196","Division One League","Ghana","KAC Soccer","Mighty Royals","26800","26802"
"2026-10-04 13:04:57","1630840","2026-10-04","10/4/2026 4:00:00 PM","NS","1196","Division One League","Ghana","King Faisal","Ebusua Dwarfs","12252","12245"
"2026-10-04 13:04:57","1630841","2026-10-04","10/4/2026 4:00:00 PM","NS","1196","Division One League","Ghana","Kotoku Royals","Hakla SC","20020","26799"
"2026-10-04 13:04:57","1630845","2026-10-04","10/4/2026 4:00:00 PM","NS","1196","Division One League","Ghana","Okwawu","Attram de Visser","26803","22761"
"2026-10-04 13:04:57","1630848","2026-10-04","10/4/2026 4:00:00 PM","NS","1196","Division One League","Ghana","Sefwi All Stars","Fettehman United","21089","28286"
"2026-10-04 13:04:57","1630849","2026-10-04","10/4/2026 4:00:00 PM","NS","1196","Division One League","Ghana","Soccer Intellectuals","Nations","22777","21082"
"2026-10-04 13:04:57","1636936","2026-10-04","10/4/2026 4:00:00 PM","NS","494","Super League 2","Greece","Olympiakos Piraeus II","Kallithea","18017","2095"
"2026-10-04 13:04:57","1511609","2026-10-04","10/4/2026 4:30:00 PM","NS","266","Primera B","Chile","Antofagasta","Rangers de Talca","2327","2344"
"2026-10-04 13:04:57","1571153","2026-10-04","10/4/2026 4:30:00 PM","NS","436","Primera División RFEF - Group 2","Spain","Sant Andreu","Antequera","5277","9742"
"2026-10-04 13:04:57","1581724","2026-10-04","10/4/2026 4:30:00 PM","NS","1033","Ekstraliga Women","Poland","UJ Krakow W","Sleza Wroclaw W","22264","27937"
"2026-10-04 13:04:57","1607697","2026-10-04","10/4/2026 4:30:00 PM","NS","44","FA WSL","England","Manchester City W","Arsenal W","1854","1850"
"2026-10-04 13:04:57","1608304","2026-10-04","10/4/2026 4:30:00 PM","NS","138","Serie C - Girone A","Italy","Dolomiti Bellunesi","Novara","17820","513"
"2026-10-04 13:04:57","1608689","2026-10-04","10/4/2026 4:30:00 PM","NS","942","Serie C - Girone B","Italy","Reggiana","Spezia","880","515"
"2026-10-04 13:04:57","1612483","2026-10-04","10/4/2026 4:30:00 PM","NS","640","Kansallinen Liiga","Finland","HJK W","HPS W","13990","16383"
"2026-10-04 13:04:57","1612741","2026-10-04","10/4/2026 4:30:00 PM","NS","439","Tercera División RFEF - Group 1","Spain","Barco","Pontevedra II","9608","22129"
"2026-10-04 13:04:57","1613664","2026-10-04","10/4/2026 4:30:00 PM","NS","442","Tercera División RFEF - Group 4","Spain","R. Union B","San Ignacio","28100","9663"
"2026-10-04 13:04:57","1615806","2026-10-04","10/4/2026 4:30:00 PM","NS","449","Tercera División RFEF - Group 11","Spain","Porreres","Santanyí","24580","9789"
"2026-10-04 13:04:57","1616416","2026-10-04","10/4/2026 4:30:00 PM","NS","451","Tercera División RFEF - Group 13","Spain","Mazarrón FC","SFC Minerva","9816","9821"
"2026-10-04 13:04:57","1617332","2026-10-04","10/4/2026 4:30:00 PM","NS","454","Tercera División RFEF - Group 16","Spain","La Calzada","Comillas","9867","8154"
"2026-10-04 13:04:57","1617336","2026-10-04","10/4/2026 4:30:00 PM","NS","454","Tercera División RFEF - Group 16","Spain","San Marcial","River Ebro","26554","9871"
"2026-10-04 13:04:57","1617637","2026-10-04","10/4/2026 4:30:00 PM","NS","455","Tercera División RFEF - Group 17","Spain","Atlético Monzón","Huesca II","9878","15327"
"2026-10-04 13:04:57","1617638","2026-10-04","10/4/2026 4:30:00 PM","NS","455","Tercera División RFEF - Group 17","Spain","Caspe","Épila","17615","15329"
"2026-10-04 13:04:57","1617640","2026-10-04","10/4/2026 4:30:00 PM","NS","455","Tercera División RFEF - Group 17","Spain","Fraga","Real Zaragoza II","8158","9887"
"2026-10-04 13:04:57","1617946","2026-10-04","10/4/2026 4:30:00 PM","NS","456","Tercera División RFEF - Group 18","Spain","Quintanar del Rey","CD Villa","9906","28123"
"2026-10-04 13:04:57","1632815","2026-10-04","10/4/2026 4:30:00 PM","NS","291","Azadegan League","Iran","Naft Gachsaran","Novin Ahvaz","10399","28321"
"2026-10-04 13:04:57","1632816","2026-10-04","10/4/2026 4:30:00 PM","NS","291","Azadegan League","Iran","Naft Masjed Soleyman","Fard Alborz","2707","25364"
"2026-10-04 13:04:57","1632817","2026-10-04","10/4/2026 4:30:00 PM","NS","291","Azadegan League","Iran","Shahin Bandar Ameri","Saipa","16468","2736"
"2026-10-04 13:04:57","1639183","2026-10-04","10/4/2026 4:30:00 PM","NS","143","Copa del Rey","Spain","Alcazar","Talayuela","28409","28414"
"2026-10-04 13:04:57","1642965","2026-10-04","10/4/2026 4:30:00 PM","NS","667","Friendlies Clubs","World","Molde","Kristiansund BK","329","320"
"2026-10-04 13:04:57","1643343","2026-10-04","10/4/2026 4:30:00 PM","NS","423","Ligue 1","Burkina-Faso","Maya","CFFEB","28438","26633"
"2026-10-04 13:04:57","1643346","2026-10-04","10/4/2026 4:30:00 PM","NS","423","Ligue 1","Burkina-Faso","Sporting Cascades","FocuSport","22017","28437"
"2026-10-04 13:04:57","1643347","2026-10-04","10/4/2026 4:30:00 PM","NS","423","Ligue 1","Burkina-Faso","RCK","USFA","8561","8570"
"2026-10-04 13:04:57","1643803","2026-10-04","10/4/2026 4:30:00 PM","NS","386","Ligue 1","Ivory-Coast","AFAD","SOA","4511","4520"
"2026-10-04 13:04:57","1643804","2026-10-04","10/4/2026 4:30:00 PM","NS","386","Ligue 1","Ivory-Coast","ASEC Mimosas","Stella","4512","16588"
"2026-10-04 13:04:57","1643805","2026-10-04","10/4/2026 4:30:00 PM","NS","386","Ligue 1","Ivory-Coast","US Tchologo","San-Pédro","26341","4521"
"2026-10-04 13:04:57","1528938","2026-10-04","10/4/2026 5:00:00 PM","NS","5","UEFA Nations League","World","Kosovo","Austria","1111","775"
"2026-10-04 13:04:57","1545610","2026-10-04","10/4/2026 5:00:00 PM","NS","5","UEFA Nations League","World","Malta","Andorra","1112","1110"
"2026-10-04 13:04:57","1554177","2026-10-04","10/4/2026 5:00:00 PM","NS","287","Prva Liga","Serbia","Jedinstvo Ub","Dubočica","12319","12312"
"2026-10-04 13:04:57","1554180","2026-10-04","10/4/2026 5:00:00 PM","NS","287","Prva Liga","Serbia","FK Spartak Zdrepceva KRV","Naftagas","2251","19839"
"2026-10-04 13:04:57","1558957","2026-10-04","10/4/2026 5:00:00 PM","NS","374","2. SNL","Slovenia","Triglav","Jesenice","4363","19244"
"2026-10-04 13:04:57","1572378","2026-10-04","10/4/2026 5:00:00 PM","NS","876","Segunda División RFEF - Group 2","Spain","Terrassa","Girona II","9681","15343"
"2026-10-04 13:04:57","1572379","2026-10-04","10/4/2026 5:00:00 PM","NS","876","Segunda División RFEF - Group 2","Spain","Tudelano","Barcelona B","5279","712"
"2026-10-04 13:04:57","1572685","2026-10-04","10/4/2026 5:00:00 PM","NS","877","Segunda División RFEF - Group 3","Spain","Orihuela","Cieza","9404","20277"
"2026-10-04 13:04:57","1591324","2026-10-04","10/4/2026 5:00:00 PM","NS","205","2. Lig","Turkey","Elazığspor","Çorluspor 1947","3571","22451"
"2026-10-04 13:04:57","1591626","2026-10-04","10/4/2026 5:00:00 PM","NS","205","2. Lig","Turkey","Ankaragücü","İnegölspor","1010","3612"
"2026-10-04 13:04:57","1594155","2026-10-04","10/4/2026 5:00:00 PM","NS","635","NB III - Northwest","Hungary","Dorogi FC","Haladás VSE","2401","17285"
"2026-10-04 13:04:57","1601256","2026-10-04","10/4/2026 5:00:00 PM","NS","139","Serie A Women","Italy","Como W","Inter Milano W","19747","7533"
"2026-10-04 13:04:57","1612742","2026-10-04","10/4/2026 5:00:00 PM","NS","439","Tercera División RFEF - Group 1","Spain","Estradense","Boiro","9611","22566"
"2026-10-04 13:04:57","1614270","2026-10-04","10/4/2026 5:00:00 PM","NS","444","Tercera División RFEF - Group 6","Spain","Buñol","Torrent","15524","15348"
"2026-10-04 13:04:57","1614273","2026-10-04","10/4/2026 5:00:00 PM","NS","444","Tercera División RFEF - Group 6","Spain","Ontinyent 1931","Villarreal III","22139","9702"
"2026-10-04 13:04:57","1614275","2026-10-04","10/4/2026 5:00:00 PM","NS","444","Tercera División RFEF - Group 6","Spain","Saguntino","Utiel","9699","22141"
"2026-10-04 13:04:57","1614582","2026-10-04","10/4/2026 5:00:00 PM","NS","445","Tercera División RFEF - Group 7","Spain","SS Reyes II","Real Aranjuez","26545","15352"
"2026-10-04 13:04:57","1614888","2026-10-04","10/4/2026 5:00:00 PM","NS","446","Tercera División RFEF - Group 8","Spain","UD Santa Marta","Cultural Leonesa II","9738","9729"
"2026-10-04 13:04:57","1615495","2026-10-04","10/4/2026 5:00:00 PM","NS","448","Tercera División RFEF - Group 10","Spain","Chiclana","Sevilla III","21905","9768"
"2026-10-04 13:04:57","1615498","2026-10-04","10/4/2026 5:00:00 PM","NS","448","Tercera División RFEF - Group 10","Spain","Egabrense","Bollullos","28110","20257"
"2026-10-04 13:04:57","1615499","2026-10-04","10/4/2026 5:00:00 PM","NS","448","Tercera División RFEF - Group 10","Spain","Pozoblanco","Linense","9763","9596"
"2026-10-04 13:04:57","1615800","2026-10-04","10/4/2026 5:00:00 PM","NS","449","Tercera División RFEF - Group 11","Spain","Cardassar","Alcúdia","15311","9773"
"2026-10-04 13:04:57","1616412","2026-10-04","10/4/2026 5:00:00 PM","NS","451","Tercera División RFEF - Group 13","Spain","Alcantarilla","Santa Cruz","20276","26850"
"2026-10-04 13:04:57","1616413","2026-10-04","10/4/2026 5:00:00 PM","NS","451","Tercera División RFEF - Group 13","Spain","Balsicas Atlético","Bullas Deportivo","22180","28115"
"2026-10-04 13:04:57","1616414","2026-10-04","10/4/2026 5:00:00 PM","NS","451","Tercera División RFEF - Group 13","Spain","Cotillas CD","Bala Azul","28418","17607"
"2026-10-04 13:04:57","1616417","2026-10-04","10/4/2026 5:00:00 PM","NS","451","Tercera División RFEF - Group 13","Spain","Olímpico Totana","UCAM Murcia II","9818","9822"
"2026-10-04 13:04:57","1616719","2026-10-04","10/4/2026 5:00:00 PM","NS","452","Tercera División RFEF - Group 14","Spain","Jerez","Plasencia","9832","9838"
"2026-10-04 13:04:57","1616720","2026-10-04","10/4/2026 5:00:00 PM","NS","452","Tercera División RFEF - Group 14","Spain","Llerenense","Santa Amalia","9833","20448"
"2026-10-04 13:04:57","1616724","2026-10-04","10/4/2026 5:00:00 PM","NS","452","Tercera División RFEF - Group 14","Spain","Quintana","Castuera","28119","22149"
"2026-10-04 13:04:57","1616725","2026-10-04","10/4/2026 5:00:00 PM","NS","452","Tercera División RFEF - Group 14","Spain","Villafranca","CD Zafra","9479","28118"
"2026-10-04 13:04:57","1617031","2026-10-04","10/4/2026 5:00:00 PM","NS","453","Tercera División RFEF - Group 15","Spain","Cirbonero","Mutilvera","9847","5270"
"2026-10-04 13:04:57","1639184","2026-10-04","10/4/2026 5:00:00 PM","NS","143","Copa del Rey","Spain","Atlético Melilla","Pinatar","22145","28412"
"2026-10-04 13:04:57","1639190","2026-10-04","10/4/2026 5:00:00 PM","NS","143","Copa del Rey","Spain","Tavernes","Maracena","28415","9750"
"2026-10-04 13:04:57","1641167","2026-10-04","10/4/2026 5:00:00 PM","NS","201","Botola 2","Morocco","Chabab Mohammédia","USM Oujda","6387","17716"
"2026-10-04 13:04:57","1641168","2026-10-04","10/4/2026 5:00:00 PM","NS","201","Botola 2","Morocco","Riadi Salmi","El Massira","3456","3451"
"2026-10-04 13:04:57","1641169","2026-10-04","10/4/2026 5:00:00 PM","NS","201","Botola 2","Morocco","KAC Kenitra","Yacoub El Mansour","979","25058"
"2026-10-04 13:04:57","1641170","2026-10-04","10/4/2026 5:00:00 PM","NS","201","Botola 2","Morocco","Olympique Safi","Chabab Ben Guerir","975","3450"
"2026-10-04 13:04:57","1641620","2026-10-04","10/4/2026 5:00:00 PM","NS","268","Primera División","Uruguay","Boston River","Juventud","2361","2353"
"2026-10-04 13:04:57","1641870","2026-10-04","10/4/2026 5:00:00 PM","NS","269","Segunda División","Uruguay","Fenix","Uruguay Montevideo","2357","16740"
"2026-10-04 13:04:57","1643511","2026-10-04","10/4/2026 5:00:00 PM","NS","667","Friendlies Clubs","World","Zenit","Bate Borisov","596","388"
"2026-10-04 13:04:57","1613971","2026-10-04","10/4/2026 5:15:00 PM","NS","443","Tercera División RFEF - Group 5","Spain","Vilassar Mar","Europa II","9683","24575"
"2026-10-04 13:04:57","1615193","2026-10-04","10/4/2026 5:15:00 PM","NS","447","Tercera División RFEF - Group 9","Spain","Malaga City","Marbelli","24962","24960"
"2026-10-04 13:04:57","1569951","2026-10-04","10/4/2026 5:30:00 PM","NS","141","Segunda División","Spain","Castellón","AD Ceuta FC","5254","10139"
"2026-10-04 13:04:57","1569956","2026-10-04","10/4/2026 5:30:00 PM","NS","141","Segunda División","Spain","Las Palmas","Valladolid","534","720"
"2026-10-04 13:04:57","1572984","2026-10-04","10/4/2026 5:30:00 PM","NS","878","Segunda División RFEF - Group 4","Spain","Atlético Central","Linares Deportivo","24723","9398"
"2026-10-04 13:04:57","1593142","2026-10-04","10/4/2026 5:30:00 PM","NS","82","Frauen Bundesliga","Germany","Nürnberg W","1899 Hoffenheim W","20487","1858"
"2026-10-04 13:04:57","1613660","2026-10-04","10/4/2026 5:30:00 PM","NS","442","Tercera División RFEF - Group 4","Spain","Derio","Beasain","22135","9657"
"2026-10-04 13:04:57","1615187","2026-10-04","10/4/2026 5:30:00 PM","NS","447","Tercera División RFEF - Group 9","Spain","Atletico de Marbella","Ciudad de Torredonjimeno","28107","9743"
"2026-10-04 13:04:57","1615496","2026-10-04","10/4/2026 5:30:00 PM","NS","448","Tercera División RFEF - Group 10","Spain","Conil","Córdoba II","9757","9759"
"2026-10-04 13:04:57","1630091","2026-10-04","10/4/2026 5:30:00 PM","NS","1241","U19 league","Serbia","Mladost Lucani U19","Sp. Subotica U19","28268","28273"
"2026-10-04 13:04:57","1570766","2026-10-04","10/4/2026 5:45:00 PM","NS","435","Primera División RFEF - Group 1","Spain","Mérida AD","Cacereño","10140","9384"
"2026-10-04 13:04:57","1571147","2026-10-04","10/4/2026 5:45:00 PM","NS","436","Primera División RFEF - Group 2","Spain","Algeciras","Rayo Majadahonda","9597","861"
"2026-10-04 13:04:57","1508569","2026-10-04","10/4/2026 6:00:00 PM","NS","254","NWSL Women","USA","NJ/NY Gotham FC W","Angel City W","3003","18450"
"2026-10-04 13:04:57","1534100","2026-10-04","10/4/2026 6:00:00 PM","NS","1182","Northern Super League","Canada","AFC Toronto W","Vancouver Rise W","25896","25901"
"2026-10-04 13:04:57","1572986","2026-10-04","10/4/2026 6:00:00 PM","NS","878","Segunda División RFEF - Group 4","Spain","Ciudad de Lucena","Puente Genil","9756","9764"
"2026-10-04 13:04:57","1573600","2026-10-04","10/4/2026 6:00:00 PM","NS","142","Primera División Femenina","Spain","Barcelona W","Real Madrid W","1918","15224"
"2026-10-04 13:04:57","1601450","2026-10-04","10/4/2026 6:00:00 PM","NS","163","Liga de Ascenso","Costa-Rica","Aserri FC","Guadalupe FC","2056","821"
"2026-10-04 13:04:57","1601451","2026-10-04","10/4/2026 6:00:00 PM","NS","163","Liga de Ascenso","Costa-Rica","ADR Jicaral","AD Cofutpa","2043","2055"
"2026-10-04 13:04:57","1601456","2026-10-04","10/4/2026 6:00:00 PM","NS","163","Liga de Ascenso","Costa-Rica","Santa Ana","Cariari Pococi","2057","2052"
"2026-10-04 13:04:57","1615188","2026-10-04","10/4/2026 6:00:00 PM","NS","447","Tercera División RFEF - Group 9","Spain","Atlético Porcuna","Churriana Vega","7523","26547"
"2026-10-04 13:04:57","1615500","2026-10-04","10/4/2026 6:00:00 PM","NS","448","Tercera División RFEF - Group 10","Spain","San Roque Lepe","Betis C","9767","28109"
"2026-10-04 13:04:57","1617331","2026-10-04","10/4/2026 6:00:00 PM","NS","454","Tercera División RFEF - Group 16","Spain","Calasancio","Casalarreina","9865","9866"
"2026-10-04 13:04:57","1638757","2026-10-04","10/4/2026 6:00:00 PM","NS","1103","Premiership Women","Northern-Ireland","Cliftonville W","Glentoran BU W","21486","16840"
"2026-10-04 13:04:57","1638758","2026-10-04","10/4/2026 6:00:00 PM","NS","1103","Premiership Women","Northern-Ireland","Crusaders Strikers W","Derry City W","21488","23632"
"2026-10-04 13:04:57","1638759","2026-10-04","10/4/2026 6:00:00 PM","NS","1103","Premiership Women","Northern-Ireland","Larne W","Lisburn Ladies W","23629","23261"
"2026-10-04 13:04:57","1638760","2026-10-04","10/4/2026 6:00:00 PM","NS","1103","Premiership Women","Northern-Ireland","Lisburn Ladies W","Linfield W","23261","10918"
"2026-10-04 13:04:57","1561671","2026-10-04","10/4/2026 6:30:00 PM","NS","109","II Liga - East","Poland","Zawisza Bydgoszcz","Olimpia Grudziądz","13843","4247"
"2026-10-04 13:04:57","1573607","2026-10-04","10/4/2026 6:30:00 PM","NS","142","Primera División Femenina","Spain","Valencia W","Real Sociedad W","1909","1912"
"2026-10-04 13:04:57","1617028","2026-10-04","10/4/2026 6:30:00 PM","NS","453","Tercera División RFEF - Group 15","Spain","Gazte Berriak","Doneztebe FT","28121","28120"
"2026-10-04 13:04:57","1493160","2026-10-04","10/4/2026 6:45:00 PM","NS","128","Liga Profesional Argentina","Argentina","Huracan","Aldosivi","445","463"
"2026-10-04 13:04:57","1493164","2026-10-04","10/4/2026 6:45:00 PM","NS","128","Liga Profesional Argentina","Argentina","Sarmiento Junin","River Plate","474","435"
"2026-10-04 13:04:57","1498848","2026-10-04","10/4/2026 7:00:00 PM","NS","129","Primera Nacional","Argentina","Agropecuario","Midland","462","1963"
"2026-10-04 13:04:57","1499661","2026-10-04","10/4/2026 7:00:00 PM","NS","131","Primera B Metropolitana","Argentina","Comunicaciones","Flandria","8008","471"
"2026-10-04 13:04:57","1499669","2026-10-04","10/4/2026 7:00:00 PM","NS","131","Primera B Metropolitana","Argentina","Sportivo Italiano","Talleres Remedios","8388","1927"
"2026-10-04 13:04:57","1500137","2026-10-04","10/4/2026 7:00:00 PM","NS","132","Primera C","Argentina","Central Cordoba","Yupanqui","790","8398"
"2026-10-04 13:04:57","1500146","2026-10-04","10/4/2026 7:00:00 PM","NS","132","Primera C","Argentina","Lugano","Argentino Rosario","8396","8389"
"2026-10-04 13:04:57","1500147","2026-10-04","10/4/2026 7:00:00 PM","NS","132","Primera C","Argentina","Puerto Nuevo","JJ Urquiza","8397","8378"
"2026-10-04 13:04:57","1500148","2026-10-04","10/4/2026 7:00:00 PM","NS","132","Primera C","Argentina","Sacachispas","Estrella Del Sur","1942","23099"
"2026-10-04 13:04:57","1511615","2026-10-04","10/4/2026 7:00:00 PM","NS","266","Primera B","Chile","Union San Felipe","Deportes Iquique","2340","2319"
"2026-10-04 13:04:57","1581435","2026-10-04","10/4/2026 7:00:00 PM","NS","263","Liga de Expansión MX","Mexico","Leones Negros UDG","Dorados","2307","2297"
"2026-10-04 13:04:57","1638601","2026-10-04","10/4/2026 7:00:00 PM","NS","10","Friendlies","World","Egypt","South Africa","32","1531"
"2026-10-04 13:04:57","1640515","2026-10-04","10/4/2026 7:00:00 PM","CANC","10","Friendlies","World","Morocco","Ghana","31","1504"
"2026-10-04 13:04:57","1642030","2026-10-04","10/4/2026 7:00:00 PM","NS","1067","Torneo Promocional Amateur","Argentina","Defensores Glew","Uribelarrea","23097","27796"
"2026-10-04 13:04:57","1498851","2026-10-04","10/4/2026 7:30:00 PM","NS","129","Primera Nacional","Argentina","Chacarita Juniors","Patronato","447","444"
"2026-10-04 13:04:57","1498862","2026-10-04","10/4/2026 7:30:00 PM","NS","129","Primera Nacional","Argentina","San Telmo","Almirante Brown","1932","8375"
"2026-10-04 13:04:57","1608301","2026-10-04","10/4/2026 7:30:00 PM","NS","138","Serie C - Girone A","Italy","Alcione","Trento","17824","17147"
"2026-10-04 13:04:57","1608686","2026-10-04","10/4/2026 7:30:00 PM","NS","942","Serie C - Girone B","Italy","Latina","Ostia Mare","804","9530"
"2026-10-04 13:04:57","1609061","2026-10-04","10/4/2026 7:30:00 PM","NS","943","Serie C - Girone C","Italy","Audace Cerignola","Team Altamura","9539","9549"
"2026-10-04 13:04:57","1609068","2026-10-04","10/4/2026 7:30:00 PM","NS","943","Serie C - Girone C","Italy","Potenza","AZ Picerno","1710","1587"
"2026-10-04 13:04:57","1609069","2026-10-04","10/4/2026 7:30:00 PM","NS","943","Serie C - Girone C","Italy","Salernitana","Bari","514","508"
"2026-10-04 13:04:57","1641283","2026-10-04","10/4/2026 7:30:00 PM","NS","134","Torneo Federal A","Argentina","Alvarado","Defensores de Belgrano VR","1962","2426"
"2026-10-04 13:04:57","1643185","2026-10-04","10/4/2026 7:30:00 PM","NS","267","Copa Chile","Chile","O'Higgins","Concepción","2320","5635"
"2026-10-04 13:04:57","1528939","2026-10-04","10/4/2026 7:45:00 PM","NS","5","UEFA Nations League","World","Greece","Germany","1117","25"
"2026-10-04 13:04:57","1528940","2026-10-04","10/4/2026 7:45:00 PM","NS","5","UEFA Nations League","World","Netherlands","Serbia","1118","14"
"2026-10-04 13:04:57","1528941","2026-10-04","10/4/2026 7:45:00 PM","NS","5","UEFA Nations League","World","Portugal","Norway","27","1090"
"2026-10-04 13:04:57","1528942","2026-10-04","10/4/2026 7:45:00 PM","NS","5","UEFA Nations League","World","Wales","Denmark","767","21"
"2026-10-04 13:04:57","1528943","2026-10-04","10/4/2026 7:45:00 PM","NS","5","UEFA Nations League","World","Rep. Of Ireland","Israel","776","1116"
"2026-10-04 13:04:57","1549808","2026-10-04","10/4/2026 8:00:00 PM","NS","239","Primera A","Colombia","Deportivo Pasto","Fortaleza FC","1126","1147"
"2026-10-04 13:04:57","1569955","2026-10-04","10/4/2026 8:00:00 PM","NS","141","Segunda División","Spain","Girona","Mallorca","547","798"
"2026-10-04 13:04:57","1571155","2026-10-04","10/4/2026 8:00:00 PM","NS","436","Primera División RFEF - Group 2","Spain","Zaragoza","Teruel","732","5278"
"2026-10-04 13:04:57","1600716","2026-10-04","10/4/2026 8:00:00 PM","NS","711","Segunda División","Chile","Colchagua","Provincial Osorno","5633","5643"
"2026-10-04 13:04:57","1619705","2026-10-04","10/4/2026 8:00:00 PM","NS","964","Copa de la División Profesional","Bolivia","Gualberto Villarroel SJ","Blooming","22266","3701"
"2026-10-04 13:04:57","1635938","2026-10-04","10/4/2026 8:00:00 PM","NS","300","Segunda División","Venezuela","Bolívar","Monagas II","21231","11371"
"2026-10-04 13:04:57","1638894","2026-10-04","10/4/2026 8:00:00 PM","NS","1095","USL League One Cup","USA","Hartford Athletic","Louisville City","3995","4000"
"2026-10-04 13:04:57","1639984","2026-10-04","10/4/2026 8:00:00 PM","NS","536","CONCACAF Nations League","World","Guyana","Dominica","5162","5531"
"2026-10-04 13:04:57","1641286","2026-10-04","10/4/2026 8:00:00 PM","NS","134","Torneo Federal A","Argentina","San Martin Formosa","Atenas","1935","21043"
"2026-10-04 13:04:57","1641621","2026-10-04","10/4/2026 8:00:00 PM","NS","268","Primera División","Uruguay","Cerro","Wanderers","2362","2360"
"2026-10-04 13:04:57","1641871","2026-10-04","10/4/2026 8:00:00 PM","NS","269","Segunda División","Uruguay","Plaza Colonia","Cerrito","2355","2367"
"2026-10-04 13:04:57","1498850","2026-10-04","10/4/2026 8:30:00 PM","NS","129","Primera Nacional","Argentina","Central Norte","Racing Cordoba","1951","1957"
"2026-10-04 13:04:57","1635939","2026-10-04","10/4/2026 8:30:00 PM","NS","300","Segunda División","Venezuela","Atletico Avila FC","Dinamo de Puerto La Cruz","27527","2858"
"2026-10-04 13:04:57","1635940","2026-10-04","10/4/2026 8:30:00 PM","NS","300","Segunda División","Venezuela","Mineros de Guyana","Petare FC","2824","2853"
"2026-10-04 13:04:57","1641863","2026-10-04","10/4/2026 8:30:00 PM","NS","300","Segunda División","Venezuela","Puerto Cabello II","Deportivo Lara","25902","2812"
"2026-10-04 13:04:57","1641864","2026-10-04","10/4/2026 8:30:00 PM","NS","300","Segunda División","Venezuela","Urena SC","Club Atletico Barinas","2816","27528"
"2026-10-04 13:04:57","1641865","2026-10-04","10/4/2026 8:30:00 PM","NS","300","Segunda División","Venezuela","Zamora FC B","Yaracuyanos FC","2841","2829"
"2026-10-04 13:04:57","1493165","2026-10-04","10/4/2026 9:00:00 PM","NS","128","Liga Profesional Argentina","Argentina","Talleres Cordoba","Belgrano Cordoba","456","440"
"2026-10-04 13:04:57","1498852","2026-10-04","10/4/2026 9:00:00 PM","NS","129","Primera Nacional","Argentina","Chaco For Ever","Defensores De Belgrano","1946","1067"
"2026-10-04 13:04:57","1498853","2026-10-04","10/4/2026 9:00:00 PM","NS","129","Primera Nacional","Argentina","Club Atlético Güemes","Colegiales","3969","8377"
"2026-10-04 13:04:57","1498859","2026-10-04","10/4/2026 9:00:00 PM","NS","129","Primera Nacional","Argentina","San Martin S.J.","Almagro","461","482"
"2026-10-04 13:04:57","1508570","2026-10-04","10/4/2026 9:00:00 PM","NS","254","NWSL Women","USA","Chicago Red Stars W","Denver Summit W","2997","27378"
"2026-10-04 13:04:57","1517360","2026-10-04","10/4/2026 9:00:00 PM","NS","479","Canadian Premier League","Canada","Supra du Quebec","Pacific FC","27461","2622"
"2026-10-04 13:04:57","1610588","2026-10-04","10/4/2026 9:00:00 PM","NS","711","Segunda División","Chile","General Velásquez","Colina","5639","5634"
"2026-10-04 13:04:57","1634913","2026-10-04","10/4/2026 9:00:00 PM","NS","759","Liga Mayor","Dominican-Republic","Salcedo","Moca","25556","16617"
"2026-10-04 13:04:57","1634916","2026-10-04","10/4/2026 9:00:00 PM","NS","759","Liga Mayor","Dominican-Republic","Delfines Del Este","Cibao","16139","8004"
"2026-10-04 13:04:57","1639985","2026-10-04","10/4/2026 9:00:00 PM","NS","536","CONCACAF Nations League","World","Turks and Caicos Islands","British Virgin Islands","5169","8168"
"2026-10-04 13:04:57","1639986","2026-10-04","10/4/2026 9:00:00 PM","NS","536","CONCACAF Nations League","World","Bahamas","US Virgin Islands","5157","8172"
"2026-10-04 13:04:57","1641284","2026-10-04","10/4/2026 9:00:00 PM","NS","134","Torneo Federal A","Argentina","Gimnasia Chivilcoy","Olimpo Bahia Blanca","25758","443"
"2026-10-04 13:04:57","1498849","2026-10-04","10/4/2026 9:30:00 PM","NS","129","Primera Nacional","Argentina","Atletico DE Rafaela","Atlanta","465","1948"
"2026-10-04 13:04:57","1511616","2026-10-04","10/4/2026 9:30:00 PM","NS","266","Primera B","Chile","San Luis","Union Espanola","2322","2321"
"2026-10-04 13:04:57","1643261","2026-10-04","10/4/2026 9:30:00 PM","NS","322","Premier League","Jamaica","Montego Bay United","Dunbeholden","3441","3438"
"2026-10-04 13:04:57","1643262","2026-10-04","10/4/2026 9:30:00 PM","NS","322","Premier League","Jamaica","Tru-Juice","Tivoli Gardens","28416","3445"
"2026-10-04 13:04:57","1643263","2026-10-04","10/4/2026 9:30:00 PM","NS","322","Premier League","Jamaica","Treasure Beach","Humble Lions","22606","3440"
"2026-10-04 13:04:57","1498857","2026-10-04","10/4/2026 10:00:00 PM","NS","129","Primera Nacional","Argentina","Godoy Cruz","Los Andes","439","483"
"2026-10-04 13:04:57","1549658","2026-10-04","10/4/2026 10:00:00 PM","NS","240","Primera B","Colombia","Tigres FC","Internacional Palmira","1145","23326"
"2026-10-04 13:04:57","1557212","2026-10-04","10/4/2026 10:00:00 PM","NS","1130","USL Super League","USA","Tampa Bay Sun W","Lexington W","24663","24664"
"2026-10-04 13:04:57","1583780","2026-10-04","10/4/2026 10:00:00 PM","NS","304","Liga Panameña de Fútbol","Panama","Herrera","Alianza FC","15619","2881"
"2026-10-04 13:04:57","1600621","2026-10-04","10/4/2026 10:00:00 PM","NS","370","Primera Division","El-Salvador","Platense","Municipal Limeño","19763","4306"
"2026-10-04 13:04:57","1549805","2026-10-04","10/4/2026 10:05:00 PM","NS","239","Primera A","Colombia","Cucuta","Deportivo Pereira","1470","1462"
"2026-10-04 13:04:57","1549849","2026-10-04","10/4/2026 10:05:00 PM","NS","239","Primera A","Colombia","Internacional de Bogota","Once Caldas","1134","1136"
"2026-10-04 13:04:57","1619706","2026-10-04","10/4/2026 10:15:00 PM","NS","964","Copa de la División Profesional","Bolivia","Guabirá","Oriente Petrolero","3704","3707"
"2026-10-04 13:04:57","1498860","2026-10-04","10/4/2026 10:30:00 PM","NS","129","Primera Nacional","Argentina","San Martin Tucuman","Gimnasia Y Tiro","485","1928"
"2026-10-04 13:04:57","1493729","2026-10-04","10/4/2026 11:00:00 PM","NS","255","USL Championship","USA","New Mexico United","Phoenix Rising","4003","4009"
"2026-10-04 13:04:57","1631752","2026-10-04","10/4/2026 11:00:00 PM","NS","722","Liga Premier Serie A","Mexico","Real Apodaca","Vaqueros Reynosa","22047","28308"
"2026-10-04 13:04:57","1639987","2026-10-04","10/4/2026 11:00:00 PM","NS","536","CONCACAF Nations League","World","Puerto Rico","Cayman Islands","5539","8169"
"2026-10-04 13:04:57","1639988","2026-10-04","10/4/2026 11:00:00 PM","NS","536","CONCACAF Nations League","World","Trinidad and Tobago","Curaçao","5168","5530"
"2026-10-04 13:04:57","1641872","2026-10-04","10/4/2026 11:00:00 PM","NS","269","Segunda División","Uruguay","La Luz","CA River Plate","18295","2351"
"2026-10-04 13:04:57","1643264","2026-10-04","10/4/2026 11:00:00 PM","NS","322","Premier League","Jamaica","Molynes United","Racing United","6407","25020"
"2026-10-04 13:04:57","1493152","2026-10-04","10/4/2026 11:15:00 PM","NS","128","Liga Profesional Argentina","Argentina","Argentinos JRS","Tigre","458","452"
"2026-10-04 13:04:57","1641622","2026-10-04","10/4/2026 11:30:00 PM","NS","268","Primera División","Uruguay","Racing Montevideo","Penarol","2359","2348"
"2026-10-04 13:04:57","1643005","2026-10-04","10/4/2026 11:30:00 PM","CANC","10","Friendlies","World","Bolivia","Gambia","2381","1492"
