"snapshot","fixture_id","date","kickoff","status","league_id","league","country","home","away","home_id","away_id"
"2026-10-03 14:25:18","1492318","2026-10-03","10/3/2026 12:00:00 AM","FT","71","Serie A","Brazil","Sao Paulo","Santos","126","128"
"2026-10-03 14:25:18","1505529","2026-10-03","10/3/2026 12:00:00 AM","FT","265","Primera División","Chile","Universidad de Concepcion","Huachipato","2324","2328"
"2026-10-03 14:25:18","1534098","2026-10-03","10/3/2026 12:00:00 AM","FT","1182","Northern Super League","Canada","Montreal Roses W","Ottawa Rapid W","25899","25900"
"2026-10-03 14:25:18","1557211","2026-10-03","10/3/2026 12:00:00 AM","FT","1130","USL Super League","USA","Brooklyn W","Fort Lauderdale United W","24657","24661"
"2026-10-03 14:25:18","1603381","2026-10-03","10/3/2026 12:00:00 AM","FT","673","Liga MX Femenil","Mexico","Santos Laguna W","Puebla W","14883","14882"
"2026-10-03 14:25:18","1520907","2026-10-03","10/3/2026 12:30:00 AM","FT","72","Serie B","Brazil","Londrina","Criciuma","148","140"
"2026-10-03 14:25:18","1520906","2026-10-03","10/3/2026 12:45:00 AM","FT","72","Serie B","Brazil","Juventude","Operario-PR","152","1223"
"2026-10-03 14:25:18","1508564","2026-10-03","10/3/2026 1:00:00 AM","FT","254","NWSL Women","USA","Orlando Pride W","San Diego Wave W","3000","18451"
"2026-10-03 14:25:18","1619701","2026-10-03","10/3/2026 1:00:00 AM","FT","964","Copa de la División Profesional","Bolivia","Real Potosí","Aurora","3708","3637"
"2026-10-03 14:25:18","1638597","2026-10-03","10/3/2026 1:00:00 AM","FT","10","Friendlies","World","Colombia","Paraguay","8","2380"
"2026-10-03 14:25:18","1639978","2026-10-03","10/3/2026 1:00:00 AM","FT","536","CONCACAF Nations League","World","Barbados","Bermuda","5527","5158"
"2026-10-03 14:25:18","1639979","2026-10-03","10/3/2026 1:00:00 AM","FT","536","CONCACAF Nations League","World","Bonaire","Grenada","10982","5533"
"2026-10-03 14:25:18","1639980","2026-10-03","10/3/2026 1:00:00 AM","FT","536","CONCACAF Nations League","World","Martinique","Honduras","8117","4672"
"2026-10-03 14:25:18","1643238","2026-10-03","10/3/2026 1:00:00 AM","PEN","666","Friendlies Women","World","Papua New Guinea W","Vanuatu W","19932","19937"
"2026-10-03 14:25:18","1493155","2026-10-03","10/3/2026 1:30:00 AM","FT","128","Liga Profesional Argentina","Argentina","Boca Juniors","Union Santa Fe","451","441"
"2026-10-03 14:25:18","1493162","2026-10-03","10/3/2026 1:30:00 AM","FT","128","Liga Profesional Argentina","Argentina","Independ. Rivadavia","Gimnasia L.P.","473","434"
"2026-10-03 14:25:18","1520905","2026-10-03","10/3/2026 1:35:00 AM","FT","72","Serie B","Brazil","Fortaleza EC","Nautico Recife","154","755"
"2026-10-03 14:25:18","1549806","2026-10-03","10/3/2026 1:45:00 AM","FT","239","Primera A","Colombia","Deportivo Cali","Alianza Valledupar","1127","1141"
"2026-10-03 14:25:18","1581439","2026-10-03","10/3/2026 2:00:00 AM","FT","263","Liga de Expansión MX","Mexico","Correcaminos Uat","Cruz Azul Hidalgo","2313","15928"
"2026-10-03 14:25:18","1581440","2026-10-03","10/3/2026 2:00:00 AM","FT","263","Liga de Expansión MX","Mexico","Tepatitlán","CDS Tampico Madero","14279","19905"
"2026-10-03 14:25:18","1603382","2026-10-03","10/3/2026 2:00:00 AM","FT","673","Liga MX Femenil","Mexico","Pumas UNAM W","Tigres UANL W","14870","14884"
"2026-10-03 14:25:18","1631746","2026-10-03","10/3/2026 2:00:00 AM","FT","722","Liga Premier Serie A","Mexico","Guerreros del Pacifico","Delfines Coatzacoalcos","28304","28303"
"2026-10-03 14:25:18","1638961","2026-10-03","10/3/2026 2:00:00 AM","FT","396","Primera Division","Nicaragua","Rancho Santana","Managua","24510","4644"
"2026-10-03 14:25:18","1639021","2026-10-03","10/3/2026 2:00:00 AM","FT","955","National League - National","New-Zealand","Miramar","Auckland FC 2","2373","26722"
"2026-10-03 14:25:18","1639022","2026-10-03","10/3/2026 2:00:00 AM","FT","955","National League - National","New-Zealand","Wellington Olympic","Ferrymead Bays","20646","20662"
"2026-10-03 14:25:18","1583777","2026-10-03","10/3/2026 2:30:00 AM","FT","304","Liga Panameña de Fútbol","Panama","San Francisco FC","UMECIT","2887","20788"
"2026-10-03 14:25:18","1508565","2026-10-03","10/3/2026 3:00:00 AM","FT","254","NWSL Women","USA","Seattle Reign FC W","North Carolina Courage W","3002","2999"
"2026-10-03 14:25:18","1559659","2026-10-03","10/3/2026 3:00:00 AM","FT","339","Liga Nacional","Guatemala","Marquense","Antigua GFC","3643","3656"
"2026-10-03 14:25:18","1639981","2026-10-03","10/3/2026 3:00:00 AM","FT","536","CONCACAF Nations League","World","El Salvador","Jamaica","5159","2385"
"2026-10-03 14:25:18","1581441","2026-10-03","10/3/2026 4:00:00 AM","FT","263","Liga de Expansión MX","Mexico","CA La Paz","Venados FC","19024","2311"
"2026-10-03 14:25:18","1603384","2026-10-03","10/3/2026 4:00:00 AM","FT","673","Liga MX Femenil","Mexico","Monterrey W","América W","14879","14868"
"2026-10-03 14:25:18","1643496","2026-10-03","10/3/2026 4:00:00 AM","NS","667","Friendlies Clubs","World","Goa","Dempo","3475","21131"
"2026-10-03 14:25:18","1520561","2026-10-03","10/3/2026 6:00:00 AM","FT","295","K3 League","South-Korea","Changwon City","Yangpyeong","7059","7111"
"2026-10-03 14:25:18","1520562","2026-10-03","10/3/2026 6:00:00 AM","FT","295","K3 League","South-Korea","Pocheon","Chuncheon","7099","7064"
"2026-10-03 14:25:18","1520563","2026-10-03","10/3/2026 6:00:00 AM","FT","295","K3 League","South-Korea","Yeoju Sejong","Jeonbuk Motors II","7112","25717"
"2026-10-03 14:25:18","1533783","2026-10-03","10/3/2026 6:00:00 AM","FT","660","WK-League","South-Korea","Changnyeong W","Seoul W","14373","14378"
"2026-10-03 14:25:18","1533784","2026-10-03","10/3/2026 6:00:00 AM","FT","660","WK-League","South-Korea","Gyeongju W","Boeun Sangmu W","14375","14372"
"2026-10-03 14:25:18","1555722","2026-10-03","10/3/2026 6:00:00 AM","FT","100","J3 League","Japan","FC Gifu","Renofa Yamaguchi","297","309"
"2026-10-03 14:25:18","1555726","2026-10-03","10/3/2026 6:00:00 AM","FT","100","J3 League","Japan","Parceiro Nagano","Nara Club","4323","7135"
"2026-10-03 14:25:18","1555730","2026-10-03","10/3/2026 6:00:00 AM","FT","100","J3 League","Japan","Matsumoto Yamaga","Gainare Tottori","304","4319"
"2026-10-03 14:25:18","1569846","2026-10-03","10/3/2026 6:00:00 AM","FT","1234","K4 League","South-Korea","Haman","Jecheon Citizen","27859","27860"
"2026-10-03 14:25:18","1569847","2026-10-03","10/3/2026 6:00:00 AM","FT","1234","K4 League","South-Korea","Namyangju","Gijang United","23089","25719"
"2026-10-03 14:25:18","1606676","2026-10-03","10/3/2026 6:00:00 AM","FT","99","J2 League","Japan","Fujieda MYFC","Shonan Bellmare","4317","284"
"2026-10-03 14:25:18","1606677","2026-10-03","10/3/2026 6:00:00 AM","FT","99","J2 League","Japan","Albirex Niigata","Tokushima Vortis","311","299"
"2026-10-03 14:25:18","1642997","2026-10-03","10/3/2026 6:00:00 AM","FT","10","Friendlies","World","Australia U23","Korea Republic U23","10927","10177"
"2026-10-03 14:25:18","1530013","2026-10-03","10/3/2026 7:00:00 AM","FT","649","Supreme Division Women","Russia","Yenisey W","Lokomotiv Moskva W","14133","14132"
"2026-10-03 14:25:18","1555721","2026-10-03","10/3/2026 7:00:00 AM","FT","100","J3 League","Japan","Ehime FC","Thespakusatsu Gunma","318","756"
"2026-10-03 14:25:18","1639576","2026-10-03","10/3/2026 7:00:00 AM","FT","667","Friendlies Clubs","World","Perth Glory","Adelaide United","940","948"
"2026-10-03 14:25:18","1643348","2026-10-03","10/3/2026 7:00:00 AM","PEN","803","Asian Games","World","China PR U23","Uzbekistan U23","10932","10963"
"2026-10-03 14:25:18","1567447","2026-10-03","10/3/2026 8:00:00 AM","PEN","101","J-League Cup","Japan","Machida Zelvia","Kyoto Sanga","303","302"
"2026-10-03 14:25:18","1569848","2026-10-03","10/3/2026 8:00:00 AM","FT","1234","K4 League","South-Korea","Jinju Citizen","Geoje Citizen","16452","18654"
"2026-10-03 14:25:18","1606678","2026-10-03","10/3/2026 8:00:00 AM","FT","99","J2 League","Japan","Ventforet Kofu","Kataller Toyama","308","4322"
"2026-10-03 14:25:18","1637226","2026-10-03","10/3/2026 8:00:00 AM","FT","1243","Super League Women","South-Africa","UWC W","Pretoria U. W","25378","28356"
"2026-10-03 14:25:18","1643497","2026-10-03","10/3/2026 8:00:00 AM","FT","667","Friendlies Clubs","World","Ararat","Ararat-Armenia","3682","3683"
"2026-10-03 14:25:18","1643252","2026-10-03","10/3/2026 8:45:00 AM","NS","962","Premier League","Lesotho","LDF","Manonyane","20977","20985"
"2026-10-03 14:25:18","1520564","2026-10-03","10/3/2026 9:00:00 AM","FT","295","K3 League","South-Korea","Ulsan Citizen","Siheung Citizen","7108","7105"
"2026-10-03 14:25:18","1555723","2026-10-03","10/3/2026 9:00:00 AM","FT","100","J3 League","Japan","Kitakyushu","Kochi United","805","7129"
"2026-10-03 14:25:18","1555728","2026-10-03","10/3/2026 9:00:00 AM","FT","100","J3 League","Japan","FC Ryukyu","Kanazawa","2235","300"
"2026-10-03 14:25:18","1555729","2026-10-03","10/3/2026 9:00:00 AM","FT","100","J3 League","Japan","Sagamihara","Osaka","4324","7138"
"2026-10-03 14:25:18","1565113","2026-10-03","10/3/2026 9:00:00 AM","FT","668","1. Liga U19","Czech-Republic","Karviná U19","Viktoria Plzeň U19","14832","7970"
"2026-10-03 14:25:18","1581928","2026-10-03","10/3/2026 9:00:00 AM","FT","334","Persha Liga","Ukraine","Viktoriya Mykolaivka","Inhulets","13223","3625"
"2026-10-03 14:25:18","1606679","2026-10-03","10/3/2026 9:00:00 AM","FT","99","J2 League","Japan","Oita Trinita","Montedio Yamagata","298","312"
"2026-10-03 14:25:18","1606680","2026-10-03","10/3/2026 9:00:00 AM","FT","99","J2 League","Japan","Tochigi City","Imabari","7145","10075"
"2026-10-03 14:25:18","1623501","2026-10-03","10/3/2026 9:00:00 AM","NS","728","Liga 1 Feminin","Romania","Csikszereda MC W","Vasas Femina W","19903","15970"
"2026-10-03 14:25:18","1640840","2026-10-03","10/3/2026 9:00:00 AM","FT","734","Diski Challenge","South-Africa","Chippa United U23","Siwelele U23","15990","26576"
"2026-10-03 14:25:18","1640841","2026-10-03","10/3/2026 9:00:00 AM","NS","734","Diski Challenge","South-Africa","Durban City U23","TS Galaxy U23","15994","15999"
"2026-10-03 14:25:18","1640842","2026-10-03","10/3/2026 9:00:00 AM","FT","734","Diski Challenge","South-Africa","Orlando Pirates U23","Stellenbosch U23","15995","15996"
"2026-10-03 14:25:18","1642932","2026-10-03","10/3/2026 9:00:00 AM","FT","667","Friendlies Clubs","World","Arges Pitesti","Slatina","2592","6898"
"2026-10-03 14:25:18","1642945","2026-10-03","10/3/2026 9:00:00 AM","FT","667","Friendlies Clubs","World","Chindia Targoviste","Petrolul Ploiesti","2586","2598"
"2026-10-03 14:25:18","1562288","2026-10-03","10/3/2026 9:15:00 AM","FT","350","4. liga - Divizie A","Czech-Republic","Slavoj Český Krumlov","Rokycany","19432","7339"
"2026-10-03 14:25:18","1562293","2026-10-03","10/3/2026 9:15:00 AM","FT","350","4. liga - Divizie A","Czech-Republic","Petřín Plzeň","Spartak Pribram","7330","27887"
"2026-10-03 14:25:18","1562295","2026-10-03","10/3/2026 9:15:00 AM","FT","350","4. liga - Divizie A","Czech-Republic","Táborsko II","Milevsko","22094","26127"
"2026-10-03 14:25:18","1562410","2026-10-03","10/3/2026 9:15:00 AM","FT","351","4. liga - Divizie B","Czech-Republic","Brandýs nad Labem","Slavoj Vyšehrad","7278","4258"
"2026-10-03 14:25:18","1562417","2026-10-03","10/3/2026 9:15:00 AM","FT","351","4. liga - Divizie B","Czech-Republic","Újezd Praha 4","Slovan Velvary","19439","7348"
"2026-10-03 14:25:18","1562655","2026-10-03","10/3/2026 9:15:00 AM","FT","348","3. liga - CFL A","Czech-Republic","Motorlet Praha","Loko Vltavín","7319","7315"
"2026-10-03 14:25:18","1565112","2026-10-03","10/3/2026 9:15:00 AM","FT","668","1. Liga U19","Czech-Republic","Dukla Praha U19","Pardubice U19","19200","14836"
"2026-10-03 14:25:18","1577952","2026-10-03","10/3/2026 9:15:00 AM","FT","349","3. liga - MSFL","Czech-Republic","Sigma Olomouc II","Vítkovice","8622","3732"
"2026-10-03 14:25:18","1579134","2026-10-03","10/3/2026 9:15:00 AM","FT","353","4. liga - Divizie D","Czech-Republic","Kuřim","Velké Meziříčí","19689","7373"
"2026-10-03 14:25:18","1579370","2026-10-03","10/3/2026 9:15:00 AM","FT","686","4. liga - Divizie F","Czech-Republic","Vratimov","Břidličná","16877","19421"
"2026-10-03 14:25:18","1562525","2026-10-03","10/3/2026 9:30:00 AM","FT","352","4. liga - Divizie C","Czech-Republic","Přepeře","Svitavy","7336","26128"
"2026-10-03 14:25:18","1579130","2026-10-03","10/3/2026 9:30:00 AM","FT","353","4. liga - Divizie D","Czech-Republic","Sparta Brno","Ždírec nad Doubravou","20825","7388"
"2026-10-03 14:25:18","1637653","2026-10-03","10/3/2026 9:30:00 AM","FT","275","Liga 2","Indonesia","Persiku Kudus","PSGC Ciamis","24997","4234"
"2026-10-03 14:25:18","1642933","2026-10-03","10/3/2026 9:30:00 AM","FT","667","Friendlies Clubs","World","Lokomotiv","FC Orenburg","597","1080"
"2026-10-03 14:25:18","1643222","2026-10-03","10/3/2026 9:30:00 AM","FT","667","Friendlies Clubs","World","Slavia Sofia","Botev Vratsa","854","859"
"2026-10-03 14:25:18","1643498","2026-10-03","10/3/2026 9:30:00 AM","NS","667","Friendlies Clubs","World","Oţelul","FC Bacau","6886","22000"
"2026-10-03 14:25:18","1593031","2026-10-03","10/3/2026 9:45:00 AM","FT","336","Druha Liga","Ukraine","SC Poltava 2","Oleksandria II","28008","24588"
"2026-10-03 14:25:18","1530015","2026-10-03","10/3/2026 10:00:00 AM","FT","649","Supreme Division Women","Russia","Zvezda Perm W","Krylya Sovetov W","16492","21119"
"2026-10-03 14:25:18","1565111","2026-10-03","10/3/2026 10:00:00 AM","FT","668","1. Liga U19","Czech-Republic","České Budějovice U19","Sparta Praha U19","14841","7995"
"2026-10-03 14:25:18","1565116","2026-10-03","10/3/2026 10:00:00 AM","FT","668","1. Liga U19","Czech-Republic","Slovácko U19","Zbrojovka Brno U19","14838","14839"
"2026-10-03 14:25:18","1566806","2026-10-03","10/3/2026 10:00:00 AM","FT","938","Oberliga - Bayern Nord","Germany","ASV Neumarkt","Ingolstadt II","19758","12792"
"2026-10-03 14:25:18","1578103","2026-10-03","10/3/2026 10:00:00 AM","FT","149","Second Amateur Division - VFV A","Belgium","Mechelen II","Diksmuide","19900","14157"
"2026-10-03 14:25:18","1593908","2026-10-03","10/3/2026 10:00:00 AM","FT","633","NB III - Northeast","Hungary","Tarpa","Debrecen II","15198","13153"
"2026-10-03 14:25:18","1593913","2026-10-03","10/3/2026 10:00:00 AM","FT","633","NB III - Northeast","Hungary","Eger","Diósgyőr II","5089","13154"
"2026-10-03 14:25:18","1594390","2026-10-03","10/3/2026 10:00:00 AM","FT","1023","NB III - Southeast","Hungary","Vasas II","BKV Előre","19462","5070"
"2026-10-03 14:25:18","1594395","2026-10-03","10/3/2026 10:00:00 AM","FT","1023","NB III - Southeast","Hungary","Újpest II","Monori Se","11860","2411"
"2026-10-03 14:25:18","1594628","2026-10-03","10/3/2026 10:00:00 AM","FT","634","NB III - Southwest","Hungary","Paksi SE II","Szekszárd","11856","5138"
"2026-10-03 14:25:18","1632089","2026-10-03","10/3/2026 10:00:00 AM","FT","890","U20 Elite League","World","France U20","Italy U20","10287","10289"
"2026-10-03 14:25:18","1636779","2026-10-03","10/3/2026 10:00:00 AM","FT","1031","Premier League","Bhutan","Paro","Bhutan U19","9426","5433"
"2026-10-03 14:25:18","1637227","2026-10-03","10/3/2026 10:00:00 AM","FT","1243","Super League Women","South-Africa","Ezemvelo W","JVW FC W","28353","28355"
"2026-10-03 14:25:18","1640103","2026-10-03","10/3/2026 10:00:00 AM","FT","398","Premier League","Bangladesh","Arambagh","Rahmatgonj MFS","5011","5017"
"2026-10-03 14:25:18","1640104","2026-10-03","10/3/2026 10:00:00 AM","FT","398","Premier League","Bangladesh","Dhaka Wanderers","Abahani","25415","5009"
"2026-10-03 14:25:18","1640105","2026-10-03","10/3/2026 10:00:00 AM","FT","398","Premier League","Bangladesh","Fortis","City Club","20780","28429"
"2026-10-03 14:25:18","1642998","2026-10-03","10/3/2026 10:00:00 AM","FT","10","Friendlies","World","Germany U19","Czechia U19","10336","10330"
"2026-10-03 14:25:18","1643223","2026-10-03","10/3/2026 10:00:00 AM","FT","667","Friendlies Clubs","World","Zaglebie Lubin","Miedz Legnica","345","335"
"2026-10-03 14:25:18","1643499","2026-10-03","10/3/2026 10:00:00 AM","FT","667","Friendlies Clubs","World","Inter","Lumezzane","505","1689"
"2026-10-03 14:25:18","1643500","2026-10-03","10/3/2026 10:00:00 AM","FT","667","Friendlies Clubs","World","NK Osijek","Bsk Bijelo Brdo","616","1487"
"2026-10-03 14:25:18","1643501","2026-10-03","10/3/2026 10:00:00 AM","NS","667","Friendlies Clubs","World","Toulouse","PAU","96","1297"
"2026-10-03 14:25:18","1593026","2026-10-03","10/3/2026 10:15:00 AM","FT","336","Druha Liga","Ukraine","Nyva Ternopil II","Dinaz Vyshhorod","24587","6487"
"2026-10-03 14:25:18","1521704","2026-10-03","10/3/2026 10:30:00 AM","FT","1126","Esiliiga B","Estonia","Legion","Levadia U19","13152","7906"
"2026-10-03 14:25:18","1521705","2026-10-03","10/3/2026 10:30:00 AM","FT","1126","Esiliiga B","Estonia","Tulevik","Tallinna Kalev II","3531","3522"
"2026-10-03 14:25:18","1535726","2026-10-03","10/3/2026 10:30:00 AM","FT","915","1. Division Women","Norway","Arna-Bjørnar W","Grei W","15954","20884"
"2026-10-03 14:25:18","1581925","2026-10-03","10/3/2026 10:30:00 AM","FT","334","Persha Liga","Ukraine","Lokomotiv Kyiv","Polissya II","21954","24589"
"2026-10-03 14:25:18","1639577","2026-10-03","10/3/2026 10:30:00 AM","FT","667","Friendlies Clubs","World","Artis","AS Trencin","4257","655"
"2026-10-03 14:25:18","1593029","2026-10-03","10/3/2026 10:45:00 AM","FT","336","Druha Liga","Ukraine","Rebel","Lozova","26190","26758"
"2026-10-03 14:25:18","1643253","2026-10-03","10/3/2026 10:45:00 AM","NS","962","Premier League","Lesotho","Bantu","Mzamane","15563","25066"
"2026-10-03 14:25:18","1530011","2026-10-03","10/3/2026 11:00:00 AM","FT","649","Supreme Division Women","Russia","Dinamo Moskva W","Rubin Kazan W","21118","16491"
"2026-10-03 14:25:18","1534462","2026-10-03","10/3/2026 11:00:00 AM","FT","117","1. Division","Belarus","Orsha","Niva","3390","16656"
"2026-10-03 14:25:18","1536716","2026-10-03","10/3/2026 11:00:00 AM","FT","650","Second League - Group 3","Russia","Rotor-2","FK Spartak Tambov","12840","19451"
"2026-10-03 14:25:18","1536718","2026-10-03","10/3/2026 11:00:00 AM","FT","650","Second League - Group 3","Russia","Salyut-Belgorod","SKA Khabarovsk II","6826","17721"
"2026-10-03 14:25:18","1565115","2026-10-03","10/3/2026 11:00:00 AM","FT","668","1. Liga U19","Czech-Republic","Baník Ostrava U19","Hradec Králové U19","14830","14831"
"2026-10-03 14:25:18","1565480","2026-10-03","10/3/2026 11:00:00 AM","FT","333","Premier League","Ukraine","Veres Rivne","Kudrivka","6501","21953"
"2026-10-03 14:25:18","1567446","2026-10-03","10/3/2026 11:00:00 AM","AET","101","J-League Cup","Japan","Kashiwa Reysol","Gamba Osaka","281","293"
"2026-10-03 14:25:18","1568194","2026-10-03","10/3/2026 11:00:00 AM","FT","783","III Liga - Group 4","Poland","KS Wieczysta Krakow II","Wiślanie Jaśkowice","27334","19728"
"2026-10-03 14:25:18","1568505","2026-10-03","10/3/2026 11:00:00 AM","FT","782","III Liga - Group 3","Poland","Sparta Katowice","Warta Gorzów","22910","16263"
"2026-10-03 14:25:18","1568813","2026-10-03","10/3/2026 11:00:00 AM","FT","781","III Liga - Group 2","Poland","Gedania Gdansk","Victoria Września","18385","19723"
"2026-10-03 14:25:18","1568818","2026-10-03","10/3/2026 11:00:00 AM","FT","781","III Liga - Group 2","Poland","Unia Swarzędz","Kotwica Kórnik","16257","24327"
"2026-10-03 14:25:18","1573603","2026-10-03","10/3/2026 11:00:00 AM","FT","142","Primera División Femenina","Spain","Espanyol W","Deportivo Alavés W","1919","17168"
"2026-10-03 14:25:18","1573606","2026-10-03","10/3/2026 11:00:00 AM","FT","142","Primera División Femenina","Spain","Sevilla W","FC Levante Badalona W","1920","19896"
"2026-10-03 14:25:18","1595697","2026-10-03","10/3/2026 11:00:00 AM","FT","488","U19 Bundesliga","Germany","FSV Frankfurt U19","Fortuna Köln U19","13952","13962"
"2026-10-03 14:25:18","1599240","2026-10-03","10/3/2026 11:00:00 AM","FT","676","Central Youth League","Poland","Górnik Zabrze U19","Arka Gdynia U19","16391","20587"
"2026-10-03 14:25:18","1599241","2026-10-03","10/3/2026 11:00:00 AM","FT","676","Central Youth League","Poland","Korona Kielce U19","Escola Varsovia U19","7905","20589"
"2026-10-03 14:25:18","1599401","2026-10-03","10/3/2026 11:00:00 AM","FT","676","Central Youth League","Poland","Talent Warszawa U19","Jagiellonia U19","28017","20590"
"2026-10-03 14:25:18","1623502","2026-10-03","10/3/2026 11:00:00 AM","FT","728","Liga 1 Feminin","Romania","SSU Poli Timişoara W","Farul Constanţa W","17659","22192"
"2026-10-03 14:25:18","1637444","2026-10-03","10/3/2026 11:00:00 AM","FT","1244","B-Liga Women","Denmark","Sundby W","Osterbro W","19135","27631"
"2026-10-03 14:25:18","1640843","2026-10-03","10/3/2026 11:00:00 AM","NS","734","Diski Challenge","South-Africa","AmaZulu U23","Richards Bay U23","15985","20296"
"2026-10-03 14:25:18","1642946","2026-10-03","10/3/2026 11:00:00 AM","FT","667","Friendlies Clubs","World","Ruch Chorzów","Lechia Gdansk","6953","343"
"2026-10-03 14:25:18","1642958","2026-10-03","10/3/2026 11:00:00 AM","NS","667","Friendlies Clubs","World","Orebro SK","United Nordic","365","16601"
"2026-10-03 14:25:18","1642999","2026-10-03","10/3/2026 11:00:00 AM","FT","10","Friendlies","World","Finland U18","Wales U18","21467","21481"
"2026-10-03 14:25:18","1643197","2026-10-03","10/3/2026 11:00:00 AM","FT","10","Friendlies","World","Norway U18","USA U18","21474","22342"
"2026-10-03 14:25:18","1643224","2026-10-03","10/3/2026 11:00:00 AM","FT","667","Friendlies Clubs","World","Chrobry Głogów","Warta Poznań","3483","3496"
"2026-10-03 14:25:18","1643225","2026-10-03","10/3/2026 11:00:00 AM","FT","667","Friendlies Clubs","World","FK Zalgiris Vilnius","Panevėžys","586","3874"
"2026-10-03 14:25:18","1643350","2026-10-03","10/3/2026 11:00:00 AM","FT","1247","FIFA Asean Cup","World","Hong Kong","Cambodia","4460","1543"
"2026-10-03 14:25:18","1643502","2026-10-03","10/3/2026 11:00:00 AM","NS","667","Friendlies Clubs","World","Bukovyna","Epitsentr Dunayivtsi","6486","14434"
"2026-10-03 14:25:18","1643503","2026-10-03","10/3/2026 11:00:00 AM","NS","667","Friendlies Clubs","World","Legia Warszawa","Korona Kielce","339","346"
"2026-10-03 14:25:18","1643504","2026-10-03","10/3/2026 11:00:00 AM","NS","667","Friendlies Clubs","World","Ludogorets II","Dunav Ruse","1409","683"
"2026-10-03 14:25:18","1593032","2026-10-03","10/3/2026 11:15:00 AM","FT","336","Druha Liga","Ukraine","Skala 1911 Stryi","Nyva Vinnytsya","21956","6494"
"2026-10-03 14:25:18","1566366","2026-10-03","10/3/2026 11:30:00 AM","FT","745","Oberliga - Hamburg","Germany","HT16","Teutonia Ottensen","26173","12878"
"2026-10-03 14:25:18","1568814","2026-10-03","10/3/2026 11:30:00 AM","FT","781","III Liga - Group 2","Poland","Grom Nowy Staw","Bałtyk Koszalin","24786","16245"
"2026-10-03 14:25:18","1601259","2026-10-03","10/3/2026 11:30:00 AM","FT","139","Serie A Women","Italy","Parma W","Ternana W","19748","23669"
"2026-10-03 14:25:18","1642943","2026-10-03","10/3/2026 11:30:00 AM","FT","667","Friendlies Clubs","World","Jagiellonia","Polonia Warszawa","336","16239"
"2026-10-03 14:25:18","1643349","2026-10-03","10/3/2026 11:30:00 AM","FT","803","Asian Games","World","Korea Republic U23","Japan U23","10177","10176"
"2026-10-03 14:25:18","1565114","2026-10-03","10/3/2026 11:45:00 AM","FT","668","1. Liga U19","Czech-Republic","Mladá Boleslav U19","Opava U19","14834","14835"
"2026-10-03 14:25:18","1495576","2026-10-03","10/3/2026 12:00:00 PM","FT","549","Damallsvenskan","Sweden","Piteå W","Norrköping W","10900","16008"
"2026-10-03 14:25:18","1495578","2026-10-03","10/3/2026 12:00:00 PM","FT","549","Damallsvenskan","Sweden","Vittsjö W","Eskilstuna United W","11083","11077"
"2026-10-03 14:25:18","1496527","2026-10-03","10/3/2026 12:00:00 PM","FT","774","3. Division - Girone 1","Norway","Frigg","Gamle Oslo","6987","18924"
"2026-10-03 14:25:18","1496528","2026-10-03","10/3/2026 12:00:00 PM","FT","774","3. Division - Girone 1","Norway","SF Grei","Asker","16868","6967"
"2026-10-03 14:25:18","1496530","2026-10-03","10/3/2026 12:00:00 PM","FT","774","3. Division - Girone 1","Norway","Konnerud","Heming","25912","6995"
"2026-10-03 14:25:18","1496531","2026-10-03","10/3/2026 12:00:00 PM","FT","774","3. Division - Girone 1","Norway","Nordstrand","Vålerenga II","7015","10114"
"2026-10-03 14:25:18","1496714","2026-10-03","10/3/2026 12:00:00 PM","FT","775","3. Division - Girone 2","Norway","Volda","Orkla","16226","12824"
"2026-10-03 14:25:18","1496896","2026-10-03","10/3/2026 12:00:00 PM","FT","776","3. Division - Girone 3","Norway","Stord","Vard","16220","7043"
"2026-10-03 14:25:18","1497254","2026-10-03","10/3/2026 12:00:00 PM","FT","778","3. Division - Girone 5","Norway","Fløya","Bossekop","6984","18444"
"2026-10-03 14:25:18","1497260","2026-10-03","10/3/2026 12:00:00 PM","FT","778","3. Division - Girone 5","Norway","Ulfstind","Alta","22867","6965"
"2026-10-03 14:25:18","1504563","2026-10-03","10/3/2026 12:00:00 PM","FT","564","Ettan - Södra","Sweden","Angelholms FF","Rosengård","2168","6694"
"2026-10-03 14:25:18","1504570","2026-10-03","10/3/2026 12:00:00 PM","FT","564","Ettan - Södra","Sweden","Tvååker","Hässleholms IF","6703","6676"
"2026-10-03 14:25:18","1505283","2026-10-03","10/3/2026 12:00:00 PM","FT","563","Ettan - Norra","Sweden","Enköping","Gefle IF","12578","813"
"2026-10-03 14:25:18","1505287","2026-10-03","10/3/2026 12:00:00 PM","FT","563","Ettan - Norra","Sweden","Stockholm Internazionale","Assyriska FF","12585","2169"
"2026-10-03 14:25:18","1510685","2026-10-03","10/3/2026 12:00:00 PM","FT","592","Division 2 - Norra Götaland","Sweden","Husqvarna","Vänersborgs IF","6675","6713"
"2026-10-03 14:25:18","1510687","2026-10-03","10/3/2026 12:00:00 PM","FT","592","Division 2 - Norra Götaland","Sweden","Stenungsund","IFK Skövde","12575","16605"
"2026-10-03 14:25:18","1510866","2026-10-03","10/3/2026 12:00:00 PM","FT","593","Division 2 - Norra Svealand","Sweden","Enskede","Falu BS","6662","22932"
"2026-10-03 14:25:18","1510868","2026-10-03","10/3/2026 12:00:00 PM","FT","593","Division 2 - Norra Svealand","Sweden","Täby","Viggbyholms IK","11663","20838"
"2026-10-03 14:25:18","1511026","2026-10-03","10/3/2026 12:00:00 PM","FT","597","Division 2 - Södra Götaland","Sweden","Växjö Norra","Karlshamn","25573","12615"
"2026-10-03 14:25:18","1511230","2026-10-03","10/3/2026 12:00:00 PM","NS","595","Division 2 - Södra Svealand","Sweden","Eker Örebro","Rågsved","25570","16745"
"2026-10-03 14:25:18","1511232","2026-10-03","10/3/2026 12:00:00 PM","FT","595","Division 2 - Södra Svealand","Sweden","Forward","Sleipner","11666","11670"
"2026-10-03 14:25:18","1511412","2026-10-03","10/3/2026 12:00:00 PM","FT","596","Division 2 - Västra Götaland","Sweden","Åstorp","Dalstorps","14543","12613"
"2026-10-03 14:25:18","1511413","2026-10-03","10/3/2026 12:00:00 PM","FT","596","Division 2 - Västra Götaland","Sweden","Böljan","Jonsered","25575","21359"
"2026-10-03 14:25:18","1534548","2026-10-03","10/3/2026 12:00:00 PM","FT","117","1. Division","Belarus","Slonim","Shakhter Soligorsk","3392","392"
"2026-10-03 14:25:18","1535663","2026-10-03","10/3/2026 12:00:00 PM","FT","915","1. Division Women","Norway","Åsane W","Odd W","18992","22859"
"2026-10-03 14:25:18","1536713","2026-10-03","10/3/2026 12:00:00 PM","FT","650","Second League - Group 3","Russia","Metallurg Lipetsk","Zenit Penza","6815","16866"
"2026-10-03 14:25:18","1536719","2026-10-03","10/3/2026 12:00:00 PM","FT","650","Second League - Group 3","Russia","Volna Nizhegorodskaya","Saturn Ramenskoye","14124","6827"
"2026-10-03 14:25:18","1561672","2026-10-03","10/3/2026 12:00:00 PM","FT","109","II Liga - East","Poland","Podhale Nowy Targ","Rekord Bielsko-Biała","12834","6950"
"2026-10-03 14:25:18","1561674","2026-10-03","10/3/2026 12:00:00 PM","FT","109","II Liga - East","Poland","Resovia Rzeszów","Avia Świdnik","6951","16264"
"2026-10-03 14:25:18","1566665","2026-10-03","10/3/2026 12:00:00 PM","NS","733","I Liga - Women","Slovakia","Dukla Banská Bystrica W","Z. Moravce-Vrable W","15977","27892"
"2026-10-03 14:25:18","1568508","2026-10-03","10/3/2026 12:00:00 PM","FT","782","III Liga - Group 3","Poland","Goczałkowice Zdrój","ROW Rybnik","16259","6949"
"2026-10-03 14:25:18","1568812","2026-10-03","10/3/2026 12:00:00 PM","FT","781","III Liga - Group 2","Poland","Elana Toruń","Luzino","6938","19693"
"2026-10-03 14:25:18","1571149","2026-10-03","10/3/2026 12:00:00 PM","FT","436","Primera División RFEF - Group 2","Spain","Hércules","Real Jaén","4666","5274"
"2026-10-03 14:25:18","1577792","2026-10-03","10/3/2026 12:00:00 PM","FT","862","3. Division","Denmark","Holbæk B&I","ASA Aarhus","6027","14443"
"2026-10-03 14:25:18","1577793","2026-10-03","10/3/2026 12:00:00 PM","FT","862","3. Division","Denmark","Ishøj","Ringsted","8645","11532"
"2026-10-03 14:25:18","1581719","2026-10-03","10/3/2026 12:00:00 PM","NS","1033","Ekstraliga Women","Poland","Akademia Piłkarska LG W","Lech Poznan W","22257","26149"
"2026-10-03 14:25:18","1581720","2026-10-03","10/3/2026 12:00:00 PM","NS","1033","Ekstraliga Women","Poland","Górnik Łęczna W","GKS Katowice W","10916","21584"
"2026-10-03 14:25:18","1582134","2026-10-03","10/3/2026 12:00:00 PM","FT","638","Kvindeliga","Denmark","ASA Aarhus W","Midtjylland W","27630","26101"
"2026-10-03 14:25:18","1582136","2026-10-03","10/3/2026 12:00:00 PM","FT","638","Kvindeliga","Denmark","KoldingQ W","AGF W","13981","14243"
"2026-10-03 14:25:18","1591981","2026-10-03","10/3/2026 12:00:00 PM","FT","1041","Júniores U19","Portugal","Santa Clara U19","SC Farense U19","26301","22518"
"2026-10-03 14:25:18","1593028","2026-10-03","10/3/2026 12:00:00 PM","FT","336","Druha Liga","Ukraine","Podillya Khmelnytskyi","Vilkhivtsi","6495","24570"
"2026-10-03 14:25:18","1593909","2026-10-03","10/3/2026 12:00:00 PM","FT","633","NB III - Northeast","Hungary","Tiszafuredi VSE","Kisvárda II","5147","14122"
"2026-10-03 14:25:18","1593910","2026-10-03","10/3/2026 12:00:00 PM","FT","633","NB III - Northeast","Hungary","Tiszaújváros","Mátészalka","5149","11760"
"2026-10-03 14:25:18","1593911","2026-10-03","10/3/2026 12:00:00 PM","FT","633","NB III - Northeast","Hungary","Cigand SE","Gödöllő","2419","11701"
"2026-10-03 14:25:18","1593912","2026-10-03","10/3/2026 12:00:00 PM","FT","633","NB III - Northeast","Hungary","DEAC","Füzesabony","5082","24493"
"2026-10-03 14:25:18","1593914","2026-10-03","10/3/2026 12:00:00 PM","FT","633","NB III - Northeast","Hungary","Nyiregyhaza II","Salgótarjáni BTC","24538","5134"
"2026-10-03 14:25:18","1593915","2026-10-03","10/3/2026 12:00:00 PM","NS","633","NB III - Northeast","Hungary","Ózd Sajóvölgye","Hajdúnánás","26196","24497"
"2026-10-03 14:25:18","1594148","2026-10-03","10/3/2026 12:00:00 PM","FT","635","NB III - Northwest","Hungary","Király SZE","Balatonalmádi","5112","11750"
"2026-10-03 14:25:18","1594150","2026-10-03","10/3/2026 12:00:00 PM","FT","635","NB III - Northwest","Hungary","Veszprém","Sárisápi Bányász","7569","5140"
"2026-10-03 14:25:18","1594151","2026-10-03","10/3/2026 12:00:00 PM","FT","635","NB III - Northwest","Hungary","Zalaegerszegi TE II","Bicskei","11859","7536"
"2026-10-03 14:25:18","1594153","2026-10-03","10/3/2026 12:00:00 PM","FT","635","NB III - Northwest","Hungary","Komárom","Tatabánya","5113","5145"
"2026-10-03 14:25:18","1594154","2026-10-03","10/3/2026 12:00:00 PM","FT","635","NB III - Northwest","Hungary","MTE 1904","Puskás II","2412","13155"
"2026-10-03 14:25:18","1594388","2026-10-03","10/3/2026 12:00:00 PM","FT","1023","NB III - Southeast","Hungary","Szolnoki MAV FC","Gyulai Termál","2416","11729"
"2026-10-03 14:25:18","1594392","2026-10-03","10/3/2026 12:00:00 PM","FT","1023","NB III - Southeast","Hungary","Bekescsaba 1912","Sándorfalva","2406","24505"
"2026-10-03 14:25:18","1594393","2026-10-03","10/3/2026 12:00:00 PM","FT","1023","NB III - Southeast","Hungary","Szegedi VSE","ESMTK","7561","5087"
"2026-10-03 14:25:18","1594629","2026-10-03","10/3/2026 12:00:00 PM","FT","634","NB III - Southwest","Hungary","Dunaharaszti MTK","Siofok","5085","2413"
"2026-10-03 14:25:18","1594631","2026-10-03","10/3/2026 12:00:00 PM","FT","634","NB III - Southwest","Hungary","Iváncsa","Sárbogárd","5104","7562"
"2026-10-03 14:25:18","1594632","2026-10-03","10/3/2026 12:00:00 PM","FT","634","NB III - Southwest","Hungary","Majosi","PTE-PEAC","11784","5127"
"2026-10-03 14:25:18","1594633","2026-10-03","10/3/2026 12:00:00 PM","FT","634","NB III - Southwest","Hungary","Érdi VSE","Kaposvar","5153","2407"
"2026-10-03 14:25:18","1594634","2026-10-03","10/3/2026 12:00:00 PM","NS","634","NB III - Southwest","Hungary","Ferencváros II","MTK Budapest II","11861","17064"
"2026-10-03 14:25:18","1594635","2026-10-03","10/3/2026 12:00:00 PM","FT","634","NB III - Southwest","Hungary","Pécsi MFC","Budafoki LC","5130","2399"
"2026-10-03 14:25:18","1595565","2026-10-03","10/3/2026 12:00:00 PM","NS","488","U19 Bundesliga","Germany","Wehen Wiesbaden U19","Kaiserslautern U19","13964","10262"
"2026-10-03 14:25:18","1595658","2026-10-03","10/3/2026 12:00:00 PM","NS","488","U19 Bundesliga","Germany","Eintracht Braunsch U19","Chemnitzer FC U19","13961","10250"
"2026-10-03 14:25:18","1595722","2026-10-03","10/3/2026 12:00:00 PM","NS","488","U19 Bundesliga","Germany","BAK 07 U19","Magdeburg U19","19441","10267"
"2026-10-03 14:25:18","1601043","2026-10-03","10/3/2026 12:00:00 PM","FT","594","Division 2 - Norrland","Sweden","Umea FF","Friska Viljor","11662","12586"
"2026-10-03 14:25:18","1616108","2026-10-03","10/3/2026 12:00:00 PM","FT","450","Tercera División RFEF - Group 12","Spain","Panadería Pulido","Anaza","9800","28113"
"2026-10-03 14:25:18","1630092","2026-10-03","10/3/2026 12:00:00 PM","2H","1241","U19 league","Serbia","Novi Pazar U19","Cukaricki U19","28275","28266"
"2026-10-03 14:25:18","1630093","2026-10-03","10/3/2026 12:00:00 PM","FT","1241","U19 league","Serbia","OFK Beograd U19","Brodarac U19","28274","7891"
"2026-10-03 14:25:18","1630747","2026-10-03","10/3/2026 12:00:00 PM","FT","657","Cup","Estonia","Kuressaare","Saku Sporting","3526","14329"
"2026-10-03 14:25:18","1635428","2026-10-03","10/3/2026 12:00:00 PM","FT","247","Kakkonen - Lohko A","Finland","MyPa","PuiU Helsinki","2243","18596"
"2026-10-03 14:25:18","1637443","2026-10-03","10/3/2026 12:00:00 PM","FT","1244","B-Liga Women","Denmark","AaB W","Naestved W","13980","28372"
"2026-10-03 14:25:18","1638580","2026-10-03","10/3/2026 12:00:00 PM","FT","667","Friendlies Clubs","World","Halmstad","Osters IF","766","2174"
"2026-10-03 14:25:18","1639700","2026-10-03","10/3/2026 12:00:00 PM","NS","566","Ligue A","Burundi","Rukinzo","Young Star","8070","28129"
"2026-10-03 14:25:18","1641096","2026-10-03","10/3/2026 12:00:00 PM","FT","667","Friendlies Clubs","World","Hannover 96","Verl","166","4265"
"2026-10-03 14:25:18","1641765","2026-10-03","10/3/2026 12:00:00 PM","FT","174","Cup","Bulgaria","Balkan Botevgrad","Fratria","6389","21836"
"2026-10-03 14:25:18","1641769","2026-10-03","10/3/2026 12:00:00 PM","FT","174","Cup","Bulgaria","Botev Novi Pazar","Vihren","8509","5025"
"2026-10-03 14:25:18","1641770","2026-10-03","10/3/2026 12:00:00 PM","FT","174","Cup","Bulgaria","Chernomorets Balchik","Etar Veliko Tarnovo","1422","855"
"2026-10-03 14:25:18","1641771","2026-10-03","10/3/2026 12:00:00 PM","FT","174","Cup","Bulgaria","Levski Krumovgrad","Spartak Pleven","17306","1418"
"2026-10-03 14:25:18","1642934","2026-10-03","10/3/2026 12:00:00 PM","FT","667","Friendlies Clubs","World","Cracovia Krakow","Nieciecza","350","3487"
"2026-10-03 14:25:18","1642935","2026-10-03","10/3/2026 12:00:00 PM","NS","667","Friendlies Clubs","World","SC Freiburg","FC Luzern","160","644"
"2026-10-03 14:25:18","1642936","2026-10-03","10/3/2026 12:00:00 PM","FT","667","Friendlies Clubs","World","Genk","Fortuna Sittard","742","205"
"2026-10-03 14:25:18","1642937","2026-10-03","10/3/2026 12:00:00 PM","FT","667","Friendlies Clubs","World","Malmo FF","FC Nordsjaelland","375","398"
"2026-10-03 14:25:18","1642938","2026-10-03","10/3/2026 12:00:00 PM","FT","667","Friendlies Clubs","World","Waldhof Mannheim","FSV Mainz 05","4268","164"
"2026-10-03 14:25:18","1642939","2026-10-03","10/3/2026 12:00:00 PM","NS","667","Friendlies Clubs","World","Radomiak Radom","ŁKS Łódź","4248","3498"
"2026-10-03 14:25:18","1642940","2026-10-03","10/3/2026 12:00:00 PM","FT","667","Friendlies Clubs","World","Sandviken","GIF Sundsvall","6697","373"
"2026-10-03 14:25:18","1642941","2026-10-03","10/3/2026 12:00:00 PM","FT","667","Friendlies Clubs","World","FC Thun","SC Kriens","1012","2186"
"2026-10-03 14:25:18","1643226","2026-10-03","10/3/2026 12:00:00 PM","NS","667","Friendlies Clubs","World","Fehérvár FC","Ujpest","610","2255"
"2026-10-03 14:25:18","1643254","2026-10-03","10/3/2026 12:00:00 PM","NS","962","Premier League","Lesotho","SC Villa","Members","12457","26611"
"2026-10-03 14:25:18","1530014","2026-10-03","10/3/2026 12:30:00 PM","FT","649","Supreme Division Women","Russia","Spartak Moskva W","Zenit W","23214","14134"
"2026-10-03 14:25:18","1557299","2026-10-03","10/3/2026 12:30:00 PM","FT","146","Super League Women","Belgium","Club Brugge W","Anderlecht W","6344","1792"
"2026-10-03 14:25:18","1563781","2026-10-03","10/3/2026 12:30:00 PM","FT","42","League Two","England","Chesterfield","Tranmere","1345","1381"
"2026-10-03 14:25:18","1580248","2026-10-03","10/3/2026 12:30:00 PM","NS","744","Oberliga - Schleswig-Holstein","Germany","Holstein Kiel II","Hohenwestedt","9344","21943"
"2026-10-03 14:25:18","1581926","2026-10-03","10/3/2026 12:30:00 PM","FT","334","Persha Liga","Ukraine","Prykarpattia","Metal Kharkiv","3631","14437"
"2026-10-03 14:25:18","1588987","2026-10-03","10/3/2026 12:30:00 PM","NS","748","Oberliga - Niedersachsen","Germany","Verden 04","Heeslinger SC","19721","12782"
"2026-10-03 14:25:18","1590410","2026-10-03","10/3/2026 12:30:00 PM","2H","552","3. Lig - Group 1","Turkey","Pazarspor","Küçükçekmece Sinopspor","7420","21994"
"2026-10-03 14:25:18","1591018","2026-10-03","10/3/2026 12:30:00 PM","2H","554","3. Lig - Group 3","Turkey","Ağrı 1970","Diyarbekirspor","6509","7398"
"2026-10-03 14:25:18","1591019","2026-10-03","10/3/2026 12:30:00 PM","2H","554","3. Lig - Group 3","Turkey","Bitlis Özgüzelderespor","Adana Adaletgucu","6513","27999"
"2026-10-03 14:25:18","1591024","2026-10-03","10/3/2026 12:30:00 PM","AWD","554","3. Lig - Group 3","Turkey","Yeni Malatyaspor","Karaköprü Belediyespor","999","7408"
"2026-10-03 14:25:18","1591632","2026-10-03","10/3/2026 12:30:00 PM","2H","205","2. Lig","Turkey","1461 Trabzon FK","Serik Spor","6340","7421"
"2026-10-03 14:25:18","1595742","2026-10-03","10/3/2026 12:30:00 PM","NS","488","U19 Bundesliga","Germany","St. Pauli U19","Hansa Rostock U19","10272","15741"
"2026-10-03 14:25:18","1640050","2026-10-03","10/3/2026 12:30:00 PM","NS","667","Friendlies Clubs","World","Hammarby FF","Vasteras SK FK","363","2241"
"2026-10-03 14:25:18","1641626","2026-10-03","10/3/2026 12:30:00 PM","2H","45","FA Cup","England","Brentwood Town","Dagenham & Redbridge","7216","1821"
"2026-10-03 14:25:18","1643227","2026-10-03","10/3/2026 12:30:00 PM","NS","667","Friendlies Clubs","World","Fakel","FC Vitebsk","1993","382"
"2026-10-03 14:25:18","1643228","2026-10-03","10/3/2026 12:30:00 PM","NS","667","Friendlies Clubs","World","Lech Poznan","Energie Cottbus","347","1320"
"2026-10-03 14:25:18","1643505","2026-10-03","10/3/2026 12:30:00 PM","FT","667","Friendlies Clubs","World","Crystal Palace","Bristol City","52","56"
"2026-10-03 14:25:18","1636935","2026-10-03","10/3/2026 12:45:00 PM","2H","494","Super League 2","Greece","Niki Volos","Larisa","5056","953"
"2026-10-03 14:25:18","1643255","2026-10-03","10/3/2026 12:45:00 PM","NS","962","Premier League","Lesotho","Limkokwing University","Linare","25064","20981"
"2026-10-03 14:25:18","1496167","2026-10-03","10/3/2026 1:00:00 PM","2H","473","2. Division - Group 1","Norway","Pors Grenland","Vidar","7020","7046"
"2026-10-03 14:25:18","1496345","2026-10-03","10/3/2026 1:00:00 PM","2H","474","2. Division - Group 2","Norway","Grorud","Lørenskog","6993","7008"
"2026-10-03 14:25:18","1496347","2026-10-03","10/3/2026 1:00:00 PM","2H","474","2. Division - Group 2","Norway","Skeid","Hønefoss","2239","6998"
"2026-10-03 14:25:18","1496350","2026-10-03","10/3/2026 1:00:00 PM","2H","474","2. Division - Group 2","Norway","Ull/Kisa","Kjelsås","2154","7001"
"2026-10-03 14:25:18","1496532","2026-10-03","10/3/2026 1:00:00 PM","2H","774","3. Division - Girone 1","Norway","Union Carl Berner","Lokomotiv Oslo","23423","7005"
"2026-10-03 14:25:18","1496711","2026-10-03","10/3/2026 1:00:00 PM","2H","775","3. Division - Girone 2","Norway","Nardo","Strindheim","7014","12864"
"2026-10-03 14:25:18","1496890","2026-10-03","10/3/2026 1:00:00 PM","2H","776","3. Division - Girone 3","Norway","Brann II","Varegg","16218","19719"
"2026-10-03 14:25:18","1496893","2026-10-03","10/3/2026 1:00:00 PM","2H","776","3. Division - Girone 3","Norway","Gneist","Djerv","18925","16216"
"2026-10-03 14:25:18","1496894","2026-10-03","10/3/2026 1:00:00 PM","2H","776","3. Division - Girone 3","Norway","Os","Askøy","12825","22870"
"2026-10-03 14:25:18","1497072","2026-10-03","10/3/2026 1:00:00 PM","2H","777","3. Division - Girone 4","Norway","Åkra","Mandalskameratene","7049","12812"
"2026-10-03 14:25:18","1497437","2026-10-03","10/3/2026 1:00:00 PM","2H","779","3. Division - Girone 6","Norway","Drøbak / Frogn","Sarpsborg 08 II","21349","16215"
"2026-10-03 14:25:18","1497439","2026-10-03","10/3/2026 1:00:00 PM","2H","779","3. Division - Girone 6","Norway","Fram","Sandefjord II","6986","21418"
"2026-10-03 14:25:18","1497440","2026-10-03","10/3/2026 1:00:00 PM","2H","779","3. Division - Girone 6","Norway","Lillehammer","Oppsal","18437","7018"
"2026-10-03 14:25:18","1497442","2026-10-03","10/3/2026 1:00:00 PM","2H","779","3. Division - Girone 6","Norway","Gjøvik-Lyn","Raelingen","6992","27278"
"2026-10-03 14:25:18","1501494","2026-10-03","10/3/2026 1:00:00 PM","2H","736","Elitettan","Sweden","Häcken II W","Örebro SK W","20820","16028"
"2026-10-03 14:25:18","1501497","2026-10-03","10/3/2026 1:00:00 PM","2H","736","Elitettan","Sweden","Trelleborg W","Elfsborg W","17639","21693"
"2026-10-03 14:25:18","1503715","2026-10-03","10/3/2026 1:00:00 PM","2H","736","Elitettan","Sweden","Gamla Upsala W","Enskede W","16032","16030"
"2026-10-03 14:25:18","1510690","2026-10-03","10/3/2026 1:00:00 PM","NS","592","Division 2 - Norra Götaland","Sweden","Skara","Kumla","25569","12598"
"2026-10-03 14:25:18","1534460","2026-10-03","10/3/2026 1:00:00 PM","2H","117","1. Division","Belarus","Gomel II","FC Energetik-Bgu Minsk","23433","2433"
"2026-10-03 14:25:18","1535664","2026-10-03","10/3/2026 1:00:00 PM","2H","915","1. Division Women","Norway","Viking FK W","Bryne W","22860","27218"
"2026-10-03 14:25:18","1536046","2026-10-03","10/3/2026 1:00:00 PM","2H","651","Second League - Group 1","Russia","Angust Nazran","Pobeda","23314","22171"
"2026-10-03 14:25:18","1536280","2026-10-03","10/3/2026 1:00:00 PM","2H","651","Second League - Group 1","Russia","Sevastopol","Lugansk","13240","27647"
"2026-10-03 14:25:18","1536281","2026-10-03","10/3/2026 1:00:00 PM","2H","651","Second League - Group 1","Russia","Kyzyltash","Shahter Taganrog","17680","27648"
"2026-10-03 14:25:18","1536284","2026-10-03","10/3/2026 1:00:00 PM","2H","651","Second League - Group 1","Russia","Rubin Yalta","FK Chayka 2","17682","27644"
"2026-10-03 14:25:18","1536712","2026-10-03","10/3/2026 1:00:00 PM","2H","650","Second League - Group 3","Russia","Kvant","Shumbrat","6807","26148"
"2026-10-03 14:25:18","1536714","2026-10-03","10/3/2026 1:00:00 PM","2H","650","Second League - Group 3","Russia","Orel","Strogino","23318","6829"
"2026-10-03 14:25:18","1536715","2026-10-03","10/3/2026 1:00:00 PM","2H","650","Second League - Group 3","Russia","Rodina Moskva III","Arsenal Tula II","19448","17720"
"2026-10-03 14:25:18","1566803","2026-10-03","10/3/2026 1:00:00 PM","NS","938","Oberliga - Bayern Nord","Germany","Ammerthal","Neudrossenfeld","14619","21526"
"2026-10-03 14:25:18","1566804","2026-10-03","10/3/2026 1:00:00 PM","NS","938","Oberliga - Bayern Nord","Germany","Fortuna Regensburg","Jahn Regensburg II","19226","12798"
"2026-10-03 14:25:18","1566807","2026-10-03","10/3/2026 1:00:00 PM","NS","938","Oberliga - Bayern Nord","Germany","Stadeln","Gebenbach","26067","19228"
"2026-10-03 14:25:18","1567083","2026-10-03","10/3/2026 1:00:00 PM","NS","939","Oberliga - Bayern Süd","Germany","Heimstetten","Erlbach","9329","19220"
"2026-10-03 14:25:18","1567086","2026-10-03","10/3/2026 1:00:00 PM","NS","939","Oberliga - Bayern Süd","Germany","Pipinsried","Ismaning","12832","12796"
"2026-10-03 14:25:18","1567087","2026-10-03","10/3/2026 1:00:00 PM","NS","939","Oberliga - Bayern Süd","Germany","Schalding-Heining","1880 Wasserburg","9334","12725"
"2026-10-03 14:25:18","1567089","2026-10-03","10/3/2026 1:00:00 PM","NS","939","Oberliga - Bayern Süd","Germany","Schwabmünchen","Gundelfingen","12850","19234"
"2026-10-03 14:25:18","1567262","2026-10-03","10/3/2026 1:00:00 PM","NS","939","Oberliga - Bayern Süd","Germany","Pfaffenhofen","Deisenhofen","27899","12751"
"2026-10-03 14:25:18","1568811","2026-10-03","10/3/2026 1:00:00 PM","2H","781","III Liga - Group 2","Poland","Stargard Szczeciński","Kalisz","6959","12801"
"2026-10-03 14:25:18","1568815","2026-10-03","10/3/2026 1:00:00 PM","NS","781","III Liga - Group 2","Poland","Kluczevia Stargard","Lech Poznań II","17398","9133"
"2026-10-03 14:25:18","1568816","2026-10-03","10/3/2026 1:00:00 PM","2H","781","III Liga - Group 2","Poland","Lipno Stęszew","Chemik Bydgoszcz","26180","6934"
"2026-10-03 14:25:18","1568817","2026-10-03","10/3/2026 1:00:00 PM","NS","781","III Liga - Group 2","Poland","Noteć Czarnków","Flota Świnoujście","21657","16246"
"2026-10-03 14:25:18","1569948","2026-10-03","10/3/2026 1:00:00 PM","2H","141","Segunda División","Spain","Albacete","Eibar","722","545"
"2026-10-03 14:25:18","1573868","2026-10-03","10/3/2026 1:00:00 PM","2H","223","Regionalliga - West","Austria","Lochau","Lustenau","8359","8361"
"2026-10-03 14:25:18","1574629","2026-10-03","10/3/2026 1:00:00 PM","2H","484","Frauenliga","Austria","LASK W","Südburgenland W","24440","10228"
"2026-10-03 14:25:18","1574631","2026-10-03","10/3/2026 1:00:00 PM","2H","484","Frauenliga","Austria","Rheindorf Altach W","Kleinmünchen / BW Linz W","24441","19165"
"2026-10-03 14:25:18","1575809","2026-10-03","10/3/2026 1:00:00 PM","2H","122","2. Division","Denmark","Middelfart","FA 2000","6042","8634"
"2026-10-03 14:25:18","1575810","2026-10-03","10/3/2026 1:00:00 PM","2H","122","2. Division","Denmark","Skive","HIK","2068","6021"
"2026-10-03 14:25:18","1577794","2026-10-03","10/3/2026 1:00:00 PM","2H","862","3. Division","Denmark","Brønshøj","Frem","6012","6018"
"2026-10-03 14:25:18","1577795","2026-10-03","10/3/2026 1:00:00 PM","2H","862","3. Division","Denmark","Hørsholm-Usserød","FC Helsingor","11507","2062"
"2026-10-03 14:25:18","1577796","2026-10-03","10/3/2026 1:00:00 PM","2H","862","3. Division","Denmark","Næsby","Holstebro","8635","6028"
"2026-10-03 14:25:18","1577797","2026-10-03","10/3/2026 1:00:00 PM","2H","862","3. Division","Denmark","Sundby","Vanløse","11566","6065"
"2026-10-03 14:25:18","1577959","2026-10-03","10/3/2026 1:00:00 PM","2H","349","3. liga - MSFL","Czech-Republic","Vsetín","Slovácko II","7377","8623"
"2026-10-03 14:25:18","1579483","2026-10-03","10/3/2026 1:00:00 PM","2H","492","Tweede Divisie","Netherlands","Koninklijke HFC","Quick Boys","1246","1272"
"2026-10-03 14:25:18","1580242","2026-10-03","10/3/2026 1:00:00 PM","NS","744","Oberliga - Schleswig-Holstein","Germany","Kaltenkirchen","VfR Neumünster","26175","13940"
"2026-10-03 14:25:18","1580243","2026-10-03","10/3/2026 1:00:00 PM","NS","744","Oberliga - Schleswig-Holstein","Germany","Nordmark Satrup","Rotenhof","21946","24434"
"2026-10-03 14:25:18","1580245","2026-10-03","10/3/2026 1:00:00 PM","NS","744","Oberliga - Schleswig-Holstein","Germany","Eckernförder SV","Kilia Kiel","16068","14500"
"2026-10-03 14:25:18","1580247","2026-10-03","10/3/2026 1:00:00 PM","NS","744","Oberliga - Schleswig-Holstein","Germany","Lübeck II","Union Neumünster","16072","16076"
"2026-10-03 14:25:18","1581137","2026-10-03","10/3/2026 1:00:00 PM","NS","750","Oberliga - Hessen","Germany","Bayern Alzenau","Unter-Flockenbach","9361","14808"
"2026-10-03 14:25:18","1581139","2026-10-03","10/3/2026 1:00:00 PM","NS","750","Oberliga - Hessen","Germany","Vfb Marburg","Kassel","17323","26172"
"2026-10-03 14:25:18","1582447","2026-10-03","10/3/2026 1:00:00 PM","NS","753","Oberliga - Baden-Württemberg","Germany","Backnang","Bahlinger SC","16113","9359"
"2026-10-03 14:25:18","1582448","2026-10-03","10/3/2026 1:00:00 PM","NS","753","Oberliga - Baden-Württemberg","Germany","Normannia Gmünd","TSV Singen","19257","26167"
"2026-10-03 14:25:18","1586240","2026-10-03","10/3/2026 1:00:00 PM","2H","83","Regionalliga - Bayern","Germany","Bayreuth","Landsberg","9325","14717"
"2026-10-03 14:25:18","1586242","2026-10-03","10/3/2026 1:00:00 PM","2H","83","Regionalliga - Bayern","Germany","Eichstätt","Wacker Burghausen","4262","9337"
"2026-10-03 14:25:18","1586243","2026-10-03","10/3/2026 1:00:00 PM","2H","83","Regionalliga - Bayern","Germany","Greuther Fürth II","Bayern München II","9328","4674"
"2026-10-03 14:25:18","1586244","2026-10-03","10/3/2026 1:00:00 PM","2H","83","Regionalliga - Bayern","Germany","TSV 1860 München","Ansbach","786","14621"
"2026-10-03 14:25:18","1586245","2026-10-03","10/3/2026 1:00:00 PM","2H","83","Regionalliga - Bayern","Germany","Nürnberg II","Augsburg II","9332","9324"
"2026-10-03 14:25:18","1586246","2026-10-03","10/3/2026 1:00:00 PM","2H","83","Regionalliga - Bayern","Germany","Schwaben Augsburg","Vilzing","12849","12893"
"2026-10-03 14:25:18","1586582","2026-10-03","10/3/2026 1:00:00 PM","2H","84","Regionalliga - Nord","Germany","SV Drochtersen/Assel","SSV Jeddeloh","1623","1655"
"2026-10-03 14:25:18","1586588","2026-10-03","10/3/2026 1:00:00 PM","PST","84","Regionalliga - Nord","Germany","Eintracht Norderstedt","Bremer SV","1631","1630"
"2026-10-03 14:25:18","1586589","2026-10-03","10/3/2026 1:00:00 PM","2H","84","Regionalliga - Nord","Germany","Weiche Flensburg","VfB Oldenburg","1649","9347"
"2026-10-03 14:25:18","1587174","2026-10-03","10/3/2026 1:00:00 PM","2H","86","Regionalliga - SudWest","Germany","VfR Aalen","FSV Frankfurt","1327","1332"
"2026-10-03 14:25:18","1587176","2026-10-03","10/3/2026 1:00:00 PM","2H","86","Regionalliga - SudWest","Germany","Eintracht Trier","FC Astoria Walldorf","1627","1626"
"2026-10-03 14:25:18","1587177","2026-10-03","10/3/2026 1:00:00 PM","2H","86","Regionalliga - SudWest","Germany","FC 08 Homburg","Barockstadt Fulda-Lehn.","1634","12735"
"2026-10-03 14:25:18","1587178","2026-10-03","10/3/2026 1:00:00 PM","2H","86","Regionalliga - SudWest","Germany","SGV Freiberg","TSV Steinbach","12846","1656"
"2026-10-03 14:25:18","1587179","2026-10-03","10/3/2026 1:00:00 PM","2H","86","Regionalliga - SudWest","Germany","Hessen Kassel","SSV Ulm 1846","12788","1652"
"2026-10-03 14:25:18","1587180","2026-10-03","10/3/2026 1:00:00 PM","2H","86","Regionalliga - SudWest","Germany","FSV Mainz 05 II","Freiburg II","1331","9363"
"2026-10-03 14:25:18","1587490","2026-10-03","10/3/2026 1:00:00 PM","2H","87","Regionalliga - West","Germany","FC Bocholt","FC Gutersloh","12764","14485"
"2026-10-03 14:25:18","1587492","2026-10-03","10/3/2026 1:00:00 PM","2H","87","Regionalliga - West","Germany","Hilden","Bergisch Gladbach","12790","9366"
"2026-10-03 14:25:18","1587494","2026-10-03","10/3/2026 1:00:00 PM","2H","87","Regionalliga - West","Germany","SV Rodinghausen","Sportfreunde Lotte","1650","1323"
"2026-10-03 14:25:18","1587496","2026-10-03","10/3/2026 1:00:00 PM","2H","87","Regionalliga - West","Germany","SG Wattenscheid 09","Wiedenbrück","1629","12897"
"2026-10-03 14:25:18","1590413","2026-10-03","10/3/2026 1:00:00 PM","2H","552","3. Lig - Group 1","Turkey","Zonguldak Kömürspor","Düzcespor","3611","7399"
"2026-10-03 14:25:18","1590711","2026-10-03","10/3/2026 1:00:00 PM","2H","553","3. Lig - Group 2","Turkey","Akşehirspor","Eskişehirspor","6508","3572"
"2026-10-03 14:25:18","1590716","2026-10-03","10/3/2026 1:00:00 PM","2H","553","3. Lig - Group 2","Turkey","Anadolu Üniversitesi","Denizli İYG","21997","26470"
"2026-10-03 14:25:18","1590717","2026-10-03","10/3/2026 1:00:00 PM","2H","553","3. Lig - Group 2","Turkey","Etimesgut SK","Uşak Spor","3587","3610"
"2026-10-03 14:25:18","1590718","2026-10-03","10/3/2026 1:00:00 PM","2H","553","3. Lig - Group 2","Turkey","Kepezspor","Karsiyaka","6529","7409"
"2026-10-03 14:25:18","1591017","2026-10-03","10/3/2026 1:00:00 PM","2H","554","3. Lig - Group 3","Turkey","Adanaspor","Mazıdağı Fosfatspor","3564","20295"
"2026-10-03 14:25:18","1591020","2026-10-03","10/3/2026 1:00:00 PM","2H","554","3. Lig - Group 3","Turkey","Karaman FK","Kırşehir Belediyespor","6526","6341"
"2026-10-03 14:25:18","1591021","2026-10-03","10/3/2026 1:00:00 PM","2H","554","3. Lig - Group 3","Turkey","Kırıkkale Büyük Anadolu","Yeni Mersin Idmanyurdu","6531","6546"
"2026-10-03 14:25:18","1591022","2026-10-03","10/3/2026 1:00:00 PM","2H","554","3. Lig - Group 3","Turkey","Osmaniyespor","Talasgücü Belediyespor","7418","21995"
"2026-10-03 14:25:18","1591023","2026-10-03","10/3/2026 1:00:00 PM","2H","554","3. Lig - Group 3","Turkey","Silifke Belediyespor","Niğde Belediyesispor","21998","22445"
"2026-10-03 14:25:18","1591325","2026-10-03","10/3/2026 1:00:00 PM","2H","205","2. Lig","Turkey","Erbaaspor","Aliağa FAŞ","7401","21993"
"2026-10-03 14:25:18","1593146","2026-10-03","10/3/2026 1:00:00 PM","2H","82","Frauen Bundesliga","Germany","RB Leipzig W","Mainz 05 W","20501","21564"
"2026-10-03 14:25:18","1595774","2026-10-03","10/3/2026 1:00:00 PM","NS","488","U19 Bundesliga","Germany","Viktoria Köln U19","Saarbrücken U19","10276","14031"
"2026-10-03 14:25:18","1598926","2026-10-03","10/3/2026 1:00:00 PM","NS","752","Oberliga - Rheinland-Pfalz / Saar","Germany","Wormatia Worms","Mechtersheim","1663","14724"
"2026-10-03 14:25:18","1601042","2026-10-03","10/3/2026 1:00:00 PM","NS","594","Division 2 - Norrland","Sweden","Lucksta","IFK Östersund","18999","6681"
"2026-10-03 14:25:18","1601044","2026-10-03","10/3/2026 1:00:00 PM","NS","594","Division 2 - Norrland","Sweden","Gottne","Boden","6669","11665"
"2026-10-03 14:25:18","1601045","2026-10-03","10/3/2026 1:00:00 PM","2H","594","Division 2 - Norrland","Sweden","Täfteå","Kubikenborg","12592","24030"
"2026-10-03 14:25:18","1612481","2026-10-03","10/3/2026 1:00:00 PM","2H","640","Kansallinen Liiga","Finland","Ilves W","KuPS W","13991","13997"
"2026-10-03 14:25:18","1619448","2026-10-03","10/3/2026 1:00:00 PM","NS","1195","Liga E Pare","Kosovo","2 Korriku","Trepça'89","14398","3885"
"2026-10-03 14:25:18","1619449","2026-10-03","10/3/2026 1:00:00 PM","NS","1195","Liga E Pare","Kosovo","Dinamo Ferizaj","Prishtina e Re","22815","22816"
"2026-10-03 14:25:18","1619450","2026-10-03","10/3/2026 1:00:00 PM","NS","1195","Liga E Pare","Kosovo","KF Lepenci","Tefik Canga","27238","26793"
"2026-10-03 14:25:18","1619451","2026-10-03","10/3/2026 1:00:00 PM","NS","1195","Liga E Pare","Kosovo","Kika","Suhareka","15574","22817"
"2026-10-03 14:25:18","1619452","2026-10-03","10/3/2026 1:00:00 PM","NS","1195","Liga E Pare","Kosovo","Mitrovica","Liria Prizren","26099","14402"
"2026-10-03 14:25:18","1619453","2026-10-03","10/3/2026 1:00:00 PM","NS","1195","Liga E Pare","Kosovo","Ramiz Sadiku","Ferizaj","15579","14394"
"2026-10-03 14:25:18","1619454","2026-10-03","10/3/2026 1:00:00 PM","NS","1195","Liga E Pare","Kosovo","Rilindja 1974","Istogu","20689","15572"
"2026-10-03 14:25:18","1619455","2026-10-03","10/3/2026 1:00:00 PM","NS","1195","Liga E Pare","Kosovo","Trepça Mitrovicë","FC Besa Peja","14403","25421"
"2026-10-03 14:25:18","1619456","2026-10-03","10/3/2026 1:00:00 PM","NS","1195","Liga E Pare","Kosovo","Vëllaznimi","Vjosa","15582","20690"
"2026-10-03 14:25:18","1623503","2026-10-03","10/3/2026 1:00:00 PM","NS","728","Liga 1 Feminin","Romania","Olimpia Cluj W","Gloria Bistrița-Năsăud W","10899","22191"
"2026-10-03 14:25:18","1632352","2026-10-03","10/3/2026 1:00:00 PM","2H","10","Friendlies","World","Netherlands U19","Austria U19","10340","10326"
"2026-10-03 14:25:18","1632356","2026-10-03","10/3/2026 1:00:00 PM","NS","10","Friendlies","World","Netherlands U17","Belgium U17","12514","17942"
"2026-10-03 14:25:18","1632858","2026-10-03","10/3/2026 1:00:00 PM","NS","784","Liga III - Serie 1","Romania","CSM Adjud","Ceahlăul Piatra Neamţ","21665","6852"
"2026-10-03 14:25:18","1632860","2026-10-03","10/3/2026 1:00:00 PM","NS","784","Liga III - Serie 1","Romania","Bradul Putna","Viitorul Onesti","28038","6923"
"2026-10-03 14:25:18","1632861","2026-10-03","10/3/2026 1:00:00 PM","NS","784","Liga III - Serie 1","Romania","CSM FC Vaslui","USV Iaşi","7467","21678"
"2026-10-03 14:25:18","1632863","2026-10-03","10/3/2026 1:00:00 PM","NS","784","Liga III - Serie 1","Romania","Gheorgheni","FC Bacău II","7473","26675"
"2026-10-03 14:25:18","1632990","2026-10-03","10/3/2026 1:00:00 PM","NS","785","Liga III - Serie 2","Romania","Carpati Covasna","Baicoi","28323","24839"
"2026-10-03 14:25:18","1632991","2026-10-03","10/3/2026 1:00:00 PM","NS","785","Liga III - Serie 2","Romania","Săcele","ACS Mediaş 2022","6905","22208"
"2026-10-03 14:25:18","1632995","2026-10-03","10/3/2026 1:00:00 PM","NS","785","Liga III - Serie 2","Romania","Tricolorul Breaza","ARO Muscelul Câmpulung","22203","22202"
"2026-10-03 14:25:18","1633122","2026-10-03","10/3/2026 1:00:00 PM","NS","786","Liga III - Serie 3","Romania","Berca","Voința Crevedia","28040","26678"
"2026-10-03 14:25:18","1633124","2026-10-03","10/3/2026 1:00:00 PM","NS","786","Liga III - Serie 3","Romania","Plopeni","Pucioasa","16293","6893"
"2026-10-03 14:25:18","1633125","2026-10-03","10/3/2026 1:00:00 PM","NS","786","Liga III - Serie 3","Romania","Păuleşti","Progresul Draganesti","6894","28331"
"2026-10-03 14:25:18","1633127","2026-10-03","10/3/2026 1:00:00 PM","NS","786","Liga III - Serie 3","Romania","Tunari","Viitorul Corbeanca","6908","28324"
"2026-10-03 14:25:18","1633254","2026-10-03","10/3/2026 1:00:00 PM","NS","787","Liga III - Serie 4","Romania","Agricola Borcea","Sporting Lieşti","6841","6899"
"2026-10-03 14:25:18","1633255","2026-10-03","10/3/2026 1:00:00 PM","NS","787","Liga III - Serie 4","Romania","Axiopolis","Recolta Gheorghe Doja","6847","14592"
"2026-10-03 14:25:18","1633259","2026-10-03","10/3/2026 1:00:00 PM","NS","787","Liga III - Serie 4","Romania","Progresul Fundulea","Gloria Băneasa","19180","21430"
"2026-10-03 14:25:18","1633389","2026-10-03","10/3/2026 1:00:00 PM","NS","788","Liga III - Serie 5","Romania","Dunărea 2020 Giurgiu","Progresul Mogosoaia","14582","26677"
"2026-10-03 14:25:18","1633520","2026-10-03","10/3/2026 1:00:00 PM","NS","789","Liga III - Serie 6","Romania","Minerul Lupeni","Oltul Curtişoara","24371","19179"
"2026-10-03 14:25:18","1633521","2026-10-03","10/3/2026 1:00:00 PM","NS","789","Liga III - Serie 6","Romania","Păușești","CS U Craiova II","26201","16296"
"2026-10-03 14:25:18","1633650","2026-10-03","10/3/2026 1:00:00 PM","NS","790","Liga III - Serie 7","Romania","Cetate Deva","Ghiroda şi Giarmata Vii","6853","6865"
"2026-10-03 14:25:18","1633651","2026-10-03","10/3/2026 1:00:00 PM","NS","790","Liga III - Serie 7","Romania","Nera Bogodinţi","Timişul Şag","19178","24842"
"2026-10-03 14:25:18","1633653","2026-10-03","10/3/2026 1:00:00 PM","NS","790","Liga III - Serie 7","Romania","Progresul Pecica","CIL Blaj","7483","24841"
"2026-10-03 14:25:18","1633655","2026-10-03","10/3/2026 1:00:00 PM","NS","790","Liga III - Serie 7","Romania","Viitorul Arad","Unirea Alba Iulia","21680","6911"
"2026-10-03 14:25:18","1633784","2026-10-03","10/3/2026 1:00:00 PM","NS","791","Liga III - Serie 8","Romania","Bihorul Beiuş","Sănătatea Cluj","24362","6906"
"2026-10-03 14:25:18","1633785","2026-10-03","10/3/2026 1:00:00 PM","NS","791","Liga III - Serie 8","Romania","SCM Zalău","Crişul Sântandrei","7488","19172"
"2026-10-03 14:25:18","1635455","2026-10-03","10/3/2026 1:00:00 PM","2H","248","Kakkonen - Lohko B","Finland","NJS","EBK","9177","13552"
"2026-10-03 14:25:18","1636937","2026-10-03","10/3/2026 1:00:00 PM","2H","494","Super League 2","Greece","Panthrakikos","Panserraikos","2090","2099"
"2026-10-03 14:25:18","1637445","2026-10-03","10/3/2026 1:00:00 PM","2H","1244","B-Liga Women","Denmark","Viborg W","B 93 W","28373","13987"
"2026-10-03 14:25:18","1637654","2026-10-03","10/3/2026 1:00:00 PM","2H","275","Liga 2","Indonesia","Persis Solo","Tornado Pekanbaru","4243","26648"
"2026-10-03 14:25:18","1637655","2026-10-03","10/3/2026 1:00:00 PM","2H","275","Liga 2","Indonesia","PSBS Biak Numfor","RANS Nusantara","4232","4229"
"2026-10-03 14:25:18","1637656","2026-10-03","10/3/2026 1:00:00 PM","2H","275","Liga 2","Indonesia","PSIS Semarang","Bekasi City","2451","11133"
"2026-10-03 14:25:18","1637657","2026-10-03","10/3/2026 1:00:00 PM","NS","275","Liga 2","Indonesia","PSMS Medan","Persikad Depok FC","2447","26646"
"2026-10-03 14:25:18","1638598","2026-10-03","10/3/2026 1:00:00 PM","CANC","10","Friendlies","World","Sri Lanka","Djibouti","5166","1535"
"2026-10-03 14:25:18","1639512","2026-10-03","10/3/2026 1:00:00 PM","NS","181","FA Cup","Scotland","Threave Rovers","Invergordon","6751","19792"
"2026-10-03 14:25:18","1641097","2026-10-03","10/3/2026 1:00:00 PM","NS","667","Friendlies Clubs","World","Arminia Bielefeld","Rot-Weiß Essen","188","1621"
"2026-10-03 14:25:18","1641098","2026-10-03","10/3/2026 1:00:00 PM","2H","667","Friendlies Clubs","World","Holstein Kiel","Viborg","191","2070"
"2026-10-03 14:25:18","1642942","2026-10-03","10/3/2026 1:00:00 PM","NS","667","Friendlies Clubs","World","IK brage","Degerfors IF","2175","2172"
"2026-10-03 14:25:18","1642947","2026-10-03","10/3/2026 1:00:00 PM","CANC","667","Friendlies Clubs","World","Varbergs BoIS FC","Kalmar FF","2171","374"
"2026-10-03 14:25:18","1642948","2026-10-03","10/3/2026 1:00:00 PM","2H","667","Friendlies Clubs","World","FC Viktoria Köln","1. FC Köln","1620","192"
"2026-10-03 14:25:18","1643229","2026-10-03","10/3/2026 1:00:00 PM","NS","667","Friendlies Clubs","World","Arsenal","FC Minsk","9419","380"
"2026-10-03 14:25:18","1643239","2026-10-03","10/3/2026 1:00:00 PM","NS","666","Friendlies Women","World","Ethiopia W","Seychelles W","16928","19933"
"2026-10-03 14:25:18","1495965","2026-10-03","10/3/2026 1:30:00 PM","HT","104","1. Division","Norway","Strommen","Sandnes ULF","2147","2146"
"2026-10-03 14:25:18","1496344","2026-10-03","10/3/2026 1:30:00 PM","HT","474","2. Division - Group 2","Norway","Follo","Stjørdals-Blink","6985","7033"
"2026-10-03 14:25:18","1534461","2026-10-03","10/3/2026 1:30:00 PM","HT","117","1. Division","Belarus","Molodechno-DYuSSh 4","FC Slutsk","7798","379"
"2026-10-03 14:25:18","1566614","2026-10-03","10/3/2026 1:30:00 PM","HT","733","I Liga - Women","Slovakia","Petržalka W","Ružomberok W","15980","16873"
"2026-10-03 14:25:18","1566615","2026-10-03","10/3/2026 1:30:00 PM","NS","733","I Liga - Women","Slovakia","Tatran Prešov W","Komárno W","21586","24078"
"2026-10-03 14:25:18","1567088","2026-10-03","10/3/2026 1:30:00 PM","NS","939","Oberliga - Bayern Süd","Germany","TuS Geretsried","Kirchanschöring","26068","12805"
"2026-10-03 14:25:18","1569120","2026-10-03","10/3/2026 1:30:00 PM","NS","780","III Liga - Group 1","Poland","Mławianka Mława","Swit","19618","12869"
"2026-10-03 14:25:18","1574021","2026-10-03","10/3/2026 1:30:00 PM","HT","223","Regionalliga - West","Austria","SK St. Johann","Fügen","27905","8335"
"2026-10-03 14:25:18","1579482","2026-10-03","10/3/2026 1:30:00 PM","HT","492","Tweede Divisie","Netherlands","HHC","Ijsselmeervogels","1278","1280"
"2026-10-03 14:25:18","1579484","2026-10-03","10/3/2026 1:30:00 PM","HT","492","Tweede Divisie","Netherlands","Hoek","De Treffers","1276","1277"
"2026-10-03 14:25:18","1579487","2026-10-03","10/3/2026 1:30:00 PM","HT","492","Tweede Divisie","Netherlands","Rijnsburgse Boys","Kloetinge","1248","3930"
"2026-10-03 14:25:18","1579488","2026-10-03","10/3/2026 1:30:00 PM","HT","492","Tweede Divisie","Netherlands","RKAV Volendam","Almere City II","1238","9130"
"2026-10-03 14:25:18","1580244","2026-10-03","10/3/2026 1:30:00 PM","NS","744","Oberliga - Schleswig-Holstein","Germany","Phönix L. II","SV Eichede","26176","1646"
"2026-10-03 14:25:18","1582451","2026-10-03","10/3/2026 1:30:00 PM","NS","753","Oberliga - Baden-Württemberg","Germany","Oberachern","FC Holzhausen","12822","19467"
"2026-10-03 14:25:18","1590405","2026-10-03","10/3/2026 1:30:00 PM","HT","552","3. Lig - Group 1","Turkey","Beykoz Anadolu","Gölcükspor","3609","7405"
"2026-10-03 14:25:18","1590406","2026-10-03","10/3/2026 1:30:00 PM","HT","552","3. Lig - Group 1","Turkey","Galata","Beykoz İshaklıspor","26465","24603"
"2026-10-03 14:25:18","1590407","2026-10-03","10/3/2026 1:30:00 PM","HT","552","3. Lig - Group 1","Turkey","İnkılapspor","Tokat Bld Plevnespor","26467","21035"
"2026-10-03 14:25:18","1590411","2026-10-03","10/3/2026 1:30:00 PM","HT","552","3. Lig - Group 1","Turkey","Silivrispor","Karadeniz Ereğli BSK","7422","13369"
"2026-10-03 14:25:18","1590412","2026-10-03","10/3/2026 1:30:00 PM","HT","552","3. Lig - Group 1","Turkey","Yalova Yeşilovaspor","Kartal Bulvarspor","24957","19301"
"2026-10-03 14:25:18","1590713","2026-10-03","10/3/2026 1:30:00 PM","HT","553","3. Lig - Group 2","Turkey","Ayvalikgucu","Söke 1970","13407","19303"
"2026-10-03 14:25:18","1590714","2026-10-03","10/3/2026 1:30:00 PM","HT","553","3. Lig - Group 2","Turkey","Bigaspor","Balıkesirspor","6512","3568"
"2026-10-03 14:25:18","1590715","2026-10-03","10/3/2026 1:30:00 PM","HT","553","3. Lig - Group 2","Turkey","Bursa Yıldırımspor","Bucaspor 1928","6517","7396"
"2026-10-03 14:25:18","1590719","2026-10-03","10/3/2026 1:30:00 PM","HT","553","3. Lig - Group 2","Turkey","Gaziemirspor","Nilüfer Belediye","28388","24602"
"2026-10-03 14:25:18","1591326","2026-10-03","10/3/2026 1:30:00 PM","HT","205","2. Lig","Turkey","İnegöl Kafkas Gençlik","Muş Sport Klübü","21996","6536"
"2026-10-03 14:25:18","1591629","2026-10-03","10/3/2026 1:30:00 PM","HT","205","2. Lig","Turkey","Kırklarelispor","Sakaryaspor","3596","3602"
"2026-10-03 14:25:18","1607692","2026-10-03","10/3/2026 1:30:00 PM","HT","44","FA WSL","England","Manchester United W","Liverpool W","4898","1847"
"2026-10-03 14:25:18","1608303","2026-10-03","10/3/2026 1:30:00 PM","HT","138","Serie C - Girone A","Italy","Cittadella","Albinoleffe","510","879"
"2026-10-03 14:25:18","1608684","2026-10-03","10/3/2026 1:30:00 PM","HT","942","Serie C - Girone B","Italy","Gubbio","Perugia","866","524"
"2026-10-03 14:25:18","1608690","2026-10-03","10/3/2026 1:30:00 PM","HT","942","Serie C - Girone B","Italy","Vado","Forli","9442","1688"
"2026-10-03 14:25:18","1609063","2026-10-03","10/3/2026 1:30:00 PM","HT","943","Serie C - Girone C","Italy","Cavese","Casertana","1712","885"
"2026-10-03 14:25:18","1609070","2026-10-03","10/3/2026 1:30:00 PM","HT","943","Serie C - Girone C","Italy","Sorrento","Casarano","9537","9542"
"2026-10-03 14:25:18","1618364","2026-10-03","10/3/2026 1:30:00 PM","NS","92","Derde Divisie","Netherlands","Eemdijk","Hollandia","1235","14234"
"2026-10-03 14:25:18","1618365","2026-10-03","10/3/2026 1:30:00 PM","NS","92","Derde Divisie","Netherlands","Rijnvogels","Groene Ster","1288","1236"
"2026-10-03 14:25:18","1618366","2026-10-03","10/3/2026 1:30:00 PM","NS","92","Derde Divisie","Netherlands","Staphorst","TEC","1239","1255"
"2026-10-03 14:25:18","1618367","2026-10-03","10/3/2026 1:30:00 PM","NS","92","Derde Divisie","Netherlands","Dovo","ADO '20","1234","3886"
"2026-10-03 14:25:18","1618368","2026-10-03","10/3/2026 1:30:00 PM","NS","92","Derde Divisie","Netherlands","Zwaluwen","Achilles Veen","1275","1282"
"2026-10-03 14:25:18","1643260","2026-10-03","10/3/2026 1:30:00 PM","HT","657","Cup","Estonia","FC Tallinn","Laagri","14287","18657"
"2026-10-03 14:25:18","1618369","2026-10-03","10/3/2026 1:45:00 PM","NS","92","Derde Divisie","Netherlands","SVZW","Sparta Nijkerk","3936","1274"
"2026-10-03 14:25:18","1495577","2026-10-03","10/3/2026 2:00:00 PM","1H","549","Damallsvenskan","Sweden","Växjö W","Kristianstad W","11084","11079"
"2026-10-03 14:25:18","1496163","2026-10-03","10/3/2026 2:00:00 PM","1H","473","2. Division - Group 1","Norway","Kvik Halden","Bjarg","7004","16217"
"2026-10-03 14:25:18","1496166","2026-10-03","10/3/2026 2:00:00 PM","1H","473","2. Division - Group 1","Norway","Notodden","Eik-Tønsberg","2161","16211"
"2026-10-03 14:25:18","1496708","2026-10-03","10/3/2026 2:00:00 PM","1H","775","3. Division - Girone 2","Norway","Aalesund II","NTNUI","16222","7013"
"2026-10-03 14:25:18","1496709","2026-10-03","10/3/2026 2:00:00 PM","1H","775","3. Division - Girone 2","Norway","Kvik Trondheim","Byåsen","25498","6973"
"2026-10-03 14:25:18","1496892","2026-10-03","10/3/2026 2:00:00 PM","1H","776","3. Division - Girone 3","Norway","Førde","Fyllingsdalen","18435","6990"
"2026-10-03 14:25:18","1497077","2026-10-03","10/3/2026 2:00:00 PM","1H","777","3. Division - Girone 4","Norway","Våg","Varhaug","25500","23424"
"2026-10-03 14:25:18","1497078","2026-10-03","10/3/2026 2:00:00 PM","1H","777","3. Division - Girone 4","Norway","Vindbjart","Flekkerøy","7047","6982"
"2026-10-03 14:25:18","1497259","2026-10-03","10/3/2026 2:00:00 PM","1H","778","3. Division - Girone 5","Norway","Tromsø II","Finnsnes","16232","16228"
"2026-10-03 14:25:18","1497436","2026-10-03","10/3/2026 2:00:00 PM","1H","779","3. Division - Girone 6","Norway","Brumunddal","Ørn Horten","6972","7052"
"2026-10-03 14:25:18","1497438","2026-10-03","10/3/2026 2:00:00 PM","1H","779","3. Division - Girone 6","Norway","Elverum","Bjørkelangen","2156","22868"
"2026-10-03 14:25:18","1505284","2026-10-03","10/3/2026 2:00:00 PM","1H","563","Ettan - Norra","Sweden","FBK Karlstad","AFC Eskilstuna","12622","765"
"2026-10-03 14:25:18","1528932","2026-10-03","10/3/2026 2:00:00 PM","1H","5","UEFA Nations League","World","Finland","Albania","1099","778"
"2026-10-03 14:25:18","1534463","2026-10-03","10/3/2026 2:00:00 PM","NS","117","1. Division","Belarus","Smorgon","Osipovichy","3393","4273"
"2026-10-03 14:25:18","1536047","2026-10-03","10/3/2026 2:00:00 PM","1H","651","Second League - Group 1","Russia","Nart Cherkessk","Dynamo Makhachkala II","23315","21853"
"2026-10-03 14:25:18","1536048","2026-10-03","10/3/2026 2:00:00 PM","1H","651","Second League - Group 1","Russia","Spartak Nalchik","Astrakhan","2002","21540"
"2026-10-03 14:25:18","1536282","2026-10-03","10/3/2026 2:00:00 PM","1H","651","Second League - Group 1","Russia","Druzhba","Izberbash","6798","27646"
"2026-10-03 14:25:18","1536283","2026-10-03","10/3/2026 2:00:00 PM","CANC","651","Second League - Group 1","Russia","PSK Dinskaya","Rostov II","26146","23316"
"2026-10-03 14:25:18","1554320","2026-10-03","10/3/2026 2:00:00 PM","1H","287","Prva Liga","Serbia","Teleoptik","OFK Bor 1919","2645","26409"
"2026-10-03 14:25:18","1561150","2026-10-03","10/3/2026 2:00:00 PM","1H","506","2. liga","Slovakia","Humenné","Pohronie","14068","4134"
"2026-10-03 14:25:18","1561151","2026-10-03","10/3/2026 2:00:00 PM","1H","506","2. liga","Slovakia","Galanta","Považská Bystrica","14054","14062"
"2026-10-03 14:25:18","1561152","2026-10-03","10/3/2026 2:00:00 PM","1H","506","2. liga","Slovakia","Inter Bratislava","Zlaté Moravce","10547","3553"
"2026-10-03 14:25:18","1561153","2026-10-03","10/3/2026 2:00:00 PM","1H","506","2. liga","Slovakia","MFK Bytča","Žilina II","15006","10546"
"2026-10-03 14:25:18","1561154","2026-10-03","10/3/2026 2:00:00 PM","1H","506","2. liga","Slovakia","Lokomotíva Zvolen","Slovan Bratislava II","10552","10544"
"2026-10-03 14:25:18","1562657","2026-10-03","10/3/2026 2:00:00 PM","1H","348","3. liga - CFL A","Czech-Republic","Příbram II","Aritma Praha","8617","7269"
"2026-10-03 14:25:18","1562771","2026-10-03","10/3/2026 2:00:00 PM","1H","685","3. liga - CFL B","Czech-Republic","Baník Souš","Jablonec II","7271","12797"
"2026-10-03 14:25:18","1565732","2026-10-03","10/3/2026 2:00:00 PM","NS","646","3. liga - Center","Slovakia","Dolný Kubín","Čadca","14956","14092"
"2026-10-03 14:25:18","1565733","2026-10-03","10/3/2026 2:00:00 PM","NS","646","3. liga - Center","Slovakia","Kysucké Nové Mesto","Oravské Veselé","14999","14089"
"2026-10-03 14:25:18","1565734","2026-10-03","10/3/2026 2:00:00 PM","NS","646","3. liga - Center","Slovakia","Fomat Martin","Novohrad Lučenec","14082","14087"
"2026-10-03 14:25:18","1565735","2026-10-03","10/3/2026 2:00:00 PM","NS","646","3. liga - Center","Slovakia","Námestovo","Podkonice","14088","15025"
"2026-10-03 14:25:18","1565736","2026-10-03","10/3/2026 2:00:00 PM","NS","646","3. liga - Center","Slovakia","Rimavská Sobota","Fiľakovo","10557","14081"
"2026-10-03 14:25:18","1565914","2026-10-03","10/3/2026 2:00:00 PM","NS","645","3. liga - East","Slovakia","Kežmarok","Slovan Sabinov","14989","15043"
"2026-10-03 14:25:18","1565915","2026-10-03","10/3/2026 2:00:00 PM","NS","645","3. liga - East","Slovakia","Lipany","Partizán Bardejov","10548","10537"
"2026-10-03 14:25:18","1565916","2026-10-03","10/3/2026 2:00:00 PM","NS","645","3. liga - East","Slovakia","Lokomotíva Košice","Vranov nad Topľou","10549","14079"
"2026-10-03 14:25:18","1565917","2026-10-03","10/3/2026 2:00:00 PM","NS","645","3. liga - East","Slovakia","Spartak Medzev","Stará Ľubovňa","15055","19398"
"2026-10-03 14:25:18","1566104","2026-10-03","10/3/2026 2:00:00 PM","NS","644","3. liga - West","Slovakia","Baník Prievidza","Dunajská Lužná","14943","14040"
"2026-10-03 14:25:18","1566105","2026-10-03","10/3/2026 2:00:00 PM","NS","644","3. liga - West","Slovakia","Častkovce","Púchov","14066","10540"
"2026-10-03 14:25:18","1566106","2026-10-03","10/3/2026 2:00:00 PM","NS","644","3. liga - West","Slovakia","Gabčíkovo","Veľké Ludince","21926","14064"
"2026-10-03 14:25:18","1566108","2026-10-03","10/3/2026 2:00:00 PM","NS","644","3. liga - West","Slovakia","Slovan Duslo Šaľa","Rača","14063","14046"
"2026-10-03 14:25:18","1568195","2026-10-03","10/3/2026 2:00:00 PM","NS","783","III Liga - Group 4","Poland","Siarka Tarnobrzeg","Korona Kielce II","6955","16267"
"2026-10-03 14:25:18","1568506","2026-10-03","10/3/2026 2:00:00 PM","NS","782","III Liga - Group 3","Poland","Stal Brzeg","Carina Gubin","6956","17401"
"2026-10-03 14:25:18","1568510","2026-10-03","10/3/2026 2:00:00 PM","1H","782","III Liga - Group 3","Poland","Ślęza Wrocław","Karkonosze Jelenia Góra","12901","17402"
"2026-10-03 14:25:18","1568511","2026-10-03","10/3/2026 2:00:00 PM","NS","782","III Liga - Group 3","Poland","Stilon Gorzów","Barycz Sułów","6960","24785"
"2026-10-03 14:25:18","1569121","2026-10-03","10/3/2026 2:00:00 PM","1H","780","III Liga - Group 1","Poland","Pelikan Łowicz","Widzew II","12829","26178"
"2026-10-03 14:25:18","1569123","2026-10-03","10/3/2026 2:00:00 PM","1H","780","III Liga - Group 1","Poland","Lechia T. Mazowiecki","Polonia Lidzbark Warm.","16238","24330"
"2026-10-03 14:25:18","1569125","2026-10-03","10/3/2026 2:00:00 PM","1H","780","III Liga - Group 1","Poland","Weszlo","Olimpia Zambrów","27902","6946"
"2026-10-03 14:25:18","1575033","2026-10-03","10/3/2026 2:00:00 PM","1H","1114","Carioca U20","Brazil","Fluminense U20","Vasco da Gama U20","13008","12979"
"2026-10-03 14:25:18","1575034","2026-10-03","10/3/2026 2:00:00 PM","1H","1114","Carioca U20","Brazil","Madureira U20","Boavista U20","20762","23386"
"2026-10-03 14:25:18","1577953","2026-10-03","10/3/2026 2:00:00 PM","1H","349","3. liga - MSFL","Czech-Republic","Unie Hlubina","Hodonín","7368","7297"
"2026-10-03 14:25:18","1577955","2026-10-03","10/3/2026 2:00:00 PM","1H","349","3. liga - MSFL","Czech-Republic","Frýdek-Místek","Vrchovina","7288","7376"
"2026-10-03 14:25:18","1577957","2026-10-03","10/3/2026 2:00:00 PM","1H","349","3. liga - MSFL","Czech-Republic","Uherský Brod","Havířov","8624","7293"
"2026-10-03 14:25:18","1579133","2026-10-03","10/3/2026 2:00:00 PM","NS","353","4. liga - Divizie D","Czech-Republic","FS Třebíč","Tatran Bohunice","24190","19436"
"2026-10-03 14:25:18","1579250","2026-10-03","10/3/2026 2:00:00 PM","NS","354","4. liga - Divizie E","Czech-Republic","Slavičín","Baťov","7343","19420"
"2026-10-03 14:25:18","1579251","2026-10-03","10/3/2026 2:00:00 PM","NS","354","4. liga - Divizie E","Czech-Republic","Bzenec","Kroměříž II","7280","26230"
"2026-10-03 14:25:18","1579254","2026-10-03","10/3/2026 2:00:00 PM","1H","354","4. liga - Divizie E","Czech-Republic","Nové Sady","Brumov","7322","7279"
"2026-10-03 14:25:18","1579255","2026-10-03","10/3/2026 2:00:00 PM","NS","354","4. liga - Divizie E","Czech-Republic","SK Krumvir","Hluk","27929","26992"
"2026-10-03 14:25:18","1579371","2026-10-03","10/3/2026 2:00:00 PM","NS","686","4. liga - Divizie F","Czech-Republic","Jiskra Rýmařov","Bospor Bohumín","7305","7277"
"2026-10-03 14:25:18","1579372","2026-10-03","10/3/2026 2:00:00 PM","NS","686","4. liga - Divizie F","Czech-Republic","Stonava","Frýdlant","26231","7289"
"2026-10-03 14:25:18","1579377","2026-10-03","10/3/2026 2:00:00 PM","NS","686","4. liga - Divizie F","Czech-Republic","Valašské Meziříčí","Opava II","7370","15135"
"2026-10-03 14:25:18","1579481","2026-10-03","10/3/2026 2:00:00 PM","1H","492","Tweede Divisie","Netherlands","Barendrecht","Sparta Rotterdam II","1271","10320"
"2026-10-03 14:25:18","1579485","2026-10-03","10/3/2026 2:00:00 PM","1H","492","Tweede Divisie","Netherlands","Katwijk","Kozakken Boys","1237","1242"
"2026-10-03 14:25:18","1579486","2026-10-03","10/3/2026 2:00:00 PM","1H","492","Tweede Divisie","Netherlands","ROHDA Raalte","GVVV Veenendaal","6269","1261"
"2026-10-03 14:25:18","1579489","2026-10-03","10/3/2026 2:00:00 PM","1H","492","Tweede Divisie","Netherlands","Spakenburg","AFC Amsterdam","1249","1252"
"2026-10-03 14:25:18","1579825","2026-10-03","10/3/2026 2:00:00 PM","1H","487","First Amateur Division","Belgium","Union Saint-Gilloise II","RWDM","19902","6224"
"2026-10-03 14:25:18","1580246","2026-10-03","10/3/2026 2:00:00 PM","NS","744","Oberliga - Schleswig-Holstein","Germany","Rapid Lubeck","TSB Flensburg","28084","12872"
"2026-10-03 14:25:18","1581140","2026-10-03","10/3/2026 2:00:00 PM","NS","750","Oberliga - Hessen","Germany","Fernwald","Rot-Weiß Walldorf","14677","16102"
"2026-10-03 14:25:18","1581141","2026-10-03","10/3/2026 2:00:00 PM","NS","750","Oberliga - Hessen","Germany","Hünfelder SV","Darmstadt 98 II","16100","24517"
"2026-10-03 14:25:18","1582135","2026-10-03","10/3/2026 2:00:00 PM","1H","638","Kvindeliga","Denmark","FC Copenhagen W","Brøndby W","27632","10883"
"2026-10-03 14:25:18","1582449","2026-10-03","10/3/2026 2:00:00 PM","NS","753","Oberliga - Baden-Württemberg","Germany","FC 08 Villingen","Essingen","1619","19668"
"2026-10-03 14:25:18","1583937","2026-10-03","10/3/2026 2:00:00 PM","1H","1026","Second League A - Division A Silver","Russia","Tyumen","Zenit 2","2000","2005"
"2026-10-03 14:25:18","1586581","2026-10-03","10/3/2026 2:00:00 PM","PST","84","Regionalliga - Nord","Germany","Atlas Delmenhorst","St. Pauli II","4260","9346"
"2026-10-03 14:25:18","1586585","2026-10-03","10/3/2026 2:00:00 PM","1H","84","Regionalliga - Nord","Germany","Hannover 96 II","Phönix Lübeck","9341","12831"
"2026-10-03 14:25:18","1598930","2026-10-03","10/3/2026 2:00:00 PM","NS","752","Oberliga - Rheinland-Pfalz / Saar","Germany","Elversberg II","TuS RW Koblenz","16109","1657"
"2026-10-03 14:25:18","1599502","2026-10-03","10/3/2026 2:00:00 PM","NS","67","National 2 - Group A","France","Epinal","Creteil","1309","1307"
"2026-10-03 14:25:18","1601046","2026-10-03","10/3/2026 2:00:00 PM","1H","594","Division 2 - Norrland","Sweden","IFK Luleå","Skellefteå","6679","11669"
"2026-10-03 14:25:18","1601257","2026-10-03","10/3/2026 2:00:00 PM","1H","139","Serie A Women","Italy","Fiorentina W","Sassuolo W","1880","1889"
"2026-10-03 14:25:18","1602096","2026-10-03","10/3/2026 2:00:00 PM","NS","1141","Brasiliense B","Brazil","Candango","Canaa EC","26742","28035"
"2026-10-03 14:25:18","1602098","2026-10-03","10/3/2026 2:00:00 PM","NS","1141","Brasiliense B","Brazil","Taguatinga EC","Luziânia","24915","7859"
"2026-10-03 14:25:18","1603808","2026-10-03","10/3/2026 2:00:00 PM","NS","178","Third League - Southwest","Bulgaria","Chavdar Etropole","Slivnishki geroy","8541","8549"
"2026-10-03 14:25:18","1603809","2026-10-03","10/3/2026 2:00:00 PM","NS","178","Third League - Southwest","Bulgaria","CSKA Sofia III","Kostinbrod","24521","17312"
"2026-10-03 14:25:18","1603813","2026-10-03","10/3/2026 2:00:00 PM","NS","178","Third League - Southwest","Bulgaria","Pirin Razlog","Levski Sofia II","8546","19831"
"2026-10-03 14:25:18","1603814","2026-10-03","10/3/2026 2:00:00 PM","NS","178","Third League - Southwest","Bulgaria","Strumska Slava","Septemvri Simitli","1421","8548"
"2026-10-03 14:25:18","1604868","2026-10-03","10/3/2026 2:00:00 PM","NS","599","1. Liga Classic - Group 1","Switzerland","La Chaux-de-Fonds","Prishtina Bern","10592","17484"
"2026-10-03 14:25:18","1606169","2026-10-03","10/3/2026 2:00:00 PM","NS","177","Third League - Southeast","Bulgaria","Atletik Kuklen","Rozova dolina","5023","8537"
"2026-10-03 14:25:18","1606170","2026-10-03","10/3/2026 2:00:00 PM","NS","177","Third League - Southeast","Bulgaria","Dimitrovgrad","Maritsa Plovdiv","8531","1423"
"2026-10-03 14:25:18","1606171","2026-10-03","10/3/2026 2:00:00 PM","PST","177","Third League - Southeast","Bulgaria","Levski Krumovgrad","Lokomotiv Plovdiv II","17306","17307"
"2026-10-03 14:25:18","1606172","2026-10-03","10/3/2026 2:00:00 PM","PST","177","Third League - Southeast","Bulgaria","Levski Karlovo","Spartak Plovdiv","1408","14568"
"2026-10-03 14:25:18","1606173","2026-10-03","10/3/2026 2:00:00 PM","NS","177","Third League - Southeast","Bulgaria","Maritsa Milevo","Sozopol","14566","1412"
"2026-10-03 14:25:18","1606174","2026-10-03","10/3/2026 2:00:00 PM","PST","177","Third League - Southeast","Bulgaria","Neftochimic Burgas","Sayana Haskovo","1425","17308"
"2026-10-03 14:25:18","1606175","2026-10-03","10/3/2026 2:00:00 PM","PST","177","Third League - Southeast","Bulgaria","Rodopa Smolyan","Gigant Saedinenie","8536","8532"
"2026-10-03 14:25:18","1606176","2026-10-03","10/3/2026 2:00:00 PM","PST","177","Third League - Southeast","Bulgaria","Sekirovo Rakovski","Zagorets","21863","6399"
"2026-10-03 14:25:18","1606325","2026-10-03","10/3/2026 2:00:00 PM","NS","1030","Goiano - 2","Brazil","Bom Jesus EC","Trindade","26499","23307"
"2026-10-03 14:25:18","1607975","2026-10-03","10/3/2026 2:00:00 PM","1H","1238","Regionalliga - South","Austria","Bleiburg","Donau Klagenfurt","8273","21723"
"2026-10-03 14:25:18","1609920","2026-10-03","10/3/2026 2:00:00 PM","NS","317","1st League - RS","Bosnia","Drina Zvornik","Kozara Gradiška","4291","3369"
"2026-10-03 14:25:18","1609921","2026-10-03","10/3/2026 2:00:00 PM","NS","317","1st League - RS","Bosnia","Leotar","FK Majevica Lopare","3370","26989"
"2026-10-03 14:25:18","1609923","2026-10-03","10/3/2026 2:00:00 PM","NS","317","1st League - RS","Bosnia","FK Romanija Pale","Laktaši","21737","19562"
"2026-10-03 14:25:18","1609924","2026-10-03","10/3/2026 2:00:00 PM","NS","317","1st League - RS","Bosnia","Slavija","Famos Vojkovići","3378","19561"
"2026-10-03 14:25:18","1610036","2026-10-03","10/3/2026 2:00:00 PM","NS","317","1st League - RS","Bosnia","Velež Nevesinje","Potkozarje","15290","28055"
"2026-10-03 14:25:18","1611079","2026-10-03","10/3/2026 2:00:00 PM","NS","316","1st League - FBiH","Bosnia","Bratstvo Gračanica","TOŠK Tešanj","4278","3380"
"2026-10-03 14:25:18","1611080","2026-10-03","10/3/2026 2:00:00 PM","NS","316","1st League - FBiH","Bosnia","Čapljina","Tomislav","4298","17372"
"2026-10-03 14:25:18","1611081","2026-10-03","10/3/2026 2:00:00 PM","NS","316","1st League - FBiH","Bosnia","Igman Konjic","Budućnost Banovići","3367","7528"
"2026-10-03 14:25:18","1611082","2026-10-03","10/3/2026 2:00:00 PM","NS","316","1st League - FBiH","Bosnia","Jedinstvo Bihać","Radnik Hadžići","7529","7531"
"2026-10-03 14:25:18","1611083","2026-10-03","10/3/2026 2:00:00 PM","NS","316","1st League - FBiH","Bosnia","Rudar Kakanj","Vitez","3376","4288"
"2026-10-03 14:25:18","1611085","2026-10-03","10/3/2026 2:00:00 PM","NS","316","1st League - FBiH","Bosnia","Stupčanica Olovo","Zvijezda Gradačac","17901","3382"
"2026-10-03 14:25:18","1611086","2026-10-03","10/3/2026 2:00:00 PM","NS","316","1st League - FBiH","Bosnia","Travnik","GOŠK Gabela","4297","3356"
"2026-10-03 14:25:18","1618370","2026-10-03","10/3/2026 2:00:00 PM","NS","92","Derde Divisie","Netherlands","Purmersteijn","Harkemase Boys","3920","1258"
"2026-10-03 14:25:18","1618371","2026-10-03","10/3/2026 2:00:00 PM","NS","92","Derde Divisie","Netherlands","Sportlust '46","Excelsior '31","3904","6263"
"2026-10-03 14:25:18","1618373","2026-10-03","10/3/2026 2:00:00 PM","NS","92","Derde Divisie","Netherlands","VV Scherpenzeel","ACV","14241","3911"
"2026-10-03 14:25:18","1619564","2026-10-03","10/3/2026 2:00:00 PM","NS","566","Ligue A","Burundi","Never Give Up Academy","Musongati","28131","12184"
"2026-10-03 14:25:18","1620010","2026-10-03","10/3/2026 2:00:00 PM","NS","577","Gamma Ethniki - Group 2","Greece","Akrites Sykeon","Poseidon Nea Michaniona","26581","12375"
"2026-10-03 14:25:18","1620011","2026-10-03","10/3/2026 2:00:00 PM","NS","577","Gamma Ethniki - Group 2","Greece","Kilkisiakos","Makedonikos Neapolis","12366","12372"
"2026-10-03 14:25:18","1620041","2026-10-03","10/3/2026 2:00:00 PM","NS","577","Gamma Ethniki - Group 2","Greece","Iraklis Therm.","Panedessaikos","26578","28152"
"2026-10-03 14:25:18","1620043","2026-10-03","10/3/2026 2:00:00 PM","NS","577","Gamma Ethniki - Group 2","Greece","Polykastrou","Finikas Polichnis","28154","28149"
"2026-10-03 14:25:18","1626869","2026-10-03","10/3/2026 2:00:00 PM","PST","175","Third League - Northeast","Bulgaria","Botev Novi Pazar","Aksakovo","8509","24544"
"2026-10-03 14:25:18","1626870","2026-10-03","10/3/2026 2:00:00 PM","NS","175","Third League - Northeast","Bulgaria","Devnya 2005","Ustrem Donchevo","28219","8517"
"2026-10-03 14:25:18","1626871","2026-10-03","10/3/2026 2:00:00 PM","NS","175","Third League - Northeast","Bulgaria","Dorostol","Fratria II","14220","24545"
"2026-10-03 14:25:18","1626872","2026-10-03","10/3/2026 2:00:00 PM","PST","175","Third League - Northeast","Bulgaria","Riltzi","Chernomorets Balchik","17309","1422"
"2026-10-03 14:25:18","1626873","2026-10-03","10/3/2026 2:00:00 PM","NS","175","Third League - Northeast","Bulgaria","Septemvri Tervel","Septemvri Dragoevo","8514","28220"
"2026-10-03 14:25:18","1626874","2026-10-03","10/3/2026 2:00:00 PM","NS","175","Third League - Northeast","Bulgaria","Svetkavitsa 14","Cherno more II","26249","19891"
"2026-10-03 14:25:18","1626875","2026-10-03","10/3/2026 2:00:00 PM","PST","175","Third League - Northeast","Bulgaria","Volov Shumen","Chernolomets 1919","8551","8510"
"2026-10-03 14:25:18","1630565","2026-10-03","10/3/2026 2:00:00 PM","NS","400","Super League","Zambia","Kabwe Warriors","ZESCO United","5201","5214"
"2026-10-03 14:25:18","1630566","2026-10-03","10/3/2026 2:00:00 PM","NS","400","Super League","Zambia","Konkola Blades","Power Dynamos","5514","5211"
"2026-10-03 14:25:18","1630567","2026-10-03","10/3/2026 2:00:00 PM","NS","400","Super League","Zambia","Mufulira Wanderers","Green Eagles","5206","5200"
"2026-10-03 14:25:18","1630568","2026-10-03","10/3/2026 2:00:00 PM","NS","400","Super League","Zambia","NAPSA Stars","Man Utd Zambia Academy","5207","5205"
"2026-10-03 14:25:18","1630569","2026-10-03","10/3/2026 2:00:00 PM","NS","400","Super League","Zambia","Nchanga Rangers","Zanaco","5511","5215"
"2026-10-03 14:25:18","1630570","2026-10-03","10/3/2026 2:00:00 PM","NS","400","Super League","Zambia","Nkwazi","Roan United","5210","11273"
"2026-10-03 14:25:18","1630571","2026-10-03","10/3/2026 2:00:00 PM","NS","400","Super League","Zambia","Trident","Nkana","21876","5209"
"2026-10-03 14:25:18","1635482","2026-10-03","10/3/2026 2:00:00 PM","1H","249","Kakkonen - Lohko C","Finland","SJK-juniorit","JS Hercules","18609","6073"
"2026-10-03 14:25:18","1637229","2026-10-03","10/3/2026 2:00:00 PM","1H","1243","Super League Women","South-Africa","University of Fort Hare W","Ramatlaohle W","28362","28357"
"2026-10-03 14:25:18","1638919","2026-10-03","10/3/2026 2:00:00 PM","CANC","176","Third League - Northwest","Bulgaria","Pavlikeni","Juventus Malchika","8525","8520"
"2026-10-03 14:25:18","1639701","2026-10-03","10/3/2026 2:00:00 PM","NS","566","Ligue A","Burundi","Aigle Noir","Ngozi City","4447","12185"
"2026-10-03 14:25:18","1640075","2026-10-03","10/3/2026 2:00:00 PM","NS","10","Friendlies","World","Norway U19","Poland U18","10342","21476"
"2026-10-03 14:25:18","1640780","2026-10-03","10/3/2026 2:00:00 PM","1H","251","Division Intermedia","Paraguay","Atlético Tembetary","Tacuary","10474","10491"
"2026-10-03 14:25:18","1640781","2026-10-03","10/3/2026 2:00:00 PM","1H","251","Division Intermedia","Paraguay","Paraguari AC","3 de Noviembre","27627","21374"
"2026-10-03 14:25:18","1641760","2026-10-03","10/3/2026 2:00:00 PM","NS","538","Africa Cup of Nations U20","World","Tunisia U20","Libya U20","11049","11036"
"2026-10-03 14:25:18","1642348","2026-10-03","10/3/2026 2:00:00 PM","NS","582","Gamma Ethniki - Group 7","Greece","Asteras Vlachioti","Panargiakos","12408","6315"
"2026-10-03 14:25:18","1642349","2026-10-03","10/3/2026 2:00:00 PM","NS","582","Gamma Ethniki - Group 7","Greece","Ermis Kiveriou","Panthyreatikos","28460","28459"
"2026-10-03 14:25:18","1642350","2026-10-03","10/3/2026 2:00:00 PM","NS","582","Gamma Ethniki - Group 7","Greece","Iraklis Xylokastro","Asteras Amaliadas","15482","28462"
"2026-10-03 14:25:18","1642352","2026-10-03","10/3/2026 2:00:00 PM","NS","582","Gamma Ethniki - Group 7","Greece","Loutraki","Pelopas Kiatou","24874","26586"
"2026-10-03 14:25:18","1642353","2026-10-03","10/3/2026 2:00:00 PM","NS","582","Gamma Ethniki - Group 7","Greece","Telos Agras","Panthouriakos","28458","20059"
"2026-10-03 14:25:18","1642944","2026-10-03","10/3/2026 2:00:00 PM","1H","667","Friendlies Clubs","World","Llapi","Shkendija","14395","609"
"2026-10-03 14:25:18","1642949","2026-10-03","10/3/2026 2:00:00 PM","NS","667","Friendlies Clubs","World","Aris","Riga","3408","10124"
"2026-10-03 14:25:18","1642950","2026-10-03","10/3/2026 2:00:00 PM","NS","667","Friendlies Clubs","World","Brühl","FC ST. Gallen","10587","1011"
"2026-10-03 14:25:18","1642951","2026-10-03","10/3/2026 2:00:00 PM","1H","667","Friendlies Clubs","World","Dunfermline","Aberdeen","1388","252"
"2026-10-03 14:25:18","1642952","2026-10-03","10/3/2026 2:00:00 PM","NS","667","Friendlies Clubs","World","Rodez","Inter Club d'Escaldes","1301","3342"
"2026-10-03 14:25:18","1642953","2026-10-03","10/3/2026 2:00:00 PM","NS","667","Friendlies Clubs","World","Rosenborg","Ostersunds FK","331","376"
"2026-10-03 14:25:18","1642954","2026-10-03","10/3/2026 2:00:00 PM","NS","667","Friendlies Clubs","World","Sandefjord","Fredrikstad","332","2149"
"2026-10-03 14:25:18","1643230","2026-10-03","10/3/2026 2:00:00 PM","1H","667","Friendlies Clubs","World","Austria Lustenau","FC Schalke 04","1399","174"
"2026-10-03 14:25:18","1643231","2026-10-03","10/3/2026 2:00:00 PM","NS","667","Friendlies Clubs","World","Lazio","Juve Stabia","487","863"
"2026-10-03 14:25:18","1643249","2026-10-03","10/3/2026 2:00:00 PM","NS","1115","Paraense A3","Brazil","Pinheirense","Vénus","25001","10161"
"2026-10-03 14:25:18","1643250","2026-10-03","10/3/2026 2:00:00 PM","NS","1115","Paraense A3","Brazil","Sport Belem","Parauapebas","26858","10689"
"2026-10-03 14:25:18","1643256","2026-10-03","10/3/2026 2:00:00 PM","NS","962","Premier League","Lesotho","LCS","Matlama","20976","6426"
"2026-10-03 14:25:18","1643257","2026-10-03","10/3/2026 2:00:00 PM","NS","962","Premier League","Lesotho","Lifofane","Machokha","20979","20984"
"2026-10-03 14:25:18","1643416","2026-10-03","10/3/2026 2:00:00 PM","NS","847","Premier League","Eswatini","Amawele","Highlanders","26847","16826"
"2026-10-03 14:25:18","1643417","2026-10-03","10/3/2026 2:00:00 PM","NS","847","Premier League","Eswatini","Nsingizini Hotspurs","Manzini Sea Birds","20372","16817"
"2026-10-03 14:25:18","1643418","2026-10-03","10/3/2026 2:00:00 PM","NS","847","Premier League","Eswatini","Ubombo Sugar","Rangers FC","26849","18314"
"2026-10-03 14:25:18","1643506","2026-10-03","10/3/2026 2:00:00 PM","NS","667","Friendlies Clubs","World","Koper","Vicenza Virtus","4374","1584"
"2026-10-03 14:25:18","1561669","2026-10-03","10/3/2026 2:15:00 PM","1H","109","II Liga - East","Poland","Hutnik Kraków","Tychy 71","6942","3495"
"2026-10-03 14:25:18","1618372","2026-10-03","10/3/2026 2:15:00 PM","NS","92","Derde Divisie","Netherlands","TOGB","Roosendaal","19739","19266"
"2026-10-03 14:25:18","1643419","2026-10-03","10/3/2026 2:15:00 PM","NS","847","Premier League","Eswatini","Madlenya","PPK Professionals","20371","28439"
"2026-10-03 14:25:18","1511025","2026-10-03","10/3/2026 2:30:00 PM","NS","597","Division 2 - Södra Götaland","Sweden","Torns","Oskarshamns AIK","6701","6692"
"2026-10-03 14:25:18","1568190","2026-10-03","10/3/2026 2:30:00 PM","NS","783","III Liga - Group 4","Poland","Czarni Połaniec","KSZO 1929","17403","6943"
"2026-10-03 14:25:18","1568192","2026-10-03","10/3/2026 2:30:00 PM","NS","783","III Liga - Group 4","Poland","Jarosław","Naprzód","20830","26184"
"2026-10-03 14:25:18","1568193","2026-10-03","10/3/2026 2:30:00 PM","NS","783","III Liga - Group 4","Poland","Sokół Kolb.","Moravia Morawica","26185","27390"
"2026-10-03 14:25:18","1574119","2026-10-03","10/3/2026 2:30:00 PM","NS","221","Regionalliga - Ost","Austria","Fach-Donaufeld","Wienerberg","8366","5008"
"2026-10-03 14:25:18","1574363","2026-10-03","10/3/2026 2:30:00 PM","NS","510","1. Liga Promotion","Switzerland","Basel II","Luzern II","10585","12706"
"2026-10-03 14:25:18","1574367","2026-10-03","10/3/2026 2:30:00 PM","NS","510","1. Liga Promotion","Switzerland","Breitenrain","Bavois","10586","6615"
"2026-10-03 14:25:18","1574370","2026-10-03","10/3/2026 2:30:00 PM","NS","510","1. Liga Promotion","Switzerland","FC Schaffhausen","Young Boys II","2182","12698"
"2026-10-03 14:25:18","1575972","2026-10-03","10/3/2026 2:30:00 PM","NS","110","Premier League","Wales","Airbus UK","Trefelin","4909","6479"
"2026-10-03 14:25:18","1575973","2026-10-03","10/3/2026 2:30:00 PM","NS","110","Premier League","Wales","Ammanford AFC","Holywell","2188","6459"
"2026-10-03 14:25:18","1575974","2026-10-03","10/3/2026 2:30:00 PM","NS","110","Premier League","Wales","Briton Ferry","Colwyn Bay","2201","5611"
"2026-10-03 14:25:18","1575975","2026-10-03","10/3/2026 2:30:00 PM","NS","110","Premier League","Wales","Caernarfon Town","Barry Town","356","361"
"2026-10-03 14:25:18","1575976","2026-10-03","10/3/2026 2:30:00 PM","NS","110","Premier League","Wales","GAP Connah S Quay FC","Penybont","357","2191"
"2026-10-03 14:25:18","1575977","2026-10-03","10/3/2026 2:30:00 PM","NS","110","Premier League","Wales","Haverfordwest County AFC","Flint Town United","2194","5614"
"2026-10-03 14:25:18","1575978","2026-10-03","10/3/2026 2:30:00 PM","NS","110","Premier League","Wales","Llandudno","Cardiff MET","362","353"
"2026-10-03 14:25:18","1575979","2026-10-03","10/3/2026 2:30:00 PM","NS","110","Premier League","Wales","The New Saints","Cambrian & Clydach","354","2202"
"2026-10-03 14:25:18","1579131","2026-10-03","10/3/2026 2:30:00 PM","NS","353","4. liga - Divizie D","Czech-Republic","Bystrc Kníničky","Pelhřimov","14649","21651"
"2026-10-03 14:25:18","1580520","2026-10-03","10/3/2026 2:30:00 PM","NS","111","FAW Championship","Wales","Buckley Town","Ruthin Town","5609","5624"
"2026-10-03 14:25:18","1580521","2026-10-03","10/3/2026 2:30:00 PM","NS","111","FAW Championship","Wales","Caersws","Bala Town","6445","352"
"2026-10-03 14:25:18","1580522","2026-10-03","10/3/2026 2:30:00 PM","NS","111","FAW Championship","Wales","Guilsfield","Llanuwchllyn","5616","11303"
"2026-10-03 14:25:18","1580523","2026-10-03","10/3/2026 2:30:00 PM","NS","111","FAW Championship","Wales","Mold Alexandra","Newtown AFC","6465","358"
"2026-10-03 14:25:18","1580524","2026-10-03","10/3/2026 2:30:00 PM","NS","111","FAW Championship","Wales","Penrhyncoch","Gresford Athletic","5620","5615"
"2026-10-03 14:25:18","1580525","2026-10-03","10/3/2026 2:30:00 PM","NS","111","FAW Championship","Wales","Porthmadog","Bangor City 1876 FC","5621","7581"
"2026-10-03 14:25:18","1580526","2026-10-03","10/3/2026 2:30:00 PM","NS","111","FAW Championship","Wales","Rhyl","Brickfield Rangers","5623","6443"
"2026-10-03 14:25:18","1580762","2026-10-03","10/3/2026 2:30:00 PM","NS","111","FAW Championship","Wales","Cardiff Draconians","Newport City","7586","20364"
"2026-10-03 14:25:18","1580763","2026-10-03","10/3/2026 2:30:00 PM","NS","111","FAW Championship","Wales","Pontypridd Town","Aberystwyth Town","2192","351"
"2026-10-03 14:25:18","1580764","2026-10-03","10/3/2026 2:30:00 PM","NS","111","FAW Championship","Wales","Swansea University","Caerphilly Athletic","5626","11283"
"2026-10-03 14:25:18","1580765","2026-10-03","10/3/2026 2:30:00 PM","NS","111","FAW Championship","Wales","Treowen Stars","Ynyshir Albions","11309","7601"
"2026-10-03 14:25:18","1580766","2026-10-03","10/3/2026 2:30:00 PM","NS","111","FAW Championship","Wales","Trethomas Bluebirds","Pontardawe Town","11310","7598"
"2026-10-03 14:25:18","1582450","2026-10-03","10/3/2026 2:30:00 PM","NS","753","Oberliga - Baden-Württemberg","Germany","FC Nöttingen","Türkspor Neckarsulm","1638","20874"
"2026-10-03 14:25:18","1582452","2026-10-03","10/3/2026 2:30:00 PM","NS","753","Oberliga - Baden-Württemberg","Germany","Reutlingen","Young Boys Reutlingen","13932","27969"
"2026-10-03 14:25:18","1582453","2026-10-03","10/3/2026 2:30:00 PM","NS","753","Oberliga - Baden-Württemberg","Germany","Teningen","FV Ravensburg","13949","1624"
"2026-10-03 14:25:18","1589721","2026-10-03","10/3/2026 2:30:00 PM","NS","794","3. SNL - East","Slovenia","Hajdina","Odranci","20135","6722"
"2026-10-03 14:25:18","1589724","2026-10-03","10/3/2026 2:30:00 PM","NS","794","3. SNL - East","Slovenia","Šmartno","Limbuš Pekre","12904","20161"
"2026-10-03 14:25:18","1589725","2026-10-03","10/3/2026 2:30:00 PM","NS","794","3. SNL - East","Slovenia","Rače","Ljutomer","20192","20344"
"2026-10-03 14:25:18","1589770","2026-10-03","10/3/2026 2:30:00 PM","NS","794","3. SNL - East","Slovenia","NK Ormoz","Dobrovce","27991","6720"
"2026-10-03 14:25:18","1589826","2026-10-03","10/3/2026 2:30:00 PM","NS","795","3. SNL - West","Slovenia","Dob","Šobec Lesce","4371","16314"
"2026-10-03 14:25:18","1589828","2026-10-03","10/3/2026 2:30:00 PM","NS","795","3. SNL - West","Slovenia","IB 1975 Ljubljana","Adria","20139","14451"
"2026-10-03 14:25:18","1589830","2026-10-03","10/3/2026 2:30:00 PM","NS","795","3. SNL - West","Slovenia","Škofja Loka","Rudar Trbovlje","16313","19269"
"2026-10-03 14:25:18","1589831","2026-10-03","10/3/2026 2:30:00 PM","NS","795","3. SNL - West","Slovenia","Tolmin","Svoboda","6724","16310"
"2026-10-03 14:25:18","1589832","2026-10-03","10/3/2026 2:30:00 PM","NS","795","3. SNL - West","Slovenia","Žiri","Izola","16315","16307"
"2026-10-03 14:25:18","1595245","2026-10-03","10/3/2026 2:30:00 PM","NS","946","Second NL","Croatia","Grobničan Čavle","Hrvatski Dragovoljac","8580","1472"
"2026-10-03 14:25:18","1595246","2026-10-03","10/3/2026 2:30:00 PM","NS","946","Second NL","Croatia","Inter Zapresic","Bjelovar","1020","5705"
"2026-10-03 14:25:18","1595247","2026-10-03","10/3/2026 2:30:00 PM","NS","946","Second NL","Croatia","Križevci","Solin","5711","1480"
"2026-10-03 14:25:18","1595248","2026-10-03","10/3/2026 2:30:00 PM","NS","946","Second NL","Croatia","Slavonija Požega","Lucko","6250","1477"
"2026-10-03 14:25:18","1595249","2026-10-03","10/3/2026 2:30:00 PM","NS","946","Second NL","Croatia","Trnje","Uljanik","8607","8582"
"2026-10-03 14:25:18","1595250","2026-10-03","10/3/2026 2:30:00 PM","NS","946","Second NL","Croatia","Uskok Klis","Jarun","8589","8605"
"2026-10-03 14:25:18","1595251","2026-10-03","10/3/2026 2:30:00 PM","NS","946","Second NL","Croatia","Varteks Varaždin","Koprivnica","8599","5710"
"2026-10-03 14:25:18","1595252","2026-10-03","10/3/2026 2:30:00 PM","NS","946","Second NL","Croatia","Zagora","Dugo Selo","5731","8602"
"2026-10-03 14:25:18","1598927","2026-10-03","10/3/2026 2:30:00 PM","NS","752","Oberliga - Rheinland-Pfalz / Saar","Germany","Auersmacher","Cosmos Koblenz","14468","20395"
"2026-10-03 14:25:18","1599499","2026-10-03","10/3/2026 2:30:00 PM","NS","67","National 2 - Group A","France","Chantilly","Biesheim","3162","3025"
"2026-10-03 14:25:18","1617030","2026-10-03","10/3/2026 2:30:00 PM","NS","453","Tercera División RFEF - Group 15","Spain","Valle Egüés","Aoiz","9858","26553"
"2026-10-03 14:25:18","1618374","2026-10-03","10/3/2026 2:30:00 PM","NS","92","Derde Divisie","Netherlands","Hercules","DVS 33 Ermelo","1264","1244"
"2026-10-03 14:25:18","1618375","2026-10-03","10/3/2026 2:30:00 PM","NS","92","Derde Divisie","Netherlands","Vvsb","Excelsior Maassluis","1251","17129"
"2026-10-03 14:25:18","1640051","2026-10-03","10/3/2026 2:30:00 PM","NS","667","Friendlies Clubs","World","FC St. Pauli","Borussia Mönchengladbach","186","163"
"2026-10-03 14:25:18","1640052","2026-10-03","10/3/2026 2:30:00 PM","NS","667","Friendlies Clubs","World","VfL Osnabrück","Djurgardens IF","1324","364"
"2026-10-03 14:25:18","1642955","2026-10-03","10/3/2026 2:30:00 PM","NS","667","Friendlies Clubs","World","Kundl","Wacker Innsbruck","8338","1073"
"2026-10-03 14:25:18","1643258","2026-10-03","10/3/2026 2:30:00 PM","NS","962","Premier League","Lesotho","LMPS","Majantja","20978","25065"
"2026-10-03 14:25:18","1643507","2026-10-03","10/3/2026 2:30:00 PM","NS","667","Friendlies Clubs","World","Torpedo Zhodino","Torpedo Moskva","385","3985"
"2026-10-03 14:25:18","1566616","2026-10-03","10/3/2026 2:45:00 PM","NS","733","I Liga - Women","Slovakia","Slovan Bratislava W","Trenčín W","10924","15976"
"2026-10-03 14:25:18","1615803","2026-10-03","10/3/2026 2:45:00 PM","NS","449","Tercera División RFEF - Group 11","Spain","Mercadal","Constància","17599","9776"
"2026-10-03 14:25:18","1619566","2026-10-03","10/3/2026 2:45:00 PM","NS","566","Ligue A","Burundi","Muzinga","Olympic Star","14270","8092"
"2026-10-03 14:25:18","1643259","2026-10-03","10/3/2026 2:45:00 PM","NS","962","Premier League","Lesotho","Lijabatho","Lioli","20980","20982"
"2026-10-03 14:25:18","1495960","2026-10-03","10/3/2026 3:00:00 PM","NS","104","1. Division","Norway","Haugesund","Stabaek","328","323"
"2026-10-03 14:25:18","1495961","2026-10-03","10/3/2026 3:00:00 PM","NS","104","1. Division","Norway","hodd","ODD Ballklubb","2150","330"
"2026-10-03 14:25:18","1495966","2026-10-03","10/3/2026 3:00:00 PM","NS","104","1. Division","Norway","Stromsgodset","Asane","324","2148"
"2026-10-03 14:25:18","1496529","2026-10-03","10/3/2026 3:00:00 PM","NS","774","3. Division - Girone 1","Norway","KFUM II","Ullern","21420","7042"
"2026-10-03 14:25:18","1501496","2026-10-03","10/3/2026 3:00:00 PM","NS","736","Elitettan","Sweden","KIF Örebro W","Sandviken W","11078","15957"
"2026-10-03 14:25:18","1504564","2026-10-03","10/3/2026 3:00:00 PM","NS","564","Ettan - Södra","Sweden","Atvidabergs FF","Trollhättan","2162","6702"
"2026-10-03 14:25:18","1504565","2026-10-03","10/3/2026 3:00:00 PM","NS","564","Ettan - Södra","Sweden","Jonkopings Sodra","Eskilsminne","764","6663"
"2026-10-03 14:25:18","1504569","2026-10-03","10/3/2026 3:00:00 PM","NS","564","Ettan - Södra","Sweden","Skövde AIK","Utsikten","6698","6706"
"2026-10-03 14:25:18","1505286","2026-10-03","10/3/2026 3:00:00 PM","NS","563","Ettan - Norra","Sweden","Piteå","IF Karlstad","11671","11659"
"2026-10-03 14:25:18","1505288","2026-10-03","10/3/2026 3:00:00 PM","NS","563","Ettan - Norra","Sweden","Stocksund","Järfälla","6700","16598"
"2026-10-03 14:25:18","1510686","2026-10-03","10/3/2026 3:00:00 PM","NS","592","Division 2 - Norra Götaland","Sweden","Lidköping","Vänersborgs FK","12573","12577"
"2026-10-03 14:25:18","1511233","2026-10-03","10/3/2026 3:00:00 PM","NS","595","Division 2 - Södra Svealand","Sweden","Syrianska FC","Lindo FF","2167","27308"
"2026-10-03 14:25:18","1520902","2026-10-03","10/3/2026 3:00:00 PM","NS","72","Serie B","Brazil","Avai","Ceara","145","129"
"2026-10-03 14:25:18","1530010","2026-10-03","10/3/2026 3:00:00 PM","NS","649","Supreme Division Women","Russia","Chertanovo W","Ryazan W","10885","10921"
"2026-10-03 14:25:18","1556866","2026-10-03","10/3/2026 3:00:00 PM","NS","180","Championship","Scotland","Livingston","Ayr Utd","255","1387"
"2026-10-03 14:25:18","1556867","2026-10-03","10/3/2026 3:00:00 PM","NS","180","Championship","Scotland","Morton","Raith Rovers","1383","1385"
"2026-10-03 14:25:18","1556868","2026-10-03","10/3/2026 3:00:00 PM","NS","180","Championship","Scotland","Partick","Arbroath","901","4249"
"2026-10-03 14:25:18","1557046","2026-10-03","10/3/2026 3:00:00 PM","NS","183","League One","Scotland","Airdrie United","Montrose","4668","4251"
"2026-10-03 14:25:18","1557047","2026-10-03","10/3/2026 3:00:00 PM","NS","183","League One","Scotland","East Fife","East Kilbride","6764","6765"
"2026-10-03 14:25:18","1557049","2026-10-03","10/3/2026 3:00:00 PM","NS","183","League One","Scotland","Queen of the South","Cove Rangers","1384","6763"
"2026-10-03 14:25:18","1557050","2026-10-03","10/3/2026 3:00:00 PM","NS","183","League One","Scotland","Ross County","Alloa Athletic","902","1391"
"2026-10-03 14:25:18","1557789","2026-10-03","10/3/2026 3:00:00 PM","NS","184","League Two","Scotland","Annan Athletic","Stirling Albion","6757","4669"
"2026-10-03 14:25:18","1557790","2026-10-03","10/3/2026 3:00:00 PM","NS","184","League Two","Scotland","Dumbarton","Forfar Athletic","1382","4250"
"2026-10-03 14:25:18","1557791","2026-10-03","10/3/2026 3:00:00 PM","NS","184","League Two","Scotland","Elgin City","Clyde","6767","6762"
"2026-10-03 14:25:18","1557792","2026-10-03","10/3/2026 3:00:00 PM","NS","184","League Two","Scotland","Spartans","Kelty Hearts","6781","6773"
"2026-10-03 14:25:18","1557793","2026-10-03","10/3/2026 3:00:00 PM","NS","184","League Two","Scotland","Stranraer","Edinburgh City","6785","6766"
"2026-10-03 14:25:18","1558953","2026-10-03","10/3/2026 3:00:00 PM","NS","374","2. SNL","Slovenia","Dravinja","Slovan Ljubljana","16302","20198"
"2026-10-03 14:25:18","1558958","2026-10-03","10/3/2026 3:00:00 PM","NS","374","2. SNL","Slovenia","Dren Vrhnika","Krško","20127","4365"
"2026-10-03 14:25:18","1561677","2026-10-03","10/3/2026 3:00:00 PM","NS","109","II Liga - East","Poland","Świt Skolwin","Sokół Kleczew","12902","16255"
"2026-10-03 14:25:18","1562081","2026-10-03","10/3/2026 3:00:00 PM","NS","408","Premiership","Northern-Ireland","Carrick Rangers","Crusaders FC","5350","697"
"2026-10-03 14:25:18","1562082","2026-10-03","10/3/2026 3:00:00 PM","NS","408","Premiership","Northern-Ireland","Cliftonville FC","Ballymena United","2266","668"
"2026-10-03 14:25:18","1562083","2026-10-03","10/3/2026 3:00:00 PM","NS","408","Premiership","Northern-Ireland","Glentoran","Dungannon Swifts","5352","5351"
"2026-10-03 14:25:18","1562085","2026-10-03","10/3/2026 3:00:00 PM","NS","408","Premiership","Northern-Ireland","Portadown","Limavady United","5348","11114"
"2026-10-03 14:25:18","1562289","2026-10-03","10/3/2026 3:00:00 PM","NS","350","4. liga - Divizie A","Czech-Republic","Jiskra Domažlice II","Nyrsko","19639","27888"
"2026-10-03 14:25:18","1562292","2026-10-03","10/3/2026 3:00:00 PM","NS","350","4. liga - Divizie A","Czech-Republic","Hořovicko","Strakonice","7299","21499"
"2026-10-03 14:25:18","1562294","2026-10-03","10/3/2026 3:00:00 PM","NS","350","4. liga - Divizie A","Czech-Republic","Spartak Soběslav","Doubravka","7360","7285"
"2026-10-03 14:25:18","1562414","2026-10-03","10/3/2026 3:00:00 PM","NS","351","4. liga - Divizie B","Czech-Republic","Ostrov","Chomutov","7328","7282"
"2026-10-03 14:25:18","1562415","2026-10-03","10/3/2026 3:00:00 PM","NS","351","4. liga - Divizie B","Czech-Republic","Slaný","Ústí nad Labem II","7342","24194"
"2026-10-03 14:25:18","1562416","2026-10-03","10/3/2026 3:00:00 PM","NS","351","4. liga - Divizie B","Czech-Republic","Tempo Praha","Baník Sokolov","21985","3721"
"2026-10-03 14:25:18","1562523","2026-10-03","10/3/2026 3:00:00 PM","NS","352","4. liga - Divizie C","Czech-Republic","Kosmonosy","Slavia Hradec Králové","14004","21648"
"2026-10-03 14:25:18","1562528","2026-10-03","10/3/2026 3:00:00 PM","NS","352","4. liga - Divizie C","Czech-Republic","Vysoké Mýto","Dvůr Králové","7378","7286"
"2026-10-03 14:25:18","1562579","2026-10-03","10/3/2026 3:00:00 PM","NS","352","4. liga - Divizie C","Czech-Republic","Trutnov","Vykan","7367","27889"
"2026-10-03 14:25:18","1562653","2026-10-03","10/3/2026 3:00:00 PM","NS","348","3. liga - CFL A","Czech-Republic","České Budějovice","Benešov","3736","7273"
"2026-10-03 14:25:18","1563779","2026-10-03","10/3/2026 3:00:00 PM","NS","42","League Two","England","Accrington ST","Cheltenham","1360","1372"
"2026-10-03 14:25:18","1563780","2026-10-03","10/3/2026 3:00:00 PM","NS","42","League Two","England","Barnet","York","1369","1828"
"2026-10-03 14:25:18","1563782","2026-10-03","10/3/2026 3:00:00 PM","PST","42","League Two","England","Colchester","Port Vale","1361","1351"
"2026-10-03 14:25:18","1563783","2026-10-03","10/3/2026 3:00:00 PM","NS","42","League Two","England","Crewe","Bristol Rovers","1363","1334"
"2026-10-03 14:25:18","1563784","2026-10-03","10/3/2026 3:00:00 PM","NS","42","League Two","England","Exeter City","Rotherham","1364","73"
"2026-10-03 14:25:18","1563785","2026-10-03","10/3/2026 3:00:00 PM","NS","42","League Two","England","Gillingham","Newport County","1347","1367"
"2026-10-03 14:25:18","1563786","2026-10-03","10/3/2026 3:00:00 PM","NS","42","League Two","England","Grimsby","Shrewsbury","1365","1352"
"2026-10-03 14:25:18","1563787","2026-10-03","10/3/2026 3:00:00 PM","PST","42","League Two","England","Northampton","Oldham","1337","1349"
"2026-10-03 14:25:18","1563788","2026-10-03","10/3/2026 3:00:00 PM","NS","42","League Two","England","Rochdale","Swindon Town","1339","1353"
"2026-10-03 14:25:18","1563789","2026-10-03","10/3/2026 3:00:00 PM","NS","42","League Two","England","Salford City","Fleetwood Town","1844","1336"
"2026-10-03 14:25:18","1563790","2026-10-03","10/3/2026 3:00:00 PM","PST","42","League Two","England","Walsall","Crawley Town","1342","1362"
"2026-10-03 14:25:18","1564331","2026-10-03","10/3/2026 3:00:00 PM","PST","41","League One","England","AFC Wimbledon","Stevenage","1333","1368"
"2026-10-03 14:25:18","1564332","2026-10-03","10/3/2026 3:00:00 PM","PST","41","League One","England","Barnsley","Milton Keynes Dons","747","1348"
"2026-10-03 14:25:18","1564334","2026-10-03","10/3/2026 3:00:00 PM","PST","41","League One","England","Bromley","Wycombe","1832","1358"
"2026-10-03 14:25:18","1564335","2026-10-03","10/3/2026 3:00:00 PM","NS","41","League One","England","Burton Albion","Huddersfield","748","37"
"2026-10-03 14:25:18","1564336","2026-10-03","10/3/2026 3:00:00 PM","NS","41","League One","England","Leyton Orient","Plymouth","1373","1357"
"2026-10-03 14:25:18","1564337","2026-10-03","10/3/2026 3:00:00 PM","PST","41","League One","England","Luton","Doncaster","1359","1354"
"2026-10-03 14:25:18","1564339","2026-10-03","10/3/2026 3:00:00 PM","PST","41","League One","England","Peterborough","Notts County","1350","1376"
"2026-10-03 14:25:18","1564340","2026-10-03","10/3/2026 3:00:00 PM","NS","41","League One","England","Reading","Bradford","53","1343"
"2026-10-03 14:25:18","1564342","2026-10-03","10/3/2026 3:00:00 PM","PST","41","League One","England","Wigan","Mansfield Town","61","1374"
"2026-10-03 14:25:18","1564878","2026-10-03","10/3/2026 3:00:00 PM","NS","407","Championship","Northern-Ireland","Ballinamallard United","Ards","5339","5338"
"2026-10-03 14:25:18","1564879","2026-10-03","10/3/2026 3:00:00 PM","NS","407","Championship","Northern-Ireland","Dundela","Queen's University","5342","5349"
"2026-10-03 14:25:18","1564880","2026-10-03","10/3/2026 3:00:00 PM","NS","407","Championship","Northern-Ireland","H&W Welders","Rathfriland","5343","17241"
"2026-10-03 14:25:18","1564881","2026-10-03","10/3/2026 3:00:00 PM","NS","407","Championship","Northern-Ireland","Institute","Newington Youth","5353","11118"
"2026-10-03 14:25:18","1564882","2026-10-03","10/3/2026 3:00:00 PM","NS","407","Championship","Northern-Ireland","Loughgall","Newry City AFC","5345","5346"
"2026-10-03 14:25:18","1564885","2026-10-03","10/3/2026 3:00:00 PM","NS","407","Championship","Northern-Ireland","Warrenpoint Town","Annagh United","5355","11109"
"2026-10-03 14:25:18","1566805","2026-10-03","10/3/2026 3:00:00 PM","NS","938","Oberliga - Bayern Nord","Germany","Bayern Hof","Würzburger FV","12737","12898"
"2026-10-03 14:25:18","1566808","2026-10-03","10/3/2026 3:00:00 PM","NS","938","Oberliga - Bayern Nord","Germany","Großbardorf","Cham","12774","19761"
"2026-10-03 14:25:18","1568819","2026-10-03","10/3/2026 3:00:00 PM","NS","781","III Liga - Group 2","Poland","Wda Świecie","Polonia Środa","24328","6948"
"2026-10-03 14:25:18","1569119","2026-10-03","10/3/2026 3:00:00 PM","NS","780","III Liga - Group 1","Poland","Łomża","Olimpia Elbląg","21656","6945"
"2026-10-03 14:25:18","1572683","2026-10-03","10/3/2026 3:00:00 PM","NS","877","Segunda División RFEF - Group 3","Spain","Castellón II","Lorca Deportiva","17588","9400"
"2026-10-03 14:25:18","1573602","2026-10-03","10/3/2026 3:00:00 PM","NS","142","Primera División Femenina","Spain","Deportivo de La Coruña W","Atletico Madrid W","6376","1910"
"2026-10-03 14:25:18","1573865","2026-10-03","10/3/2026 3:00:00 PM","NS","223","Regionalliga - West","Austria","Rheindorf Altach II","Hohenems","8256","4945"
"2026-10-03 14:25:18","1573866","2026-10-03","10/3/2026 3:00:00 PM","NS","223","Regionalliga - West","Austria","Dornbirn","Kitzbühel","4255","4947"
"2026-10-03 14:25:18","1573867","2026-10-03","10/3/2026 3:00:00 PM","NS","223","Regionalliga - West","Austria","Kufstein","Imst","4948","14709"
"2026-10-03 14:25:18","1573869","2026-10-03","10/3/2026 3:00:00 PM","NS","223","Regionalliga - West","Austria","SVG Reichenau","Schwaz","4981","4957"
"2026-10-03 14:25:18","1573871","2026-10-03","10/3/2026 3:00:00 PM","NS","223","Regionalliga - West","Austria","Wolfurt","Röthis","4968","8258"
"2026-10-03 14:25:18","1574364","2026-10-03","10/3/2026 3:00:00 PM","NS","510","1. Liga Promotion","Switzerland","Cham","Bulle","6621","6618"
"2026-10-03 14:25:18","1574368","2026-10-03","10/3/2026 3:00:00 PM","NS","510","1. Liga Promotion","Switzerland","Grand-Saconnex","YF Juventus","17415","6652"
"2026-10-03 14:25:18","1574369","2026-10-03","10/3/2026 3:00:00 PM","NS","510","1. Liga Promotion","Switzerland","Paradiso","Lugano II","12717","17441"
"2026-10-03 14:25:18","1583935","2026-10-03","10/3/2026 3:00:00 PM","NS","1026","Second League A - Division A Silver","Russia","Amkar","Torpedo Miass","1076","16864"
"2026-10-03 14:25:18","1585269","2026-10-03","10/3/2026 3:00:00 PM","NS","43","National League","England","Aldershot Town","Carlisle","1818","1371"
"2026-10-03 14:25:18","1585270","2026-10-03","10/3/2026 3:00:00 PM","NS","43","National League","England","Barrow","Wealdstone","1819","8663"
"2026-10-03 14:25:18","1585271","2026-10-03","10/3/2026 3:00:00 PM","NS","43","National League","England","Boreham Wood","Altrincham","1830","4700"
"2026-10-03 14:25:18","1585272","2026-10-03","10/3/2026 3:00:00 PM","NS","43","National League","England","Eastleigh","Woking","1822","1836"
"2026-10-03 14:25:18","1585273","2026-10-03","10/3/2026 3:00:00 PM","NS","43","National League","England","Gateshead","Worthing","1823","7761"
"2026-10-03 14:25:18","1585274","2026-10-03","10/3/2026 3:00:00 PM","NS","43","National League","England","Harrogate Town","AFC Hornchurch","1842","7690"
"2026-10-03 14:25:18","1585275","2026-10-03","10/3/2026 3:00:00 PM","NS","43","National League","England","Hartlepool","Tamworth","1366","7752"
"2026-10-03 14:25:18","1585276","2026-10-03","10/3/2026 3:00:00 PM","NS","43","National League","England","Kidderminster Harriers","Sutton Utd","4695","1835"
"2026-10-03 14:25:18","1585277","2026-10-03","10/3/2026 3:00:00 PM","NS","43","National League","England","Scunthorpe","Forest Green","1340","1378"
"2026-10-03 14:25:18","1585278","2026-10-03","10/3/2026 3:00:00 PM","NS","43","National League","England","Solihull Moors","FC Halifax Town","1834","1841"
"2026-10-03 14:25:18","1585279","2026-10-03","10/3/2026 3:00:00 PM","NS","43","National League","England","Southend","AFC Fylde","1341","1839"
"2026-10-03 14:25:18","1585280","2026-10-03","10/3/2026 3:00:00 PM","NS","43","National League","England","Yeovil Town","Boston United","1377","8146"
"2026-10-03 14:25:18","1586239","2026-10-03","10/3/2026 3:00:00 PM","NS","83","Regionalliga - Bayern","Germany","Aubstadt","Memmingen","9323","9331"
"2026-10-03 14:25:18","1588881","2026-10-03","10/3/2026 3:00:00 PM","NS","46","EFL Trophy","England","Colchester","Luton","1361","1359"
"2026-10-03 14:25:18","1589722","2026-10-03","10/3/2026 3:00:00 PM","NS","794","3. SNL - East","Slovenia","Korotan Prevalje","Fužinar","16303","4373"
"2026-10-03 14:25:18","1589829","2026-10-03","10/3/2026 3:00:00 PM","NS","795","3. SNL - West","Slovenia","Zidgrad Idrija","Šencur","20140","6727"
"2026-10-03 14:25:18","1593145","2026-10-03","10/3/2026 3:00:00 PM","NS","82","Frauen Bundesliga","Germany","FC Koln W","SC Freiburg W","1871","1867"
"2026-10-03 14:25:18","1595992","2026-10-03","10/3/2026 3:00:00 PM","NS","58","Non League Premier - Isthmian","England","Burgess Hill Town","Maldon & Tiptree","7217","7654"
"2026-10-03 14:25:18","1595995","2026-10-03","10/3/2026 3:00:00 PM","PST","58","Non League Premier - Isthmian","England","Enfield Town","Chatham Town","7714","8737"
"2026-10-03 14:25:18","1595998","2026-10-03","10/3/2026 3:00:00 PM","NS","58","Non League Premier - Isthmian","England","Ramsgate","Carshalton Athletic","7665","7707"
"2026-10-03 14:25:18","1595999","2026-10-03","10/3/2026 3:00:00 PM","NS","58","Non League Premier - Isthmian","England","Welling United","Whyteleafe","8664","7262"
"2026-10-03 14:25:18","1596000","2026-10-03","10/3/2026 3:00:00 PM","PST","58","Non League Premier - Isthmian","England","Whitehawk","Dulwich Hamlet","4713","8149"
"2026-10-03 14:25:18","1596038","2026-10-03","10/3/2026 3:00:00 PM","NS","58","Non League Premier - Isthmian","England","Lewes","Whitehawk","7728","4713"
"2026-10-03 14:25:18","1596453","2026-10-03","10/3/2026 3:00:00 PM","NS","59","Non League Premier - Northern","England","Bamber Bridge","Quorn","7695","8903"
"2026-10-03 14:25:18","1596456","2026-10-03","10/3/2026 3:00:00 PM","PST","59","Non League Premier - Northern","England","Gainsborough Trinity","Curzon Ashton","4691","4703"
"2026-10-03 14:25:18","1596458","2026-10-03","10/3/2026 3:00:00 PM","NS","59","Non League Premier - Northern","England","Hyde United","Stockton Town","4694","8953"
"2026-10-03 14:25:18","1596459","2026-10-03","10/3/2026 3:00:00 PM","NS","59","Non League Premier - Northern","England","Lancaster City","Ilkeston Town","7726","7236"
"2026-10-03 14:25:18","1596460","2026-10-03","10/3/2026 3:00:00 PM","NS","59","Non League Premier - Northern","England","Redcar Athletic","Alfreton Town","16994","4677"
"2026-10-03 14:25:18","1596461","2026-10-03","10/3/2026 3:00:00 PM","NS","59","Non League Premier - Northern","England","Rylands","AFC Emley","8918","11936"
"2026-10-03 14:25:18","1596462","2026-10-03","10/3/2026 3:00:00 PM","NS","59","Non League Premier - Northern","England","Workington","Cleethorpes Town","7265","7631"
"2026-10-03 14:25:18","1596903","2026-10-03","10/3/2026 3:00:00 PM","NS","931","Non League Premier - Southern Central","England","Anstey Nomads","Real Bedford","8681","21712"
"2026-10-03 14:25:18","1596904","2026-10-03","10/3/2026 3:00:00 PM","NS","931","Non League Premier - Southern Central","England","Bury Town","Kettering Town","7622","8654"
"2026-10-03 14:25:18","1596905","2026-10-03","10/3/2026 3:00:00 PM","NS","931","Non League Premier - Southern Central","England","Leamington","Hitchin Town","8656","4682"
"2026-10-03 14:25:18","1596906","2026-10-03","10/3/2026 3:00:00 PM","NS","931","Non League Premier - Southern Central","England","Leighton Town","Peterborough Sports","8846","7737"
"2026-10-03 14:25:18","1596907","2026-10-03","10/3/2026 3:00:00 PM","NS","931","Non League Premier - Southern Central","England","Leiston","Halesowen Town","7727","7644"
"2026-10-03 14:25:18","1596908","2026-10-03","10/3/2026 3:00:00 PM","NS","931","Non League Premier - Southern Central","England","Redditch United","Banbury United","7741","7696"
"2026-10-03 14:25:18","1596909","2026-10-03","10/3/2026 3:00:00 PM","NS","931","Non League Premier - Southern Central","England","Rushall Olympic","Needham Market","7743","7735"
"2026-10-03 14:25:18","1596910","2026-10-03","10/3/2026 3:00:00 PM","NS","931","Non League Premier - Southern Central","England","Stamford","Bromsgrove Sporting","4709","7705"
"2026-10-03 14:25:18","1596911","2026-10-03","10/3/2026 3:00:00 PM","NS","931","Non League Premier - Southern Central","England","Stourbridge","Racing Club Warwick","4710","8904"
"2026-10-03 14:25:18","1597365","2026-10-03","10/3/2026 3:00:00 PM","PST","60","Non League Premier - Southern South","England","Basingstoke Town","Sholing","7615","7668"
"2026-10-03 14:25:18","1597366","2026-10-03","10/3/2026 3:00:00 PM","PST","60","Non League Premier - Southern South","England","Berkhamsted","Gosport Borough","7214","7717"
"2026-10-03 14:25:18","1597367","2026-10-03","10/3/2026 3:00:00 PM","PST","60","Non League Premier - Southern South","England","Bracknell Town","Chertsey Town","7619","7627"
"2026-10-03 14:25:18","1597368","2026-10-03","10/3/2026 3:00:00 PM","PST","60","Non League Premier - Southern South","England","Chichester City","Gloucester City","7628","8653"
"2026-10-03 14:25:18","1597369","2026-10-03","10/3/2026 3:00:00 PM","PST","60","Non League Premier - Southern South","England","Chippenham Town","Havant & Wville","8147","1843"
"2026-10-03 14:25:18","1597370","2026-10-03","10/3/2026 3:00:00 PM","PST","60","Non League Premier - Southern South","England","Hanwell Town","Bath City","7645","8657"
"2026-10-03 14:25:18","1597371","2026-10-03","10/3/2026 3:00:00 PM","PST","60","Non League Premier - Southern South","England","Malvern Town","Hanworth Villa","8870","8811"
"2026-10-03 14:25:18","1597372","2026-10-03","10/3/2026 3:00:00 PM","NS","60","Non League Premier - Southern South","England","Plymouth Parkway","Uxbridge","8899","7257"
"2026-10-03 14:25:18","1597373","2026-10-03","10/3/2026 3:00:00 PM","NS","60","Non League Premier - Southern South","England","Poole Town","Evesham United","7738","7640"
"2026-10-03 14:25:18","1597374","2026-10-03","10/3/2026 3:00:00 PM","PST","60","Non League Premier - Southern South","England","Taunton Town","Wimborne Town","4711","7758"
"2026-10-03 14:25:18","1597375","2026-10-03","10/3/2026 3:00:00 PM","NS","60","Non League Premier - Southern South","England","Yate Town","Frome Town","7762","7226"
"2026-10-03 14:25:18","1604869","2026-10-03","10/3/2026 3:00:00 PM","NS","599","1. Liga Classic - Group 1","Switzerland","Naters","Azzurri","12695","26346"
"2026-10-03 14:25:18","1608085","2026-10-03","10/3/2026 3:00:00 PM","NS","1239","Regionalliga - North","Austria","Grödig","Wohnbau Dietach","4974","19193"
"2026-10-03 14:25:18","1608086","2026-10-03","10/3/2026 3:00:00 PM","NS","1239","Regionalliga - North","Austria","LASK Juniors","SK Vorwarts Steyr","11225","1406"
"2026-10-03 14:25:18","1608089","2026-10-03","10/3/2026 3:00:00 PM","NS","1239","Regionalliga - North","Austria","Wals-Grünau","Ried II","8261","8250"
"2026-10-03 14:25:18","1609681","2026-10-03","10/3/2026 3:00:00 PM","NS","601","1. Liga Classic - Group 3","Switzerland","Baden","Taverne","12699","6648"
"2026-10-03 14:25:18","1609682","2026-10-03","10/3/2026 3:00:00 PM","NS","601","1. Liga Classic - Group 3","Switzerland","Collina d'Oro","Wettswil-Bonstetten","18162","6650"
"2026-10-03 14:25:18","1609684","2026-10-03","10/3/2026 3:00:00 PM","NS","601","1. Liga Classic - Group 3","Switzerland","Gossau","Widnau","12714","16377"
"2026-10-03 14:25:18","1609686","2026-10-03","10/3/2026 3:00:00 PM","NS","601","1. Liga Classic - Group 3","Switzerland","Thalwil","Locarno","12719","21866"
"2026-10-03 14:25:18","1610110","2026-10-03","10/3/2026 3:00:00 PM","NS","600","1. Liga Classic - Group 2","Switzerland","Buochs","Langenthal","12701","12705"
"2026-10-03 14:25:18","1610111","2026-10-03","10/3/2026 3:00:00 PM","NS","600","1. Liga Classic - Group 2","Switzerland","Muri-Gümligen","Concordia Basel","19608","6622"
"2026-10-03 14:25:18","1610112","2026-10-03","10/3/2026 3:00:00 PM","NS","600","1. Liga Classic - Group 2","Switzerland","Muttenz","Black Stars","12707","6617"
"2026-10-03 14:25:18","1610114","2026-10-03","10/3/2026 3:00:00 PM","NS","600","1. Liga Classic - Group 2","Switzerland","Solothurn","Münsingen","12709","10589"
"2026-10-03 14:25:18","1610115","2026-10-03","10/3/2026 3:00:00 PM","NS","600","1. Liga Classic - Group 2","Switzerland","Zug","Courtételle","12710","17480"
"2026-10-03 14:25:18","1612745","2026-10-03","10/3/2026 3:00:00 PM","NS","439","Tercera División RFEF - Group 1","Spain","Silva","Villalbés","9615","9618"
"2026-10-03 14:25:18","1614276","2026-10-03","10/3/2026 3:00:00 PM","NS","444","Tercera División RFEF - Group 6","Spain","Soneja","Jove Español","22140","9694"
"2026-10-03 14:25:18","1615801","2026-10-03","10/3/2026 3:00:00 PM","NS","449","Tercera División RFEF - Group 11","Spain","Llosetense","Arenal","9782","22147"
"2026-10-03 14:25:18","1615802","2026-10-03","10/3/2026 3:00:00 PM","NS","449","Tercera División RFEF - Group 11","Spain","Manacor","Andratx","9784","8151"
"2026-10-03 14:25:18","1617024","2026-10-03","10/3/2026 3:00:00 PM","NS","453","Tercera División RFEF - Group 15","Spain","Beti Kozkor","Txantrea","9844","9857"
"2026-10-03 14:25:18","1617025","2026-10-03","10/3/2026 3:00:00 PM","NS","453","Tercera División RFEF - Group 15","Spain","Bidezarra","Beti Onak","15320","9845"
"2026-10-03 14:25:18","1617026","2026-10-03","10/3/2026 3:00:00 PM","NS","453","Tercera División RFEF - Group 15","Spain","Cortes","Izarra","9849","9583"
"2026-10-03 14:25:18","1617029","2026-10-03","10/3/2026 3:00:00 PM","NS","453","Tercera División RFEF - Group 15","Spain","Pamplona","Huarte","9854","9851"
"2026-10-03 14:25:18","1619086","2026-10-03","10/3/2026 3:00:00 PM","NS","12","CAF Champions League","World","Fomboni Club","15 de Agosto","6419","19116"
"2026-10-03 14:25:18","1620042","2026-10-03","10/3/2026 3:00:00 PM","NS","577","Gamma Ethniki - Group 2","Greece","Mpam","PAO Kristoni","28150","20056"
"2026-10-03 14:25:18","1625611","2026-10-03","10/3/2026 3:00:00 PM","NS","430","Serie D - Girone E","Italy","Terranuova Traiana","Prato","19988","1680"
"2026-10-03 14:25:18","1630325","2026-10-03","10/3/2026 3:00:00 PM","NS","1150","Gaúcho - 3","Brazil","Cruz A.","Futebol Com Vida","28276","23290"
"2026-10-03 14:25:18","1632355","2026-10-03","10/3/2026 3:00:00 PM","NS","10","Friendlies","World","India","Brazil","1537","6"
"2026-10-03 14:25:18","1635456","2026-10-03","10/3/2026 3:00:00 PM","NS","248","Kakkonen - Lohko B","Finland","Musa","GrIFK","2245","2079"
"2026-10-03 14:25:18","1639486","2026-10-03","10/3/2026 3:00:00 PM","NS","181","FA Cup","Scotland","Beith","Huntly","21900","7521"
"2026-10-03 14:25:18","1639487","2026-10-03","10/3/2026 3:00:00 PM","NS","181","FA Cup","Scotland","Bo'ness United","Irvine Meadow","15597","17772"
"2026-10-03 14:25:18","1639488","2026-10-03","10/3/2026 3:00:00 PM","NS","181","FA Cup","Scotland","Bonnyton Thistle","East Stirlingshire","19789","7439"
"2026-10-03 14:25:18","1639489","2026-10-03","10/3/2026 3:00:00 PM","NS","181","FA Cup","Scotland","Brechin","Buckie Thistle","1390","7432"
"2026-10-03 14:25:18","1639490","2026-10-03","10/3/2026 3:00:00 PM","NS","181","FA Cup","Scotland","Caledonian Braves","Fraserburgh","7433","6769"
"2026-10-03 14:25:18","1639491","2026-10-03","10/3/2026 3:00:00 PM","NS","181","FA Cup","Scotland","Civil Service Strollers","Formartine United","7434","6768"
"2026-10-03 14:25:18","1639492","2026-10-03","10/3/2026 3:00:00 PM","NS","181","FA Cup","Scotland","Clachnacuddin","Bonnyrigg Rose Athletic","7435","7431"
"2026-10-03 14:25:18","1639493","2026-10-03","10/3/2026 3:00:00 PM","NS","181","FA Cup","Scotland","Cowdenbeath","Berwick Rangers","4667","6759"
"2026-10-03 14:25:18","1639495","2026-10-03","10/3/2026 3:00:00 PM","NS","181","FA Cup","Scotland","Deveronvale","Troon FC","7438","27926"
"2026-10-03 14:25:18","1639496","2026-10-03","10/3/2026 3:00:00 PM","NS","181","FA Cup","Scotland","Dunipace","Preston Athletic","15598","6749"
"2026-10-03 14:25:18","1639497","2026-10-03","10/3/2026 3:00:00 PM","NS","181","FA Cup","Scotland","Forres Mechanics","Stirling University","7441","7450"
"2026-10-03 14:25:18","1639498","2026-10-03","10/3/2026 3:00:00 PM","NS","181","FA Cup","Scotland","Gala Fairydean Rovers","Largs Thistle","7443","27924"
"2026-10-03 14:25:18","1639499","2026-10-03","10/3/2026 3:00:00 PM","NS","181","FA Cup","Scotland","Haddington Athletic","Cumbernauld Colts","15599","7436"
"2026-10-03 14:25:18","1639500","2026-10-03","10/3/2026 3:00:00 PM","NS","181","FA Cup","Scotland","Hill Of Beath Hawthorn","Glasgow University","6742","6739"
"2026-10-03 14:25:18","1639501","2026-10-03","10/3/2026 3:00:00 PM","NS","181","FA Cup","Scotland","Linlithgow Rose","Clydebank","6744","17025"
"2026-10-03 14:25:18","1639502","2026-10-03","10/3/2026 3:00:00 PM","NS","181","FA Cup","Scotland","Lochee United","Inverurie Loco Works","6745","7445"
"2026-10-03 14:25:18","1639503","2026-10-03","10/3/2026 3:00:00 PM","NS","181","FA Cup","Scotland","Musselburgh Athletic","Lossiemouth","15600","7447"
"2026-10-03 14:25:18","1639504","2026-10-03","10/3/2026 3:00:00 PM","NS","181","FA Cup","Scotland","Nairn County","Gretna 2008","7448","7444"
"2026-10-03 14:25:18","1639505","2026-10-03","10/3/2026 3:00:00 PM","NS","181","FA Cup","Scotland","Newton Stewart"," Johnstone Burgh","6747","26605"
"2026-10-03 14:25:18","1639506","2026-10-03","10/3/2026 3:00:00 PM","NS","181","FA Cup","Scotland","Penicuik Athletic","Kilwinning Rangers","6748","19793"
"2026-10-03 14:25:18","1639507","2026-10-03","10/3/2026 3:00:00 PM","NS","181","FA Cup","Scotland","Pollok","Albion Rovers","19794","6756"
"2026-10-03 14:25:18","1639508","2026-10-03","10/3/2026 3:00:00 PM","NS","181","FA Cup","Scotland","Renfrew","Broxburn Athletic","27925","6731"
"2026-10-03 14:25:18","1639509","2026-10-03","10/3/2026 3:00:00 PM","NS","181","FA Cup","Scotland","Rothes","Brora Rangers","7449","6760"
"2026-10-03 14:25:18","1639510","2026-10-03","10/3/2026 3:00:00 PM","NS","181","FA Cup","Scotland","Strathspey Thistle","Dalbeattie Star","7451","7437"
"2026-10-03 14:25:18","1639511","2026-10-03","10/3/2026 3:00:00 PM","NS","181","FA Cup","Scotland","Tayport","Wick Academy","19798","7454"
"2026-10-03 14:25:18","1639513","2026-10-03","10/3/2026 3:00:00 PM","NS","181","FA Cup","Scotland","Tranent Juniors","Turriff United","15602","7452"
"2026-10-03 14:25:18","1639514","2026-10-03","10/3/2026 3:00:00 PM","NS","181","FA Cup","Scotland","Keith","Stonehaven","7446","28422"
"2026-10-03 14:25:18","1639515","2026-10-03","10/3/2026 3:00:00 PM","NS","181","FA Cup","Scotland","Kirkintilloch Rob Roy","Banks O' Dee","28421","6729"
"2026-10-03 14:25:18","1639578","2026-10-03","10/3/2026 3:00:00 PM","NS","667","Friendlies Clubs","World","Slask Wroclaw","Slovan Liberec","337","782"
"2026-10-03 14:25:18","1641100","2026-10-03","10/3/2026 3:00:00 PM","NS","45","FA Cup","England","Barton Town Old Boys","Chorley","8699","4679"
"2026-10-03 14:25:18","1641101","2026-10-03","10/3/2026 3:00:00 PM","NS","45","FA Cup","England","Brackley Town","Chelmsford City","4701","4689"
"2026-10-03 14:25:18","1641102","2026-10-03","10/3/2026 3:00:00 PM","NS","45","FA Cup","England","Bury","Bromsgrove Sporting","1344","7705"
"2026-10-03 14:25:18","1641103","2026-10-03","10/3/2026 3:00:00 PM","NS","45","FA Cup","England","Bury Town","Spalding United","7622","7671"
"2026-10-03 14:25:18","1641104","2026-10-03","10/3/2026 3:00:00 PM","NS","45","FA Cup","England","Buxton","South Shields","7706","7746"
"2026-10-03 14:25:18","1641105","2026-10-03","10/3/2026 3:00:00 PM","NS","45","FA Cup","England","Cambridge City","Alvechurch","7218","7692"
"2026-10-03 14:25:18","1641106","2026-10-03","10/3/2026 3:00:00 PM","NS","45","FA Cup","England","Chesham United","Real Bedford","4702","21712"
"2026-10-03 14:25:18","1641107","2026-10-03","10/3/2026 3:00:00 PM","NS","45","FA Cup","England","Ebbsfleet United","Sholing","1840","7668"
"2026-10-03 14:25:18","1641108","2026-10-03","10/3/2026 3:00:00 PM","NS","45","FA Cup","England","Guiseley AFC","Bradford (Park Avenue)","1824","8651"
"2026-10-03 14:25:18","1641109","2026-10-03","10/3/2026 3:00:00 PM","NS","45","FA Cup","England","Hanwell Town","Dover","7645","1829"
"2026-10-03 14:25:18","1641110","2026-10-03","10/3/2026 3:00:00 PM","NS","45","FA Cup","England","Harborough Town","St Albans City","8812","4708"
"2026-10-03 14:25:18","1641111","2026-10-03","10/3/2026 3:00:00 PM","NS","45","FA Cup","England","Kettering Town","Worcester City","8654","9010"
"2026-10-03 14:25:18","1641112","2026-10-03","10/3/2026 3:00:00 PM","NS","45","FA Cup","England","Leatherhead","Hanworth Villa","4696","8811"
"2026-10-03 14:25:18","1641113","2026-10-03","10/3/2026 3:00:00 PM","NS","45","FA Cup","England","Leiston","Coventry United","7727","8755"
"2026-10-03 14:25:18","1641114","2026-10-03","10/3/2026 3:00:00 PM","NS","45","FA Cup","England","Macclesfield","Scarborough Athletic","1380","7745"
"2026-10-03 14:25:18","1641115","2026-10-03","10/3/2026 3:00:00 PM","NS","45","FA Cup","England","Marine","Warrington Town","7656","7756"
"2026-10-03 14:25:18","1641116","2026-10-03","10/3/2026 3:00:00 PM","NS","45","FA Cup","England","Morecambe","Darlington 1883","1375","10157"
"2026-10-03 14:25:18","1641117","2026-10-03","10/3/2026 3:00:00 PM","NS","45","FA Cup","England","Mulbarton Wanderers","Gloucester City","8875","8653"
"2026-10-03 14:25:18","1641118","2026-10-03","10/3/2026 3:00:00 PM","NS","45","FA Cup","England","Oxford City","Enfield Town","4684","7714"
"2026-10-03 14:25:18","1641119","2026-10-03","10/3/2026 3:00:00 PM","NS","45","FA Cup","England","Plymouth Parkway","Horsham","8899","7723"
"2026-10-03 14:25:18","1641120","2026-10-03","10/3/2026 3:00:00 PM","NS","45","FA Cup","England","Redditch United","Berkhamsted","7741","7214"
"2026-10-03 14:25:18","1641121","2026-10-03","10/3/2026 3:00:00 PM","NS","45","FA Cup","England","Salisbury","Dulwich Hamlet","7744","8149"
"2026-10-03 14:25:18","1641122","2026-10-03","10/3/2026 3:00:00 PM","NS","45","FA Cup","England","Sheppey United","Chertsey Town","8928","7627"
"2026-10-03 14:25:18","1641123","2026-10-03","10/3/2026 3:00:00 PM","NS","45","FA Cup","England","Spennymoor Town","Chester","4707","1820"
"2026-10-03 14:25:18","1641124","2026-10-03","10/3/2026 3:00:00 PM","NS","45","FA Cup","England","Stafford Rangers","Halesowen Town","7748","7644"
"2026-10-03 14:25:18","1641125","2026-10-03","10/3/2026 3:00:00 PM","NS","45","FA Cup","England","Tadley Calleva","Dartford","8964","4690"
"2026-10-03 14:25:18","1641126","2026-10-03","10/3/2026 3:00:00 PM","NS","45","FA Cup","England","Tonbridge Angels","Torquay","8662","1827"
"2026-10-03 14:25:18","1641127","2026-10-03","10/3/2026 3:00:00 PM","NS","45","FA Cup","England","Trafford","Atherton Collieries","7677","7694"
"2026-10-03 14:25:18","1641128","2026-10-03","10/3/2026 3:00:00 PM","NS","45","FA Cup","England","Weymouth","SE Dons","8665","28345"
"2026-10-03 14:25:18","1641616","2026-10-03","10/3/2026 3:00:00 PM","NS","268","Primera División","Uruguay","Liverpool Montevideo","Progreso","2358","2363"
"2026-10-03 14:25:18","1641624","2026-10-03","10/3/2026 3:00:00 PM","NS","45","FA Cup","England","AFC Rushden & Diamonds","Braintree","7691","1831"
"2026-10-03 14:25:18","1641625","2026-10-03","10/3/2026 3:00:00 PM","NS","45","FA Cup","England","Bedford Town","Wingate & Finchley","7616","7759"
"2026-10-03 14:25:18","1641627","2026-10-03","10/3/2026 3:00:00 PM","NS","45","FA Cup","England","Cray Wanderers","Chippenham Town","7711","8147"
"2026-10-03 14:25:18","1641628","2026-10-03","10/3/2026 3:00:00 PM","NS","45","FA Cup","England","Crowborough Athletic","Wimborne Town","8760","7758"
"2026-10-03 14:25:18","1641629","2026-10-03","10/3/2026 3:00:00 PM","NS","45","FA Cup","England","Dorking Wanderers","Chatham Town","8659","8737"
"2026-10-03 14:25:18","1641630","2026-10-03","10/3/2026 3:00:00 PM","NS","45","FA Cup","England","Gainsborough Trinity","Anstey Nomads","4691","8681"
"2026-10-03 14:25:18","1641631","2026-10-03","10/3/2026 3:00:00 PM","NS","45","FA Cup","England","Truro City","Cirencester Town","4699","7629"
"2026-10-03 14:25:18","1641632","2026-10-03","10/3/2026 3:00:00 PM","NS","45","FA Cup","England","Uxbridge","Hungerford Town","7257","8661"
"2026-10-03 14:25:18","1641633","2026-10-03","10/3/2026 3:00:00 PM","NS","45","FA Cup","England","Worksop Town","United of Manchester","7266","7754"
"2026-10-03 14:25:18","1641730","2026-10-03","10/3/2026 3:00:00 PM","NS","45","FA Cup","England","Thame United","Eastbourne Borough","7675","4704"
"2026-10-03 14:25:18","1641993","2026-10-03","10/3/2026 3:00:00 PM","NS","187","Ligue 2","Algeria","JS Jijel","Azazga","20712","10810"
"2026-10-03 14:25:18","1641996","2026-10-03","10/3/2026 3:00:00 PM","NS","187","Ligue 2","Algeria","JSM Skikda","Nrb Beni Oulbene","933","26608"
"2026-10-03 14:25:18","1641999","2026-10-03","10/3/2026 3:00:00 PM","NS","187","Ligue 2","Algeria","GC Mascara","Blida","927","912"
"2026-10-03 14:25:18","1642000","2026-10-03","10/3/2026 3:00:00 PM","NS","187","Ligue 2","Algeria","Usm El Harrach","Taghit","919","28238"
"2026-10-03 14:25:18","1642001","2026-10-03","10/3/2026 3:00:00 PM","NS","187","Ligue 2","Algeria","Hussein Dey","RC Kouba","913","935"
"2026-10-03 14:25:18","1642002","2026-10-03","10/3/2026 3:00:00 PM","NS","187","Ligue 2","Algeria","Koléa","El Bayadh","10710","10743"
"2026-10-03 14:25:18","1642003","2026-10-03","10/3/2026 3:00:00 PM","NS","187","Ligue 2","Algeria","MC Saida","ASM Oran","934","924"
"2026-10-03 14:25:18","1642004","2026-10-03","10/3/2026 3:00:00 PM","NS","187","Ligue 2","Algeria","Sidi Benali","Mostaganem","28237","1070"
"2026-10-03 14:25:18","1642005","2026-10-03","10/3/2026 3:00:00 PM","NS","187","Ligue 2","Algeria","WA Tlemcen","RC Arba","928","937"
"2026-10-03 14:25:18","1642006","2026-10-03","10/3/2026 3:00:00 PM","NS","187","Ligue 2","Algeria","WA Mostaganem","Tiaret","20703","10786"
"2026-10-03 14:25:18","1642016","2026-10-03","10/3/2026 3:00:00 PM","NS","828","Ligue 2","Tunisia","AS Agareb","Sporting Ben Arous","10595","10634"
"2026-10-03 14:25:18","1642018","2026-10-03","10/3/2026 3:00:00 PM","NS","828","Ligue 2","Tunisia","EM Mahdia","Kerkennah","10605","10616"
"2026-10-03 14:25:18","1642019","2026-10-03","10/3/2026 3:00:00 PM","NS","828","Ligue 2","Tunisia","Mégrine","Béni-Khalled","20846","13349"
"2026-10-03 14:25:18","1642020","2026-10-03","10/3/2026 3:00:00 PM","NS","828","Ligue 2","Tunisia","M'saken","CS Chebba","10620","6252"
"2026-10-03 14:25:18","1642021","2026-10-03","10/3/2026 3:00:00 PM","NS","828","Ligue 2","Tunisia","Sfax Railways","AS Gabes","10633","987"
"2026-10-03 14:25:18","1642022","2026-10-03","10/3/2026 3:00:00 PM","NS","828","Ligue 2","Tunisia","US Tataouine","Stade Soussien","1190","28398"
"2026-10-03 14:25:18","1642956","2026-10-03","10/3/2026 3:00:00 PM","NS","667","Friendlies Clubs","World","FC Winterthur","FC Basel 1893","2180","551"
"2026-10-03 14:25:18","1643000","2026-10-03","10/3/2026 3:00:00 PM","NS","10","Friendlies","World","Ireland U18","Netherlands U18","27060","22435"
"2026-10-03 14:25:18","1643001","2026-10-03","10/3/2026 3:00:00 PM","NS","10","Friendlies","World","Uruguay U18","Belgium U18","27068","22425"
"2026-10-03 14:25:18","1643351","2026-10-03","10/3/2026 3:00:00 PM","NS","412","Premier League","Botswana","Matebele","Tonota","22563","28296"
"2026-10-03 14:25:18","1643352","2026-10-03","10/3/2026 3:00:00 PM","NS","412","Premier League","Botswana","Nico United","Prisons XI","5602","5427"
"2026-10-03 14:25:18","1569949","2026-10-03","10/3/2026 3:15:00 PM","NS","141","Segunda División","Spain","Almeria","Burgos","723","9580"
"2026-10-03 14:25:18","1572682","2026-10-03","10/3/2026 3:15:00 PM","NS","877","Segunda División RFEF - Group 3","Spain","Elche II","Ucam Murcia","9691","800"
"2026-10-03 14:25:18","1551820","2026-10-03","10/3/2026 3:30:00 PM","NS","89","Eerste Divisie","Netherlands","Vitesse","NAC Breda","200","203"
"2026-10-03 14:25:18","1551824","2026-10-03","10/3/2026 3:30:00 PM","NS","89","Eerste Divisie","Netherlands","FC OSS","MVV","423","412"
"2026-10-03 14:25:18","1570768","2026-10-03","10/3/2026 3:30:00 PM","NS","435","Primera División RFEF - Group 1","Spain","Barakaldo","Arenas Getxo","5251","9578"
"2026-10-03 14:25:18","1570770","2026-10-03","10/3/2026 3:30:00 PM","NS","435","Primera División RFEF - Group 1","Spain","Racing Ferrol","Pontevedra","9409","9407"
"2026-10-03 14:25:18","1570772","2026-10-03","10/3/2026 3:30:00 PM","NS","435","Primera División RFEF - Group 1","Spain","Real Unión","UD Ourense","9586","9617"
"2026-10-03 14:25:18","1572073","2026-10-03","10/3/2026 3:30:00 PM","NS","875","Segunda División RFEF - Group 1","Spain","Racing Santander II","Eibar II","9643","24572"
"2026-10-03 14:25:18","1599239","2026-10-03","10/3/2026 3:30:00 PM","NS","676","Central Youth League","Poland","Arkonia U19","Śląsk Wrocław U19","26374","20596"
"2026-10-03 14:25:18","1609687","2026-10-03","10/3/2026 3:30:00 PM","NS","601","1. Liga Classic - Group 3","Switzerland","Mendrisio","Tuggen","16354","12720"
"2026-10-03 14:25:18","1612739","2026-10-03","10/3/2026 3:30:00 PM","NS","439","Tercera División RFEF - Group 1","Spain","Alondras","Coruña","9603","26534"
"2026-10-03 14:25:18","1613359","2026-10-03","10/3/2026 3:30:00 PM","NS","441","Tercera División RFEF - Group 3","Spain","Velarde","Cayón","20451","15339"
"2026-10-03 14:25:18","1613663","2026-10-03","10/3/2026 3:30:00 PM","NS","442","Tercera División RFEF - Group 4","Spain","Pasaia KE","Santurtzi","9661","9664"
"2026-10-03 14:25:18","1613665","2026-10-03","10/3/2026 3:30:00 PM","NS","442","Tercera División RFEF - Group 4","Spain","Touring","Durango","20261","5260"
"2026-10-03 14:25:18","1613970","2026-10-03","10/3/2026 3:30:00 PM","NS","443","Tercera División RFEF - Group 5","Spain","Tona","Badalona","20264","5250"
"2026-10-03 14:25:18","1615799","2026-10-03","10/3/2026 3:30:00 PM","NS","449","Tercera División RFEF - Group 11","Spain","Binissalem","Sineu","9774","28112"
"2026-10-03 14:25:18","1615805","2026-10-03","10/3/2026 3:30:00 PM","NS","449","Tercera División RFEF - Group 11","Spain","Platges Calvià","Migjorn","9785","24579"
"2026-10-03 14:25:18","1617027","2026-10-03","10/3/2026 3:30:00 PM","NS","453","Tercera División RFEF - Group 15","Spain","Avance Ezcabarte","Cantolagua","17609","15321"
"2026-10-03 14:25:18","1617642","2026-10-03","10/3/2026 3:30:00 PM","NS","455","Tercera División RFEF - Group 17","Spain","Robres","Binéfar","9888","9881"
"2026-10-03 14:25:18","1624864","2026-10-03","10/3/2026 3:30:00 PM","NS","428","Serie D - Girone C","Italy","LME","Cjarlins Muzane","28195","9468"
"2026-10-03 14:25:18","1643508","2026-10-03","10/3/2026 3:30:00 PM","NS","667","Friendlies Clubs","World","FC Orenburg","Tekstilshchik","1080","3984"
"2026-10-03 14:25:18","1534464","2026-10-03","10/3/2026 4:00:00 PM","PST","117","1. Division","Belarus","Uni Minsk","Dinamo Minsk II","18857","11266"
"2026-10-03 14:25:18","1562412","2026-10-03","10/3/2026 4:00:00 PM","NS","351","4. liga - Divizie B","Czech-Republic","Hvězda Cheb","Štětí","7302","7386"
"2026-10-03 14:25:18","1562413","2026-10-03","10/3/2026 4:00:00 PM","NS","351","4. liga - Divizie B","Czech-Republic","Karlovy Vary","Meteor Praha","7306","7318"
"2026-10-03 14:25:18","1565918","2026-10-03","10/3/2026 4:00:00 PM","NS","645","3. liga - East","Slovakia","Poprad","MSK Tesla Stropkov","10539","14069"
"2026-10-03 14:25:18","1569122","2026-10-03","10/3/2026 4:00:00 PM","NS","780","III Liga - Group 1","Poland","Wigry Suwałki","Wisła Płock II","3497","23046"
"2026-10-03 14:25:18","1572066","2026-10-03","10/3/2026 4:00:00 PM","NS","875","Segunda División RFEF - Group 1","Spain","Atlético Astorga","Amorebieta","9723","9380"
"2026-10-03 14:25:18","1572067","2026-10-03","10/3/2026 4:00:00 PM","NS","875","Segunda División RFEF - Group 1","Spain","Basconia","Llanera","9656","9627"
"2026-10-03 14:25:18","1572074","2026-10-03","10/3/2026 4:00:00 PM","NS","875","Segunda División RFEF - Group 1","Spain","Gimnástica Torrelavega","Marino de Luanco","5264","9401"
"2026-10-03 14:25:18","1572376","2026-10-03","10/3/2026 4:00:00 PM","NS","876","Segunda División RFEF - Group 2","Spain","Peña Sport","SD Logroñés","9406","9411"
"2026-10-03 14:25:18","1574120","2026-10-03","10/3/2026 4:00:00 PM","NS","221","Regionalliga - Ost","Austria","Wiener Viktoria","Donau","4966","8365"
"2026-10-03 14:25:18","1574121","2026-10-03","10/3/2026 4:00:00 PM","NS","221","Regionalliga - Ost","Austria","Mattersburg SV 2020","Parndorf","27886","4955"
"2026-10-03 14:25:18","1574371","2026-10-03","10/3/2026 4:00:00 PM","NS","510","1. Liga Promotion","Switzerland","Amical Saint-Prex","Biel-Bienne","16316","12700"
"2026-10-03 14:25:18","1574630","2026-10-03","10/3/2026 4:00:00 PM","NS","484","Frauenliga","Austria","Salzburg W","First Vienna W","26239","17576"
"2026-10-03 14:25:18","1581787","2026-10-03","10/3/2026 4:00:00 PM","NS","739","AXA Women’s Super League","Switzerland","Young Boys W","Luzern W","17367","16040"
"2026-10-03 14:25:18","1592241","2026-10-03","10/3/2026 4:00:00 PM","NS","747","Oberliga - Westfalen","Germany","Lippstadt 08","SpVgg Herne Horsthausen","9372","28001"
"2026-10-03 14:25:18","1592243","2026-10-03","10/3/2026 4:00:00 PM","NS","747","Oberliga - Westfalen","Germany","Preußen Münster II","Victoria Clarholz","14753","14814"
"2026-10-03 14:25:18","1599127","2026-10-03","10/3/2026 4:00:00 PM","NS","752","Oberliga - Rheinland-Pfalz / Saar","Germany","RW Wittlich","FC Emmelshausen-Karbach","28016","26592"
"2026-10-03 14:25:18","1599979","2026-10-03","10/3/2026 4:00:00 PM","NS","69","National 2 - Group C","France","Andrézieux","Hauts Lyonnais","3009","3187"
"2026-10-03 14:25:18","1602141","2026-10-03","10/3/2026 4:00:00 PM","NS","570","Premier League","Ghana","Dreams","Hearts of Oak","4450","12249"
"2026-10-03 14:25:18","1602146","2026-10-03","10/3/2026 4:00:00 PM","NS","570","Premier League","Ghana","Vision","Bibiani Gold Stars","22782","17993"
"2026-10-03 14:25:18","1604870","2026-10-03","10/3/2026 4:00:00 PM","NS","599","1. Liga Classic - Group 1","Switzerland","Echallens","Meyrin","6623","6630"
"2026-10-03 14:25:18","1604871","2026-10-03","10/3/2026 4:00:00 PM","NS","599","1. Liga Classic - Group 1","Switzerland","Monthey","Lancy","6631","6628"
"2026-10-03 14:25:18","1604872","2026-10-03","10/3/2026 4:00:00 PM","NS","599","1. Liga Classic - Group 1","Switzerland","Stade Payerne","Portalban / Gletterens","16339","16337"
"2026-10-03 14:25:18","1608087","2026-10-03","10/3/2026 4:00:00 PM","NS","1239","Regionalliga - North","Austria","Kuchl","Leonfelden","14714","27885"
"2026-10-03 14:25:18","1608088","2026-10-03","10/3/2026 4:00:00 PM","NS","1239","Regionalliga - North","Austria","Wallern / Marienkirchen","UFC Hallein","21534","19315"
"2026-10-03 14:25:18","1612482","2026-10-03","10/3/2026 4:00:00 PM","NS","640","Kansallinen Liiga","Finland","Åland United W","IF Gnistan","13995","27659"
"2026-10-03 14:25:18","1612510","2026-10-03","10/3/2026 4:00:00 PM","NS","640","Kansallinen Liiga","Finland","VIFK W","EBK W","25564","27397"
"2026-10-03 14:25:18","1613053","2026-10-03","10/3/2026 4:00:00 PM","NS","440","Tercera División RFEF - Group 2","Spain","Ceares","San Martín","9620","9633"
"2026-10-03 14:25:18","1613352","2026-10-03","10/3/2026 4:00:00 PM","NS","441","Tercera División RFEF - Group 3","Spain","Bezana","Vimenor","9639","9652"
"2026-10-03 14:25:18","1613354","2026-10-03","10/3/2026 4:00:00 PM","NS","441","Tercera División RFEF - Group 3","Spain","Laredo","Barquereño","9394","8152"
"2026-10-03 14:25:18","1613659","2026-10-03","10/3/2026 4:00:00 PM","NS","442","Tercera División RFEF - Group 4","Spain","Aurrerá Vitoria","Erandio","20259","28099"
"2026-10-03 14:25:18","1613662","2026-10-03","10/3/2026 4:00:00 PM","NS","442","Tercera División RFEF - Group 4","Spain","Lagun Onak","Aretxabaleta","9660","24571"
"2026-10-03 14:25:18","1614269","2026-10-03","10/3/2026 4:00:00 PM","NS","444","Tercera División RFEF - Group 6","Spain","Acero","Torrellano","9685","17559"
"2026-10-03 14:25:18","1614271","2026-10-03","10/3/2026 4:00:00 PM","NS","444","Tercera División RFEF - Group 6","Spain","Hércules II","Eldense B","9693","28103"
"2026-10-03 14:25:18","1614274","2026-10-03","10/3/2026 4:00:00 PM","NS","444","Tercera División RFEF - Group 6","Spain","Roda","SC Torrevieja","9684","28104"
"2026-10-03 14:25:18","1614580","2026-10-03","10/3/2026 4:00:00 PM","NS","445","Tercera División RFEF - Group 7","Spain","Alcobendas Sport","Parla Escuela","9705","25035"
"2026-10-03 14:25:18","1614883","2026-10-03","10/3/2026 4:00:00 PM","NS","446","Tercera División RFEF - Group 8","Spain","Calasanz de Soria","Villaralbo","28106","22144"
"2026-10-03 14:25:18","1614884","2026-10-03","10/3/2026 4:00:00 PM","NS","446","Tercera División RFEF - Group 8","Spain","Atlético Mansillés","Guijuelo","17502","9388"
"2026-10-03 14:25:18","1614885","2026-10-03","10/3/2026 4:00:00 PM","NS","446","Tercera División RFEF - Group 8","Spain","Mirandés II","Burgos Promesas","9733","9727"
"2026-10-03 14:25:18","1614889","2026-10-03","10/3/2026 4:00:00 PM","NS","446","Tercera División RFEF - Group 8","Spain","Turégano","Arandina","20449","9722"
"2026-10-03 14:25:18","1620671","2026-10-03","10/3/2026 4:00:00 PM","NS","415","Championnat National","Benin","AS Cotonou","Dragons","16418","5459"
"2026-10-03 14:25:18","1620672","2026-10-03","10/3/2026 4:00:00 PM","NS","415","Championnat National","Benin","Ayema","ASVO","5456","5454"
"2026-10-03 14:25:18","1620673","2026-10-03","10/3/2026 4:00:00 PM","NS","415","Championnat National","Benin","Loto Popo","Buffles","18114","5457"
"2026-10-03 14:25:18","1620674","2026-10-03","10/3/2026 4:00:00 PM","NS","415","Championnat National","Benin","Kraké","Damissa","25025","16422"
"2026-10-03 14:25:18","1620675","2026-10-03","10/3/2026 4:00:00 PM","NS","415","Championnat National","Benin","Panthères","Espoir Savalou","5465","16425"
"2026-10-03 14:25:18","1628535","2026-10-03","10/3/2026 4:00:00 PM","NS","399","NPFL","Nigeria","Kano Pillars","Sporting Lagos","5183","22585"
"2026-10-03 14:25:18","1630832","2026-10-03","10/3/2026 4:00:00 PM","NS","1196","Division One League","Ghana","Ebiemo FC","Rospak","28283","22776"
"2026-10-03 14:25:18","1630833","2026-10-03","10/3/2026 4:00:00 PM","NS","1196","Division One League","Ghana","Ebony FC","Skyy","26796","21090"
"2026-10-03 14:25:18","1630836","2026-10-03","10/3/2026 4:00:00 PM","NS","1196","Division One League","Ghana","Golden Kicks","Koforidua","21074","26801"
"2026-10-03 14:25:18","1630839","2026-10-03","10/3/2026 4:00:00 PM","NS","1196","Division One League","Ghana","Kalibi SC","Northern City","28285","22775"
"2026-10-03 14:25:18","1630842","2026-10-03","10/3/2026 4:00:00 PM","NS","1196","Division One League","Ghana","Nania","Golden Warriors","22774","26797"
"2026-10-03 14:25:18","1630846","2026-10-03","10/3/2026 4:00:00 PM","NS","1196","Division One League","Ghana","Pro-Sports Academy","Future Stars","28280","23627"
"2026-10-03 14:25:18","1630847","2026-10-03","10/3/2026 4:00:00 PM","NS","1196","Division One League","Ghana","Sankara Nationals","Steadfast","26806","21092"
"2026-10-03 14:25:18","1630850","2026-10-03","10/3/2026 4:00:00 PM","NS","1196","Division One League","Ghana","Tamale City","Wa Power","20023","21098"
"2026-10-03 14:25:18","1635429","2026-10-03","10/3/2026 4:00:00 PM","NS","247","Kakkonen - Lohko A","Finland","Reipas","Union Plaani","9179","18667"
"2026-10-03 14:25:18","1640076","2026-10-03","10/3/2026 4:00:00 PM","NS","10","Friendlies","World","Russia","Namibia","4","1493"
"2026-10-03 14:25:18","1641099","2026-10-03","10/3/2026 4:00:00 PM","NS","667","Friendlies Clubs","World","GKS Katowice","Baník Ostrava","3484","3713"
"2026-10-03 14:25:18","1642925","2026-10-03","10/3/2026 4:00:00 PM","NS","667","Friendlies Clubs","World","Ermis","Nea Salamis","3400","3401"
"2026-10-03 14:25:18","1642957","2026-10-03","10/3/2026 4:00:00 PM","NS","667","Friendlies Clubs","World","KV Mechelen","Karpaty","266","3617"
"2026-10-03 14:25:18","1619351","2026-10-03","10/3/2026 4:05:00 PM","NS","1227","Premier League Women","Saudi-Arabia","Al Taraji W","Al Ittihad W","28127","27714"
"2026-10-03 14:25:18","1616113","2026-10-03","10/3/2026 4:15:00 PM","NS","450","Tercera División RFEF - Group 12","Spain","Villaverde Norte","Mensajero","28114","5269"
"2026-10-03 14:25:18","1511613","2026-10-03","10/3/2026 4:30:00 PM","NS","266","Primera B","Chile","Magallanes","Curico Unido","2336","2316"
"2026-10-03 14:25:18","1604873","2026-10-03","10/3/2026 4:30:00 PM","NS","599","1. Liga Classic - Group 1","Switzerland","Chênois","Vevey Sports","12692","12697"
"2026-10-03 14:25:18","1608302","2026-10-03","10/3/2026 4:30:00 PM","NS","138","Serie C - Girone A","Italy","Arzignano Valchiampo","Pergolettese","6378","6380"
"2026-10-03 14:25:18","1608683","2026-10-03","10/3/2026 4:30:00 PM","NS","942","Serie C - Girone B","Italy","Grosseto","Sambenedettese","9499","871"
"2026-10-03 14:25:18","1608687","2026-10-03","10/3/2026 4:30:00 PM","NS","942","Serie C - Girone B","Italy","Livorno","Pescara","868","525"
"2026-10-03 14:25:18","1609065","2026-10-03","10/3/2026 4:30:00 PM","NS","943","Serie C - Girone C","Italy","Giugliano","Barletta","9556","19968"
"2026-10-03 14:25:18","1609067","2026-10-03","10/3/2026 4:30:00 PM","NS","943","Serie C - Girone C","Italy","SS Monopoli","Savoia","10138","9564"
"2026-10-03 14:25:18","1610600","2026-10-03","10/3/2026 4:30:00 PM","NS","711","Segunda División","Chile","Santiago City","Trasandino","21117","5646"
"2026-10-03 14:25:18","1613351","2026-10-03","10/3/2026 4:30:00 PM","NS","441","Tercera División RFEF - Group 3","Spain","Atlético Mineros","Sámano","22132","9648"
"2026-10-03 14:25:18","1613358","2026-10-03","10/3/2026 4:30:00 PM","NS","441","Tercera División RFEF - Group 3","Spain","Torina","Guarnizo","9650","9642"
"2026-10-03 14:25:18","1616723","2026-10-03","10/3/2026 4:30:00 PM","NS","452","Tercera División RFEF - Group 14","Spain","Atlético Pueblonuevo","Puebla Calzada","20279","24613"
"2026-10-03 14:25:18","1617948","2026-10-03","10/3/2026 4:30:00 PM","NS","456","Tercera División RFEF - Group 18","Spain","Villacañas","Toledo","9910","9908"
"2026-10-03 14:25:18","1632090","2026-10-03","10/3/2026 4:30:00 PM","NS","890","U20 Elite League","World","England U20","Germany U20","10309","10310"
"2026-10-03 14:25:18","1639185","2026-10-03","10/3/2026 4:30:00 PM","NS","143","Copa del Rey","Spain","Baztán","Atletico Calatayud","9843","26727"
"2026-10-03 14:25:18","1643341","2026-10-03","10/3/2026 4:30:00 PM","NS","423","Ligue 1","Burkina-Faso","ASFA-Yennenga","ASFB","8563","8564"
"2026-10-03 14:25:18","1643342","2026-10-03","10/3/2026 4:30:00 PM","NS","423","Ligue 1","Burkina-Faso","Majestic","Vitesse","8566","17923"
"2026-10-03 14:25:18","1643344","2026-10-03","10/3/2026 4:30:00 PM","NS","423","Ligue 1","Burkina-Faso","Rahimo","Douanes","6430","13978"
"2026-10-03 14:25:18","1643420","2026-10-03","10/3/2026 4:30:00 PM","NS","847","Premier League","Eswatini","Young Buffaloes","Moneni Pirates","8076","16821"
"2026-10-03 14:25:18","1593144","2026-10-03","10/3/2026 4:55:00 PM","NS","82","Frauen Bundesliga","Germany","Eintracht Frankfurt W","Bayern Munich W","14014","1860"
"2026-10-03 14:25:18","1643354","2026-10-03","10/3/2026 4:55:00 PM","NS","25","Gulf Cup of Nations","World","Saudi Arabia","Qatar","23","1569"
"2026-10-03 14:25:18","1496895","2026-10-03","10/3/2026 5:00:00 PM","NS","776","3. Division - Girone 3","Norway","Sogndal II","Austevoll","16219","27276"
"2026-10-03 14:25:18","1510870","2026-10-03","10/3/2026 5:00:00 PM","NS","593","Division 2 - Norra Svealand","Sweden","Gute","Skiljebo","6671","12584"
"2026-10-03 14:25:18","1517358","2026-10-03","10/3/2026 5:00:00 PM","NS","479","Canadian Premier League","Canada","York United","Cavalry FC","2623","2619"
"2026-10-03 14:25:18","1528933","2026-10-03","10/3/2026 5:00:00 PM","NS","5","UEFA Nations League","World","Croatia","England","3","10"
"2026-10-03 14:25:18","1528934","2026-10-03","10/3/2026 5:00:00 PM","NS","5","UEFA Nations League","World","Belarus","San Marino","1100","1115"
"2026-10-03 14:25:18","1528935","2026-10-03","10/3/2026 5:00:00 PM","NS","5","UEFA Nations League","World","Iceland","Bulgaria","18","1103"
"2026-10-03 14:25:18","1530012","2026-10-03","10/3/2026 5:00:00 PM","NS","649","Supreme Division Women","Russia","Rostov W","Krasnodar W","16490","14135"
"2026-10-03 14:25:18","1545609","2026-10-03","10/3/2026 5:00:00 PM","NS","5","UEFA Nations League","World","Estonia","Luxembourg","1101","1102"
"2026-10-03 14:25:18","1558952","2026-10-03","10/3/2026 5:00:00 PM","NS","374","2. SNL","Slovenia","Brežice","Primorje","4369","14007"
"2026-10-03 14:25:18","1558956","2026-10-03","10/3/2026 5:00:00 PM","NS","374","2. SNL","Slovenia","Tabor Sežana","Krka","4362","4375"
"2026-10-03 14:25:18","1561155","2026-10-03","10/3/2026 5:00:00 PM","NS","506","2. liga","Slovakia","Tatran Prešov","Baník Lehota p.Vtáčnikom","10550","14942"
"2026-10-03 14:25:18","1561675","2026-10-03","10/3/2026 5:00:00 PM","NS","109","II Liga - East","Poland","Sandecja Nowy Sącz","Lechia Zielona Góra","3492","14143"
"2026-10-03 14:25:18","1566617","2026-10-03","10/3/2026 5:00:00 PM","NS","733","I Liga - Women","Slovakia","Spartak Myjava W","Spartak Trnava W","15982","15983"
"2026-10-03 14:25:18","1572072","2026-10-03","10/3/2026 5:00:00 PM","NS","875","Segunda División RFEF - Group 1","Spain","Portugalete","Deportivo Alavés II","9408","9582"
"2026-10-03 14:25:18","1572374","2026-10-03","10/3/2026 5:00:00 PM","NS","876","Segunda División RFEF - Group 2","Spain","Espanyol II","Náxara","9590","9868"
"2026-10-03 14:25:18","1573290","2026-10-03","10/3/2026 5:00:00 PM","NS","879","Segunda División RFEF - Group 5","Spain","Albacete II","CF Talavera","9895","5253"
"2026-10-03 14:25:18","1573295","2026-10-03","10/3/2026 5:00:00 PM","NS","879","Segunda División RFEF - Group 5","Spain","Guadalajara","Gimnástica Segoviana","9900","9387"
"2026-10-03 14:25:18","1573605","2026-10-03","10/3/2026 5:00:00 PM","NS","142","Primera División Femenina","Spain","Madrid CFF W","Athletic Club W","1921","1905"
"2026-10-03 14:25:18","1581004","2026-10-03","10/3/2026 5:00:00 PM","NS","64","Feminine Division 1","France","Le Havre W","Saint-Malo W","14006","27932"
"2026-10-03 14:25:18","1581005","2026-10-03","10/3/2026 5:00:00 PM","NS","64","Feminine Division 1","France","Lyon W","Toulouse W","1674","27933"
"2026-10-03 14:25:18","1581785","2026-10-03","10/3/2026 5:00:00 PM","NS","739","AXA Women’s Super League","Switzerland","Rapperswil Jona W","Aarau W","19194","17365"
"2026-10-03 14:25:18","1581788","2026-10-03","10/3/2026 5:00:00 PM","NS","739","AXA Women’s Super League","Switzerland","Yverdon W","Basel W","17366","16038"
"2026-10-03 14:25:18","1586583","2026-10-03","10/3/2026 5:00:00 PM","NS","84","Regionalliga - Nord","Germany","Kickers Emden","Todesfelde","12804","12880"
"2026-10-03 14:25:18","1590408","2026-10-03","10/3/2026 5:00:00 PM","NS","552","3. Lig - Group 1","Turkey","Karabük İdman Yurdu","Amasyaspor 1968","20294","19299"
"2026-10-03 14:25:18","1590409","2026-10-03","10/3/2026 5:00:00 PM","NS","552","3. Lig - Group 1","Turkey","Orduspor 1967","Fatsa Belediyespor","17261","7404"
"2026-10-03 14:25:18","1590712","2026-10-03","10/3/2026 5:00:00 PM","NS","553","3. Lig - Group 2","Turkey","Altay","Alanya 1221 FK","3566","15361"
"2026-10-03 14:25:18","1591025","2026-10-03","10/3/2026 5:00:00 PM","NS","554","3. Lig - Group 3","Turkey","Yozgat Bld Bozokspor","Yeşilyurt Belediyespor","22448","6541"
"2026-10-03 14:25:18","1591327","2026-10-03","10/3/2026 5:00:00 PM","NS","205","2. Lig","Turkey","Isparta 32 Spor","Hatayspor","6523","3575"
"2026-10-03 14:25:18","1591329","2026-10-03","10/3/2026 5:00:00 PM","NS","205","2. Lig","Turkey","Menemen FK","Adana Demirspor","3599","3563"
"2026-10-03 14:25:18","1591331","2026-10-03","10/3/2026 5:00:00 PM","NS","205","2. Lig","Turkey","Somaspor","Sebat Gençlikspor","6538","22010"
"2026-10-03 14:25:18","1591627","2026-10-03","10/3/2026 5:00:00 PM","NS","205","2. Lig","Turkey","Fethiyespor","Karacabey Belediyespor","3590","7407"
"2026-10-03 14:25:18","1594149","2026-10-03","10/3/2026 5:00:00 PM","NS","635","NB III - Northwest","Hungary","Pápai Perutz","Gyori ETO II","5129","11851"
"2026-10-03 14:25:18","1599500","2026-10-03","10/3/2026 5:00:00 PM","NS","67","National 2 - Group A","France","Colmar","Racing Colombes 92","13583","3218"
"2026-10-03 14:25:18","1599501","2026-10-03","10/3/2026 5:00:00 PM","NS","67","National 2 - Group A","France","Dieppe","Le Pays du Valois","9274","20601"
"2026-10-03 14:25:18","1599503","2026-10-03","10/3/2026 5:00:00 PM","NS","67","National 2 - Group A","France","Feignies-Aulnoye","Chambly Thelle FC","3176","1291"
"2026-10-03 14:25:18","1599504","2026-10-03","10/3/2026 5:00:00 PM","NS","67","National 2 - Group A","France","Furiani-Agliani","Haguenau","3181","3058"
"2026-10-03 14:25:18","1599505","2026-10-03","10/3/2026 5:00:00 PM","NS","67","National 2 - Group A","France","St Maur Lusitanos","Bastia-Borgo","3115","3019"
"2026-10-03 14:25:18","1599741","2026-10-03","10/3/2026 5:00:00 PM","NS","68","National 2 - Group B","France","Granville","Saint-Colomban Locminé","3185","3224"
"2026-10-03 14:25:18","1599742","2026-10-03","10/3/2026 5:00:00 PM","NS","68","National 2 - Group B","France","Le Poiré sur Vie","Châteaubriant","3068","9272"
"2026-10-03 14:25:18","1599743","2026-10-03","10/3/2026 5:00:00 PM","NS","68","National 2 - Group B","France","Pontivy GSI","Angoulême","3098","3011"
"2026-10-03 14:25:18","1599744","2026-10-03","10/3/2026 5:00:00 PM","NS","68","National 2 - Group B","France","Saint-Malo","Saumur","3108","3225"
"2026-10-03 14:25:18","1599746","2026-10-03","10/3/2026 5:00:00 PM","NS","68","National 2 - Group B","France","Tarbes","Dinan Léhon","3235","9275"
"2026-10-03 14:25:18","1599965","2026-10-03","10/3/2026 5:00:00 PM","NS","69","National 2 - Group C","France","Rumilly Vallières","Limonest","9973","3071"
"2026-10-03 14:25:18","1599980","2026-10-03","10/3/2026 5:00:00 PM","NS","69","National 2 - Group C","France","Bourges Foot 18","Fréjus St-Raphaël","17360","3051"
"2026-10-03 14:25:18","1599983","2026-10-03","10/3/2026 5:00:00 PM","NS","69","National 2 - Group C","France","Chasselay MDA","Lyon Duchere","9254","1295"
"2026-10-03 14:25:18","1599986","2026-10-03","10/3/2026 5:00:00 PM","NS","69","National 2 - Group C","France","Toulon","Troyes II","3125","9945"
"2026-10-03 14:25:18","1600137","2026-10-03","10/3/2026 5:00:00 PM","NS","69","National 2 - Group C","France","Nimes","Hyères","92","3061"
"2026-10-03 14:25:18","1601255","2026-10-03","10/3/2026 5:00:00 PM","NS","139","Serie A Women","Italy","Roma W","Lazio W","1892","17369"
"2026-10-03 14:25:18","1607860","2026-10-03","10/3/2026 5:00:00 PM","NS","675","U21 Divisie 1","Netherlands","Cambuur U21","Groningen U21","21988","14905"
"2026-10-03 14:25:18","1609922","2026-10-03","10/3/2026 5:00:00 PM","NS","317","1st League - RS","Bosnia","Rudar Prijedor","Omarska","3377","17374"
"2026-10-03 14:25:18","1609925","2026-10-03","10/3/2026 5:00:00 PM","NS","317","1st League - RS","Bosnia","Sutjeska Foča","Zvijezda 09","4285","3362"
"2026-10-03 14:25:18","1611084","2026-10-03","10/3/2026 5:00:00 PM","NS","316","1st League - FBiH","Bosnia","Posušje","Sloboda Tuzla","14146","3360"
"2026-10-03 14:25:18","1613355","2026-10-03","10/3/2026 5:00:00 PM","NS","441","Tercera División RFEF - Group 3","Spain","Revilla","Atlético Albericia","15337","9637"
"2026-10-03 14:25:18","1613357","2026-10-03","10/3/2026 5:00:00 PM","NS","441","Tercera División RFEF - Group 3","Spain","Solares","Escobedo","9647","9386"
"2026-10-03 14:25:18","1614881","2026-10-03","10/3/2026 5:00:00 PM","NS","446","Tercera División RFEF - Group 8","Spain","Almazán","Palencia CF","9721","17538"
"2026-10-03 14:25:18","1614887","2026-10-03","10/3/2026 5:00:00 PM","NS","446","Tercera División RFEF - Group 8","Spain","Salamanca II","Colegios Diocesanos","9737","15354"
"2026-10-03 14:25:18","1615192","2026-10-03","10/3/2026 5:00:00 PM","NS","447","Tercera División RFEF - Group 9","Spain","Málaga II","Granada II","9752","9599"
"2026-10-03 14:25:18","1615497","2026-10-03","10/3/2026 5:00:00 PM","NS","448","Tercera División RFEF - Group 10","Spain","Dos Hermanas","Ceuta II","26535","17596"
"2026-10-03 14:25:18","1616106","2026-10-03","10/3/2026 5:00:00 PM","NS","450","Tercera División RFEF - Group 12","Spain","Las Palmas III","Lanzarote","9798","9797"
"2026-10-03 14:25:18","1616107","2026-10-03","10/3/2026 5:00:00 PM","NS","450","Tercera División RFEF - Group 12","Spain","Los Llanos","Unión Sur Yaiza","24611","17605"
"2026-10-03 14:25:18","1616110","2026-10-03","10/3/2026 5:00:00 PM","NS","450","Tercera División RFEF - Group 12","Spain","San Bartolomé","Villa Santa Brígida","22148","9807"
"2026-10-03 14:25:18","1616112","2026-10-03","10/3/2026 5:00:00 PM","NS","450","Tercera División RFEF - Group 12","Spain","San Miguel","Tenerife C","27623","26851"
"2026-10-03 14:25:18","1617023","2026-10-03","10/3/2026 5:00:00 PM","NS","453","Tercera División RFEF - Group 15","Spain","San Juan","Subiza","9855","9856"
"2026-10-03 14:25:18","1617945","2026-10-03","10/3/2026 5:00:00 PM","NS","456","Tercera División RFEF - Group 18","Spain","Noblejas","Illescas","24653","9901"
"2026-10-03 14:25:18","1618378","2026-10-03","10/3/2026 5:00:00 PM","NS","92","Derde Divisie","Netherlands","Hoogeveen","SC Genemuiden","14235","1273"
"2026-10-03 14:25:18","1631518","2026-10-03","10/3/2026 5:00:00 PM","NS","69","National 2 - Group C","France","Saint-Priest","UF Touraine","3296","9926"
"2026-10-03 14:25:18","1631748","2026-10-03","10/3/2026 5:00:00 PM","NS","722","Liga Premier Serie A","Mexico","Correcaminos UAT II","La Tribu de Cd. Juarez","17782","28306"
"2026-10-03 14:25:18","1639186","2026-10-03","10/3/2026 5:00:00 PM","NS","143","Copa del Rey","Spain","Ceuta 6 de Junio","Lebrijana","18090","9761"
"2026-10-03 14:25:18","1639191","2026-10-03","10/3/2026 5:00:00 PM","NS","143","Copa del Rey","Spain","Tedeón","Anaitasuna","15325","15340"
"2026-10-03 14:25:18","1640789","2026-10-03","10/3/2026 5:00:00 PM","NS","200","Botola Pro","Morocco","Hassania Agadir","Maghreb Fès","973","3453"
"2026-10-03 14:25:18","1641163","2026-10-03","10/3/2026 5:00:00 PM","NS","201","Botola 2","Morocco","Olympique Khouribga","Chabab Atl. Khenifra","972","970"
"2026-10-03 14:25:18","1641164","2026-10-03","10/3/2026 5:00:00 PM","NS","201","Botola 2","Morocco","Stade Marocain","Ittihad Khemisset","15549","3452"
"2026-10-03 14:25:18","1641165","2026-10-03","10/3/2026 5:00:00 PM","NS","201","Botola 2","Morocco","Wydad Fès","Union Sportive Boujaad","3459","26496"
"2026-10-03 14:25:18","1641866","2026-10-03","10/3/2026 5:00:00 PM","NS","269","Segunda División","Uruguay","Miramar","Paysandu","2373","19410"
"2026-10-03 14:25:18","1642959","2026-10-03","10/3/2026 5:00:00 PM","NS","667","Friendlies Clubs","World","Stade Brestois 29","Monza","106","1579"
"2026-10-03 14:25:18","1642960","2026-10-03","10/3/2026 5:00:00 PM","NS","667","Friendlies Clubs","World","Turan","Fenerbahçe","5499","611"
"2026-10-03 14:25:18","1643509","2026-10-03","10/3/2026 5:00:00 PM","NS","667","Friendlies Clubs","World","AEK Larnaca","Apollon Limassol","614","602"
"2026-10-03 14:25:18","1510867","2026-10-03","10/3/2026 5:15:00 PM","NS","593","Division 2 - Norra Svealand","Sweden","Lidingö","Bollstanäs","6685","25574"
"2026-10-03 14:25:18","1613966","2026-10-03","10/3/2026 5:15:00 PM","NS","443","Tercera División RFEF - Group 5","Spain","Cornellà","Peralada","5258","9676"
"2026-10-03 14:25:18","1557048","2026-10-03","10/3/2026 5:30:00 PM","NS","183","League One","Scotland","Hamilton Academical","Peterhead","248","6777"
"2026-10-03 14:25:18","1569950","2026-10-03","10/3/2026 5:30:00 PM","NS","141","Segunda División","Spain","Cadiz","Leganes","724","537"
"2026-10-03 14:25:18","1569958","2026-10-03","10/3/2026 5:30:00 PM","NS","141","Segunda División","Spain","Sabadell","FC Andorra","9593","8157"
"2026-10-03 14:25:18","1578099","2026-10-03","10/3/2026 5:30:00 PM","NS","149","Second Amateur Division - VFV A","Belgium","Zulte Waregem II","Oudenaarde","19898","5894"
"2026-10-03 14:25:18","1578339","2026-10-03","10/3/2026 5:30:00 PM","NS","150","Second Amateur Division - VFV B","Belgium","Royal Antwerp II","Cappellen","19958","5767"
"2026-10-03 14:25:18","1580938","2026-10-03","10/3/2026 5:30:00 PM","NS","64","Feminine Division 1","France","Nantes W","Montpellier W","24513","1675"
"2026-10-03 14:25:18","1580939","2026-10-03","10/3/2026 5:30:00 PM","NS","64","Feminine Division 1","France","Strasbourg W","Marseille W","24514","1673"
"2026-10-03 14:25:18","1617337","2026-10-03","10/3/2026 5:30:00 PM","NS","454","Tercera División RFEF - Group 16","Spain","Yagüe","Cenicero","9876","17612"
"2026-10-03 14:25:18","1617944","2026-10-03","10/3/2026 5:30:00 PM","NS","456","Tercera División RFEF - Group 18","Spain","Marchamalo","Tarancón","15332","9907"
"2026-10-03 14:25:18","1643002","2026-10-03","10/3/2026 5:30:00 PM","NS","10","Friendlies","World","Portugal U19","Denmark U19","10343","10331"
"2026-10-03 14:25:18","1570774","2026-10-03","10/3/2026 5:45:00 PM","NS","435","Primera División RFEF - Group 1","Spain","Unionistas de Salamanca","Cultural Leonesa","5281","725"
"2026-10-03 14:25:18","1571146","2026-10-03","10/3/2026 5:45:00 PM","NS","436","Primera División RFEF - Group 2","Spain","Alcorcon","Juventud Torremolinos","711","15359"
"2026-10-03 14:25:18","1571148","2026-10-03","10/3/2026 5:45:00 PM","NS","436","Primera División RFEF - Group 2","Spain","FC Cartagena","Águilas","5262","9823"
"2026-10-03 14:25:18","1571153","2026-10-03","10/3/2026 5:45:00 PM","NS","436","Primera División RFEF - Group 2","Spain","Sant Andreu","Antequera","5277","9742"
"2026-10-03 14:25:18","1349992","2026-10-03","10/3/2026 6:00:00 PM","NS","850","UEFA U21 Championship - Qualification","World","France U21","Luxembourg U21","8194","8207"
"2026-10-03 14:25:18","1559657","2026-10-03","10/3/2026 6:00:00 PM","NS","339","Liga Nacional","Guatemala","Mixco","Municipal","3645","3665"
"2026-10-03 14:25:18","1564883","2026-10-03","10/3/2026 6:00:00 PM","NS","407","Championship","Northern-Ireland","Moyola Park","Glenavon FC","11117","2275"
"2026-10-03 14:25:18","1568507","2026-10-03","10/3/2026 6:00:00 PM","NS","782","III Liga - Group 3","Poland","Odra Bytom Odrzański","Zaglebie Sosnowiec","21455","342"
"2026-10-03 14:25:18","1569124","2026-10-03","10/3/2026 6:00:00 PM","NS","780","III Liga - Group 1","Poland","Warta Sieradz","Mazovia Minsk Mazowiecki","19619","27901"
"2026-10-03 14:25:18","1572985","2026-10-03","10/3/2026 6:00:00 PM","NS","878","Segunda División RFEF - Group 4","Spain","Estepona","Don Benito","15358","5259"
"2026-10-03 14:25:18","1599506","2026-10-03","10/3/2026 6:00:00 PM","NS","67","National 2 - Group A","France","Montlouis","St-Pryvé St-Hilaire","9293","3117"
"2026-10-03 14:25:18","1612740","2026-10-03","10/3/2026 6:00:00 PM","NS","439","Tercera División RFEF - Group 1","Spain","Arenteiro","Antela","9604","28094"
"2026-10-03 14:25:18","1613050","2026-10-03","10/3/2026 6:00:00 PM","NS","440","Tercera División RFEF - Group 2","Spain","L'Entregu","Colunga","9625","9621"
"2026-10-03 14:25:18","1617943","2026-10-03","10/3/2026 6:00:00 PM","NS","456","Tercera División RFEF - Group 18","Spain","La Solana","Villarrobledo","9903","9602"
"2026-10-03 14:25:18","1631749","2026-10-03","10/3/2026 6:00:00 PM","NS","722","Liga Premier Serie A","Mexico","Mineros de Fresnillo","Atlético Saltillo","15935","15919"
"2026-10-03 14:25:18","1637146","2026-10-03","10/3/2026 6:00:00 PM","NS","403","Ligue 1","Senegal","Teungueth","Ouakam","5296","5554"
"2026-10-03 14:25:18","1641759","2026-10-03","10/3/2026 6:00:00 PM","NS","538","Africa Cup of Nations U20","World","Egypt U20","Morocco U20","11027","11039"
"2026-10-03 14:25:18","1643353","2026-10-03","10/3/2026 6:00:00 PM","NS","412","Premier League","Botswana","TAFIC","Centre Chiefs","5597","5419"
"2026-10-03 14:25:18","1643512","2026-10-03","10/3/2026 6:00:00 PM","NS","667","Friendlies Clubs","World","Arka Gdynia","IFK Goteborg","344","366"
"2026-10-03 14:25:18","1557300","2026-10-03","10/3/2026 6:30:00 PM","NS","146","Super League Women","Belgium","Standard Liege W","Genk W","1791","1786"
"2026-10-03 14:25:18","1557301","2026-10-03","10/3/2026 6:30:00 PM","NS","146","Super League Women","Belgium","Gent W","Zulte-Waregem W","1789","14035"
"2026-10-03 14:25:18","1578100","2026-10-03","10/3/2026 6:30:00 PM","NS","149","Second Amateur Division - VFV A","Belgium","Oostkamp","Eendracht Aalst","5890","5783"
"2026-10-03 14:25:18","1578340","2026-10-03","10/3/2026 6:30:00 PM","NS","150","Second Amateur Division - VFV B","Belgium","Hades","Bocholt","5815","5760"
"2026-10-03 14:25:18","1579961","2026-10-03","10/3/2026 6:30:00 PM","NS","487","First Amateur Division","Belgium","Dessel Sport","Harelbeke","6216","5817"
"2026-10-03 14:25:18","1582872","2026-10-03","10/3/2026 6:30:00 PM","NS","148","Second Amateur Division - ACFF","Belgium","La Calamine","Aywaille","8461","5747"
"2026-10-03 14:25:18","1582873","2026-10-03","10/3/2026 6:30:00 PM","NS","148","Second Amateur Division - ACFF","Belgium","Ostiches","Stockay-Warfusée","5893","5942"
"2026-10-03 14:25:18","1613965","2026-10-03","10/3/2026 6:30:00 PM","NS","443","Tercera División RFEF - Group 5","Spain","Vilanova","San Juan Atletico de Montcada","26542","28102"
"2026-10-03 14:25:18","1618376","2026-10-03","10/3/2026 6:30:00 PM","NS","92","Derde Divisie","Netherlands","Dongen","Poortugaal","1285","24634"
"2026-10-03 14:25:18","1618377","2026-10-03","10/3/2026 6:30:00 PM","NS","92","Derde Divisie","Netherlands","EVV","Noordwijk","1286","1247"
"2026-10-03 14:25:18","1493156","2026-10-03","10/3/2026 6:45:00 PM","NS","128","Liga Profesional Argentina","Argentina","Defensa Y Justicia","San Lorenzo","442","460"
"2026-10-03 14:25:18","1498847","2026-10-03","10/3/2026 7:00:00 PM","NS","129","Primera Nacional","Argentina","Acassuso","Ciudad de Bolívar","2425","16612"
"2026-10-03 14:25:18","1498854","2026-10-03","10/3/2026 7:00:00 PM","NS","129","Primera Nacional","Argentina","Colon Santa Fe","CA Estudiantes","448","1936"
"2026-10-03 14:25:18","1498855","2026-10-03","10/3/2026 7:00:00 PM","NS","129","Primera Nacional","Argentina","Deportivo Moron","All Boys","469","464"
"2026-10-03 14:25:18","1498861","2026-10-03","10/3/2026 7:00:00 PM","NS","129","Primera Nacional","Argentina","San Miguel","Atletico Mitre","8379","466"
"2026-10-03 14:25:18","1498863","2026-10-03","10/3/2026 7:00:00 PM","NS","129","Primera Nacional","Argentina","Temperley","Gimnasia Jujuy","454","479"
"2026-10-03 14:25:18","1498864","2026-10-03","10/3/2026 7:00:00 PM","NS","129","Primera Nacional","Argentina","Tristan Suarez","Quilmes","1965","480"
"2026-10-03 14:25:18","1499662","2026-10-03","10/3/2026 7:00:00 PM","NS","131","Primera B Metropolitana","Argentina","Defensores Unidos","Argentino Quilmes","1945","8376"
"2026-10-03 14:25:18","1499664","2026-10-03","10/3/2026 7:00:00 PM","NS","131","Primera B Metropolitana","Argentina","Deportivo Camioneros","Deportivo Laferrere","3943","1924"
"2026-10-03 14:25:18","1499665","2026-10-03","10/3/2026 7:00:00 PM","NS","131","Primera B Metropolitana","Argentina","Dock Sud","Deportivo Armenio","2429","2427"
"2026-10-03 14:25:18","1499666","2026-10-03","10/3/2026 7:00:00 PM","NS","131","Primera B Metropolitana","Argentina","Liniers","Excursionistas","8395","8385"
"2026-10-03 14:25:18","1499667","2026-10-03","10/3/2026 7:00:00 PM","NS","131","Primera B Metropolitana","Argentina","Real Pilar","Villa Dalmine","2422","481"
"2026-10-03 14:25:18","1499668","2026-10-03","10/3/2026 7:00:00 PM","NS","131","Primera B Metropolitana","Argentina","San Martín Burzaco","Argentino de Merlo","8387","2430"
"2026-10-03 14:25:18","1499671","2026-10-03","10/3/2026 7:00:00 PM","NS","131","Primera B Metropolitana","Argentina","Villa San Carlos","Arsenal Sarandi","8380","459"
"2026-10-03 14:25:18","1500141","2026-10-03","10/3/2026 7:00:00 PM","NS","132","Primera C","Argentina","Deportivo Paraguayo","Mercedes","8394","18915"
"2026-10-03 14:25:18","1500142","2026-10-03","10/3/2026 7:00:00 PM","NS","132","Primera C","Argentina","El Porvenir","Canuelas","8384","1947"
"2026-10-03 14:25:18","1500144","2026-10-03","10/3/2026 7:00:00 PM","NS","132","Primera C","Argentina","Juventud Unida","Berazategui","486","8382"
"2026-10-03 14:25:18","1511611","2026-10-03","10/3/2026 7:00:00 PM","NS","266","Primera B","Chile","Deportes Copiapo","D. Puerto Montt","2343","2342"
"2026-10-03 14:25:18","1511614","2026-10-03","10/3/2026 7:00:00 PM","NS","266","Primera B","Chile","Recoleta","Santiago Wanderers","5644","2333"
"2026-10-03 14:25:18","1534099","2026-10-03","10/3/2026 7:00:00 PM","NS","1182","Northern Super League","Canada","Halifax Tides W","Calgary Wild W","25898","25897"
"2026-10-03 14:25:18","1551821","2026-10-03","10/3/2026 7:00:00 PM","NS","89","Eerste Divisie","Netherlands","Almere City FC","FC Volendam","419","416"
"2026-10-03 14:25:18","1551822","2026-10-03","10/3/2026 7:00:00 PM","NS","89","Eerste Divisie","Netherlands","Den Bosch","Dordrecht","421","409"
"2026-10-03 14:25:18","1551823","2026-10-03","10/3/2026 7:00:00 PM","NS","89","Eerste Divisie","Netherlands","FC Eindhoven","De Graafschap","422","199"
"2026-10-03 14:25:18","1551825","2026-10-03","10/3/2026 7:00:00 PM","NS","89","Eerste Divisie","Netherlands","Waalwijk","Emmen","417","208"
"2026-10-03 14:25:18","1575035","2026-10-03","10/3/2026 7:00:00 PM","NS","1114","Carioca U20","Brazil","Botafogo U20","Maricá U20","22875","25595"
"2026-10-03 14:25:18","1575037","2026-10-03","10/3/2026 7:00:00 PM","NS","1114","Carioca U20","Brazil","Volta Redonda U20","Portuguesa RJ U20","13074","22842"
"2026-10-03 14:25:18","1578101","2026-10-03","10/3/2026 7:00:00 PM","NS","149","Second Amateur Division - VFV A","Belgium","FC Lebbeke","Ninove","5803","5884"
"2026-10-03 14:25:18","1578102","2026-10-03","10/3/2026 7:00:00 PM","NS","149","Second Amateur Division - VFV A","Belgium","KRC Gent","RFC Wetteren","5843","5905"
"2026-10-03 14:25:18","1578104","2026-10-03","10/3/2026 7:00:00 PM","NS","149","Second Amateur Division - VFV A","Belgium","Sparta Petegem","HO Kalken","5927","5813"
"2026-10-03 14:25:18","1578341","2026-10-03","10/3/2026 7:00:00 PM","NS","150","Second Amateur Division - VFV B","Belgium","Racing Mechelen","Rotselaar","5906","21811"
"2026-10-03 14:25:18","1578342","2026-10-03","10/3/2026 7:00:00 PM","NS","150","Second Amateur Division - VFV B","Belgium","Nijlen","De Kempen","5883","5773"
"2026-10-03 14:25:18","1578343","2026-10-03","10/3/2026 7:00:00 PM","NS","150","Second Amateur Division - VFV B","Belgium","Tempo Overijse","Wellen","5947","5989"
"2026-10-03 14:25:18","1579826","2026-10-03","10/3/2026 7:00:00 PM","NS","487","First Amateur Division","Belgium","Olympic Charleroi","Meux","6221","5872"
"2026-10-03 14:25:18","1579827","2026-10-03","10/3/2026 7:00:00 PM","NS","487","First Amateur Division","Belgium","Albert Quévy-Mons","Flénu","5740","19779"
"2026-10-03 14:25:18","1579828","2026-10-03","10/3/2026 7:00:00 PM","NS","487","First Amateur Division","Belgium","Tubize","Habay-la-Neuve","262","5814"
"2026-10-03 14:25:18","1579829","2026-10-03","10/3/2026 7:00:00 PM","NS","487","First Amateur Division","Belgium","Rochefort","Standard Liège II","5914","19047"
"2026-10-03 14:25:18","1579962","2026-10-03","10/3/2026 7:00:00 PM","NS","487","First Amateur Division","Belgium","Heist","Cercle Brugge II","6217","19897"
"2026-10-03 14:25:18","1579963","2026-10-03","10/3/2026 7:00:00 PM","NS","487","First Amateur Division","Belgium","Hoogstraten","Houtvenne","5825","5829"
"2026-10-03 14:25:18","1579964","2026-10-03","10/3/2026 7:00:00 PM","NS","487","First Amateur Division","Belgium","Lyra-Lierse Berlaar","Roeselare Daisel","5864","16980"
"2026-10-03 14:25:18","1579965","2026-10-03","10/3/2026 7:00:00 PM","NS","487","First Amateur Division","Belgium","Mandel United","Spouwen-Mopertingen","5868","5934"
"2026-10-03 14:25:18","1579966","2026-10-03","10/3/2026 7:00:00 PM","NS","487","First Amateur Division","Belgium","Thes Sport","Zelzate","6227","6001"
"2026-10-03 14:25:18","1582344","2026-10-03","10/3/2026 7:00:00 PM","NS","1142","Mineiro - 3","Brazil","Paracatu","Funorte","26744","27962"
"2026-10-03 14:25:18","1582346","2026-10-03","10/3/2026 7:00:00 PM","NS","1142","Mineiro - 3","Brazil","Siderurgica","Araxá","27966","12286"
"2026-10-03 14:25:18","1582874","2026-10-03","10/3/2026 7:00:00 PM","NS","148","Second Amateur Division - ACFF","Belgium","Stade Mouscronnois","Entité Manageoise","24556","5793"
"2026-10-03 14:25:18","1600249","2026-10-03","10/3/2026 7:00:00 PM","NS","625","Carioca - 2","Brazil","Artsul","Serrano RJ","13106","13117"
"2026-10-03 14:25:18","1600250","2026-10-03","10/3/2026 7:00:00 PM","NS","625","Carioca - 2","Brazil","Audax Rio","Nova Cidade","13107","13113"
"2026-10-03 14:25:18","1600251","2026-10-03","10/3/2026 7:00:00 PM","NS","625","Carioca - 2","Brazil","Campo Grande","Petrópolis","13087","23262"
"2026-10-03 14:25:18","1600252","2026-10-03","10/3/2026 7:00:00 PM","NS","625","Carioca - 2","Brazil","Goytacaz","Duque de Caxias","13112","12278"
"2026-10-03 14:25:18","1600254","2026-10-03","10/3/2026 7:00:00 PM","NS","625","Carioca - 2","Brazil","Niteroiense","São Cristóvão RJ","23637","23664"
"2026-10-03 14:25:18","1600686","2026-10-03","10/3/2026 7:00:00 PM","NS","711","Segunda División","Chile","Real San Joaquín","Lota Schwager","18779","27606"
"2026-10-03 14:25:18","1610855","2026-10-03","10/3/2026 7:00:00 PM","NS","1037","Paraibano 2","Brazil","Femar","São Paulo Crystal","28058","12911"
"2026-10-03 14:25:18","1610856","2026-10-03","10/3/2026 7:00:00 PM","NS","1037","Paraibano 2","Brazil","Picuiense","Santa Rita","22364","10150"
"2026-10-03 14:25:18","1610879","2026-10-03","10/3/2026 7:00:00 PM","NS","10","Friendlies","World","Canada","Peru","5529","30"
"2026-10-03 14:25:18","1624865","2026-10-03","10/3/2026 7:00:00 PM","NS","428","Serie D - Girone C","Italy","Schio","Altavilla","28197","26504"
"2026-10-03 14:25:18","1626793","2026-10-03","10/3/2026 7:00:00 PM","NS","1154","Catarinense - 3","Brazil","Caçador","Manchester SC","21206","28217"
"2026-10-03 14:25:18","1626794","2026-10-03","10/3/2026 7:00:00 PM","NS","1154","Catarinense - 3","Brazil","FC Porto","Internacional SC","25115","7844"
"2026-10-03 14:25:18","1630326","2026-10-03","10/3/2026 7:00:00 PM","NS","1150","Gaúcho - 3","Brazil","Farroupilha","EC Novo Horizonte","25078","26747"
"2026-10-03 14:25:18","1631621","2026-10-03","10/3/2026 7:00:00 PM","NS","872","Liga Premier Serie B","Mexico","Irapuato II","Cruz Azul Lagunas","28300","28298"
"2026-10-03 14:25:18","1632436","2026-10-03","10/3/2026 7:00:00 PM","NS","243","Liga Pro Serie B","Ecuador","9 de Octubre","Atletico FC","10111","27548"
"2026-10-03 14:25:18","1639184","2026-10-03","10/3/2026 7:00:00 PM","NS","143","Copa del Rey","Spain","Atlético Melilla","Pinatar","22145","28412"
"2026-10-03 14:25:18","1640790","2026-10-03","10/3/2026 7:00:00 PM","NS","200","Botola Pro","Morocco","CODM Meknès","Kawkab Marrakech","22218","971"
"2026-10-03 14:25:18","1640791","2026-10-03","10/3/2026 7:00:00 PM","NS","200","Botola Pro","Morocco","Difaa EL Jadida","Wydad AC","964","968"
"2026-10-03 14:25:18","1641149","2026-10-03","10/3/2026 7:00:00 PM","NS","742","Copa Paulista","Brazil","União São João","Grêmio Prudente","22852","20713"
"2026-10-03 14:25:18","1641166","2026-10-03","10/3/2026 7:00:00 PM","NS","201","Botola 2","Morocco","Mouloudia Oujda","Olympique Dcheïra","1075","3454"
"2026-10-03 14:25:18","1641278","2026-10-03","10/3/2026 7:00:00 PM","NS","1107","Mineiro U20","Brazil","Cruzeiro U20","Athletic Club MG U20","13000","23643"
"2026-10-03 14:25:18","1641617","2026-10-03","10/3/2026 7:00:00 PM","NS","268","Primera División","Uruguay","Albion FC","Defensor Sporting","2378","2350"
"2026-10-03 14:25:18","1642030","2026-10-03","10/3/2026 7:00:00 PM","NS","1067","Torneo Promocional Amateur","Argentina","Defensores Glew","Uribelarrea","23097","27796"
"2026-10-03 14:25:18","1643251","2026-10-03","10/3/2026 7:00:00 PM","NS","1115","Paraense A3","Brazil","Pedreira","Tesla","23744","23745"
"2026-10-03 14:25:18","1573293","2026-10-03","10/3/2026 7:30:00 PM","NS","879","Segunda División RFEF - Group 5","Spain","Atlético Paso","Real Madrid III","9791","22142"
"2026-10-03 14:25:18","1602097","2026-10-03","10/3/2026 7:30:00 PM","NS","1141","Brasiliense B","Brazil","Planaltina DF","Legião","22818","24912"
"2026-10-03 14:25:18","1606329","2026-10-03","10/3/2026 7:30:00 PM","NS","1030","Goiano - 2","Brazil","Crixás EC","Goiânia","26500","10674"
"2026-10-03 14:25:18","1608305","2026-10-03","10/3/2026 7:30:00 PM","NS","138","Serie C - Girone A","Italy","Folgore Caratese","Desenzano Calvina","9450","17816"
"2026-10-03 14:25:18","1608308","2026-10-03","10/3/2026 7:30:00 PM","NS","138","Serie C - Girone A","Italy","Ospitaletto","Renate","24696","875"
"2026-10-03 14:25:18","1608309","2026-10-03","10/3/2026 7:30:00 PM","NS","138","Serie C - Girone A","Italy","PRO Vercelli","Athletic Carpi","526","17825"
"2026-10-03 14:25:18","1609062","2026-10-03","10/3/2026 7:30:00 PM","NS","943","Serie C - Girone C","Italy","Catania","Crotone","1580","501"
"2026-10-03 14:25:18","1643099","2026-10-03","10/3/2026 7:30:00 PM","NS","1138","Paranaense - 3","Brazil","City London","PSTC Procopense","26724","1212"
"2026-10-03 14:25:18","1643355","2026-10-03","10/3/2026 7:30:00 PM","NS","25","Gulf Cup of Nations","World","United Arab Emirates","Oman","1563","1552"
"2026-10-03 14:25:18","1528936","2026-10-03","10/3/2026 7:45:00 PM","NS","5","UEFA Nations League","World","Spain","Czechia","9","770"
"2026-10-03 14:25:18","1545653","2026-10-03","10/3/2026 7:45:00 PM","NS","5","UEFA Nations League","World","Switzerland","Slovenia","15","1091"
"2026-10-03 14:25:18","1545660","2026-10-03","10/3/2026 7:45:00 PM","NS","5","UEFA Nations League","World","FYR Macedonia","Scotland","1105","1108"
"2026-10-03 14:25:18","1574750","2026-10-03","10/3/2026 7:45:00 PM","NS","63","Ligue 3","France","Amiens","Villefranche","87","1302"
"2026-10-03 14:25:18","1574752","2026-10-03","10/3/2026 7:45:00 PM","NS","63","Ligue 3","France","Cannes","Quevilly","9932","431"
"2026-10-03 14:25:18","1574753","2026-10-03","10/3/2026 7:45:00 PM","NS","63","Ligue 3","France","Concarneau","Gobelins","1300","9238"
"2026-10-03 14:25:18","1574754","2026-10-03","10/3/2026 7:45:00 PM","NS","63","Ligue 3","France","Fleury 91","Caen","3179","88"
"2026-10-03 14:25:18","1574755","2026-10-03","10/3/2026 7:45:00 PM","NS","63","Ligue 3","France","La Roche VF","Aubagne","9915","9930"
"2026-10-03 14:25:18","1574756","2026-10-03","10/3/2026 7:45:00 PM","NS","63","Ligue 3","France","Le Puy Foot","Thionville Lusitanos","3069","22039"
"2026-10-03 14:25:18","1574757","2026-10-03","10/3/2026 7:45:00 PM","NS","63","Ligue 3","France","Rouen","Bourg-en-bresse 01","3221","430"
"2026-10-03 14:25:18","1574758","2026-10-03","10/3/2026 7:45:00 PM","NS","63","Ligue 3","France","Versailles","Valenciennes","3131","105"
"2026-10-03 14:25:18","1624370","2026-10-03","10/3/2026 7:45:00 PM","NS","427","Serie D - Girone B","Italy","Chievo","Tritium","491","9459"
"2026-10-03 14:25:18","1494018","2026-10-03","10/3/2026 8:00:00 PM","NS","489","USL League One","USA","Boise","Greenville Triumph","27251","9026"
"2026-10-03 14:25:18","1520901","2026-10-03","10/3/2026 8:00:00 PM","NS","72","Serie B","Brazil","Atletico Goianiense","America Mineiro","144","125"
"2026-10-03 14:25:18","1549803","2026-10-03","10/3/2026 8:00:00 PM","NS","239","Primera A","Colombia","Águilas Doradas","Jaguares","1144","1133"
"2026-10-03 14:25:18","1582343","2026-10-03","10/3/2026 8:00:00 PM","NS","1142","Mineiro - 3","Brazil","Novo Esporte Clube","Venda Nova","26489","27967"
"2026-10-03 14:25:18","1585112","2026-10-03","10/3/2026 8:00:00 PM","NS","64","Feminine Division 1","France","Paris FC W","Lens W","1676","26234"
"2026-10-03 14:25:18","1606327","2026-10-03","10/3/2026 8:00:00 PM","NS","1030","Goiano - 2","Brazil","Grêmio Anápolis","Rio Verde","13127","24771"
"2026-10-03 14:25:18","1619702","2026-10-03","10/3/2026 8:00:00 PM","NS","964","Copa de la División Profesional","Bolivia","Always Ready","Real Tomayapo","3700","15708"
"2026-10-03 14:25:18","1630327","2026-10-03","10/3/2026 8:00:00 PM","NS","1150","Gaúcho - 3","Brazil","Panambi","FBC Riograndense RS","28277","25077"
"2026-10-03 14:25:18","1638599","2026-10-03","10/3/2026 8:00:00 PM","CANC","10","Friendlies","World","Tunisia","Mali","28","1500"
"2026-10-03 14:25:18","1640077","2026-10-03","10/3/2026 8:00:00 PM","NS","10","Friendlies","World","Ivory Coast","Cameroon","1501","1530"
"2026-10-03 14:25:18","1641867","2026-10-03","10/3/2026 8:00:00 PM","NS","269","Segunda División","Uruguay","Rentistas","Sportivo Huracan","2371","2377"
"2026-10-03 14:25:18","1641145","2026-10-03","10/3/2026 8:30:00 PM","NS","74","Brasileiro Women","Brazil","São Paulo W","Corinthians W","9982","1798"
"2026-10-03 14:25:18","1493153","2026-10-03","10/3/2026 9:00:00 PM","NS","128","Liga Profesional Argentina","Argentina","Atletico Tucuman","Barracas Central","455","2432"
"2026-10-03 14:25:18","1493163","2026-10-03","10/3/2026 9:00:00 PM","NS","128","Liga Profesional Argentina","Argentina","Newells Old Boys","Lanus","457","446"
"2026-10-03 14:25:18","1508566","2026-10-03","10/3/2026 9:00:00 PM","NS","254","NWSL Women","USA","Racing Louisville W","Utah Royals W","16488","3004"
"2026-10-03 14:25:18","1517359","2026-10-03","10/3/2026 9:00:00 PM","NS","479","Canadian Premier League","Canada","Forge","HFX Wanderers FC","3830","2621"
"2026-10-03 14:25:18","1520904","2026-10-03","10/3/2026 9:00:00 PM","NS","72","Serie B","Brazil","Cuiaba","Ponte Preta","1193","139"
"2026-10-03 14:25:18","1600685","2026-10-03","10/3/2026 9:00:00 PM","NS","711","Segunda División","Chile","Provincial Ovalle","Deportes Rengo","18776","5636"
"2026-10-03 14:25:18","1601453","2026-10-03","10/3/2026 9:00:00 PM","NS","163","Liga de Ascenso","Costa-Rica","CS Uruguay","Pitbulls Santa Barbara FC","2058","26343"
"2026-10-03 14:25:18","1632022","2026-10-03","10/3/2026 9:00:00 PM","NS","252","Division Profesional - Clausura","Paraguay","Club Guarani","Club Sp. San Lorenzo","1174","2125"
"2026-10-03 14:25:18","1634914","2026-10-03","10/3/2026 9:00:00 PM","NS","759","Liga Mayor","Dominican-Republic","Universidad O&M","Vega Real","16141","16142"
"2026-10-03 14:25:18","1634915","2026-10-03","10/3/2026 9:00:00 PM","NS","759","Liga Mayor","Dominican-Republic","Atlántico","Jarabacoa","16138","16140"
"2026-10-03 14:25:18","1637848","2026-10-03","10/3/2026 9:00:00 PM","NS","75","Serie C","Brazil","Floresta","Botafogo PB","7774","1197"
"2026-10-03 14:25:18","1637849","2026-10-03","10/3/2026 9:00:00 PM","NS","75","Serie C","Brazil","Santa Cruz","Maringá","753","7833"
"2026-10-03 14:25:18","1640792","2026-10-03","10/3/2026 9:00:00 PM","NS","200","Botola Pro","Morocco","Raja Casablanca","CR Khemis Zemamra","976","3449"
"2026-10-03 14:25:18","1511612","2026-10-03","10/3/2026 9:30:00 PM","NS","266","Primera B","Chile","Deportes Temuco","Cobreloa","2317","2332"
"2026-10-03 14:25:18","1549656","2026-10-03","10/3/2026 9:30:00 PM","NS","240","Primera B","Colombia","Patriotas","Ind. Yumbo","1140","27411"
"2026-10-03 14:25:18","1549657","2026-10-03","10/3/2026 9:30:00 PM","NS","240","Primera B","Colombia","Real Santander","Union Magdalena","1463","1465"
"2026-10-03 14:25:18","1636702","2026-10-03","10/3/2026 9:30:00 PM","NS","243","Liga Pro Serie B","Ecuador","Gualaceo SC","22 de Julio","1986","25736"
"2026-10-03 14:25:18","1636703","2026-10-03","10/3/2026 9:30:00 PM","NS","243","Liga Pro Serie B","Ecuador","LDU Portoviejo","El Nacional","1988","1150"
"2026-10-03 14:25:18","1641862","2026-10-03","10/3/2026 9:30:00 PM","NS","300","Segunda División","Venezuela","Fundación Lara Deportiva","Atletico el Vigia FC","10091","2832"
"2026-10-03 14:25:18","1559655","2026-10-03","10/3/2026 10:00:00 PM","NS","339","Liga Nacional","Guatemala","Cobán Imperial","Malacateco","3657","3664"
"2026-10-03 14:25:18","1600618","2026-10-03","10/3/2026 10:00:00 PM","NS","370","Primera Division","El-Salvador","Águila","Cacahuatique","4310","24530"
"2026-10-03 14:25:18","1606326","2026-10-03","10/3/2026 10:00:00 PM","NS","1030","Goiano - 2","Brazil","Tupy FC","Goianésia","24773","7873"
"2026-10-03 14:25:18","1639982","2026-10-03","10/3/2026 10:00:00 PM","NS","536","CONCACAF Nations League","World","Sint Maarten","St. Vincent / Grenadines","10985","5541"
"2026-10-03 14:25:18","1641618","2026-10-03","10/3/2026 10:00:00 PM","NS","268","Primera División","Uruguay","Deportivo Maldonado","Central Espanol","2370","2368"
"2026-10-03 14:25:18","1549807","2026-10-03","10/3/2026 10:05:00 PM","NS","239","Primera A","Colombia","Deportes Tolima","Chico","1142","1132"
"2026-10-03 14:25:18","1619703","2026-10-03","10/3/2026 10:15:00 PM","NS","964","Copa de la División Profesional","Bolivia","Nacional Potosí","Real Oruro","3706","20252"
"2026-10-03 14:25:18","1492310","2026-10-03","10/3/2026 10:30:00 PM","NS","71","Serie A","Brazil","Atletico-MG","RB Bragantino","1062","794"
"2026-10-03 14:25:18","1520903","2026-10-03","10/3/2026 10:30:00 PM","NS","72","Serie B","Brazil","Botafogo SP","Vila Nova","2618","142"
"2026-10-03 14:25:18","1600253","2026-10-03","10/3/2026 10:30:00 PM","NS","625","Carioca - 2","Brazil","Macaé","Carapebus","7815","17737"
"2026-10-03 14:25:18","1631750","2026-10-03","10/3/2026 10:30:00 PM","NS","722","Liga Premier Serie A","Mexico","Ciervos","Halcones Negros","15925","28305"
"2026-10-03 14:25:18","1635982","2026-10-03","10/3/2026 10:30:00 PM","NS","1242","Primera Premier","Mexico","Zacatepec 1948","Reboceros La Piedad","2303","15937"
"2026-10-03 14:25:18","1635983","2026-10-03","10/3/2026 10:30:00 PM","NS","1242","Primera Premier","Mexico","Pioneros de Cancún","Montañeses","15936","17788"
"2026-10-03 14:25:18","1493728","2026-10-03","10/3/2026 11:00:00 PM","NS","255","USL Championship","USA","Loudoun United","Indy Eleven","3999","3996"
"2026-10-03 14:25:18","1494019","2026-10-03","10/3/2026 11:00:00 PM","NS","489","USL League One","USA","Chattanooga Red Wolves","Corpus Christi","9016","4043"
"2026-10-03 14:25:18","1494022","2026-10-03","10/3/2026 11:00:00 PM","NS","489","USL League One","USA","Richmond Kickers","One Knoxville","4024","18905"
"2026-10-03 14:25:18","1631622","2026-10-03","10/3/2026 11:00:00 PM","NS","872","Liga Premier Serie B","Mexico","Gorilas de Juanacatlan","Heroes de Zaci 2","26395","28301"
"2026-10-03 14:25:18","1631623","2026-10-03","10/3/2026 11:00:00 PM","NS","872","Liga Premier Serie B","Mexico","Internacional Laguna","Celaya 2","28299","28297"
"2026-10-03 14:25:18","1631751","2026-10-03","10/3/2026 11:00:00 PM","NS","722","Liga Premier Serie A","Mexico","Artesanos Metepec","Cañoneros Marina","22049","15924"
"2026-10-03 14:25:18","1635984","2026-10-03","10/3/2026 11:00:00 PM","NS","1242","Primera Premier","Mexico","Tapachula","Chapulineros","24954","26525"
"2026-10-03 14:25:18","1641148","2026-10-03","10/3/2026 11:00:00 PM","NS","742","Copa Paulista","Brazil","São José EC","Noroeste","15622","10037"
"2026-10-03 14:25:18","1641868","2026-10-03","10/3/2026 11:00:00 PM","NS","269","Segunda División","Uruguay","Tacuarembo","Atenas","2374","2364"
"2026-10-03 14:25:18","1632024","2026-10-03","10/3/2026 11:15:00 PM","NS","252","Division Profesional - Clausura","Paraguay","Deportivo Recoleta","Libertad Asuncion","10476","1179"
"2026-10-03 14:25:18","1508567","2026-10-03","10/3/2026 11:30:00 PM","NS","254","NWSL Women","USA","Kansas City W","Bay FC W","16487","22943"
"2026-10-03 14:25:18","1637850","2026-10-03","10/3/2026 11:30:00 PM","NS","75","Serie C","Brazil","Inter De Limeira","Brusque","1201","1211"
"2026-10-03 14:25:18","1637851","2026-10-03","10/3/2026 11:30:00 PM","NS","75","Serie C","Brazil","Paysandu","Ferroviária","149","7826"
"2026-10-03 14:25:18","1639023","2026-10-03","10/3/2026 11:30:00 PM","NS","955","National League - National","New-Zealand","Eastern Suburbs","Auckland City","13977","2537"
