"snapshot","fixture_id","date","kickoff","status","league_id","league","country","home","away","home_id","away_id"
"2026-10-10 01:40:12","1499676","2026-10-10","10/10/2026 12:00:00 AM","2H","131","Primera B Metropolitana","Argentina","Excursionistas","Villa San Carlos","8385","8380"
"2026-10-10 01:40:12","1499680","2026-10-10","10/10/2026 12:00:00 AM","2H","131","Primera B Metropolitana","Argentina","Talleres Remedios","Deportivo Camioneros","1927","3943"
"2026-10-10 01:40:12","1549813","2026-10-10","10/10/2026 12:00:00 AM","2H","239","Primera A","Colombia","Alianza Valledupar","Águilas Doradas","1141","1144"
"2026-10-10 01:40:12","1557213","2026-10-10","10/10/2026 12:00:00 AM","NS","1130","USL Super League","USA","Sporting JAX W","DC Power W","25855","24659"
"2026-10-10 01:40:12","1581442","2026-10-10","10/10/2026 12:00:00 AM","2H","263","Liga de Expansión MX","Mexico","Tapatío","CA La Paz","14278","19024"
"2026-10-10 01:40:12","1628974","2026-10-10","10/10/2026 12:00:00 AM","2H","666","Friendlies Women","World","Canada W","Denmark W","1717","1779"
"2026-10-10 01:40:12","1640286","2026-10-10","10/10/2026 12:00:00 AM","2H","617","Copa do Brasil U20","Brazil","Palmeiras U20","Santos U20","12968","13055"
"2026-10-10 01:40:12","1643168","2026-10-10","10/10/2026 12:00:00 AM","2H","268","Primera División","Uruguay","Deportivo Maldonado","Liverpool Montevideo","2370","2358"
"2026-10-10 01:40:12","1493733","2026-10-10","10/10/2026 12:30:00 AM","2H","255","USL Championship","USA","Lexington","FC Tulsa","20808","4022"
"2026-10-10 01:40:12","1600624","2026-10-10","10/10/2026 1:00:00 AM","1H","370","Primera Division","El-Salvador","Inca Aruba","Platense","28019","19763"
"2026-10-10 01:40:12","1640026","2026-10-10","10/10/2026 1:00:00 AM","NS","666","Friendlies Women","World","Haiti W","Japan W","14459","1720"
"2026-10-10 01:40:12","1641293","2026-10-10","10/10/2026 1:30:00 AM","1H","134","Torneo Federal A","Argentina","San Martín Mendoza","Argentino Monte Maíz","21042","18764"
"2026-10-10 01:40:12","1493181","2026-10-10","10/10/2026 1:45:00 AM","NS","128","Liga Profesional Argentina","Argentina","Union Santa Fe","Defensa Y Justicia","441","442"
"2026-10-10 01:40:12","1549504","2026-10-10","10/10/2026 2:00:00 AM","NS","281","Primera División","Peru","Deportivo Garcilaso","Sport Huancayo","20960","2555"
"2026-10-10 01:40:12","1550984","2026-10-10","10/10/2026 2:00:00 AM","NS","262","Liga MX","Mexico","Puebla","Leon","2291","2289"
"2026-10-10 01:40:12","1581447","2026-10-10","10/10/2026 2:00:00 AM","NS","263","Liga de Expansión MX","Mexico","Tepatitlán","Monarcas","14279","2284"
"2026-10-10 01:40:12","1641292","2026-10-10","10/10/2026 2:00:00 AM","NS","134","Torneo Federal A","Argentina","Juventud Antoniana","Huracan Las Heras","1961","2428"
"2026-10-10 01:40:12","1549820","2026-10-10","10/10/2026 2:10:00 AM","NS","239","Primera A","Colombia","Once Caldas","Llaneros","1136","1464"
"2026-10-10 01:40:12","1583783","2026-10-10","10/10/2026 2:30:00 AM","NS","304","Liga Panameña de Fútbol","Panama","San Francisco FC","Deportivo Universitario","2887","2888"
"2026-10-10 01:40:12","1639026","2026-10-10","10/10/2026 2:30:00 AM","NS","955","National League - National","New-Zealand","Wellington Phoenix II","Birkenhead United","2535","20650"
"2026-10-10 01:40:12","1641087","2026-10-10","10/10/2026 2:30:00 AM","NS","666","Friendlies Women","World","El Salvador W","Paraguay W","16927","16941"
"2026-10-10 01:40:12","1536724","2026-10-10","10/10/2026 3:00:00 AM","NS","650","Second League - Group 3","Russia","SKA Khabarovsk II","Kvant","17721","6807"
"2026-10-10 01:40:12","1601458","2026-10-10","10/10/2026 3:00:00 AM","NS","163","Liga de Ascenso","Costa-Rica","AD Carmelita","Guadalupe FC","814","821"
"2026-10-10 01:40:12","1635989","2026-10-10","10/10/2026 3:00:00 AM","NS","1242","Primera Premier","Mexico","Reboceros La Piedad","Los Cabos United","15937","19908"
"2026-10-10 01:40:12","1639027","2026-10-10","10/10/2026 3:00:00 AM","NS","955","National League - National","New-Zealand","Auckland City","Wellington Olympic","2537","20646"
"2026-10-10 01:40:12","1550986","2026-10-10","10/10/2026 4:00:00 AM","NS","262","Liga MX","Mexico","Tigres UANL","Toluca","2279","2281"
"2026-10-10 01:40:12","1639028","2026-10-10","10/10/2026 4:00:00 AM","NS","955","National League - National","New-Zealand","Ferrymead Bays","Miramar","20662","2373"
"2026-10-10 01:40:12","1569852","2026-10-10","10/10/2026 5:00:00 AM","NS","1234","K4 League","South-Korea","Jungnang Chorus Mustang","Haman","7092","27859"
"2026-10-10 01:40:12","1507079","2026-10-10","10/10/2026 6:00:00 AM","NS","292","K League 1","South-Korea","FC Seoul","Jeju United FC","2766","2761"
"2026-10-10 01:40:12","1510462","2026-10-10","10/10/2026 6:00:00 AM","NS","293","K League 2","South-Korea","Jeonnam Dragons","Yongin City","2760","9171"
"2026-10-10 01:40:12","1510463","2026-10-10","10/10/2026 6:00:00 AM","NS","293","K League 2","South-Korea","Paju Citizen","Busan I Park","7098","2752"
"2026-10-10 01:40:12","1520567","2026-10-10","10/10/2026 6:00:00 AM","NS","295","K3 League","South-Korea","Changwon City","Pocheon","7059","7099"
"2026-10-10 01:40:12","1520568","2026-10-10","10/10/2026 6:00:00 AM","NS","295","K3 League","South-Korea","Chuncheon","Jeonbuk Motors II","7064","25717"
"2026-10-10 01:40:12","1520571","2026-10-10","10/10/2026 6:00:00 AM","NS","295","K3 League","South-Korea","Busan Transportation","Yeoju Sejong","7056","7112"
"2026-10-10 01:40:12","1555733","2026-10-10","10/10/2026 6:00:00 AM","NS","100","J3 League","Japan","Kochi United","Parceiro Nagano","7129","4323"
"2026-10-10 01:40:12","1555735","2026-10-10","10/10/2026 6:00:00 AM","NS","100","J3 League","Japan","Thespakusatsu Gunma","FC Ryukyu","756","2235"
"2026-10-10 01:40:12","1555736","2026-10-10","10/10/2026 6:00:00 AM","NS","100","J3 League","Japan","Nara Club","Kitakyushu","7135","805"
"2026-10-10 01:40:12","1556082","2026-10-10","10/10/2026 6:00:00 AM","NS","98","J1 League","Japan","Cerezo Osaka","Yokohama F. Marinos","291","296"
"2026-10-10 01:40:12","1569853","2026-10-10","10/10/2026 6:00:00 AM","NS","1234","K4 League","South-Korea","Geumsan Insam","Namyangju","27858","23089"
"2026-10-10 01:40:12","1569854","2026-10-10","10/10/2026 6:00:00 AM","NS","1234","K4 League","South-Korea","Sejong SA","Gijang United","25720","25719"
"2026-10-10 01:40:12","1606686","2026-10-10","10/10/2026 6:00:00 AM","NS","99","J2 League","Japan","Yokohama FC","Oita Trinita","307","298"
"2026-10-10 01:40:12","1606687","2026-10-10","10/10/2026 6:00:00 AM","NS","99","J2 League","Japan","Tokushima Vortis","Imabari","299","10075"
"2026-10-10 01:40:12","1606688","2026-10-10","10/10/2026 6:00:00 AM","NS","99","J2 League","Japan","Omiya Ardija","Vanraure Hachinohe","313","4326"
"2026-10-10 01:40:12","1606689","2026-10-10","10/10/2026 6:00:00 AM","NS","99","J2 League","Japan","Sagan Tosu","Fujieda MYFC","295","4317"
"2026-10-10 01:40:12","1640438","2026-10-10","10/10/2026 6:00:00 AM","NS","764","Premier League","Mongolia","Khovd","Amtat FC","18104","28430"
"2026-10-10 01:40:12","1556081","2026-10-10","10/10/2026 7:00:00 AM","NS","98","J1 League","Japan","Avispa Fukuoka","Fagiano Okayama","316","310"
"2026-10-10 01:40:12","1556084","2026-10-10","10/10/2026 7:00:00 AM","NS","98","J1 League","Japan","FC Tokyo","Urawa","292","287"
"2026-10-10 01:40:12","1555731","2026-10-10","10/10/2026 8:00:00 AM","NS","100","J3 League","Japan","Fukushima United","Biwako Shiga","4318","7117"
"2026-10-10 01:40:12","1577546","2026-10-10","10/10/2026 8:00:00 AM","NS","236","First League","Russia","Ska-khabarovsk","KAMAZ","1087","6801"
"2026-10-10 01:40:12","1606690","2026-10-10","10/10/2026 8:00:00 AM","NS","99","J2 League","Japan","Ventforet Kofu","Tochigi City","308","7145"
"2026-10-10 01:40:12","1507080","2026-10-10","10/10/2026 8:30:00 AM","NS","292","K League 1","South-Korea","Gimcheon Sangmu FC","FC Anyang","2768","2748"
"2026-10-10 01:40:12","1510464","2026-10-10","10/10/2026 8:30:00 AM","NS","293","K League 2","South-Korea","Cheonan City","Gyeongnam FC","7060","2751"
"2026-10-10 01:40:12","1510465","2026-10-10","10/10/2026 8:30:00 AM","NS","293","K League 2","South-Korea","Gimhae City","Asan Mugunghwa","7076","2753"
"2026-10-10 01:40:12","1645133","2026-10-10","10/10/2026 8:30:00 AM","NS","962","Premier League","Lesotho","Machokha","Mzamane","20984","25066"
"2026-10-10 01:40:12","1602498","2026-10-10","10/10/2026 9:00:00 AM","NS","284","Liga II","Romania","Cetatea Suceava","Dumbrăviţa","26674","7469"
"2026-10-10 01:40:12","1602499","2026-10-10","10/10/2026 9:00:00 AM","NS","284","Liga II","Romania","Chindia Targoviste","Concordia","2586","2580"
"2026-10-10 01:40:12","1602503","2026-10-10","10/10/2026 9:00:00 AM","NS","284","Liga II","Romania","Gloria Bistriţa","CSM Ramnicu Valcea","22824","2616"
"2026-10-10 01:40:12","1602504","2026-10-10","10/10/2026 9:00:00 AM","NS","284","Liga II","Romania","Metaloglobus","Popești-Leordeni","2604","6891"
"2026-10-10 01:40:12","1602505","2026-10-10","10/10/2026 9:00:00 AM","NS","284","Liga II","Romania","Metalul Buzău","ASA Targu Mures","6875","2590"
"2026-10-10 01:40:12","1602507","2026-10-10","10/10/2026 9:00:00 AM","NS","284","Liga II","Romania","Viitorul Şelimbăr","Unirea Slobozia","6927","6916"
"2026-10-10 01:40:12","1607322","2026-10-10","10/10/2026 9:00:00 AM","NS","380","Premier League","Hong-Kong","Kitchee","Hong Kong FC","4453","4462"
"2026-10-10 01:40:12","1607323","2026-10-10","10/10/2026 9:00:00 AM","NS","380","Premier League","Hong-Kong","Wofoo Tai Po","Kowloon City","4457","20392"
"2026-10-10 01:40:12","1610569","2026-10-10","10/10/2026 9:00:00 AM","NS","284","Liga II","Romania","CS Dinamo București","CSM Satu Mare","19170","16279"
"2026-10-10 01:40:12","1629442","2026-10-10","10/10/2026 9:00:00 AM","NS","1240","U19 league","Turkey","Genclerbirligi U19","Amedspor U19","28247","28241"
"2026-10-10 01:40:12","1640423","2026-10-10","10/10/2026 9:00:00 AM","NS","764","Premier League","Mongolia","Khovd Western","Hunters","26669","24722"
"2026-10-10 01:40:12","1640847","2026-10-10","10/10/2026 9:00:00 AM","NS","734","Diski Challenge","South-Africa","Golden Arrows U23","Chippa United U23","15991","15990"
"2026-10-10 01:40:12","1640848","2026-10-10","10/10/2026 9:00:00 AM","NS","734","Diski Challenge","South-Africa","Richards Bay U23","Kaizer Chiefs U23","20296","15992"
"2026-10-10 01:40:12","1640849","2026-10-10","10/10/2026 9:00:00 AM","NS","734","Diski Challenge","South-Africa","Siwelele U23","Orlando Pirates U23","26576","15995"
"2026-10-10 01:40:12","1640850","2026-10-10","10/10/2026 9:00:00 AM","NS","734","Diski Challenge","South-Africa","TS Galaxy U23","AmaZulu U23","15999","15985"
"2026-10-10 01:40:12","1562299","2026-10-10","10/10/2026 9:15:00 AM","NS","350","4. liga - Divizie A","Czech-Republic","Křimice","Spartak Soběslav","26228","7360"
"2026-10-10 01:40:12","1562421","2026-10-10","10/10/2026 9:15:00 AM","NS","351","4. liga - Divizie B","Czech-Republic","Baník Sokolov","Sokol Hostouň","3721","7350"
"2026-10-10 01:40:12","1562422","2026-10-10","10/10/2026 9:15:00 AM","NS","351","4. liga - Divizie B","Czech-Republic","Štětí","Karlovy Vary","7386","7306"
"2026-10-10 01:40:12","1562424","2026-10-10","10/10/2026 9:15:00 AM","NS","351","4. liga - Divizie B","Czech-Republic","Slavoj Vyšehrad","Újezd Praha 4","4258","19439"
"2026-10-10 01:40:12","1562533","2026-10-10","10/10/2026 9:15:00 AM","NS","352","4. liga - Divizie C","Czech-Republic","Slavia Hradec Králové","Spartak Police n/Metují","21648","24193"
"2026-10-10 01:40:12","1562580","2026-10-10","10/10/2026 9:15:00 AM","NS","352","4. liga - Divizie C","Czech-Republic","Vykan","Přepeře","27889","7336"
"2026-10-10 01:40:12","1562659","2026-10-10","10/10/2026 9:15:00 AM","NS","348","3. liga - CFL A","Czech-Republic","Aritma Praha","Bohemians 1905 II","7269","14473"
"2026-10-10 01:40:12","1562660","2026-10-10","10/10/2026 9:15:00 AM","NS","348","3. liga - CFL A","Czech-Republic","Benešov","Admira Praha","7273","7268"
"2026-10-10 01:40:12","1562663","2026-10-10","10/10/2026 9:15:00 AM","NS","348","3. liga - CFL A","Czech-Republic","Loko Vltavín","Slavia III","7315","26232"
"2026-10-10 01:40:12","1562665","2026-10-10","10/10/2026 9:15:00 AM","NS","348","3. liga - CFL A","Czech-Republic","Povltava FA","České Budějovice","14005","3736"
"2026-10-10 01:40:12","1562779","2026-10-10","10/10/2026 9:15:00 AM","NS","685","3. liga - CFL B","Czech-Republic","Horní Ředice","Benátky nad Jizerou","24191","7274"
"2026-10-10 01:40:12","1562781","2026-10-10","10/10/2026 9:15:00 AM","NS","685","3. liga - CFL B","Czech-Republic","Slovan Liberec II","Chrudim","12855","3722"
"2026-10-10 01:40:12","1562782","2026-10-10","10/10/2026 9:15:00 AM","NS","685","3. liga - CFL B","Czech-Republic","Mladá Boleslav II","Baník Souš","12816","7271"
"2026-10-10 01:40:12","1562783","2026-10-10","10/10/2026 9:15:00 AM","NS","685","3. liga - CFL B","Czech-Republic","Neratovice-Byškovice","Pardubice II","7320","14747"
"2026-10-10 01:40:12","1579139","2026-10-10","10/10/2026 9:15:00 AM","NS","353","4. liga - Divizie D","Czech-Republic","Tatran Bohunice","Žďár nad Sázavou","19436","7389"
"2026-10-10 01:40:12","1579381","2026-10-10","10/10/2026 9:15:00 AM","NS","686","4. liga - Divizie F","Czech-Republic","Břidličná","Jiskra Rýmařov","19421","7305"
"2026-10-10 01:40:12","1579383","2026-10-10","10/10/2026 9:15:00 AM","NS","686","4. liga - Divizie F","Czech-Republic","Opava II","Stonava","15135","26231"
"2026-10-10 01:40:12","1562298","2026-10-10","10/10/2026 9:30:00 AM","NS","350","4. liga - Divizie A","Czech-Republic","Komárov","Slavoj Český Krumlov","7310","19432"
"2026-10-10 01:40:12","1562423","2026-10-10","10/10/2026 9:30:00 AM","NS","351","4. liga - Divizie B","Czech-Republic","Ústí nad Labem II","Slovan Velvary","24194","7348"
"2026-10-10 01:40:12","1562530","2026-10-10","10/10/2026 9:30:00 AM","NS","352","4. liga - Divizie C","Czech-Republic","Hlinsko","Kosmonosy","7295","14004"
"2026-10-10 01:40:12","1579258","2026-10-10","10/10/2026 9:30:00 AM","NS","354","4. liga - Divizie E","Czech-Republic","Prostejov B","Bzenec","27928","7280"
"2026-10-10 01:40:12","1581930","2026-10-10","10/10/2026 9:30:00 AM","NS","334","Persha Liga","Ukraine","Inhulets","Ahrobiznes Volochysk","3625","3620"
"2026-10-10 01:40:12","1599246","2026-10-10","10/10/2026 9:30:00 AM","NS","676","Central Youth League","Poland","Arka Gdynia U19","Stal Rzeszów U19","20587","24519"
"2026-10-10 01:40:12","1622783","2026-10-10","10/10/2026 9:30:00 AM","NS","274","Liga 1","Indonesia","Arema FC","Bhayangkara FC","2438","2443"
"2026-10-10 01:40:12","1622784","2026-10-10","10/10/2026 9:30:00 AM","NS","274","Liga 1","Indonesia","Persita","Garudayaksa","4244","26645"
"2026-10-10 01:40:12","1622786","2026-10-10","10/10/2026 9:30:00 AM","NS","274","Liga 1","Indonesia","PSIM Yogyakarta","Persija","4235","10134"
"2026-10-10 01:40:12","1637663","2026-10-10","10/10/2026 9:30:00 AM","NS","275","Liga 2","Indonesia","Bekasi City","PSGC Ciamis","11133","4234"
"2026-10-10 01:40:12","1637664","2026-10-10","10/10/2026 9:30:00 AM","NS","275","Liga 2","Indonesia","Sumsel United","Persiku Kudus","26647","24997"
"2026-10-10 01:40:12","1641908","2026-10-10","10/10/2026 9:30:00 AM","NS","647","Lao League","Laos","Champasak United","Master 7","18750","9425"
"2026-10-10 01:40:12","1641909","2026-10-10","10/10/2026 9:30:00 AM","NS","647","Lao League","Laos","Lao Army","Namtha United","16493","21016"
"2026-10-10 01:40:12","1641912","2026-10-10","10/10/2026 9:30:00 AM","NS","647","Lao League","Laos","Savannakhet","Viengchanh","26368","14096"
"2026-10-10 01:40:12","1639860","2026-10-10","10/10/2026 9:35:00 AM","NS","874","Australia Cup","Australia","South Melbourne","Melbourne Victory","3811","944"
"2026-10-10 01:40:12","1640112","2026-10-10","10/10/2026 9:45:00 AM","NS","398","Premier League","Bangladesh","Bangladesh Police","Fakirerpool","10106","25416"
"2026-10-10 01:40:12","1529631","2026-10-10","10/10/2026 10:00:00 AM","NS","364","1. Liga","Latvia","Rīgas FS II","Mārupe","18836","14366"
"2026-10-10 01:40:12","1569388","2026-10-10","10/10/2026 10:00:00 AM","NS","705","Campionato Primavera - 1","Italy","Cesena U20","Torino U20","24728","24742"
"2026-10-10 01:40:12","1569390","2026-10-10","10/10/2026 10:00:00 AM","NS","705","Campionato Primavera - 1","Italy","Internazionale U20","Como U20","24734","27904"
"2026-10-10 01:40:12","1577548","2026-10-10","10/10/2026 10:00:00 AM","NS","236","First League","Russia","Ural","Veles","1084","6833"
"2026-10-10 01:40:12","1583938","2026-10-10","10/10/2026 10:00:00 AM","NS","1026","Second League A - Division A Silver","Russia","Torpedo Miass","Dinamo Stavropol","16864","6796"
"2026-10-10 01:40:12","1593039","2026-10-10","10/10/2026 10:00:00 AM","NS","336","Druha Liga","Ukraine","Rebel","Atlet","26190","26187"
"2026-10-10 01:40:12","1594401","2026-10-10","10/10/2026 10:00:00 AM","NS","1023","NB III - Southeast","Hungary","Gyulai Termál","Újpest II","11729","11860"
"2026-10-10 01:40:12","1595659","2026-10-10","10/10/2026 10:00:00 AM","NS","488","U19 Bundesliga","Germany","Arminia Bielefeld U19","Paderborn U19","10246","13956"
"2026-10-10 01:40:12","1595671","2026-10-10","10/10/2026 10:00:00 AM","NS","488","U19 Bundesliga","Germany","Hansa Rostock U19","Magdeburg U19","15741","10267"
"2026-10-10 01:40:12","1595678","2026-10-10","10/10/2026 10:00:00 AM","NS","488","U19 Bundesliga","Germany","Bayer Leverkusen U19","Alemannia Aachen U19","7886","10245"
"2026-10-10 01:40:12","1599249","2026-10-10","10/10/2026 10:00:00 AM","NS","676","Central Youth League","Poland","Korona Kielce U19","Lech Poznań U19","7905","7958"
"2026-10-10 01:40:12","1599251","2026-10-10","10/10/2026 10:00:00 AM","NS","676","Central Youth League","Poland","Raków Częstochowa U19","Arkonia U19","20594","26374"
"2026-10-10 01:40:12","1604160","2026-10-10","10/10/2026 10:00:00 AM","NS","782","III Liga - Group 3","Poland","Miedź Legnica II","Rakow II","12815","27306"
"2026-10-10 01:40:12","1606691","2026-10-10","10/10/2026 10:00:00 AM","NS","99","J2 League","Japan","Jubilo Iwata","Consadole Sapporo","280","279"
"2026-10-10 01:40:12","1615509","2026-10-10","10/10/2026 10:00:00 AM","NS","448","Tercera División RFEF - Group 10","Spain","Sevilla III","Tomares","9768","15528"
"2026-10-10 01:40:12","1623582","2026-10-10","10/10/2026 10:00:00 AM","NS","706","Campionato Primavera - 2","Italy","Cittadella U19","Renate U19","15660","22405"
"2026-10-10 01:40:12","1623584","2026-10-10","10/10/2026 10:00:00 AM","NS","706","Campionato Primavera - 2","Italy","Cremonese U19","Udinese U19","15662","15684"
"2026-10-10 01:40:12","1623586","2026-10-10","10/10/2026 10:00:00 AM","NS","706","Campionato Primavera - 2","Italy","Latina U19","Bari U19","27997","22403"
"2026-10-10 01:40:12","1623589","2026-10-10","10/10/2026 10:00:00 AM","NS","706","Campionato Primavera - 2","Italy","Perugia U19","Avellino U19","17729","24356"
"2026-10-10 01:40:12","1623594","2026-10-10","10/10/2026 10:00:00 AM","NS","706","Campionato Primavera - 2","Italy","Sudtirol U19","Virtus Entella U19","22406","15688"
"2026-10-10 01:40:12","1634837","2026-10-10","10/10/2026 10:00:00 AM","NS","588","National League","Myanmar","Ayeyawady United","Thitsar Arman","12523","24091"
"2026-10-10 01:40:12","1634838","2026-10-10","10/10/2026 10:00:00 AM","NS","588","National League","Myanmar","Myawady","Yadanarbon","19048","8017"
"2026-10-10 01:40:12","1634970","2026-10-10","10/10/2026 10:00:00 AM","NS","637","V.League 2","Vietnam","Long An","Than Quang Ninh","9165","3679"
"2026-10-10 01:40:12","1623595","2026-10-10","10/10/2026 10:15:00 AM","NS","706","Campionato Primavera - 2","Italy","Venezia U19","Lecco U19","15685","26372"
"2026-10-10 01:40:12","1519653","2026-10-10","10/10/2026 10:30:00 AM","NS","328","Esiliiga A","Estonia","Flora II","FC Tallinn","3518","14287"
"2026-10-10 01:40:12","1521699","2026-10-10","10/10/2026 10:30:00 AM","NS","1126","Esiliiga B","Estonia","Legion","Tulevik","13152","3531"
"2026-10-10 01:40:12","1521700","2026-10-10","10/10/2026 10:30:00 AM","NS","1126","Esiliiga B","Estonia","Tartu Kalev","Levadia U19","16962","7906"
"2026-10-10 01:40:12","1613673","2026-10-10","10/10/2026 10:30:00 AM","NS","442","Tercera División RFEF - Group 4","Spain","Sodupe","Touring","9666","20261"
"2026-10-10 01:40:12","1616426","2026-10-10","10/10/2026 10:30:00 AM","NS","451","Tercera División RFEF - Group 13","Spain","Santomera","Balsicas Atlético","24655","22180"
"2026-10-10 01:40:12","1623587","2026-10-10","10/10/2026 10:30:00 AM","NS","706","Campionato Primavera - 2","Italy","Napoli U19","Pisa U19","7917","15674"
"2026-10-10 01:40:12","1645134","2026-10-10","10/10/2026 10:30:00 AM","NS","962","Premier League","Lesotho","Lioli","Majantja","20982","25065"
"2026-10-10 01:40:12","1520570","2026-10-10","10/10/2026 11:00:00 AM","NS","295","K3 League","South-Korea","Daejeon Korail","Dangjin Citizen","7068","18653"
"2026-10-10 01:40:12","1525995","2026-10-10","10/10/2026 11:00:00 AM","NS","116","Premier League","Belarus","FC Minsk","Torpedo Zhodino","380","385"
"2026-10-10 01:40:12","1528108","2026-10-10","10/10/2026 11:00:00 AM","NS","389","Premier League","Kazakhstan","Irtysh","Kyzyl-Zhar","4565","4554"
"2026-10-10 01:40:12","1529632","2026-10-10","10/10/2026 11:00:00 AM","NS","364","1. Liga","Latvia","Metta / LU","Riga Mariners","4159","25785"
"2026-10-10 01:40:12","1534472","2026-10-10","10/10/2026 11:00:00 AM","NS","117","1. Division","Belarus","FC Energetik-Bgu Minsk","Molodechno-DYuSSh 4","2433","7798"
"2026-10-10 01:40:12","1536722","2026-10-10","10/10/2026 11:00:00 AM","NS","650","Second League - Group 3","Russia","Avangard Kursk","Volna Nizhegorodskaya","2009","14124"
"2026-10-10 01:40:12","1551469","2026-10-10","10/10/2026 11:00:00 AM","NS","371","First League","Macedonia","Tikveš","Bregalnica Štip","4348","4333"
"2026-10-10 01:40:12","1556088","2026-10-10","10/10/2026 11:00:00 AM","NS","98","J1 League","Japan","Kyoto Sanga","Machida Zelvia","302","303"
"2026-10-10 01:40:12","1561409","2026-10-10","10/10/2026 11:00:00 AM","NS","235","Premier League","Russia","FC Orenburg","Dinamo Makhachkala","1080","6813"
"2026-10-10 01:40:12","1565490","2026-10-10","10/10/2026 11:00:00 AM","NS","333","Premier League","Ukraine","Chornomorets","FC Kharkiv","3615","3628"
"2026-10-10 01:40:12","1565492","2026-10-10","10/10/2026 11:00:00 AM","NS","333","Premier League","Ukraine","Kolos Kovalivka","Epitsentr Dunayivtsi","3627","14434"
"2026-10-10 01:40:12","1565495","2026-10-10","10/10/2026 11:00:00 AM","NS","333","Premier League","Ukraine","Obolon'-Brovar","Kryvbas KR","3630","6489"
"2026-10-10 01:40:12","1568203","2026-10-10","10/10/2026 11:00:00 AM","NS","783","III Liga - Group 4","Poland","Wisła Kraków II","Jarosław","24324","20830"
"2026-10-10 01:40:12","1568825","2026-10-10","10/10/2026 11:00:00 AM","NS","781","III Liga - Group 2","Poland","Luzino","Wda Świecie","19693","24328"
"2026-10-10 01:40:12","1568828","2026-10-10","10/10/2026 11:00:00 AM","NS","781","III Liga - Group 2","Poland","Victoria Września","Grom Nowy Staw","19723","24786"
"2026-10-10 01:40:12","1576501","2026-10-10","10/10/2026 11:00:00 AM","NS","95","Segunda Liga","Portugal","Tondela","Torreense","218","4799"
"2026-10-10 01:40:12","1583940","2026-10-10","10/10/2026 11:00:00 AM","NS","1026","Second League A - Division A Silver","Russia","Zenit 2","Amkar","2005","1076"
"2026-10-10 01:40:12","1590182","2026-10-10","10/10/2026 11:00:00 AM","NS","211","First NL","Croatia","Orijent 1919","Dubrava Zagreb","6256","6255"
"2026-10-10 01:40:12","1592019","2026-10-10","10/10/2026 11:00:00 AM","NS","1041","Júniores U19","Portugal","Sporting Braga U19","Porto U19","22375","7922"
"2026-10-10 01:40:12","1592025","2026-10-10","10/10/2026 11:00:00 AM","NS","1041","Júniores U19","Portugal","Sporting CP U19","Mafra U19","7997","24444"
"2026-10-10 01:40:12","1593038","2026-10-10","10/10/2026 11:00:00 AM","NS","336","Druha Liga","Ukraine","Podillya Khmelnytskyi","Bratslav Vinnytsia","6495","28006"
"2026-10-10 01:40:12","1595672","2026-10-10","10/10/2026 11:00:00 AM","NS","488","U19 Bundesliga","Germany","Hertha BSC U19","Energie Cottbus U19","7954","10253"
"2026-10-10 01:40:12","1595674","2026-10-10","10/10/2026 11:00:00 AM","NS","488","U19 Bundesliga","Germany","Ingolstadt U19","1860 München U19","10261","13965"
"2026-10-10 01:40:12","1595682","2026-10-10","10/10/2026 11:00:00 AM","NS","488","U19 Bundesliga","Germany","Saarbrücken U19","Elversberg U19","14031","15740"
"2026-10-10 01:40:12","1597781","2026-10-10","10/10/2026 11:00:00 AM","NS","865","Liga 3","Portugal","Leça","AD Marco 09","4757","22089"
"2026-10-10 01:40:12","1599250","2026-10-10","10/10/2026 11:00:00 AM","NS","676","Central Youth League","Poland","Legia Warszawa U19","Zagłębie Lubin U19","7987","20244"
"2026-10-10 01:40:12","1602501","2026-10-10","10/10/2026 11:00:00 AM","NS","284","Liga II","Romania","CSM Reşiţa","Slatina","6229","6898"
"2026-10-10 01:40:12","1613667","2026-10-10","10/10/2026 11:00:00 AM","NS","442","Tercera División RFEF - Group 4","Spain","Durango","Derio","5260","22135"
"2026-10-10 01:40:12","1613671","2026-10-10","10/10/2026 11:00:00 AM","NS","442","Tercera División RFEF - Group 4","Spain","San Ignacio","Eibar III","9663","25023"
"2026-10-10 01:40:12","1615811","2026-10-10","10/10/2026 11:00:00 AM","NS","449","Tercera División RFEF - Group 11","Spain","Constància","Porreres","9776","24580"
"2026-10-10 01:40:12","1616115","2026-10-10","10/10/2026 11:00:00 AM","NS","450","Tercera División RFEF - Group 12","Spain","Estrella","Los Llanos","20275","24611"
"2026-10-10 01:40:12","1617338","2026-10-10","10/10/2026 11:00:00 AM","NS","454","Tercera División RFEF - Group 16","Spain","Anguiano","Yagüe","9861","9876"
"2026-10-10 01:40:12","1617648","2026-10-10","10/10/2026 11:00:00 AM","NS","455","Tercera División RFEF - Group 17","Spain","Cuarte","Caspe","9886","17615"
"2026-10-10 01:40:12","1617650","2026-10-10","10/10/2026 11:00:00 AM","NS","455","Tercera División RFEF - Group 17","Spain","Épila","Robres","15329","9888"
"2026-10-10 01:40:12","1623592","2026-10-10","10/10/2026 11:00:00 AM","NS","706","Campionato Primavera - 2","Italy","Salernitana U19","Benevento U19","15679","15655"
"2026-10-10 01:40:12","1629437","2026-10-10","10/10/2026 11:00:00 AM","NS","1240","U19 league","Turkey","Alanyaspor U19","Erzurumspor U19","28240","28243"
"2026-10-10 01:40:12","1629445","2026-10-10","10/10/2026 11:00:00 AM","NS","1240","U19 league","Turkey","Samsunspor U19","Trabzonspor U19","28253","17701"
"2026-10-10 01:40:12","1633902","2026-10-10","10/10/2026 11:00:00 AM","NS","340","V.League 1","Vietnam","Hoang Anh Gia Lai","Da Nang","3673","3669"
"2026-10-10 01:40:12","1510873","2026-10-10","10/10/2026 11:30:00 AM","NS","593","Division 2 - Norra Svealand","Sweden","Falu BS","Gute","22932","6671"
"2026-10-10 01:40:12","1572080","2026-10-10","10/10/2026 11:30:00 AM","NS","875","Segunda División RFEF - Group 1","Spain","Eibar II","Basconia","24572","9656"
"2026-10-10 01:40:12","1581934","2026-10-10","10/10/2026 11:30:00 AM","NS","334","Persha Liga","Ukraine","Probiy Horodenka","SK Poltava","24568","17165"
"2026-10-10 01:40:12","1584426","2026-10-10","10/10/2026 11:30:00 AM","NS","203","Süper Lig","Turkey","Gençlerbirliği S.K.","Amed","997","3579"
"2026-10-10 01:40:12","1585770","2026-10-10","10/10/2026 11:30:00 AM","NS","204","1. Lig","Turkey","Boluspor","Antalyaspor","3569","1005"
"2026-10-10 01:40:12","1496536","2026-10-10","10/10/2026 12:00:00 PM","NS","774","3. Division - Girone 1","Norway","Lokomotiv Oslo","Konnerud","7005","25912"
"2026-10-10 01:40:12","1496537","2026-10-10","10/10/2026 12:00:00 PM","NS","774","3. Division - Girone 1","Norway","IF Ready","Union Carl Berner","6999","23423"
"2026-10-10 01:40:12","1496538","2026-10-10","10/10/2026 12:00:00 PM","NS","774","3. Division - Girone 1","Norway","Ullern","SF Grei","7042","16868"
"2026-10-10 01:40:12","1496718","2026-10-10","10/10/2026 12:00:00 PM","NS","775","3. Division - Girone 2","Norway","NTNUI","Volda","7013","16226"
"2026-10-10 01:40:12","1497714","2026-10-10","10/10/2026 12:00:00 PM","NS","114","Superettan","Sweden","Landskrona BoIS","Sandviken","2176","6697"
"2026-10-10 01:40:12","1504572","2026-10-10","10/10/2026 12:00:00 PM","NS","564","Ettan - Södra","Sweden","Eskilsminne","Olympic","6663","12601"
"2026-10-10 01:40:12","1504573","2026-10-10","10/10/2026 12:00:00 PM","NS","564","Ettan - Södra","Sweden","Hässleholms IF","Jonkopings Sodra","6676","764"
"2026-10-10 01:40:12","1504576","2026-10-10","10/10/2026 12:00:00 PM","NS","564","Ettan - Södra","Sweden","Trelleborg","Kristianstad","369","11675"
"2026-10-10 01:40:12","1505296","2026-10-10","10/10/2026 12:00:00 PM","NS","563","Ettan - Norra","Sweden","Karlberg","Vasalund","6682","6708"
"2026-10-10 01:40:12","1510691","2026-10-10","10/10/2026 12:00:00 PM","NS","592","Division 2 - Norra Götaland","Sweden","Tord","Grebbestad","12618","6670"
"2026-10-10 01:40:12","1510875","2026-10-10","10/10/2026 12:00:00 PM","NS","593","Division 2 - Norra Svealand","Sweden","Enskede","Skiljebo","6662","12584"
"2026-10-10 01:40:12","1511067","2026-10-10","10/10/2026 12:00:00 PM","NS","597","Division 2 - Södra Götaland","Sweden","Sölvesborg","Lilla Torg","12660","27849"
"2026-10-10 01:40:12","1511238","2026-10-10","10/10/2026 12:00:00 PM","NS","595","Division 2 - Södra Svealand","Sweden","Lindo FF","Örebro Syrianska","27308","11664"
"2026-10-10 01:40:12","1515929","2026-10-10","10/10/2026 12:00:00 PM","NS","365","Virsliga","Latvia","Tukums","Riga","4144","10124"
"2026-10-10 01:40:12","1528112","2026-10-10","10/10/2026 12:00:00 PM","NS","389","Premier League","Kazakhstan","FK Tobol Kostanay","FC Astana","2259","562"
"2026-10-10 01:40:12","1528114","2026-10-10","10/10/2026 12:00:00 PM","NS","389","Premier League","Kazakhstan","Yelimay Semey","Aktobe","21011","4563"
"2026-10-10 01:40:12","1528728","2026-10-10","10/10/2026 12:00:00 PM","NS","170","League One","China","Dalian Huayi","Changchun Yatai","5652","834"
"2026-10-10 01:40:12","1528729","2026-10-10","10/10/2026 12:00:00 PM","NS","170","League One","China","Suzhou Dongwu","Hebei Kungfu","5688","17264"
"2026-10-10 01:40:12","1529635","2026-10-10","10/10/2026 12:00:00 PM","NS","364","1. Liga","Latvia","Valmiera / BSS","Super Nova 2","4153","27565"
"2026-10-10 01:40:12","1534469","2026-10-10","10/10/2026 12:00:00 PM","NS","117","1. Division","Belarus","Niva","Gomel II","16656","23433"
"2026-10-10 01:40:12","1534470","2026-10-10","10/10/2026 12:00:00 PM","NS","117","1. Division","Belarus","Osipovichy","Volna","4273","3395"
"2026-10-10 01:40:12","1536287","2026-10-10","10/10/2026 12:00:00 PM","NS","651","Second League - Group 1","Russia","Lugansk","Nart Cherkessk","27647","23315"
"2026-10-10 01:40:12","1536485","2026-10-10","10/10/2026 12:00:00 PM","NS","652","Second League - Group 2","Russia","Iskra Smolensk","Murom","27645","6817"
"2026-10-10 01:40:12","1536723","2026-10-10","10/10/2026 12:00:00 PM","NS","650","Second League - Group 3","Russia","Zenit Penza","Rodina Moskva III","16866","19448"
"2026-10-10 01:40:12","1551349","2026-10-10","10/10/2026 12:00:00 PM","NS","120","1. Division","Denmark","Hillerød","FC Fredericia","6026","2061"
"2026-10-10 01:40:12","1551465","2026-10-10","10/10/2026 12:00:00 PM","NS","371","First League","Macedonia","Aresimi","Sileks","19753","4331"
"2026-10-10 01:40:12","1556462","2026-10-10","10/10/2026 12:00:00 PM","NS","361","1 Lyga","Lithuania","Babrungas","Jonava","14382","3862"
"2026-10-10 01:40:12","1556463","2026-10-10","10/10/2026 12:00:00 PM","NS","361","1 Lyga","Lithuania","Garliava","Atmosfera","16674","3856"
"2026-10-10 01:40:12","1556464","2026-10-10","10/10/2026 12:00:00 PM","NS","361","1 Lyga","Lithuania","Neptūną Klaipėda","Hegelmann II","14384","23156"
"2026-10-10 01:40:12","1566373","2026-10-10","10/10/2026 12:00:00 PM","NS","745","Oberliga - Hamburg","Germany","Tus Dassendorf","Victoria Hamburg","1662","12890"
"2026-10-10 01:40:12","1569385","2026-10-10","10/10/2026 12:00:00 PM","NS","705","Campionato Primavera - 1","Italy","Atalanta U20","Milan U20","24725","24737"
"2026-10-10 01:40:12","1571857","2026-10-10","10/10/2026 12:00:00 PM","NS","272","NB II","Hungary","Kazincbarcikai","Karcag SE","2410","17289"
"2026-10-10 01:40:12","1576190","2026-10-10","10/10/2026 12:00:00 PM","NS","79","2. Bundesliga","Germany","SV Darmstadt 98","Energie Cottbus","181","1320"
"2026-10-10 01:40:12","1576193","2026-10-10","10/10/2026 12:00:00 PM","NS","79","2. Bundesliga","Germany","1. FC Magdeburg","Hannover 96","179","166"
"2026-10-10 01:40:12","1576196","2026-10-10","10/10/2026 12:00:00 PM","NS","79","2. Bundesliga","Germany","VfL Osnabrück","Dynamo Dresden","1324","183"
"2026-10-10 01:40:12","1577010","2026-10-10","10/10/2026 12:00:00 PM","NS","754","Oberliga - Nordost-Nord","Germany","Lichtenberg","Anker Wismar","9354","13946"
"2026-10-10 01:40:12","1577011","2026-10-10","10/10/2026 12:00:00 PM","NS","754","Oberliga - Nordost-Nord","Germany","Eintracht Mahlsdorf","Neustrelitz","12759","12820"
"2026-10-10 01:40:12","1577252","2026-10-10","10/10/2026 12:00:00 PM","NS","755","Oberliga - Nordost-Süd","Germany","Eilenburg","Einheit Wernigerode","12756","17035"
"2026-10-10 01:40:12","1577541","2026-10-10","10/10/2026 12:00:00 PM","NS","236","First League","Russia","Leningradets","Torpedo Moskva","6811","3985"
"2026-10-10 01:40:12","1577799","2026-10-10","10/10/2026 12:00:00 PM","NS","862","3. Division","Denmark","FC Helsingor","ASA Aarhus","2062","14443"
"2026-10-10 01:40:12","1577800","2026-10-10","10/10/2026 12:00:00 PM","NS","862","3. Division","Denmark","Ringsted","Hørsholm-Usserød","11532","11507"
"2026-10-10 01:40:12","1582459","2026-10-10","10/10/2026 12:00:00 PM","NS","753","Oberliga - Baden-Württemberg","Germany","Essingen","Reutlingen","19668","13932"
"2026-10-10 01:40:12","1583879","2026-10-10","10/10/2026 12:00:00 PM","NS","1025","Second League A - Division A Gold","Russia","Kaluga","Mashuk-KMV","6802","6814"
"2026-10-10 01:40:12","1583880","2026-10-10","10/10/2026 12:00:00 PM","NS","1025","Second League A - Division A Gold","Russia","Dinamo Kirov","Alaniya Vladikavkaz","21538","6787"
"2026-10-10 01:40:12","1583939","2026-10-10","10/10/2026 12:00:00 PM","NS","1026","Second League A - Division A Silver","Russia","Irtysh Omsk","Tyumen","665","2000"
"2026-10-10 01:40:12","1593916","2026-10-10","10/10/2026 12:00:00 PM","NS","633","NB III - Northeast","Hungary","Füzesabony","Eger","24493","5089"
"2026-10-10 01:40:12","1593917","2026-10-10","10/10/2026 12:00:00 PM","NS","633","NB III - Northeast","Hungary","Gödöllő","Tiszafuredi VSE","11701","5147"
"2026-10-10 01:40:12","1593918","2026-10-10","10/10/2026 12:00:00 PM","NS","633","NB III - Northeast","Hungary","Mátészalka","Cigand SE","11760","2419"
"2026-10-10 01:40:12","1593923","2026-10-10","10/10/2026 12:00:00 PM","NS","633","NB III - Northeast","Hungary","Salgótarjáni BTC","DEAC","5134","5082"
"2026-10-10 01:40:12","1594161","2026-10-10","10/10/2026 12:00:00 PM","NS","635","NB III - Northwest","Hungary","Sárisápi Bányász","1908 SZAC","5140","5068"
"2026-10-10 01:40:12","1594162","2026-10-10","10/10/2026 12:00:00 PM","NS","635","NB III - Northwest","Hungary","SC Sopron","Komárom","7557","5113"
"2026-10-10 01:40:12","1594163","2026-10-10","10/10/2026 12:00:00 PM","NS","635","NB III - Northwest","Hungary","Tatabánya","Zalaegerszegi TE II","5145","11859"
"2026-10-10 01:40:12","1594396","2026-10-10","10/10/2026 12:00:00 PM","NS","1023","NB III - Southeast","Hungary","Csepel","Szegedi VSE","5081","7561"
"2026-10-10 01:40:12","1594397","2026-10-10","10/10/2026 12:00:00 PM","NS","1023","NB III - Southeast","Hungary","III. Kerületi TUE","Szolnoki MAV FC","5102","2416"
"2026-10-10 01:40:12","1594398","2026-10-10","10/10/2026 12:00:00 PM","NS","1023","NB III - Southeast","Hungary","Monori Se","Bekescsaba 1912","2411","2406"
"2026-10-10 01:40:12","1594402","2026-10-10","10/10/2026 12:00:00 PM","NS","1023","NB III - Southeast","Hungary","Hódmezővásárhely","Dabas","5101","5083"
"2026-10-10 01:40:12","1594403","2026-10-10","10/10/2026 12:00:00 PM","NS","1023","NB III - Southeast","Hungary","Sándorfalva","Vasas II","24505","19462"
"2026-10-10 01:40:12","1594636","2026-10-10","10/10/2026 12:00:00 PM","NS","634","NB III - Southwest","Hungary","Budafoki LC","Majosi","2399","11784"
"2026-10-10 01:40:12","1594637","2026-10-10","10/10/2026 12:00:00 PM","NS","634","NB III - Southwest","Hungary","Kaposvar","Iváncsa","2407","5104"
"2026-10-10 01:40:12","1594639","2026-10-10","10/10/2026 12:00:00 PM","NS","634","NB III - Southwest","Hungary","Szekszárd","Dunaharaszti MTK","5138","5085"
"2026-10-10 01:40:12","1594642","2026-10-10","10/10/2026 12:00:00 PM","NS","634","NB III - Southwest","Hungary","PTE-PEAC","Ferencváros II","5127","11861"
"2026-10-10 01:40:12","1595661","2026-10-10","10/10/2026 12:00:00 PM","NS","488","U19 Bundesliga","Germany","Augsburg U19","Heidenheim U19","10247","10259"
"2026-10-10 01:40:12","1595662","2026-10-10","10/10/2026 12:00:00 PM","NS","488","U19 Bundesliga","Germany","Bayern München U19","Jahn Regensburg U19","7887","24541"
"2026-10-10 01:40:12","1595663","2026-10-10","10/10/2026 12:00:00 PM","NS","488","U19 Bundesliga","Germany","Eintracht Braunsch U19","Hallescher FC U19","13961","14030"
"2026-10-10 01:40:12","1595673","2026-10-10","10/10/2026 12:00:00 PM","NS","488","U19 Bundesliga","Germany","Holstein Kiel U19","St. Pauli U19","10260","10272"
"2026-10-10 01:40:12","1595676","2026-10-10","10/10/2026 12:00:00 PM","NS","488","U19 Bundesliga","Germany","Karlsruher SC U19","Stuttgarter K'rs U19","10263","13959"
"2026-10-10 01:40:12","1595677","2026-10-10","10/10/2026 12:00:00 PM","NS","488","U19 Bundesliga","Germany","Köln U19","Kaiserslautern U19","10265","10262"
"2026-10-10 01:40:12","1595684","2026-10-10","10/10/2026 12:00:00 PM","NS","488","U19 Bundesliga","Germany","Havelse U19","Wolfsburg U19","13953","10278"
"2026-10-10 01:40:12","1598036","2026-10-10","10/10/2026 12:00:00 PM","NS","296","Thai League 1","Thailand","BG Pathum United","Ayutthaya FC","2769","2803"
"2026-10-10 01:40:12","1601048","2026-10-10","10/10/2026 12:00:00 PM","NS","594","Division 2 - Norrland","Sweden","IFK Luleå","Gottne","6679","6669"
"2026-10-10 01:40:12","1601049","2026-10-10","10/10/2026 12:00:00 PM","NS","594","Division 2 - Norrland","Sweden","Kubikenborg","IFK Östersund","24030","6681"
"2026-10-10 01:40:12","1602683","2026-10-10","10/10/2026 12:00:00 PM","NS","297","Thai League 2","Thailand","Nakhon Pathom","Muangthong United","6578","2786"
"2026-10-10 01:40:12","1604260","2026-10-10","10/10/2026 12:00:00 PM","NS","749","Oberliga - Bremen","Germany","Brinkumer SV","Werder Bremen III","12745","16097"
"2026-10-10 01:40:12","1604263","2026-10-10","10/10/2026 12:00:00 PM","NS","749","Oberliga - Bremen","Germany","Union Bremen","Blumenthaler SV","16095","16091"
"2026-10-10 01:40:12","1616122","2026-10-10","10/10/2026 12:00:00 PM","NS","450","Tercera División RFEF - Group 12","Spain","Unión Sur Yaiza","Marino","17605","9799"
"2026-10-10 01:40:12","1629062","2026-10-10","10/10/2026 12:00:00 PM","NS","276","FKF Premier League","Kenya","Mathare United","APS Bomet","2463","19476"
"2026-10-10 01:40:12","1633903","2026-10-10","10/10/2026 12:00:00 PM","NS","340","V.League 1","Vietnam","Hai Phong","Thanh Hóa","3671","3680"
"2026-10-10 01:40:12","1633904","2026-10-10","10/10/2026 12:00:00 PM","NS","340","V.League 1","Vietnam","Nam Dinh","Phu Dong","3674","9167"
"2026-10-10 01:40:12","1634971","2026-10-10","10/10/2026 12:00:00 PM","NS","637","V.League 2","Vietnam","Binh Duong","Lam Dong","3668","28215"
"2026-10-10 01:40:12","1634972","2026-10-10","10/10/2026 12:00:00 PM","NS","637","V.League 2","Vietnam","Hung Yen","Xuan Thien Phu Tho","28214","26745"
"2026-10-10 01:40:12","1638173","2026-10-10","10/10/2026 12:00:00 PM","NS","245","Ykkönen","Finland","PKKU","SalPa","9203","9189"
"2026-10-10 01:40:12","1645157","2026-10-10","10/10/2026 12:00:00 PM","NS","847","Premier League","Eswatini","Mbabane Swallows","Madlenya","8107","20371"
"2026-10-10 01:40:12","1645359","2026-10-10","10/10/2026 12:00:00 PM","NS","1052","Kakkonen - Play-offs","Finland","Huima / Urho","Ilves II","22980","9185"
"2026-10-10 01:40:12","1547587","2026-10-10","10/10/2026 12:15:00 PM","NS","362","A Lyga","Lithuania","FK Zalgiris Vilnius","Suduva Marijampole","586","612"
"2026-10-10 01:40:12","1507231","2026-10-10","10/10/2026 12:30:00 PM","NS","326","Erovnuli Liga 2","Georgia","Odishi 1919","Gareji","13856","14860"
"2026-10-10 01:40:12","1509194","2026-10-10","10/10/2026 12:30:00 PM","NS","327","Erovnuli Liga","Georgia","Meshakhte","FC Iberia 1999","13847","3502"
"2026-10-10 01:40:12","1513639","2026-10-10","10/10/2026 12:30:00 PM","NS","329","Meistriliiga","Estonia","Kalju Nomme","Laagri","662","18657"
"2026-10-10 01:40:12","1513640","2026-10-10","10/10/2026 12:30:00 PM","NS","329","Meistriliiga","Estonia","Vaprus","Trans Narva","3525","2274"
"2026-10-10 01:40:12","1528730","2026-10-10","10/10/2026 12:30:00 PM","NS","170","League One","China","Meizhou Kejia","Wuxi Wugou","1439","17269"
"2026-10-10 01:40:12","1536050","2026-10-10","10/10/2026 12:30:00 PM","NS","651","Second League - Group 1","Russia","Pobeda","Rubin Yalta","22171","17682"
"2026-10-10 01:40:12","1551348","2026-10-10","10/10/2026 12:30:00 PM","NS","120","1. Division","Denmark","Esbjerg","Aalborg","403","402"
"2026-10-10 01:40:12","1557417","2026-10-10","10/10/2026 12:30:00 PM","NS","39","Premier League","England","Arsenal","Leeds","42","63"
"2026-10-10 01:40:12","1563181","2026-10-10","10/10/2026 12:30:00 PM","NS","40","Championship","England","Charlton","Bristol City","1335","56"
"2026-10-10 01:40:12","1563187","2026-10-10","10/10/2026 12:30:00 PM","NS","40","Championship","England","Swansea","Norwich","76","71"
"2026-10-10 01:40:12","1563189","2026-10-10","10/10/2026 12:30:00 PM","NS","40","Championship","England","West Brom","Birmingham","60","54"
"2026-10-10 01:40:12","1563796","2026-10-10","10/10/2026 12:30:00 PM","NS","42","League Two","England","Oldham","Accrington ST","1349","1360"
"2026-10-10 01:40:12","1563800","2026-10-10","10/10/2026 12:30:00 PM","NS","42","League Two","England","Swindon Town","Crewe","1353","1363"
"2026-10-10 01:40:12","1564350","2026-10-10","10/10/2026 12:30:00 PM","NS","41","League One","England","Notts County","Oxford United","1376","1338"
"2026-10-10 01:40:12","1564351","2026-10-10","10/10/2026 12:30:00 PM","NS","41","League One","England","Plymouth","AFC Wimbledon","1357","1333"
"2026-10-10 01:40:12","1579497","2026-10-10","10/10/2026 12:30:00 PM","NS","492","Tweede Divisie","Netherlands","Quick Boys","Katwijk","1272","1237"
"2026-10-10 01:40:12","1585282","2026-10-10","10/10/2026 12:30:00 PM","NS","43","National League","England","Altrincham","Aldershot Town","4700","1818"
"2026-10-10 01:40:12","1585283","2026-10-10","10/10/2026 12:30:00 PM","NS","43","National League","England","Carlisle","Kidderminster Harriers","1371","4695"
"2026-10-10 01:40:12","1591340","2026-10-10","10/10/2026 12:30:00 PM","NS","205","2. Lig","Turkey","Sebat Gençlikspor","68 Aksaray Belediyespor","22010","6507"
"2026-10-10 01:40:12","1591633","2026-10-10","10/10/2026 12:30:00 PM","NS","205","2. Lig","Turkey","12 Bingölspor"," Kahramanmaraş İstiklal Spor","6504","24601"
"2026-10-10 01:40:12","1598037","2026-10-10","10/10/2026 12:30:00 PM","NS","296","Thai League 1","Thailand","Buriram United","Rayong FC","2780","2797"
"2026-10-10 01:40:12","1599247","2026-10-10","10/10/2026 12:30:00 PM","NS","676","Central Youth League","Poland","Escola Varsovia U19","Wisła Kraków U19","20589","20595"
"2026-10-10 01:40:12","1602684","2026-10-10","10/10/2026 12:30:00 PM","NS","297","Thai League 2","Thailand","Police Tero","Nakhon Ratchasima FC","2775","2773"
"2026-10-10 01:40:12","1603467","2026-10-10","10/10/2026 12:30:00 PM","NS","368","Premier League","Singapore","Geylang International","Albirex Niigata S","4203","4200"
"2026-10-10 01:40:12","1628352","2026-10-10","10/10/2026 12:30:00 PM","NS","311","1st Division","Albania","Bylis","FK Kukesi","3325","577"
"2026-10-10 01:40:12","1628353","2026-10-10","10/10/2026 12:30:00 PM","NS","311","1st Division","Albania","Flamurtari","Sopoti Librazhd","3317","3839"
"2026-10-10 01:40:12","1630445","2026-10-10","10/10/2026 12:30:00 PM","NS","418","Birinci Dasta","Azerbaijan","Cəbrayıl","Baku Sportinq","22789","22788"
"2026-10-10 01:40:12","1642167","2026-10-10","10/10/2026 12:30:00 PM","NS","323","Indian Super League","India","Bengaluru","SC Delhi","3472","26963"
"2026-10-10 01:40:12","1645135","2026-10-10","10/10/2026 12:30:00 PM","NS","962","Premier League","Lesotho","Limkokwing University","Matlama","25064","6426"
"2026-10-10 01:40:12","1523269","2026-10-10","10/10/2026 12:35:00 PM","NS","169","Super League","China","Chengdu Better City","Tianjin Teda","5648","837"
"2026-10-10 01:40:12","1523270","2026-10-10","10/10/2026 12:35:00 PM","NS","169","Super League","China","Shanghai Shenhua","Yunnan Yukun","833","21265"
"2026-10-10 01:40:12","1636948","2026-10-10","10/10/2026 12:45:00 PM","NS","494","Super League 2","Greece","Panserraikos","Nestos Chrisoupolis","2099","12367"
"2026-10-10 01:40:12","1638798","2026-10-10","10/10/2026 12:45:00 PM","NS","500","FA Cup","Malaysia","Kuching FA","Kelantan City","10108","28339"
"2026-10-10 01:40:12","1496173","2026-10-10","10/10/2026 1:00:00 PM","NS","473","2. Division - Group 1","Norway","Sotra","Kvik Halden","7028","7004"
"2026-10-10 01:40:12","1496351","2026-10-10","10/10/2026 1:00:00 PM","NS","474","2. Division - Group 2","Norway","Eidsvold","Skeid","6978","2239"
"2026-10-10 01:40:12","1496357","2026-10-10","10/10/2026 1:00:00 PM","NS","474","2. Division - Group 2","Norway","Ull/Kisa","Follo","2154","6985"
"2026-10-10 01:40:12","1496533","2026-10-10","10/10/2026 1:00:00 PM","NS","774","3. Division - Girone 1","Norway","Asker","Bærum","6967","6974"
"2026-10-10 01:40:12","1496534","2026-10-10","10/10/2026 1:00:00 PM","NS","774","3. Division - Girone 1","Norway","Gamle Oslo","Nordstrand","18924","7015"
"2026-10-10 01:40:12","1496539","2026-10-10","10/10/2026 1:00:00 PM","NS","774","3. Division - Girone 1","Norway","Vålerenga II","Frigg","10114","6987"
"2026-10-10 01:40:12","1496719","2026-10-10","10/10/2026 1:00:00 PM","NS","775","3. Division - Girone 2","Norway","Orkla","Kvik Trondheim","12824","25498"
"2026-10-10 01:40:12","1496897","2026-10-10","10/10/2026 1:00:00 PM","NS","776","3. Division - Girone 3","Norway","Åsane II","Vard","22871","7043"
"2026-10-10 01:40:12","1496898","2026-10-10","10/10/2026 1:00:00 PM","NS","776","3. Division - Girone 3","Norway","Askøy","Fana","22870","6980"
"2026-10-10 01:40:12","1496903","2026-10-10","10/10/2026 1:00:00 PM","NS","776","3. Division - Girone 3","Norway","Varegg","Stord","19719","16220"
"2026-10-10 01:40:12","1497079","2026-10-10","10/10/2026 1:00:00 PM","NS","777","3. Division - Girone 4","Norway","Brodd","Hinna","6971","6997"
"2026-10-10 01:40:12","1497084","2026-10-10","10/10/2026 1:00:00 PM","NS","777","3. Division - Girone 4","Norway","Varhaug","Madla","23424","7009"
"2026-10-10 01:40:12","1497265","2026-10-10","10/10/2026 1:00:00 PM","NS","778","3. Division - Girone 5","Norway","Skedsmo","Fløya","19711","6984"
"2026-10-10 01:40:12","1497443","2026-10-10","10/10/2026 1:00:00 PM","NS","779","3. Division - Girone 6","Norway","Bjørkelangen","Gjøvik-Lyn","22868","6992"
"2026-10-10 01:40:12","1497446","2026-10-10","10/10/2026 1:00:00 PM","NS","779","3. Division - Girone 6","Norway","Oppsal","Drøbak / Frogn","7018","21349"
"2026-10-10 01:40:12","1506680","2026-10-10","10/10/2026 1:00:00 PM","NS","366","1. Deild","Faroe-Islands","ÍF II","TB","4187","4192"
"2026-10-10 01:40:12","1506682","2026-10-10","10/10/2026 1:00:00 PM","NS","366","1. Deild","Faroe-Islands","EB / Streymur II","B36 II","4190","4185"
"2026-10-10 01:40:12","1510692","2026-10-10","10/10/2026 1:00:00 PM","NS","592","Division 2 - Norra Götaland","Sweden","Ahlafors","Stenungsund","12570","12575"
"2026-10-10 01:40:12","1510694","2026-10-10","10/10/2026 1:00:00 PM","NS","592","Division 2 - Norra Götaland","Sweden","Motala","Lidköping","11673","12573"
"2026-10-10 01:40:12","1510874","2026-10-10","10/10/2026 1:00:00 PM","NS","593","Division 2 - Norra Svealand","Sweden","Bollstanäs","Kungsängen","25574","12582"
"2026-10-10 01:40:12","1511031","2026-10-10","10/10/2026 1:00:00 PM","NS","597","Division 2 - Södra Götaland","Sweden","Linero","Växjö Norra","25572","25573"
"2026-10-10 01:40:12","1511032","2026-10-10","10/10/2026 1:00:00 PM","NS","597","Division 2 - Södra Götaland","Sweden","Räppe","Nosaby","12617","12616"
"2026-10-10 01:40:12","1511419","2026-10-10","10/10/2026 1:00:00 PM","NS","596","Division 2 - Västra Götaland","Sweden","Dalstorps","Jonsered","12613","21359"
"2026-10-10 01:40:12","1511421","2026-10-10","10/10/2026 1:00:00 PM","NS","596","Division 2 - Västra Götaland","Sweden","Landvetter IS","Astrio","18424","6657"
"2026-10-10 01:40:12","1519654","2026-10-10","10/10/2026 1:00:00 PM","NS","328","Esiliiga A","Estonia","Tallinna Kalev","Viimsi","3529","14340"
"2026-10-10 01:40:12","1525996","2026-10-10","10/10/2026 1:00:00 PM","NS","116","Premier League","Belarus","Naftan","Belshina","750","3384"
"2026-10-10 01:40:12","1527747","2026-10-10","10/10/2026 1:00:00 PM","NS","571","Vysshaya Liga","Tajikistan","Regar-TadAZ","Barki Tajik","12268","12270"
"2026-10-10 01:40:12","1528109","2026-10-10","10/10/2026 1:00:00 PM","NS","389","Premier League","Kazakhstan","Kairat Almaty","Zhetysu","664","4560"
"2026-10-10 01:40:12","1529634","2026-10-10","10/10/2026 1:00:00 PM","NS","364","1. Liga","Latvia","Skanste","JDFS Alberts","16835","4139"
"2026-10-10 01:40:12","1534549","2026-10-10","10/10/2026 1:00:00 PM","NS","117","1. Division","Belarus","Shakhter Soligorsk","Bumprom","392","7802"
"2026-10-10 01:40:12","1536049","2026-10-10","10/10/2026 1:00:00 PM","NS","651","Second League - Group 1","Russia","Astrakhan","Kyzyltash","21540","17680"
"2026-10-10 01:40:12","1536288","2026-10-10","10/10/2026 1:00:00 PM","NS","651","Second League - Group 1","Russia","Shahter Taganrog","Spartak Nalchik","27648","2002"
"2026-10-10 01:40:12","1536720","2026-10-10","10/10/2026 1:00:00 PM","NS","650","Second League - Group 3","Russia","Shumbrat","Rotor-2","26148","12840"
"2026-10-10 01:40:12","1551118","2026-10-10","10/10/2026 1:00:00 PM","NS","172","First League","Bulgaria","Botev Vratsa","Spartak Varna","859","4660"
"2026-10-10 01:40:12","1552486","2026-10-10","10/10/2026 1:00:00 PM","NS","62","Ligue 2","France","Clermont Foot","RED Star FC 93","99","104"
"2026-10-10 01:40:12","1552491","2026-10-10","10/10/2026 1:00:00 PM","NS","62","Ligue 2","France","Nantes","Reims","83","93"
"2026-10-10 01:40:12","1554187","2026-10-10","10/10/2026 1:00:00 PM","NS","287","Prva Liga","Serbia","Metalac GM","Teleoptik","2647","2645"
"2026-10-10 01:40:12","1556467","2026-10-10","10/10/2026 1:00:00 PM","NS","361","1 Lyga","Lithuania","Transinvest 2","Ekranas","27557","10696"
"2026-10-10 01:40:12","1566377","2026-10-10","10/10/2026 1:00:00 PM","NS","745","Oberliga - Hamburg","Germany","Sasel","Pinneberg","16083","27365"
"2026-10-10 01:40:12","1566809","2026-10-10","10/10/2026 1:00:00 PM","NS","938","Oberliga - Bayern Nord","Germany","Viktoria Aschaffenburg","Fortuna Regensburg","9336","19226"
"2026-10-10 01:40:12","1566812","2026-10-10","10/10/2026 1:00:00 PM","NS","938","Oberliga - Bayern Nord","Germany","Eintracht Bamberg","Ammerthal","12757","14619"
"2026-10-10 01:40:12","1567092","2026-10-10","10/10/2026 1:00:00 PM","NS","939","Oberliga - Bayern Süd","Germany","Deisenhofen","Hankofen-Hailing","12751","12780"
"2026-10-10 01:40:12","1567093","2026-10-10","10/10/2026 1:00:00 PM","NS","939","Oberliga - Bayern Süd","Germany","Ismaning","Heimstetten","12796","9329"
"2026-10-10 01:40:12","1567094","2026-10-10","10/10/2026 1:00:00 PM","NS","939","Oberliga - Bayern Süd","Germany","Kottern","1860 München II","12807","12724"
"2026-10-10 01:40:12","1568821","2026-10-10","10/10/2026 1:00:00 PM","NS","781","III Liga - Group 2","Poland","Stargard Szczeciński","Lipno Stęszew","6959","26180"
"2026-10-10 01:40:12","1569127","2026-10-10","10/10/2026 1:00:00 PM","NS","780","III Liga - Group 1","Poland","Mazovia Minsk Mazowiecki","Pelikan Łowicz","27901","12829"
"2026-10-10 01:40:12","1569128","2026-10-10","10/10/2026 1:00:00 PM","NS","780","III Liga - Group 1","Poland","Olimpia Elbląg","Mławianka Mława","6945","19618"
"2026-10-10 01:40:12","1569129","2026-10-10","10/10/2026 1:00:00 PM","NS","780","III Liga - Group 1","Poland","Wisła Płock II","Troszyn","23046","26177"
"2026-10-10 01:40:12","1570410","2026-10-10","10/10/2026 1:00:00 PM","NS","140","La Liga","Spain","Rayo Vallecano","Athletic Club","728","531"
"2026-10-10 01:40:12","1573876","2026-10-10","10/10/2026 1:00:00 PM","NS","223","Regionalliga - West","Austria","SVG Reichenau","Kitzbühel","4981","4947"
"2026-10-10 01:40:12","1575812","2026-10-10","10/10/2026 1:00:00 PM","NS","122","2. Division","Denmark","Brabrand","Fremad Amager","2071","2065"
"2026-10-10 01:40:12","1575813","2026-10-10","10/10/2026 1:00:00 PM","NS","122","2. Division","Denmark","FA 2000","Naestved","8634","2066"
"2026-10-10 01:40:12","1575814","2026-10-10","10/10/2026 1:00:00 PM","NS","122","2. Division","Denmark","HIK","Thisted FC","6021","2069"
"2026-10-10 01:40:12","1575815","2026-10-10","10/10/2026 1:00:00 PM","NS","122","2. Division","Denmark","Roskilde","Skive","2067","2068"
"2026-10-10 01:40:12","1576919","2026-10-10","10/10/2026 1:00:00 PM","NS","395","Liga 1","Moldova","Făleşti","FC National Ialoveni","14009","26757"
"2026-10-10 01:40:12","1576922","2026-10-10","10/10/2026 1:00:00 PM","NS","395","Liga 1","Moldova","Spartanii Selemet","Iskra","5380","5372"
"2026-10-10 01:40:12","1577012","2026-10-10","10/10/2026 1:00:00 PM","NS","754","Oberliga - Nordost-Nord","Germany","Optik Rathenow","Makkabi","9356","14722"
"2026-10-10 01:40:12","1577013","2026-10-10","10/10/2026 1:00:00 PM","NS","754","Oberliga - Nordost-Nord","Germany","Reinickendorfer Fuchse","FC Lok Stendal","17141","1654"
"2026-10-10 01:40:12","1577015","2026-10-10","10/10/2026 1:00:00 PM","NS","754","Oberliga - Nordost-Nord","Germany","Siedenbollentin","Tennis Borussia","22909","12876"
"2026-10-10 01:40:12","1577249","2026-10-10","10/10/2026 1:00:00 PM","NS","755","Oberliga - Nordost-Süd","Germany","FC Frankfurt","Germania Halberstadt","17038","1643"
"2026-10-10 01:40:12","1577254","2026-10-10","10/10/2026 1:00:00 PM","NS","755","Oberliga - Nordost-Süd","Germany","SC Freital","Empor Glauchau","18170","22899"
"2026-10-10 01:40:12","1577256","2026-10-10","10/10/2026 1:00:00 PM","NS","755","Oberliga - Nordost-Süd","Germany","Plauen","Union Sandersdorf","12833","12885"
"2026-10-10 01:40:12","1577801","2026-10-10","10/10/2026 1:00:00 PM","NS","862","3. Division","Denmark","Frem","Næsby","6018","8635"
"2026-10-10 01:40:12","1577802","2026-10-10","10/10/2026 1:00:00 PM","NS","862","3. Division","Denmark","Vanløse","Holbæk B&I","6065","6027"
"2026-10-10 01:40:12","1580249","2026-10-10","10/10/2026 1:00:00 PM","NS","744","Oberliga - Schleswig-Holstein","Germany","Heider SV","Phönix L. II","9343","26176"
"2026-10-10 01:40:12","1580250","2026-10-10","10/10/2026 1:00:00 PM","NS","744","Oberliga - Schleswig-Holstein","Germany","Hohenwestedt","Kaltenkirchen","21943","26175"
"2026-10-10 01:40:12","1580251","2026-10-10","10/10/2026 1:00:00 PM","NS","744","Oberliga - Schleswig-Holstein","Germany","Kilia Kiel","Lübeck II","14500","16072"
"2026-10-10 01:40:12","1580252","2026-10-10","10/10/2026 1:00:00 PM","NS","744","Oberliga - Schleswig-Holstein","Germany","Union Neumünster","Nordmark Satrup","16076","21946"
"2026-10-10 01:40:12","1580253","2026-10-10","10/10/2026 1:00:00 PM","NS","744","Oberliga - Schleswig-Holstein","Germany","Rotenhof","Rapid Lubeck","24434","28084"
"2026-10-10 01:40:12","1581146","2026-10-10","10/10/2026 1:00:00 PM","NS","750","Oberliga - Hessen","Germany","Baunatal","1960 Hanau","4261","21947"
"2026-10-10 01:40:12","1581147","2026-10-10","10/10/2026 1:00:00 PM","NS","750","Oberliga - Hessen","Germany","FC Gießen","Hummetroth","9362","26171"
"2026-10-10 01:40:12","1581149","2026-10-10","10/10/2026 1:00:00 PM","NS","750","Oberliga - Hessen","Germany","Friedberg","Bayern Alzenau","14489","9361"
"2026-10-10 01:40:12","1581538","2026-10-10","10/10/2026 1:00:00 PM","NS","342","Premier League","Armenia","Van","Gandzasar","6286","688"
"2026-10-10 01:40:12","1582456","2026-10-10","10/10/2026 1:00:00 PM","NS","753","Oberliga - Baden-Württemberg","Germany","CFR Pforzheim","Teningen","1659","13949"
"2026-10-10 01:40:12","1584017","2026-10-10","10/10/2026 1:00:00 PM","NS","80","3. Liga","Germany","Fortuna Köln","FC Saarbrücken","1326","1639"
"2026-10-10 01:40:12","1584018","2026-10-10","10/10/2026 1:00:00 PM","NS","80","3. Liga","Germany","SG Sonnenhof Grossaspach","Waldhof Mannheim","1317","4268"
"2026-10-10 01:40:12","1584020","2026-10-10","10/10/2026 1:00:00 PM","NS","80","3. Liga","Germany","SV Meppen","Stuttgart II","1318","12867"
"2026-10-10 01:40:12","1584022","2026-10-10","10/10/2026 1:00:00 PM","NS","80","3. Liga","Germany","SSV Jahn Regensburg","Havelse","177","9342"
"2026-10-10 01:40:12","1584023","2026-10-10","10/10/2026 1:00:00 PM","NS","80","3. Liga","Germany","Würzburger Kickers","Hansa Rostock","784","1321"
"2026-10-10 01:40:12","1586248","2026-10-10","10/10/2026 1:00:00 PM","NS","83","Regionalliga - Bayern","Germany","Ansbach","Nürnberg II","14621","9332"
"2026-10-10 01:40:12","1586250","2026-10-10","10/10/2026 1:00:00 PM","NS","83","Regionalliga - Bayern","Germany","Wacker Burghausen","Greuther Fürth II","9337","9328"
"2026-10-10 01:40:12","1586251","2026-10-10","10/10/2026 1:00:00 PM","NS","83","Regionalliga - Bayern","Germany","Illertissen","TSV 1860 München","9330","786"
"2026-10-10 01:40:12","1586252","2026-10-10","10/10/2026 1:00:00 PM","NS","83","Regionalliga - Bayern","Germany","Landsberg","Aubstadt","14717","9323"
"2026-10-10 01:40:12","1586253","2026-10-10","10/10/2026 1:00:00 PM","NS","83","Regionalliga - Bayern","Germany","Memmingen","Eichstätt","9331","4262"
"2026-10-10 01:40:12","1586254","2026-10-10","10/10/2026 1:00:00 PM","NS","83","Regionalliga - Bayern","Germany","Schwaben Augsburg","Bayreuth","12849","9325"
"2026-10-10 01:40:12","1586256","2026-10-10","10/10/2026 1:00:00 PM","NS","83","Regionalliga - Bayern","Germany","Vilzing","Buchbach","12893","9326"
"2026-10-10 01:40:12","1586591","2026-10-10","10/10/2026 1:00:00 PM","NS","84","Regionalliga - Nord","Germany","Eimsbütteler TV","Hannover 96 II","13947","9341"
"2026-10-10 01:40:12","1586594","2026-10-10","10/10/2026 1:00:00 PM","NS","84","Regionalliga - Nord","Germany","Schöningen","Hamburger SV II","19475","9340"
"2026-10-10 01:40:12","1586889","2026-10-10","10/10/2026 1:00:00 PM","NS","85","Regionalliga - Nordost","Germany","BFC Preussen","Hertha BSC II","1618","9353"
"2026-10-10 01:40:12","1586894","2026-10-10","10/10/2026 1:00:00 PM","NS","85","Regionalliga - Nordost","Germany","FC Carl Zeiss Jena","Magdeburg II","1325","21525"
"2026-10-10 01:40:12","1587184","2026-10-10","10/10/2026 1:00:00 PM","NS","86","Regionalliga - SudWest","Germany","FSV Frankfurt","SV Sandhausen","1332","189"
"2026-10-10 01:40:12","1587185","2026-10-10","10/10/2026 1:00:00 PM","NS","86","Regionalliga - SudWest","Germany","Barockstadt Fulda-Lehn.","VfR Aalen","12735","1327"
"2026-10-10 01:40:12","1587186","2026-10-10","10/10/2026 1:00:00 PM","NS","86","Regionalliga - SudWest","Germany","Kaiserslautern II","Hessen Kassel","12800","12788"
"2026-10-10 01:40:12","1587188","2026-10-10","10/10/2026 1:00:00 PM","NS","86","Regionalliga - SudWest","Germany","TSV Steinbach","Eintracht Trier","1656","1627"
"2026-10-10 01:40:12","1587189","2026-10-10","10/10/2026 1:00:00 PM","NS","86","Regionalliga - SudWest","Germany","SSV Ulm 1846","Eintracht Frankfurt II","1652","19217"
"2026-10-10 01:40:12","1587190","2026-10-10","10/10/2026 1:00:00 PM","NS","86","Regionalliga - SudWest","Germany","VfR Mannheim","Stuttgarter Kickers","12889","12868"
"2026-10-10 01:40:12","1587191","2026-10-10","10/10/2026 1:00:00 PM","NS","86","Regionalliga - SudWest","Germany","FC Astoria Walldorf","FSV Mainz 05 II","1626","1331"
"2026-10-10 01:40:12","1587498","2026-10-10","10/10/2026 1:00:00 PM","NS","87","Regionalliga - West","Germany","Bergisch Gladbach","Schalke 04 II","9366","9373"
"2026-10-10 01:40:12","1587500","2026-10-10","10/10/2026 1:00:00 PM","NS","87","Regionalliga - West","Germany","Borussia Dortmund II","SG Wattenscheid 09","9367","1629"
"2026-10-10 01:40:12","1587501","2026-10-10","10/10/2026 1:00:00 PM","NS","87","Regionalliga - West","Germany","FC Gutersloh","Sportfreunde Siegen","14485","13935"
"2026-10-10 01:40:12","1587503","2026-10-10","10/10/2026 1:00:00 PM","NS","87","Regionalliga - West","Germany","Sportfreunde Lotte","Paderborn II","1323","12827"
"2026-10-10 01:40:12","1587504","2026-10-10","10/10/2026 1:00:00 PM","NS","87","Regionalliga - West","Germany","Rot-weiss Oberhausen","FC Bocholt","1658","12764"
"2026-10-10 01:40:12","1587505","2026-10-10","10/10/2026 1:00:00 PM","NS","87","Regionalliga - West","Germany","Westfalia Rhynern","Hilden","14826","12790"
"2026-10-10 01:40:12","1588992","2026-10-10","10/10/2026 1:00:00 PM","NS","748","Oberliga - Niedersachsen","Germany","Schwarz-Weiß Rehden","Hemmingen","9345","27989"
"2026-10-10 01:40:12","1588993","2026-10-10","10/10/2026 1:00:00 PM","NS","748","Oberliga - Niedersachsen","Germany","Eintracht Braunschw. II","Verden 04","24467","19721"
"2026-10-10 01:40:12","1591334","2026-10-10","10/10/2026 1:00:00 PM","NS","205","2. Lig","Turkey","Ankaraspor","İnegöl Kafkas Gençlik","780","21996"
"2026-10-10 01:40:12","1591636","2026-10-10","10/10/2026 1:00:00 PM","NS","205","2. Lig","Turkey","Ankara Demirspor","Kütahyaspor","3581","11092"
"2026-10-10 01:40:12","1594156","2026-10-10","10/10/2026 1:00:00 PM","NS","635","NB III - Northwest","Hungary","Bicskei","Pápai Perutz","7536","5129"
"2026-10-10 01:40:12","1595685","2026-10-10","10/10/2026 1:00:00 PM","NS","488","U19 Bundesliga","Germany","Ulm U19","Sandhausen U19","10274","21734"
"2026-10-10 01:40:12","1595686","2026-10-10","10/10/2026 1:00:00 PM","NS","488","U19 Bundesliga","Germany","Unterhaching U19","SGV Freiberg Fussball U19","13963","27468"
"2026-10-10 01:40:12","1598039","2026-10-10","10/10/2026 1:00:00 PM","NS","296","Thai League 1","Thailand","Uthai Thani","Rasi Salai United","10088","15282"
"2026-10-10 01:40:12","1598934","2026-10-10","10/10/2026 1:00:00 PM","NS","752","Oberliga - Rheinland-Pfalz / Saar","Germany","Cosmos Koblenz","Gonsenheim","20395","12773"
"2026-10-10 01:40:12","1598935","2026-10-10","10/10/2026 1:00:00 PM","NS","752","Oberliga - Rheinland-Pfalz / Saar","Germany","Pirmasens","Elversberg II","9365","16109"
"2026-10-10 01:40:12","1598936","2026-10-10","10/10/2026 1:00:00 PM","NS","752","Oberliga - Rheinland-Pfalz / Saar","Germany","TuS RW Koblenz","Auersmacher","1657","14468"
"2026-10-10 01:40:12","1598939","2026-10-10","10/10/2026 1:00:00 PM","NS","752","Oberliga - Rheinland-Pfalz / Saar","Germany","Schott Mainz","TuS Koblenz","14524","1648"
"2026-10-10 01:40:12","1599252","2026-10-10","10/10/2026 1:00:00 PM","NS","676","Central Youth League","Poland","Śląsk Wrocław U19","Polonia Warszawa U19","20596","20593"
"2026-10-10 01:40:12","1601050","2026-10-10","10/10/2026 1:00:00 PM","NS","594","Division 2 - Norrland","Sweden","Täfteå","Boden","12592","11665"
"2026-10-10 01:40:12","1602685","2026-10-10","10/10/2026 1:00:00 PM","NS","297","Thai League 2","Thailand","Muang Loei United","Esan Pattaya","6573","13309"
"2026-10-10 01:40:12","1607853","2026-10-10","10/10/2026 1:00:00 PM","NS","675","U21 Divisie 1","Netherlands","Groningen U21","Feyenoord U21","14905","14904"
"2026-10-10 01:40:12","1616120","2026-10-10","10/10/2026 1:00:00 PM","NS","450","Tercera División RFEF - Group 12","Spain","Playas Sotavento","Real Unión de Tenerife","25036","20375"
"2026-10-10 01:40:12","1619459","2026-10-10","10/10/2026 1:00:00 PM","NS","1195","Liga E Pare","Kosovo","Istogu","Vëllaznimi","15572","15582"
"2026-10-10 01:40:12","1619462","2026-10-10","10/10/2026 1:00:00 PM","NS","1195","Liga E Pare","Kosovo","Suhareka","KF Lepenci","22817","27238"
"2026-10-10 01:40:12","1619463","2026-10-10","10/10/2026 1:00:00 PM","NS","1195","Liga E Pare","Kosovo","Tefik Canga","Rilindja 1974","26793","20689"
"2026-10-10 01:40:12","1620397","2026-10-10","10/10/2026 1:00:00 PM","NS","580","Gamma Ethniki - Group 5","Greece","Diagoras Agias","Thiva","28160","24880"
"2026-10-10 01:40:12","1621044","2026-10-10","10/10/2026 1:00:00 PM","NS","702","Premier League 2 Division One","England","Arsenal U21","Sunderland U21","7189","11915"
"2026-10-10 01:40:12","1621360","2026-10-10","10/10/2026 1:00:00 PM","CANC","496","Liga Alef","Israel","Tzeirei Umm al-Fahm","Hapoel Beit Shean","20706","6330"
"2026-10-10 01:40:12","1622785","2026-10-10","10/10/2026 1:00:00 PM","NS","274","Liga 1","Indonesia","Bali United","Persijap","2448","11132"
"2026-10-10 01:40:12","1627098","2026-10-10","10/10/2026 1:00:00 PM","NS","871","Premier League Cup","England","Brentford U21","Derby County U21","20079","19745"
"2026-10-10 01:40:12","1629444","2026-10-10","10/10/2026 1:00:00 PM","NS","1240","U19 league","Turkey","Rizespor U19","Fenerbahce U19","28252","28245"
"2026-10-10 01:40:12","1629697","2026-10-10","10/10/2026 1:00:00 PM","NS","392","Challenge League","Malta","Zebbug Rangers","Swieqi United","4614","4612"
"2026-10-10 01:40:12","1630243","2026-10-10","10/10/2026 1:00:00 PM","NS","394","Super Liga","Moldova","CSF Bălți","Sireți","14008","5379"
"2026-10-10 01:40:12","1632864","2026-10-10","10/10/2026 1:00:00 PM","NS","784","Liga III - Serie 1","Romania","CSM Adjud","Gheorgheni","21665","7473"
"2026-10-10 01:40:12","1632865","2026-10-10","10/10/2026 1:00:00 PM","NS","784","Liga III - Serie 1","Romania","Ceahlăul Piatra Neamţ","Paşcani","6852","6887"
"2026-10-10 01:40:12","1632867","2026-10-10","10/10/2026 1:00:00 PM","NS","784","Liga III - Serie 1","Romania","Târgu Secuiesc","Aerostar Bacau","6909","2593"
"2026-10-10 01:40:12","1632868","2026-10-10","10/10/2026 1:00:00 PM","NS","784","Liga III - Serie 1","Romania","USV Iaşi","Bradul Putna","21678","28038"
"2026-10-10 01:40:12","1632869","2026-10-10","10/10/2026 1:00:00 PM","NS","784","Liga III - Serie 1","Romania","Viitorul Onesti","Odorheiu Secuiesc","6923","6883"
"2026-10-10 01:40:12","1632998","2026-10-10","10/10/2026 1:00:00 PM","NS","785","Liga III - Serie 2","Romania","Baicoi","Olimpic Zărneşti","24839","14588"
"2026-10-10 01:40:12","1632999","2026-10-10","10/10/2026 1:00:00 PM","NS","785","Liga III - Serie 2","Romania","Carpati Covasna","Tricolorul Breaza","28323","22203"
"2026-10-10 01:40:12","1633000","2026-10-10","10/10/2026 1:00:00 PM","NS","785","Liga III - Serie 2","Romania","Corona Braşov","Inter Sibiu","16291","26845"
"2026-10-10 01:40:12","1633001","2026-10-10","10/10/2026 1:00:00 PM","NS","785","Liga III - Serie 2","Romania","Valenii de Munte","Sepsi II","26208","16294"
"2026-10-10 01:40:12","1633130","2026-10-10","10/10/2026 1:00:00 PM","NS","786","Liga III - Serie 3","Romania","Pucioasa","Berca","6893","28040"
"2026-10-10 01:40:12","1633133","2026-10-10","10/10/2026 1:00:00 PM","NS","786","Liga III - Serie 3","Romania","Voința Crevedia","Urban Titu","26678","24379"
"2026-10-10 01:40:12","1633260","2026-10-10","10/10/2026 1:00:00 PM","NS","787","Liga III - Serie 4","Romania","Agigea","FC Oţelul II","24359","26676"
"2026-10-10 01:40:12","1633261","2026-10-10","10/10/2026 1:00:00 PM","NS","787","Liga III - Serie 4","Romania","Gloria Băneasa","Axiopolis","21430","6847"
"2026-10-10 01:40:12","1633263","2026-10-10","10/10/2026 1:00:00 PM","NS","787","Liga III - Serie 4","Romania","Portul Constanta","Agricola Borcea","28330","6841"
"2026-10-10 01:40:12","1633264","2026-10-10","10/10/2026 1:00:00 PM","NS","787","Liga III - Serie 4","Romania","Sporting Lieşti","Progresul Fundulea","6899","19180"
"2026-10-10 01:40:12","1633265","2026-10-10","10/10/2026 1:00:00 PM","NS","787","Liga III - Serie 4","Romania","Unirea Braniştea","Recolta Gheorghe Doja","19186","14592"
"2026-10-10 01:40:12","1633393","2026-10-10","10/10/2026 1:00:00 PM","NS","788","Liga III - Serie 5","Romania","Dunărea 2020 Giurgiu","FCSB II","14582","16287"
"2026-10-10 01:40:12","1633394","2026-10-10","10/10/2026 1:00:00 PM","NS","788","Liga III - Serie 5","Romania","Progresul Mogosoaia","LPS HD Clinceni","26677","23382"
"2026-10-10 01:40:12","1633395","2026-10-10","10/10/2026 1:00:00 PM","NS","788","Liga III - Serie 5","Romania","Omega Sport","Axi Adunații-Copăceni","28326","24361"
"2026-10-10 01:40:12","1633397","2026-10-10","10/10/2026 1:00:00 PM","NS","788","Liga III - Serie 5","Romania","Progresul Spartac","Voluntari II","6892","16289"
"2026-10-10 01:40:12","1633526","2026-10-10","10/10/2026 1:00:00 PM","NS","789","Liga III - Serie 6","Romania","CS U Craiova II","Jiul Petroşani","16296","14586"
"2026-10-10 01:40:12","1633527","2026-10-10","10/10/2026 1:00:00 PM","NS","789","Liga III - Serie 6","Romania","Oltul Curtişoara","Academica Balș","19179","26204"
"2026-10-10 01:40:12","1633528","2026-10-10","10/10/2026 1:00:00 PM","NS","789","Liga III - Serie 6","Romania","Vulturii Fărcăşeşti","Petrolul Hartiesti","21684","28328"
"2026-10-10 01:40:12","1633529","2026-10-10","10/10/2026 1:00:00 PM","NS","789","Liga III - Serie 6","Romania","Păușești","CS Drobeta-Turnu Severin","26201","28322"
"2026-10-10 01:40:12","1633659","2026-10-10","10/10/2026 1:00:00 PM","NS","790","Liga III - Serie 7","Romania","Nera Bogodinţi","Viitorul Arad","19178","21680"
"2026-10-10 01:40:12","1633661","2026-10-10","10/10/2026 1:00:00 PM","NS","790","Liga III - Serie 7","Romania","Unirea Alba Iulia","Poli Timisoara 2","6911","28329"
"2026-10-10 01:40:12","1633788","2026-10-10","10/10/2026 1:00:00 PM","NS","791","Liga III - Serie 8","Romania","Minaur Baia Mare","Transilvania Sport Academy","6878","28325"
"2026-10-10 01:40:12","1633791","2026-10-10","10/10/2026 1:00:00 PM","NS","791","Liga III - Serie 8","Romania","Crişul Sântandrei","Academica Recea","19172","21662"
"2026-10-10 01:40:12","1633792","2026-10-10","10/10/2026 1:00:00 PM","NS","791","Liga III - Serie 8","Romania","Sighetu Marmaţiei","Unirea Dej","14593","6914"
"2026-10-10 01:40:12","1633793","2026-10-10","10/10/2026 1:00:00 PM","NS","791","Liga III - Serie 8","Romania","Unirea Tășnad","Viitorul Cluj","6917","19851"
"2026-10-10 01:40:12","1635430","2026-10-10","10/10/2026 1:00:00 PM","NS","247","Kakkonen - Lohko A","Finland","PuiU Helsinki","Reipas","18596","9179"
"2026-10-10 01:40:12","1635431","2026-10-10","10/10/2026 1:00:00 PM","NS","247","Kakkonen - Lohko A","Finland","Union Plaani","MyPa","18667","2243"
"2026-10-10 01:40:12","1635457","2026-10-10","10/10/2026 1:00:00 PM","NS","248","Kakkonen - Lohko B","Finland","EBK","Musa","13552","2245"
"2026-10-10 01:40:12","1635458","2026-10-10","10/10/2026 1:00:00 PM","NS","248","Kakkonen - Lohko B","Finland","GrIFK","NJS","2079","9177"
"2026-10-10 01:40:12","1635484","2026-10-10","10/10/2026 1:00:00 PM","NS","249","Kakkonen - Lohko C","Finland","JS Hercules","TP-47","6073","9214"
"2026-10-10 01:40:12","1635485","2026-10-10","10/10/2026 1:00:00 PM","NS","249","Kakkonen - Lohko C","Finland","Vaajakoski","SJK-juniorit","9201","18609"
"2026-10-10 01:40:12","1636941","2026-10-10","10/10/2026 1:00:00 PM","NS","494","Super League 2","Greece","Kallithea","Panthrakikos","2095","2090"
"2026-10-10 01:40:12","1637665","2026-10-10","10/10/2026 1:00:00 PM","NS","275","Liga 2","Indonesia","Barito Putera","Persiba Balikpapan","2453","2457"
"2026-10-10 01:40:12","1637666","2026-10-10","10/10/2026 1:00:00 PM","NS","275","Liga 2","Indonesia","Tornado Pekanbaru","PSBS Biak Numfor","26648","4232"
"2026-10-10 01:40:12","1638174","2026-10-10","10/10/2026 1:00:00 PM","NS","245","Ykkönen","Finland","KuPS Akatemia","VJS","18758","6075"
"2026-10-10 01:40:12","1638175","2026-10-10","10/10/2026 1:00:00 PM","NS","245","Ykkönen","Finland","OLS","Tampere United","9195","9190"
"2026-10-10 01:40:12","1641310","2026-10-10","10/10/2026 1:00:00 PM","NS","363","Premier League","Ethiopia","Kedus Giorgis","Negelle Arsi","4119","26881"
"2026-10-10 01:40:12","1642100","2026-10-10","10/10/2026 1:00:00 PM","NS","664","Superliga","Kosovo","Vushtrria","Gjilani","14396","12772"
"2026-10-10 01:40:12","1645158","2026-10-10","10/10/2026 1:00:00 PM","NS","847","Premier League","Eswatini","Ezulwini United","Nsingizini Hotspurs","22544","20372"
"2026-10-10 01:40:12","1645236","2026-10-10","10/10/2026 1:00:00 PM","NS","425","Premier League","Syria","Shorta","Al Taliya","9123","9113"
"2026-10-10 01:40:12","1645237","2026-10-10","10/10/2026 1:00:00 PM","NS","425","Premier League","Syria","Horriya","Al Ittihad","15301","8019"
"2026-10-10 01:40:12","1645360","2026-10-10","10/10/2026 1:00:00 PM","NS","1052","Kakkonen - Play-offs","Finland","Honka","JBK","1169","9192"
"2026-10-10 01:40:12","1634314","2026-10-10","10/10/2026 1:10:00 PM","NS","309","Division 2","Saudi-Arabia","Al Hada","Al Jubail","28334","10508"
"2026-10-10 01:40:12","1634315","2026-10-10","10/10/2026 1:10:00 PM","NS","309","Division 2","Saudi-Arabia","Al Najoom","Al-Kawkab","2946","2941"
"2026-10-10 01:40:12","1561405","2026-10-10","10/10/2026 1:15:00 PM","NS","235","Premier League","Russia","Fakel","Lokomotiv","1993","597"
"2026-10-10 01:40:12","1634317","2026-10-10","10/10/2026 1:20:00 PM","NS","309","Division 2","Saudi-Arabia","Al Sharq","Al-Washm","10512","2953"
"2026-10-10 01:40:12","1496899","2026-10-10","10/10/2026 1:30:00 PM","NS","776","3. Division - Girone 3","Norway","Austevoll","Førde","27276","18435"
"2026-10-10 01:40:12","1527744","2026-10-10","10/10/2026 1:30:00 PM","NS","571","Vysshaya Liga","Tajikistan","Istaravshan","CSKA Pomir","12264","12261"
"2026-10-10 01:40:12","1527745","2026-10-10","10/10/2026 1:30:00 PM","NS","571","Vysshaya Liga","Tajikistan","Istiqlol","Khatlon","8012","12265"
"2026-10-10 01:40:12","1534473","2026-10-10","10/10/2026 1:30:00 PM","NS","117","1. Division","Belarus","FC Slutsk","Uni Minsk","379","18857"
"2026-10-10 01:40:12","1538694","2026-10-10","10/10/2026 1:30:00 PM","NS","391","Super League","Malawi","Ekhaya","Kamuzu Barracks","25893","4588"
"2026-10-10 01:40:12","1538696","2026-10-10","10/10/2026 1:30:00 PM","NS","391","Super League","Malawi","Mitundu Baptist","Red Lions","27656","4601"
"2026-10-10 01:40:12","1538697","2026-10-10","10/10/2026 1:30:00 PM","NS","391","Super League","Malawi","Silver Strikers","Be Forward Wanderers","4597","4583"
"2026-10-10 01:40:12","1538699","2026-10-10","10/10/2026 1:30:00 PM","NS","391","Super League","Malawi","Chitipa United","MAFCO","4585","11127"
"2026-10-10 01:40:12","1559387","2026-10-10","10/10/2026 1:30:00 PM","NS","356","Second League","Montenegro","Grbalj","Mogren","3737","10701"
"2026-10-10 01:40:12","1568199","2026-10-10","10/10/2026 1:30:00 PM","NS","783","III Liga - Group 4","Poland","Korona Kielce II","Podlasie Biała Podlaska","16267","16269"
"2026-10-10 01:40:12","1577009","2026-10-10","10/10/2026 1:30:00 PM","NS","754","Oberliga - Nordost-Nord","Germany","BAK '07","Union Klosterfelde","9351","22912"
"2026-10-10 01:40:12","1577803","2026-10-10","10/10/2026 1:30:00 PM","NS","862","3. Division","Denmark","Holstebro","Brønshøj","6028","6012"
"2026-10-10 01:40:12","1579138","2026-10-10","10/10/2026 1:30:00 PM","NS","353","4. liga - Divizie D","Czech-Republic","Bedrichov","Kuřim","27927","19689"
"2026-10-10 01:40:12","1579145","2026-10-10","10/10/2026 1:30:00 PM","NS","353","4. liga - Divizie D","Czech-Republic","Ždírec nad Doubravou","FS Třebíč","7388","24190"
"2026-10-10 01:40:12","1579259","2026-10-10","10/10/2026 1:30:00 PM","NS","354","4. liga - Divizie E","Czech-Republic","Holešov","Nové Sady","16876","7322"
"2026-10-10 01:40:12","1579260","2026-10-10","10/10/2026 1:30:00 PM","NS","354","4. liga - Divizie E","Czech-Republic","Šternberk","SK Krumvir","19440","27929"
"2026-10-10 01:40:12","1579262","2026-10-10","10/10/2026 1:30:00 PM","NS","354","4. liga - Divizie E","Czech-Republic","Baťov","Tatran Všechovice","19420","7366"
"2026-10-10 01:40:12","1579263","2026-10-10","10/10/2026 1:30:00 PM","NS","354","4. liga - Divizie E","Czech-Republic","Břeclav","Sokol Lanžhot","8631","7351"
"2026-10-10 01:40:12","1579264","2026-10-10","10/10/2026 1:30:00 PM","NS","354","4. liga - Divizie E","Czech-Republic","Hluk","Kozlovice","26992","7311"
"2026-10-10 01:40:12","1579378","2026-10-10","10/10/2026 1:30:00 PM","NS","686","4. liga - Divizie F","Czech-Republic","Frýdlant","Hlučín","7289","7296"
"2026-10-10 01:40:12","1579382","2026-10-10","10/10/2026 1:30:00 PM","NS","686","4. liga - Divizie F","Czech-Republic","Nový Jičín","Kravare","7323","21912"
"2026-10-10 01:40:12","1579492","2026-10-10","10/10/2026 1:30:00 PM","NS","492","Tweede Divisie","Netherlands","GVVV Veenendaal","Rijnsburgse Boys","1261","1248"
"2026-10-10 01:40:12","1591335","2026-10-10","10/10/2026 1:30:00 PM","NS","205","2. Lig","Turkey","Arnavutköy Belediyespor","Isparta 32 Spor","15101","6523"
"2026-10-10 01:40:12","1591336","2026-10-10","10/10/2026 1:30:00 PM","NS","205","2. Lig","Turkey","Çorluspor 1947","Şanlıurfaspor","22451","3613"
"2026-10-10 01:40:12","1592249","2026-10-10","10/10/2026 1:30:00 PM","NS","747","Oberliga - Westfalen","Germany","ASC Dortmund","Gievenbeck","12726","14693"
"2026-10-10 01:40:12","1595680","2026-10-10","10/10/2026 1:30:00 PM","NS","488","U19 Bundesliga","Germany","RB Leipzig U19","Nürnberg U19","7924","13954"
"2026-10-10 01:40:12","1602686","2026-10-10","10/10/2026 1:30:00 PM","NS","297","Thai League 2","Thailand","Chiangmai United","Kasetsart FC","2863","2800"
"2026-10-10 01:40:12","1608317","2026-10-10","10/10/2026 1:30:00 PM","NS","138","Serie C - Girone A","Italy","Pergolettese","Athletic Carpi","6380","17825"
"2026-10-10 01:40:12","1608700","2026-10-10","10/10/2026 1:30:00 PM","NS","942","Serie C - Girone B","Italy","Vis Pesaro","Grosseto","1708","9499"
"2026-10-10 01:40:12","1609072","2026-10-10","10/10/2026 1:30:00 PM","NS","943","Serie C - Girone C","Italy","Bari","Giugliano","508","9556"
"2026-10-10 01:40:12","1609075","2026-10-10","10/10/2026 1:30:00 PM","NS","943","Serie C - Girone C","Italy","Casertana","SS Monopoli","885","10138"
"2026-10-10 01:40:12","1609076","2026-10-10","10/10/2026 1:30:00 PM","NS","943","Serie C - Girone C","Italy","Crotone","Audace Cerignola","501","9539"
"2026-10-10 01:40:12","1609079","2026-10-10","10/10/2026 1:30:00 PM","NS","943","Serie C - Girone C","Italy","Savoia","Inter U23","9564","26355"
"2026-10-10 01:40:12","1609517","2026-10-10","10/10/2026 1:30:00 PM","NS","319","2. Division","Cyprus","Anagennisi Deryneia","Digenis Morphou","3407","3423"
"2026-10-10 01:40:12","1609518","2026-10-10","10/10/2026 1:30:00 PM","NS","319","2. Division","Cyprus","APEA","Spartakos Kitiou","3420","22127"
"2026-10-10 01:40:12","1609519","2026-10-10","10/10/2026 1:30:00 PM","NS","319","2. Division","Cyprus","ASIL Lysi","Iraklis Yerolakkou","3405","6405"
"2026-10-10 01:40:12","1609520","2026-10-10","10/10/2026 1:30:00 PM","NS","319","2. Division","Cyprus","Ayia Napa","Enosis","3409","3399"
"2026-10-10 01:40:12","1609521","2026-10-10","10/10/2026 1:30:00 PM","NS","319","2. Division","Cyprus","Halkanoras","Doxa","3429","3398"
"2026-10-10 01:40:12","1609522","2026-10-10","10/10/2026 1:30:00 PM","NS","319","2. Division","Cyprus","MEAP Nisou","Ethnikos Achna","3414","3412"
"2026-10-10 01:40:12","1609610","2026-10-10","10/10/2026 1:30:00 PM","NS","319","2. Division","Cyprus","Polemidion","Ermis","28054","3400"
"2026-10-10 01:40:12","1618382","2026-10-10","10/10/2026 1:30:00 PM","NS","92","Derde Divisie","Netherlands","Achilles Veen","EVV","1282","1286"
"2026-10-10 01:40:12","1618383","2026-10-10","10/10/2026 1:30:00 PM","NS","92","Derde Divisie","Netherlands","ACV","Purmersteijn","3911","3920"
"2026-10-10 01:40:12","1618385","2026-10-10","10/10/2026 1:30:00 PM","NS","92","Derde Divisie","Netherlands","Excelsior Maassluis","TOGB","17129","19739"
"2026-10-10 01:40:12","1618386","2026-10-10","10/10/2026 1:30:00 PM","NS","92","Derde Divisie","Netherlands","SC Genemuiden","Dovo","1273","1234"
"2026-10-10 01:40:12","1618387","2026-10-10","10/10/2026 1:30:00 PM","NS","92","Derde Divisie","Netherlands","Harkemase Boys","Hoogeveen","1258","14235"
"2026-10-10 01:40:12","1618388","2026-10-10","10/10/2026 1:30:00 PM","NS","92","Derde Divisie","Netherlands","FC Lisse","Rijnvogels","1257","1288"
"2026-10-10 01:40:12","1618389","2026-10-10","10/10/2026 1:30:00 PM","NS","92","Derde Divisie","Netherlands","Noordwijk","Gemert","1247","1230"
"2026-10-10 01:40:12","1618390","2026-10-10","10/10/2026 1:30:00 PM","NS","92","Derde Divisie","Netherlands","Poortugaal","UNA","24634","1284"
"2026-10-10 01:40:12","1634318","2026-10-10","10/10/2026 1:35:00 PM","NS","309","Division 2","Saudi-Arabia","Al Arabi SC","Qilwah","2971","28337"
"2026-10-10 01:40:12","1634319","2026-10-10","10/10/2026 1:40:00 PM","NS","309","Division 2","Saudi-Arabia","Al Loa","Al Qous","27476","27478"
"2026-10-10 01:40:12","1634320","2026-10-10","10/10/2026 1:40:00 PM","NS","309","Division 2","Saudi-Arabia","Jerash","Al Shoalah","27483","2957"
"2026-10-10 01:40:12","1553182","2026-10-10","10/10/2026 1:45:00 PM","NS","106","Ekstraklasa","Poland","Cracovia Krakow","Zaglebie Lubin","350","345"
"2026-10-10 01:40:12","1560253","2026-10-10","10/10/2026 1:45:00 PM","NS","271","NB I","Hungary","Vasas","Kisvarda FC","675","2394"
"2026-10-10 01:40:12","1607854","2026-10-10","10/10/2026 1:45:00 PM","NS","675","U21 Divisie 1","Netherlands","PEC Zwolle U21","Cambuur U21","18743","21988"
"2026-10-10 01:40:12","1634321","2026-10-10","10/10/2026 1:45:00 PM","NS","309","Division 2","Saudi-Arabia","Jubbah","Al Entesar","27481","10505"
"2026-10-10 01:40:12","1494289","2026-10-10","10/10/2026 2:00:00 PM","NS","113","Allsvenskan","Sweden","AIK Stockholm","IF Brommapojkarna","377","371"
"2026-10-10 01:40:12","1494291","2026-10-10","10/10/2026 2:00:00 PM","NS","113","Allsvenskan","Sweden","Gais","Sirius","2170","370"
"2026-10-10 01:40:12","1496715","2026-10-10","10/10/2026 2:00:00 PM","NS","775","3. Division - Girone 2","Norway","Byåsen","Nardo","6973","7014"
"2026-10-10 01:40:12","1496901","2026-10-10","10/10/2026 2:00:00 PM","NS","776","3. Division - Girone 3","Norway","Fyllingsdalen","Os","6990","12825"
"2026-10-10 01:40:12","1496902","2026-10-10","10/10/2026 2:00:00 PM","NS","776","3. Division - Girone 3","Norway","Sogndal II","Gneist","16219","18925"
"2026-10-10 01:40:12","1497083","2026-10-10","10/10/2026 2:00:00 PM","NS","777","3. Division - Girone 4","Norway","Staal Jørpeland","Våg","12860","25500"
"2026-10-10 01:40:12","1497085","2026-10-10","10/10/2026 2:00:00 PM","NS","777","3. Division - Girone 4","Norway","Viking II","Vindbjart","12891","7047"
"2026-10-10 01:40:12","1497261","2026-10-10","10/10/2026 2:00:00 PM","NS","778","3. Division - Girone 5","Norway","Alta","Skjervøy","6965","7024"
"2026-10-10 01:40:12","1497445","2026-10-10","10/10/2026 2:00:00 PM","NS","779","3. Division - Girone 6","Norway","Fram","Brumunddal","6986","6972"
"2026-10-10 01:40:12","1497447","2026-10-10","10/10/2026 2:00:00 PM","NS","779","3. Division - Girone 6","Norway","Ørn Horten","Lillehammer","7052","18437"
"2026-10-10 01:40:12","1497719","2026-10-10","10/10/2026 2:00:00 PM","NS","114","Superettan","Sweden","Ostersunds FK","Varbergs BoIS FC","376","2171"
"2026-10-10 01:40:12","1515930","2026-10-10","10/10/2026 2:00:00 PM","NS","365","Virsliga","Latvia","Super Nova","Grobiņa","4143","4138"
"2026-10-10 01:40:12","1516151","2026-10-10","10/10/2026 2:00:00 PM","NS","369","Super League","Uzbekistan","Qizilqum","Surkhon","4221","4225"
"2026-10-10 01:40:12","1534471","2026-10-10","10/10/2026 2:00:00 PM","NS","117","1. Division","Belarus","Ostrovets FC","Slonim","13149","3392"
"2026-10-10 01:40:12","1536051","2026-10-10","10/10/2026 2:00:00 PM","NS","651","Second League - Group 1","Russia","Rostov II","Druzhba","23316","6798"
"2026-10-10 01:40:12","1536285","2026-10-10","10/10/2026 2:00:00 PM","NS","651","Second League - Group 1","Russia","FK Chayka 2","Angust Nazran","27644","23314"
"2026-10-10 01:40:12","1536286","2026-10-10","10/10/2026 2:00:00 PM","CANC","651","Second League - Group 1","Russia","Izberbash","PSK Dinskaya","27646","26146"
"2026-10-10 01:40:12","1548538","2026-10-10","10/10/2026 2:00:00 PM","NS","210","HNL","Croatia","HNK Hajduk Split","Dinamo Zagreb","608","620"
"2026-10-10 01:40:12","1550140","2026-10-10","10/10/2026 2:00:00 PM","NS","135","Serie A","Italy","Genoa","Fiorentina","495","502"
"2026-10-10 01:40:12","1553647","2026-10-10","10/10/2026 2:00:00 PM","NS","372","Second League","Macedonia","Detonit Plachkovica","Kozuv Gevgelija","19754","4340"
"2026-10-10 01:40:12","1553648","2026-10-10","10/10/2026 2:00:00 PM","NS","372","Second League","Macedonia","Novaci","Teteks","4353","4347"
"2026-10-10 01:40:12","1553649","2026-10-10","10/10/2026 2:00:00 PM","NS","372","Second League","Macedonia","Ohrid","Akademija Pandev","6290","4194"
"2026-10-10 01:40:12","1553650","2026-10-10","10/10/2026 2:00:00 PM","NS","372","Second League","Macedonia","Osogovo","Gorno Lisiče","4354","4351"
"2026-10-10 01:40:12","1553651","2026-10-10","10/10/2026 2:00:00 PM","NS","372","Second League","Macedonia","FK Rabotnicki","Kamjani","663","27783"
"2026-10-10 01:40:12","1553652","2026-10-10","10/10/2026 2:00:00 PM","NS","372","Second League","Macedonia","Shkupi 1927","Makedonija GjP","2265","4196"
"2026-10-10 01:40:12","1553879","2026-10-10","10/10/2026 2:00:00 PM","NS","286","Super Liga","Serbia","IMT Novi Beograd","Radnik Surdulica","12316","2657"
"2026-10-10 01:40:12","1558023","2026-10-10","10/10/2026 2:00:00 PM","NS","373","1. SNL","Slovenia","Radomlje","Koper","4378","4374"
"2026-10-10 01:40:12","1559794","2026-10-10","10/10/2026 2:00:00 PM","NS","346","FNL","Czech-Republic","Arsenal Česká Lípa","Viktoria Žižkov","7270","3729"
"2026-10-10 01:40:12","1560034","2026-10-10","10/10/2026 2:00:00 PM","NS","345","Czech Liga","Czech-Republic","Zbrojovka Brno","FK Jablonec","3733","1122"
"2026-10-10 01:40:12","1560035","2026-10-10","10/10/2026 2:00:00 PM","NS","345","Czech Liga","Czech-Republic","Hradec Králové","Artis","3723","4257"
"2026-10-10 01:40:12","1560037","2026-10-10","10/10/2026 2:00:00 PM","NS","345","Czech Liga","Czech-Republic","Plzen","Mlada Boleslav","567","640"
"2026-10-10 01:40:12","1561157","2026-10-10","10/10/2026 2:00:00 PM","NS","506","2. liga","Slovakia","Baník Lehota p.Vtáčnikom","Lokomotíva Zvolen","14942","10552"
"2026-10-10 01:40:12","1561158","2026-10-10","10/10/2026 2:00:00 PM","NS","506","2. liga","Slovakia","MFK Bytča","Humenné","15006","14068"
"2026-10-10 01:40:12","1561159","2026-10-10","10/10/2026 2:00:00 PM","NS","506","2. liga","Slovakia","Považská Bystrica","Tatran Prešov","14062","10550"
"2026-10-10 01:40:12","1561678","2026-10-10","10/10/2026 2:00:00 PM","NS","109","II Liga - East","Poland","Avia Świdnik","Świt Skolwin","16264","12902"
"2026-10-10 01:40:12","1565739","2026-10-10","10/10/2026 2:00:00 PM","NS","646","3. liga - Center","Slovakia","Čadca","Rimavská Sobota","14092","10557"
"2026-10-10 01:40:12","1565740","2026-10-10","10/10/2026 2:00:00 PM","NS","646","3. liga - Center","Slovakia","Novohrad Lučenec","Ružomberok II","14087","10541"
"2026-10-10 01:40:12","1565741","2026-10-10","10/10/2026 2:00:00 PM","NS","646","3. liga - Center","Slovakia","Oravské Veselé","Dolný Kubín","14089","14956"
"2026-10-10 01:40:12","1565921","2026-10-10","10/10/2026 2:00:00 PM","NS","645","3. liga - East","Slovakia","Partizán Bardejov","Vranov nad Topľou","10537","14079"
"2026-10-10 01:40:12","1565922","2026-10-10","10/10/2026 2:00:00 PM","NS","645","3. liga - East","Slovakia","Lipany","Poprad","10548","10539"
"2026-10-10 01:40:12","1565923","2026-10-10","10/10/2026 2:00:00 PM","NS","645","3. liga - East","Slovakia","Stará Ľubovňa","Snina","19398","14075"
"2026-10-10 01:40:12","1565924","2026-10-10","10/10/2026 2:00:00 PM","NS","645","3. liga - East","Slovakia","Slovan Sabinov","Lokomotíva Košice","15043","10549"
"2026-10-10 01:40:12","1565925","2026-10-10","10/10/2026 2:00:00 PM","NS","645","3. liga - East","Slovakia","Spišská Nová Ves","Spartak Medzev","10555","15055"
"2026-10-10 01:40:12","1566112","2026-10-10","10/10/2026 2:00:00 PM","NS","644","3. liga - West","Slovakia","Dunajská Lužná","DAC II","14040","26244"
"2026-10-10 01:40:12","1566113","2026-10-10","10/10/2026 2:00:00 PM","NS","644","3. liga - West","Slovakia","Nové Zámky","Gabčíkovo","14061","21926"
"2026-10-10 01:40:12","1566116","2026-10-10","10/10/2026 2:00:00 PM","NS","644","3. liga - West","Slovakia","Púchov","Baník Prievidza","10540","14943"
"2026-10-10 01:40:12","1566117","2026-10-10","10/10/2026 2:00:00 PM","NS","644","3. liga - West","Slovakia","Veľké Ludince","MŠK Senec","14064","14044"
"2026-10-10 01:40:12","1566814","2026-10-10","10/10/2026 2:00:00 PM","NS","938","Oberliga - Bayern Nord","Germany","Gebenbach","Großbardorf","19228","12774"
"2026-10-10 01:40:12","1566815","2026-10-10","10/10/2026 2:00:00 PM","NS","938","Oberliga - Bayern Nord","Germany","Würzburger FV","Weiden","12898","19760"
"2026-10-10 01:40:12","1567095","2026-10-10","10/10/2026 2:00:00 PM","NS","939","Oberliga - Bayern Süd","Germany","Gundelfingen","Schalding-Heining","19234","9334"
"2026-10-10 01:40:12","1567096","2026-10-10","10/10/2026 2:00:00 PM","NS","939","Oberliga - Bayern Süd","Germany","Kirchanschöring","Schwabmünchen","12805","12850"
"2026-10-10 01:40:12","1567264","2026-10-10","10/10/2026 2:00:00 PM","NS","939","Oberliga - Bayern Süd","Germany","Landshut","Sportfreunde Schwaig","27898","20870"
"2026-10-10 01:40:12","1568197","2026-10-10","10/10/2026 2:00:00 PM","NS","783","III Liga - Group 4","Poland","Chełmianka Chełm","Star Starachowice","6936","21660"
"2026-10-10 01:40:12","1568200","2026-10-10","10/10/2026 2:00:00 PM","NS","783","III Liga - Group 4","Poland","Pogoń-Sokół Lubaczów","KS Wieczysta Krakow II","24323","27334"
"2026-10-10 01:40:12","1568201","2026-10-10","10/10/2026 2:00:00 PM","NS","783","III Liga - Group 4","Poland","Moravia Morawica","Wisłoka Dębica","27390","16274"
"2026-10-10 01:40:12","1568515","2026-10-10","10/10/2026 2:00:00 PM","NS","782","III Liga - Group 3","Poland","Carina Gubin","Goczałkowice Zdrój","17401","16259"
"2026-10-10 01:40:12","1568521","2026-10-10","10/10/2026 2:00:00 PM","NS","782","III Liga - Group 3","Poland","Warta Gorzów","Polonia Nysa","16263","14145"
"2026-10-10 01:40:12","1568824","2026-10-10","10/10/2026 2:00:00 PM","NS","781","III Liga - Group 2","Poland","Kotwica Kórnik","Noteć Czarnków","24327","21657"
"2026-10-10 01:40:12","1569131","2026-10-10","10/10/2026 2:00:00 PM","NS","780","III Liga - Group 1","Poland","Swit","ŁKS Łódź II","12869","17397"
"2026-10-10 01:40:12","1569133","2026-10-10","10/10/2026 2:00:00 PM","NS","780","III Liga - Group 1","Poland","Ząbkovia Ząbki","Jagiellonia II","26179","16236"
"2026-10-10 01:40:12","1569384","2026-10-10","10/10/2026 2:00:00 PM","NS","705","Campionato Primavera - 1","Italy","Roma U20","Empoli U20","24739","24730"
"2026-10-10 01:40:12","1569386","2026-10-10","10/10/2026 2:00:00 PM","NS","705","Campionato Primavera - 1","Italy","Bologna U20","Lazio U20","24726","24735"
"2026-10-10 01:40:12","1571585","2026-10-10","10/10/2026 2:00:00 PM","NS","173","Second League","Bulgaria","Marek","Beroe","8543","857"
"2026-10-10 01:40:12","1571587","2026-10-10","10/10/2026 2:00:00 PM","NS","173","Second League","Bulgaria","Nesebar","CSKA Sofia II","1410","1415"
"2026-10-10 01:40:12","1571588","2026-10-10","10/10/2026 2:00:00 PM","NS","173","Second League","Bulgaria","Pirin Blagoevgrad","Spartak Pleven","1428","1418"
"2026-10-10 01:40:12","1571589","2026-10-10","10/10/2026 2:00:00 PM","NS","173","Second League","Bulgaria","Rilski Sportist","Lokomotiv G. Oryahovitsa","8547","1420"
"2026-10-10 01:40:12","1571590","2026-10-10","10/10/2026 2:00:00 PM","NS","173","Second League","Bulgaria","Sportist Svoge","Hebar 1918","8550","4659"
"2026-10-10 01:40:12","1575038","2026-10-10","10/10/2026 2:00:00 PM","NS","1114","Carioca U20","Brazil","Portuguesa RJ U20","Botafogo U20","22842","22875"
"2026-10-10 01:40:12","1575816","2026-10-10","10/10/2026 2:00:00 PM","NS","122","2. Division","Denmark","B 93","Middelfart","6009","6042"
"2026-10-10 01:40:12","1576494","2026-10-10","10/10/2026 2:00:00 PM","NS","95","Segunda Liga","Portugal","Amarante","Portimonense","4725","216"
"2026-10-10 01:40:12","1577962","2026-10-10","10/10/2026 2:00:00 PM","NS","349","3. liga - MSFL","Czech-Republic","Blansko","Vsetín","7276","7377"
"2026-10-10 01:40:12","1577963","2026-10-10","10/10/2026 2:00:00 PM","NS","349","3. liga - MSFL","Czech-Republic","Hodonín","Frýdek-Místek","7297","7288"
"2026-10-10 01:40:12","1577964","2026-10-10","10/10/2026 2:00:00 PM","NS","349","3. liga - MSFL","Czech-Republic","Vrchovina","Uničov","7376","7369"
"2026-10-10 01:40:12","1577967","2026-10-10","10/10/2026 2:00:00 PM","NS","349","3. liga - MSFL","Czech-Republic","Vítkovice","Karviná II","3732","15134"
"2026-10-10 01:40:12","1579140","2026-10-10","10/10/2026 2:00:00 PM","NS","353","4. liga - Divizie D","Czech-Republic","Havlíčkův Brod","Znojmo","7292","3734"
"2026-10-10 01:40:12","1579493","2026-10-10","10/10/2026 2:00:00 PM","NS","492","Tweede Divisie","Netherlands","Ijsselmeervogels","Koninklijke HFC","1280","1246"
"2026-10-10 01:40:12","1579494","2026-10-10","10/10/2026 2:00:00 PM","NS","492","Tweede Divisie","Netherlands","Sparta Rotterdam II","Almere City II","10320","9130"
"2026-10-10 01:40:12","1579495","2026-10-10","10/10/2026 2:00:00 PM","NS","492","Tweede Divisie","Netherlands","Kloetinge","HHC","3930","1278"
"2026-10-10 01:40:12","1579496","2026-10-10","10/10/2026 2:00:00 PM","NS","492","Tweede Divisie","Netherlands","Kozakken Boys","Spakenburg","1242","1249"
"2026-10-10 01:40:12","1579498","2026-10-10","10/10/2026 2:00:00 PM","NS","492","Tweede Divisie","Netherlands","ROHDA Raalte","RKAV Volendam","6269","1238"
"2026-10-10 01:40:12","1582349","2026-10-10","10/10/2026 2:00:00 PM","NS","1142","Mineiro - 3","Brazil","Betim 2","Araxá","27961","12286"
"2026-10-10 01:40:12","1584421","2026-10-10","10/10/2026 2:00:00 PM","NS","203","Süper Lig","Turkey","Alanyaspor","Erzurumspor FK","996","1009"
"2026-10-10 01:40:12","1584429","2026-10-10","10/10/2026 2:00:00 PM","NS","203","Süper Lig","Turkey","Samsunspor","Trabzonspor","3603","998"
"2026-10-10 01:40:12","1585772","2026-10-10","10/10/2026 2:00:00 PM","NS","204","1. Lig","Turkey","Iğdır FK","Batman Petrolspor","17259","7395"
"2026-10-10 01:40:12","1601545","2026-10-10","10/10/2026 2:00:00 PM","NS","136","Serie B","Italy","Benevento","Cesena","506","509"
"2026-10-10 01:40:12","1601547","2026-10-10","10/10/2026 2:00:00 PM","NS","136","Serie B","Italy","Empoli","Palermo","511","522"
"2026-10-10 01:40:12","1601548","2026-10-10","10/10/2026 2:00:00 PM","NS","136","Serie B","Italy","Virtus Entella","Juve Stabia","527","863"
"2026-10-10 01:40:12","1601552","2026-10-10","10/10/2026 2:00:00 PM","NS","136","Serie B","Italy","Sudtirol","Ascoli","1578","507"
"2026-10-10 01:40:12","1601908","2026-10-10","10/10/2026 2:00:00 PM","NS","419","Premyer Liqa","Azerbaijan","Zira","Şamaxı FK","648","666"
"2026-10-10 01:40:12","1603815","2026-10-10","10/10/2026 2:00:00 PM","NS","178","Third League - Southwest","Bulgaria","Balkan Botevgrad","CSKA Sofia III","6389","24521"
"2026-10-10 01:40:12","1603816","2026-10-10","10/10/2026 2:00:00 PM","NS","178","Third League - Southwest","Bulgaria","Botev Ihtiman","Oborishte","6390","1411"
"2026-10-10 01:40:12","1603817","2026-10-10","10/10/2026 2:00:00 PM","NS","178","Third League - Southwest","Bulgaria","Kostinbrod","Chavdar Etropole","17312","8541"
"2026-10-10 01:40:12","1603818","2026-10-10","10/10/2026 2:00:00 PM","NS","178","Third League - Southwest","Bulgaria","Kyustendil","Strumska Slava","8542","1421"
"2026-10-10 01:40:12","1603819","2026-10-10","10/10/2026 2:00:00 PM","NS","178","Third League - Southwest","Bulgaria","Levski Sofia II","FK Minyor Pernik","19831","6392"
"2026-10-10 01:40:12","1603820","2026-10-10","10/10/2026 2:00:00 PM","NS","178","Third League - Southwest","Bulgaria","Septemvri Simitli","Belasitsa","8548","8540"
"2026-10-10 01:40:12","1603821","2026-10-10","10/10/2026 2:00:00 PM","NS","178","Third League - Southwest","Bulgaria","Septemvri Sofia II","Pirin Razlog","17314","8546"
"2026-10-10 01:40:12","1603822","2026-10-10","10/10/2026 2:00:00 PM","NS","178","Third League - Southwest","Bulgaria","Slavia Sofia II","Bansko","19832","1407"
"2026-10-10 01:40:12","1603823","2026-10-10","10/10/2026 2:00:00 PM","NS","178","Third League - Southwest","Bulgaria","Slivnishki geroy","Natsional Sofia","8549","22250"
"2026-10-10 01:40:12","1604264","2026-10-10","10/10/2026 2:00:00 PM","NS","749","Oberliga - Bremen","Germany","Woltmershausen","Vatan Sport","19756","16096"
"2026-10-10 01:40:12","1606179","2026-10-10","10/10/2026 2:00:00 PM","NS","177","Third League - Southeast","Bulgaria","Maritsa Plovdiv","Atletik Kuklen","1423","5023"
"2026-10-10 01:40:12","1606181","2026-10-10","10/10/2026 2:00:00 PM","NS","177","Third League - Southeast","Bulgaria","Rodopa Smolyan","Levski Karlovo","8536","1408"
"2026-10-10 01:40:12","1606182","2026-10-10","10/10/2026 2:00:00 PM","NS","177","Third League - Southeast","Bulgaria","Rozova dolina","Neftochimic Burgas","8537","1425"
"2026-10-10 01:40:12","1606183","2026-10-10","10/10/2026 2:00:00 PM","NS","177","Third League - Southeast","Bulgaria","Sozopol","Levski Krumovgrad","1412","17306"
"2026-10-10 01:40:12","1606184","2026-10-10","10/10/2026 2:00:00 PM","NS","177","Third League - Southeast","Bulgaria","Spartak Plovdiv","Dimitrovgrad","14568","8531"
"2026-10-10 01:40:12","1606185","2026-10-10","10/10/2026 2:00:00 PM","NS","177","Third League - Southeast","Bulgaria","Yambol 1915","Sekirovo Rakovski","8539","21863"
"2026-10-10 01:40:12","1606186","2026-10-10","10/10/2026 2:00:00 PM","NS","177","Third League - Southeast","Bulgaria","Zagorets","Maritsa Milevo","6399","14566"
"2026-10-10 01:40:12","1607855","2026-10-10","10/10/2026 2:00:00 PM","NS","675","U21 Divisie 1","Netherlands","De Graafschap U21","Go Ahead Eagles U21","19588","21989"
"2026-10-10 01:40:12","1607856","2026-10-10","10/10/2026 2:00:00 PM","NS","675","U21 Divisie 1","Netherlands","Willem II U21","Twente / Heracles U21","18744","14909"
"2026-10-10 01:40:12","1607980","2026-10-10","10/10/2026 2:00:00 PM","NS","1238","Regionalliga - South","Austria","Hartberg (Am)","Deutschlandsberger SC","28052","4972"
"2026-10-10 01:40:12","1608094","2026-10-10","10/10/2026 2:00:00 PM","NS","1239","Regionalliga - North","Austria","Leonfelden","Pinzgau Saalfelden","27885","4980"
"2026-10-10 01:40:12","1608096","2026-10-10","10/10/2026 2:00:00 PM","NS","1239","Regionalliga - North","Austria","Ried II","Wohnbau Dietach","8250","19193"
"2026-10-10 01:40:12","1609926","2026-10-10","10/10/2026 2:00:00 PM","NS","317","1st League - RS","Bosnia","Famos Vojkovići","Sutjeska Foča","19561","4285"
"2026-10-10 01:40:12","1609928","2026-10-10","10/10/2026 2:00:00 PM","NS","317","1st League - RS","Bosnia","Laktaši","Omarska","19562","17374"
"2026-10-10 01:40:12","1609929","2026-10-10","10/10/2026 2:00:00 PM","NS","317","1st League - RS","Bosnia","FK Majevica Lopare","Velež Nevesinje","26989","15290"
"2026-10-10 01:40:12","1609930","2026-10-10","10/10/2026 2:00:00 PM","NS","317","1st League - RS","Bosnia","FK Romanija Pale","Leotar","21737","3370"
"2026-10-10 01:40:12","1609931","2026-10-10","10/10/2026 2:00:00 PM","NS","317","1st League - RS","Bosnia","Zvijezda 09","Drina Zvornik","3362","4291"
"2026-10-10 01:40:12","1611087","2026-10-10","10/10/2026 2:00:00 PM","NS","316","1st League - FBiH","Bosnia","Budućnost Banovići","Čapljina","7528","4298"
"2026-10-10 01:40:12","1611089","2026-10-10","10/10/2026 2:00:00 PM","NS","316","1st League - FBiH","Bosnia","Zvijezda Gradačac","Bratstvo Gračanica","3382","4278"
"2026-10-10 01:40:12","1611090","2026-10-10","10/10/2026 2:00:00 PM","NS","316","1st League - FBiH","Bosnia","Radnik Hadžići","Stupčanica Olovo","7531","17901"
"2026-10-10 01:40:12","1611091","2026-10-10","10/10/2026 2:00:00 PM","NS","316","1st League - FBiH","Bosnia","Vitez","Posušje","4288","14146"
"2026-10-10 01:40:12","1611092","2026-10-10","10/10/2026 2:00:00 PM","NS","316","1st League - FBiH","Bosnia","Sloboda Tuzla","Travnik","3360","4297"
"2026-10-10 01:40:12","1611093","2026-10-10","10/10/2026 2:00:00 PM","NS","316","1st League - FBiH","Bosnia","Tomislav","Rudar Kakanj","17372","3376"
"2026-10-10 01:40:12","1618384","2026-10-10","10/10/2026 2:00:00 PM","NS","92","Derde Divisie","Netherlands","ADO '20","Excelsior '31","3886","6263"
"2026-10-10 01:40:12","1618391","2026-10-10","10/10/2026 2:00:00 PM","NS","92","Derde Divisie","Netherlands","DVS 33 Ermelo","Eemdijk","1244","1235"
"2026-10-10 01:40:12","1618392","2026-10-10","10/10/2026 2:00:00 PM","NS","92","Derde Divisie","Netherlands","Sparta Nijkerk","VV Scherpenzeel","1274","14241"
"2026-10-10 01:40:12","1618393","2026-10-10","10/10/2026 2:00:00 PM","NS","92","Derde Divisie","Netherlands","TEC","SVZW","1255","3936"
"2026-10-10 01:40:12","1619570","2026-10-10","10/10/2026 2:00:00 PM","NS","566","Ligue A","Burundi","Kayanza United","Aigle Noir","12181","4447"
"2026-10-10 01:40:12","1619573","2026-10-10","10/10/2026 2:00:00 PM","NS","566","Ligue A","Burundi","Flambeau du Centre","Muzinga","12179","14270"
"2026-10-10 01:40:12","1619575","2026-10-10","10/10/2026 2:00:00 PM","NS","566","Ligue A","Burundi","Olympic Star","Never Give Up Academy","8092","28131"
"2026-10-10 01:40:12","1619918","2026-10-10","10/10/2026 2:00:00 PM","NS","576","Gamma Ethniki - Group 1","Greece","Aetos Orfani","Xanthi FC","6294","959"
"2026-10-10 01:40:12","1619919","2026-10-10","10/10/2026 2:00:00 PM","NS","576","Gamma Ethniki - Group 1","Greece","Doxa Dramas","Apollon Paralimniou","2104","5030"
"2026-10-10 01:40:12","1619920","2026-10-10","10/10/2026 2:00:00 PM","NS","576","Gamma Ethniki - Group 1","Greece","MAS Ardas Kastanion","Pontion Nea Amisos","28141","24868"
"2026-10-10 01:40:12","1619921","2026-10-10","10/10/2026 2:00:00 PM","NS","576","Gamma Ethniki - Group 1","Greece","Doxa Neo Sidirochori","Eleftheroupolis","5036","28140"
"2026-10-10 01:40:12","1619922","2026-10-10","10/10/2026 2:00:00 PM","NS","576","Gamma Ethniki - Group 1","Greece","Thrakis","Kavala","28142","5049"
"2026-10-10 01:40:12","1620176","2026-10-10","10/10/2026 2:00:00 PM","NS","578","Gamma Ethniki - Group 3","Greece","Anagennisi Artas","Eordaikos","12387","15479"
"2026-10-10 01:40:12","1620177","2026-10-10","10/10/2026 2:00:00 PM","NS","578","Gamma Ethniki - Group 3","Greece","Doxa Mascholouriou","Kastoria","28156","20398"
"2026-10-10 01:40:12","1620178","2026-10-10","10/10/2026 2:00:00 PM","NS","578","Gamma Ethniki - Group 3","Greece","Alexandros Florinas","Veria","28417","961"
"2026-10-10 01:40:12","1620179","2026-10-10","10/10/2026 2:00:00 PM","NS","578","Gamma Ethniki - Group 3","Greece","Naousa","Thyella Katsikas","24858","15255"
"2026-10-10 01:40:12","1620180","2026-10-10","10/10/2026 2:00:00 PM","NS","578","Gamma Ethniki - Group 3","Greece","Vatolakkos","Makedonikos Siatista","28158","28157"
"2026-10-10 01:40:12","1623581","2026-10-10","10/10/2026 2:00:00 PM","NS","706","Campionato Primavera - 2","Italy","Brescia U19","Modena U19","15657","24357"
"2026-10-10 01:40:12","1623583","2026-10-10","10/10/2026 2:00:00 PM","NS","706","Campionato Primavera - 2","Italy","Cosenza U19","Catanzaro U19","15661","26373"
"2026-10-10 01:40:12","1623585","2026-10-10","10/10/2026 2:00:00 PM","NS","706","Campionato Primavera - 2","Italy","Frosinone U19","Palermo U19","15666","22404"
"2026-10-10 01:40:12","1623590","2026-10-10","10/10/2026 2:00:00 PM","NS","706","Campionato Primavera - 2","Italy","Pescara U19","Ascoli U19","15673","15654"
"2026-10-10 01:40:12","1623591","2026-10-10","10/10/2026 2:00:00 PM","NS","706","Campionato Primavera - 2","Italy","Pro Vercelli U19","Mantova U19","24358","27996"
"2026-10-10 01:40:12","1623593","2026-10-10","10/10/2026 2:00:00 PM","NS","706","Campionato Primavera - 2","Italy","Spezia U19","Monopoli U19","15682","19855"
"2026-10-10 01:40:12","1623596","2026-10-10","10/10/2026 2:00:00 PM","NS","706","Campionato Primavera - 2","Italy","Vicenza U19","Reggiana U19","15687","15676"
"2026-10-10 01:40:12","1624377","2026-10-10","10/10/2026 2:00:00 PM","NS","427","Serie D - Girone B","Italy","Fiorenzuola","Piacenza","9485","872"
"2026-10-10 01:40:12","1626230","2026-10-10","10/10/2026 2:00:00 PM","NS","431","Serie D - Girone F","Italy","Notaresco","Recanatese","9518","9517"
"2026-10-10 01:40:12","1626877","2026-10-10","10/10/2026 2:00:00 PM","NS","175","Third League - Northeast","Bulgaria","Aksakovo","Svetkavitsa 14","24544","26249"
"2026-10-10 01:40:12","1626878","2026-10-10","10/10/2026 2:00:00 PM","NS","175","Third League - Northeast","Bulgaria","Chernolomets 1919","Benkovski Isperih","8510","21835"
"2026-10-10 01:40:12","1626879","2026-10-10","10/10/2026 2:00:00 PM","NS","175","Third League - Northeast","Bulgaria","Cherno more II","Riltzi","19891","17309"
"2026-10-10 01:40:12","1626880","2026-10-10","10/10/2026 2:00:00 PM","NS","175","Third League - Northeast","Bulgaria","Chernomorets Balchik","Volov Shumen","1422","8551"
"2026-10-10 01:40:12","1626881","2026-10-10","10/10/2026 2:00:00 PM","NS","175","Third League - Northeast","Bulgaria","Ludogorets III","Septemvri Tervel","14222","8514"
"2026-10-10 01:40:12","1626882","2026-10-10","10/10/2026 2:00:00 PM","NS","175","Third League - Northeast","Bulgaria","Olympic Varna","Botev Novi Pazar","26846","8509"
"2026-10-10 01:40:12","1626883","2026-10-10","10/10/2026 2:00:00 PM","NS","175","Third League - Northeast","Bulgaria","Septemvri Dragoevo","Devnya 2005","28220","28219"
"2026-10-10 01:40:12","1626884","2026-10-10","10/10/2026 2:00:00 PM","NS","175","Third League - Northeast","Bulgaria","Ustrem Donchevo","Dorostol","8517","14220"
"2026-10-10 01:40:12","1629698","2026-10-10","10/10/2026 2:00:00 PM","NS","392","Challenge League","Malta","Victoria Hotspurs","Fgura United","16541","4602"
"2026-10-10 01:40:12","1630102","2026-10-10","10/10/2026 2:00:00 PM","NS","1241","U19 league","Serbia","Vozdovac U19","Partizan U19","28269","22398"
"2026-10-10 01:40:12","1630575","2026-10-10","10/10/2026 2:00:00 PM","NS","400","Super League","Zambia","Kabwe Warriors","Mutondo Stars","5201","21875"
"2026-10-10 01:40:12","1630576","2026-10-10","10/10/2026 2:00:00 PM","NS","400","Super League","Zambia","Man Utd Zambia Academy","Kansanshi Dynamos","5205","7455"
"2026-10-10 01:40:12","1630577","2026-10-10","10/10/2026 2:00:00 PM","NS","400","Super League","Zambia","Nkana","Makeni All Stars","5209","28279"
"2026-10-10 01:40:12","1630578","2026-10-10","10/10/2026 2:00:00 PM","NS","400","Super League","Zambia","Nkwazi","Chirundu Utd","5210","28278"
"2026-10-10 01:40:12","1630579","2026-10-10","10/10/2026 2:00:00 PM","NS","400","Super League","Zambia","Red Arrows","Mufulira Wanderers","5213","5206"
"2026-10-10 01:40:12","1630580","2026-10-10","10/10/2026 2:00:00 PM","NS","400","Super League","Zambia","Roan United","Green Buffaloes","11273","5199"
"2026-10-10 01:40:12","1630581","2026-10-10","10/10/2026 2:00:00 PM","NS","400","Super League","Zambia","Trident","NAPSA Stars","21876","5207"
"2026-10-10 01:40:12","1630583","2026-10-10","10/10/2026 2:00:00 PM","NS","400","Super League","Zambia","ZESCO United","Green Eagles","5214","5200"
"2026-10-10 01:40:12","1632491","2026-10-10","10/10/2026 2:00:00 PM","PST","405","National Soccer League","Rwanda","Al Merreikh","Etoile de l'Est","5239","18056"
"2026-10-10 01:40:12","1632492","2026-10-10","10/10/2026 2:00:00 PM","NS","405","National Soccer League","Rwanda","Bugesera","Etincelles","5312","5314"
"2026-10-10 01:40:12","1632493","2026-10-10","10/10/2026 2:00:00 PM","NS","405","National Soccer League","Rwanda","Marines","Kiyovu Sports","5318","5317"
"2026-10-10 01:40:12","1635278","2026-10-10","10/10/2026 2:00:00 PM","NS","585","Premier League","Uganda","Kataka","Kitara","28319","15562"
"2026-10-10 01:40:12","1638176","2026-10-10","10/10/2026 2:00:00 PM","NS","245","Ykkönen","Finland","Rops","JJK","1167","1171"
"2026-10-10 01:40:12","1638923","2026-10-10","10/10/2026 2:00:00 PM","NS","176","Third League - Northwest","Bulgaria","Akademik Svishtov","Chavdar Troyan","8518","14565"
"2026-10-10 01:40:12","1638925","2026-10-10","10/10/2026 2:00:00 PM","CANC","176","Third League - Northwest","Bulgaria","Juventus Malchika","OFK Levski","8520","8553"
"2026-10-10 01:40:12","1638926","2026-10-10","10/10/2026 2:00:00 PM","NS","176","Third League - Northwest","Bulgaria","Kom Berkovitsa","Sevlievo","8521","5024"
"2026-10-10 01:40:12","1638927","2026-10-10","10/10/2026 2:00:00 PM","NS","176","Third League - Northwest","Bulgaria","Partizan","Pavlikeni","6395","8525"
"2026-10-10 01:40:12","1638928","2026-10-10","10/10/2026 2:00:00 PM","NS","176","Third League - Northwest","Bulgaria","Yantra Polski Trambesh","Lokomotiv Mezdra","8555","8523"
"2026-10-10 01:40:12","1639898","2026-10-10","10/10/2026 2:00:00 PM","NS","404","Campionato","San-Marino","Faetano","Fiorentino","5300","5301"
"2026-10-10 01:40:12","1639899","2026-10-10","10/10/2026 2:00:00 PM","NS","404","Campionato","San-Marino","San Giovanni","Tre Fiori","5307","2260"
"2026-10-10 01:40:12","1641311","2026-10-10","10/10/2026 2:00:00 PM","NS","363","Premier League","Ethiopia","Welayta Dicha","Fasil Ketema","4124","4117"
"2026-10-10 01:40:12","1643446","2026-10-10","10/10/2026 2:00:00 PM","NS","269","Segunda División","Uruguay","CA River Plate","Oriental","2351","2376"
"2026-10-10 01:40:12","1643519","2026-10-10","10/10/2026 2:00:00 PM","NS","1086","Paulista - U20","Brazil","Capivariano U20","Ibrachina U20","12993","18336"
"2026-10-10 01:40:12","1644252","2026-10-10","10/10/2026 2:00:00 PM","NS","251","Division Intermedia","Paraguay","3 de Noviembre","Fernando De La Mora","21374","2130"
"2026-10-10 01:40:12","1644253","2026-10-10","10/10/2026 2:00:00 PM","NS","251","Division Intermedia","Paraguay","Guairena FC","Encarnación","2138","23155"
"2026-10-10 01:40:12","1644254","2026-10-10","10/10/2026 2:00:00 PM","NS","251","Division Intermedia","Paraguay","Independiente F.b.c.","Atlético Tembetary","1186","10474"
"2026-10-10 01:40:12","1644393","2026-10-10","10/10/2026 2:00:00 PM","NS","401","Premier Soccer League","Zimbabwe","Agama","Hunters","27273","27275"
"2026-10-10 01:40:12","1644394","2026-10-10","10/10/2026 2:00:00 PM","NS","401","Premier Soccer League","Zimbabwe","Chicken Inn","Platinum","5220","5230"
"2026-10-10 01:40:12","1644395","2026-10-10","10/10/2026 2:00:00 PM","NS","401","Premier Soccer League","Zimbabwe","Hardrock","Bulawayo Chiefs","27274","5217"
"2026-10-10 01:40:12","1644396","2026-10-10","10/10/2026 2:00:00 PM","NS","401","Premier Soccer League","Zimbabwe","Herentals","MWOS","5223","25734"
"2026-10-10 01:40:12","1644397","2026-10-10","10/10/2026 2:00:00 PM","NS","401","Premier Soccer League","Zimbabwe","Manica Diamonds","TelOne","5227","5231"
"2026-10-10 01:40:12","1644398","2026-10-10","10/10/2026 2:00:00 PM","NS","401","Premier Soccer League","Zimbabwe","Kariba","Scotland Mabvuku","5226","25735"
"2026-10-10 01:40:12","1644706","2026-10-10","10/10/2026 2:00:00 PM","NS","569","Premier League","Kyrgyzstan","Alay","Abdish-Ata","8022","12234"
"2026-10-10 01:40:12","1644707","2026-10-10","10/10/2026 2:00:00 PM","NS","569","Premier League","Kyrgyzstan","OshMU Aldier","Talant","21168","18731"
"2026-10-10 01:40:12","1644708","2026-10-10","10/10/2026 2:00:00 PM","NS","569","Premier League","Kyrgyzstan","Kara-Balta","Bishkek City","12238","25766"
"2026-10-10 01:40:12","1645159","2026-10-10","10/10/2026 2:00:00 PM","NS","847","Premier League","Eswatini","Manzini Sea Birds","Young Buffaloes","16817","8076"
"2026-10-10 01:40:12","1645160","2026-10-10","10/10/2026 2:00:00 PM","NS","847","Premier League","Eswatini","Rangers FC","Red Rhinos","18314","28440"
"2026-10-10 01:40:12","1642110","2026-10-10","10/10/2026 2:05:00 PM","NS","406","Professional League","Oman","Saham","Sur","5335","5337"
"2026-10-10 01:40:12","1579490","2026-10-10","10/10/2026 2:15:00 PM","NS","492","Tweede Divisie","Netherlands","AFC Amsterdam","Hoek","1252","1276"
"2026-10-10 01:40:12","1629067","2026-10-10","10/10/2026 2:15:00 PM","NS","276","FKF Premier League","Kenya","Posta Rangers FC","Shabana","2459","19489"
"2026-10-10 01:40:12","1645161","2026-10-10","10/10/2026 2:15:00 PM","NS","847","Premier League","Eswatini","PPK Professionals","Green Mamba","28439","6421"
"2026-10-10 01:40:12","1506681","2026-10-10","10/10/2026 2:30:00 PM","NS","366","1. Deild","Faroe-Islands","NSÍ II","B71","4181","4176"
"2026-10-10 01:40:12","1551570","2026-10-10","10/10/2026 2:30:00 PM","NS","332","Super Liga","Slovakia","FK Košice","Komárno","10534","10535"
"2026-10-10 01:40:12","1551573","2026-10-10","10/10/2026 2:30:00 PM","NS","332","Super Liga","Slovakia","Skalica","Slovan Bratislava","10542","656"
"2026-10-10 01:40:12","1551574","2026-10-10","10/10/2026 2:30:00 PM","NS","332","Super Liga","Slovakia","AS Trencin","Dukla Banská Bystrica","655","10533"
"2026-10-10 01:40:12","1558230","2026-10-10","10/10/2026 2:30:00 PM","NS","107","I Liga","Poland","Arka Gdynia","Polonia Warszawa","344","16239"
"2026-10-10 01:40:12","1558231","2026-10-10","10/10/2026 2:30:00 PM","NS","107","I Liga","Poland","Chrobry Głogów","Pogoń Grod. Mazowiecki","3483","14750"
"2026-10-10 01:40:12","1558236","2026-10-10","10/10/2026 2:30:00 PM","NS","107","I Liga","Poland","Unia Skierniewice","Nieciecza","6961","3487"
"2026-10-10 01:40:12","1566374","2026-10-10","10/10/2026 2:30:00 PM","NS","745","Oberliga - Hamburg","Germany","Altona 93","Nikola Tesla","9338","26174"
"2026-10-10 01:40:12","1566816","2026-10-10","10/10/2026 2:30:00 PM","NS","938","Oberliga - Bayern Nord","Germany","Nordlingen","Bayern Hof","14512","12737"
"2026-10-10 01:40:12","1567918","2026-10-10","10/10/2026 2:30:00 PM","NS","219","2. Liga","Austria","Austria Salzburg","Floridsdorfer AC","5000","1395"
"2026-10-10 01:40:12","1567920","2026-10-10","10/10/2026 2:30:00 PM","NS","219","2. Liga","Austria","WSPG Wels","Schwarz-Weiß Bregenz","22213","8259"
"2026-10-10 01:40:12","1567922","2026-10-10","10/10/2026 2:30:00 PM","NS","219","2. Liga","Austria","FC Liefering","Sturm Graz II","1400","8251"
"2026-10-10 01:40:12","1567923","2026-10-10","10/10/2026 2:30:00 PM","NS","219","2. Liga","Austria","Rapid Wien II","Wacker Innsbruck","8247","1073"
"2026-10-10 01:40:12","1568820","2026-10-10","10/10/2026 2:30:00 PM","NS","781","III Liga - Group 2","Poland","Bałtyk Koszalin","Unia Swarzędz","16245","16257"
"2026-10-10 01:40:12","1575178","2026-10-10","10/10/2026 2:30:00 PM","NS","78","Bundesliga","Germany","1899 Hoffenheim","Hamburger SV","167","175"
"2026-10-10 01:40:12","1575180","2026-10-10","10/10/2026 2:30:00 PM","NS","78","Bundesliga","Germany","FC Augsburg","Bayern München","170","157"
"2026-10-10 01:40:12","1575181","2026-10-10","10/10/2026 2:30:00 PM","NS","78","Bundesliga","Germany","FSV Mainz 05","Bayer Leverkusen","164","168"
"2026-10-10 01:40:12","1575182","2026-10-10","10/10/2026 2:30:00 PM","NS","78","Bundesliga","Germany","Union Berlin","SV Elversberg","182","1660"
"2026-10-10 01:40:12","1575184","2026-10-10","10/10/2026 2:30:00 PM","NS","78","Bundesliga","Germany","SC Paderborn 07","VfB Stuttgart","185","172"
"2026-10-10 01:40:12","1580529","2026-10-10","10/10/2026 2:30:00 PM","NS","111","FAW Championship","Wales","Brickfield Rangers","Mold Alexandra","6443","6465"
"2026-10-10 01:40:12","1580530","2026-10-10","10/10/2026 2:30:00 PM","NS","111","FAW Championship","Wales","Gresford Athletic","Porthmadog","5615","5621"
"2026-10-10 01:40:12","1580531","2026-10-10","10/10/2026 2:30:00 PM","NS","111","FAW Championship","Wales","Guilsfield","Denbigh Town","5616","6451"
"2026-10-10 01:40:12","1580532","2026-10-10","10/10/2026 2:30:00 PM","NS","111","FAW Championship","Wales","Holyhead Hotspur","Caersws","6457","6445"
"2026-10-10 01:40:12","1580533","2026-10-10","10/10/2026 2:30:00 PM","NS","111","FAW Championship","Wales","Llanuwchllyn","Penrhyncoch","11303","5620"
"2026-10-10 01:40:12","1580534","2026-10-10","10/10/2026 2:30:00 PM","NS","111","FAW Championship","Wales","Newtown AFC","Bangor City 1876 FC","358","7581"
"2026-10-10 01:40:12","1580769","2026-10-10","10/10/2026 2:30:00 PM","NS","111","FAW Championship","Wales","Aberystwyth Town","Caerau (Ely)","351","5610"
"2026-10-10 01:40:12","1580770","2026-10-10","10/10/2026 2:30:00 PM","NS","111","FAW Championship","Wales","Baglan Dragons","Pontypridd Town","20358","2192"
"2026-10-10 01:40:12","1580771","2026-10-10","10/10/2026 2:30:00 PM","NS","111","FAW Championship","Wales","Cardiff Draconians","Carmarthen Town","7586","359"
"2026-10-10 01:40:12","1580772","2026-10-10","10/10/2026 2:30:00 PM","NS","111","FAW Championship","Wales","Llantwit Major","Pontardawe Town","2196","7598"
"2026-10-10 01:40:12","1580773","2026-10-10","10/10/2026 2:30:00 PM","NS","111","FAW Championship","Wales","Treowen Stars","Trethomas Bluebirds","11309","11310"
"2026-10-10 01:40:12","1580774","2026-10-10","10/10/2026 2:30:00 PM","NS","111","FAW Championship","Wales","Ynyshir Albions","llanelli AFC","7601","355"
"2026-10-10 01:40:12","1581150","2026-10-10","10/10/2026 2:30:00 PM","NS","750","Oberliga - Hessen","Germany","Unter-Flockenbach","Hünfelder SV","14808","16100"
"2026-10-10 01:40:12","1582282","2026-10-10","10/10/2026 2:30:00 PM","NS","393","Premier League","Malta","Birkirkara","Valletta FC","2277","659"
"2026-10-10 01:40:12","1582457","2026-10-10","10/10/2026 2:30:00 PM","NS","753","Oberliga - Baden-Württemberg","Germany","Bahlinger SC","Oberachern","9359","12822"
"2026-10-10 01:40:12","1582460","2026-10-10","10/10/2026 2:30:00 PM","NS","753","Oberliga - Baden-Württemberg","Germany","FV Ravensburg","FC Nöttingen","1624","1638"
"2026-10-10 01:40:12","1589728","2026-10-10","10/10/2026 2:30:00 PM","NS","794","3. SNL - East","Slovenia","Fužinar","Šmartno","4373","12904"
"2026-10-10 01:40:12","1589729","2026-10-10","10/10/2026 2:30:00 PM","NS","794","3. SNL - East","Slovenia","Ljutomer","Čarda Martjanci","20344","14454"
"2026-10-10 01:40:12","1589730","2026-10-10","10/10/2026 2:30:00 PM","NS","794","3. SNL - East","Slovenia","Podvinci","Videm","16304","6725"
"2026-10-10 01:40:12","1589731","2026-10-10","10/10/2026 2:30:00 PM","NS","794","3. SNL - East","Slovenia","Šampion Celje","Hajdina","6726","20135"
"2026-10-10 01:40:12","1589732","2026-10-10","10/10/2026 2:30:00 PM","NS","794","3. SNL - East","Slovenia","Limbuš Pekre","Rače","20161","20192"
"2026-10-10 01:40:12","1589771","2026-10-10","10/10/2026 2:30:00 PM","NS","794","3. SNL - East","Slovenia","Odranci","NK Ormoz","6722","27991"
"2026-10-10 01:40:12","1589833","2026-10-10","10/10/2026 2:30:00 PM","NS","795","3. SNL - West","Slovenia","Izola","IB 1975 Ljubljana","16307","20139"
"2026-10-10 01:40:12","1589834","2026-10-10","10/10/2026 2:30:00 PM","NS","795","3. SNL - West","Slovenia","Litija","Dob","20163","4371"
"2026-10-10 01:40:12","1589835","2026-10-10","10/10/2026 2:30:00 PM","NS","795","3. SNL - West","Slovenia","Svoboda","Škofja Loka","16310","16313"
"2026-10-10 01:40:12","1589837","2026-10-10","10/10/2026 2:30:00 PM","NS","795","3. SNL - West","Slovenia","Rudar Trbovlje","Žiri","19269","16315"
"2026-10-10 01:40:12","1589838","2026-10-10","10/10/2026 2:30:00 PM","NS","795","3. SNL - West","Slovenia","Šobec Lesce","Šencur","16314","6727"
"2026-10-10 01:40:12","1589839","2026-10-10","10/10/2026 2:30:00 PM","NS","795","3. SNL - West","Slovenia","Zidgrad Idrija","Tolmin","20140","6724"
"2026-10-10 01:40:12","1590185","2026-10-10","10/10/2026 2:30:00 PM","NS","211","First NL","Croatia","Vukovar","Hrvace","5730","6241"
"2026-10-10 01:40:12","1595254","2026-10-10","10/10/2026 2:30:00 PM","NS","946","Second NL","Croatia","Dugo Selo","Bjelovar","8602","5705"
"2026-10-10 01:40:12","1595255","2026-10-10","10/10/2026 2:30:00 PM","NS","946","Second NL","Croatia","Jarun","Varteks Varaždin","8605","8599"
"2026-10-10 01:40:12","1595257","2026-10-10","10/10/2026 2:30:00 PM","NS","946","Second NL","Croatia","Lucko","Trnje","1477","8607"
"2026-10-10 01:40:12","1595260","2026-10-10","10/10/2026 2:30:00 PM","NS","946","Second NL","Croatia","Zagora","Slavonija Požega","5731","6250"
"2026-10-10 01:40:12","1598937","2026-10-10","10/10/2026 2:30:00 PM","NS","752","Oberliga - Rheinland-Pfalz / Saar","Germany","Diefflen","Wormatia Worms","14655","1663"
"2026-10-10 01:40:12","1598938","2026-10-10","10/10/2026 2:30:00 PM","NS","752","Oberliga - Rheinland-Pfalz / Saar","Germany","FC Emmelshausen-Karbach","Gau-Odernheim","26592","26168"
"2026-10-10 01:40:12","1599128","2026-10-10","10/10/2026 2:30:00 PM","NS","752","Oberliga - Rheinland-Pfalz / Saar","Germany","FV Engers 07","RW Wittlich","12767","28016"
"2026-10-10 01:40:12","1607443","2026-10-10","10/10/2026 2:30:00 PM","NS","202","Ligue 1","Tunisia","US Ben Guerdane","Club Africain","986","988"
"2026-10-10 01:40:12","1607444","2026-10-10","10/10/2026 2:30:00 PM","NS","202","Ligue 1","Tunisia","CA Bizertin","US Monastirienne","981","992"
"2026-10-10 01:40:12","1607445","2026-10-10","10/10/2026 2:30:00 PM","NS","202","Ligue 1","Tunisia","ES Tunis","Olympique Béja","980","10625"
"2026-10-10 01:40:12","1607449","2026-10-10","10/10/2026 2:30:00 PM","NS","202","Ligue 1","Tunisia","Progrès Sakiet Eddaïer","CS Sfaxien","13358","983"
"2026-10-10 01:40:12","1618394","2026-10-10","10/10/2026 2:30:00 PM","NS","92","Derde Divisie","Netherlands","Hercules","Sportlust '46","1264","3904"
"2026-10-10 01:40:12","1623588","2026-10-10","10/10/2026 2:30:00 PM","NS","706","Campionato Primavera - 2","Italy","Padova U19","Sampdoria U19","19856","15680"
"2026-10-10 01:40:12","1627730","2026-10-10","10/10/2026 2:30:00 PM","NS","289","1st Division","South-Africa","Hungry Lions","Casric Stars","10561","19997"
"2026-10-10 01:40:12","1627731","2026-10-10","10/10/2026 2:30:00 PM","NS","289","1st Division","South-Africa","Lerumo Lions","Hope FC","25526","28235"
"2026-10-10 01:40:12","1627732","2026-10-10","10/10/2026 2:30:00 PM","NS","289","1st Division","South-Africa","Magesi","NWU FC","19999","28236"
"2026-10-10 01:40:12","1627733","2026-10-10","10/10/2026 2:30:00 PM","NS","289","1st Division","South-Africa","Midlands Wanderers","Venda FC","26397","17357"
"2026-10-10 01:40:12","1627734","2026-10-10","10/10/2026 2:30:00 PM","NS","289","1st Division","South-Africa","Orbit College","Highbury","10582","24758"
"2026-10-10 01:40:12","1627735","2026-10-10","10/10/2026 2:30:00 PM","NS","289","1st Division","South-Africa","University of Pretoria","Leicesterfield","10569","26434"
"2026-10-10 01:40:12","1639652","2026-10-10","10/10/2026 2:30:00 PM","NS","290","Persian Gulf Pro League","Iran","Paykan","Shams Azar Qazvin","2741","18159"
"2026-10-10 01:40:12","1644223","2026-10-10","10/10/2026 2:30:00 PM","NS","828","Ligue 2","Tunisia","AS Gabes","CS Chebba","987","6252"
"2026-10-10 01:40:12","1644224","2026-10-10","10/10/2026 2:30:00 PM","NS","828","Ligue 2","Tunisia","EM Mahdia","M'saken","10605","10620"
"2026-10-10 01:40:12","1644225","2026-10-10","10/10/2026 2:30:00 PM","NS","828","Ligue 2","Tunisia","Béni-Khalled","Sfax Railways","13349","10633"
"2026-10-10 01:40:12","1644227","2026-10-10","10/10/2026 2:30:00 PM","NS","828","Ligue 2","Tunisia","Redeyef","Korba","10665","10617"
"2026-10-10 01:40:12","1644228","2026-10-10","10/10/2026 2:30:00 PM","NS","828","Ligue 2","Tunisia","AS Soliman","Mégrine","6253","20846"
"2026-10-10 01:40:12","1644229","2026-10-10","10/10/2026 2:30:00 PM","NS","828","Ligue 2","Tunisia","Stade Soussien","BS Bouhajla","28398","10599"
"2026-10-10 01:40:12","1645136","2026-10-10","10/10/2026 2:30:00 PM","NS","962","Premier League","Lesotho","Bantu","Lifofane","15563","20979"
"2026-10-10 01:40:12","1645162","2026-10-10","10/10/2026 2:30:00 PM","NS","847","Premier League","Eswatini","Highlanders","Royal Leopards","16826","16822"
"2026-10-10 01:40:12","1603039","2026-10-10","10/10/2026 2:50:00 PM","NS","307","Pro League","Saudi-Arabia","Al-Hazm","NEOM","2945","10513"
"2026-10-10 01:40:12","1494773","2026-10-10","10/10/2026 3:00:00 PM","NS","103","Eliteserien","Norway","Bodo/Glimt","Kristiansund BK","327","320"
"2026-10-10 01:40:12","1504571","2026-10-10","10/10/2026 3:00:00 PM","NS","564","Ettan - Södra","Sweden","AFC Malmo","Skövde AIK","27669","6698"
"2026-10-10 01:40:12","1504575","2026-10-10","10/10/2026 3:00:00 PM","NS","564","Ettan - Södra","Sweden","Rosengård","Atvidabergs FF","6694","2162"
"2026-10-10 01:40:12","1504577","2026-10-10","10/10/2026 3:00:00 PM","NS","564","Ettan - Södra","Sweden","Lund","Trollhättan","6687","6702"
"2026-10-10 01:40:12","1505291","2026-10-10","10/10/2026 3:00:00 PM","NS","563","Ettan - Norra","Sweden","AFC Eskilstuna","Stockholm Internazionale","765","12585"
"2026-10-10 01:40:12","1505297","2026-10-10","10/10/2026 3:00:00 PM","NS","563","Ettan - Norra","Sweden","IF Karlstad","Arlanda","11659","16597"
"2026-10-10 01:40:12","1506678","2026-10-10","10/10/2026 3:00:00 PM","NS","366","1. Deild","Faroe-Islands","Suduroy","HB II","4182","4179"
"2026-10-10 01:40:12","1507230","2026-10-10","10/10/2026 3:00:00 PM","NS","326","Erovnuli Liga 2","Georgia","Gori","Merani Martvili","14861","10016"
"2026-10-10 01:40:12","1507233","2026-10-10","10/10/2026 3:00:00 PM","NS","326","Erovnuli Liga 2","Georgia","Samtredia","Sioni","581","3503"
"2026-10-10 01:40:12","1509195","2026-10-10","10/10/2026 3:00:00 PM","NS","327","Erovnuli Liga","Georgia","Rustavi","Dila","3501","3499"
"2026-10-10 01:40:12","1510876","2026-10-10","10/10/2026 3:00:00 PM","NS","593","Division 2 - Norra Svealand","Sweden","Franke","Helges","6665","27386"
"2026-10-10 01:40:12","1510879","2026-10-10","10/10/2026 3:00:00 PM","NS","593","Division 2 - Norra Svealand","Sweden","Täby","Lidingö","11663","6685"
"2026-10-10 01:40:12","1511237","2026-10-10","10/10/2026 3:00:00 PM","NS","595","Division 2 - Södra Svealand","Sweden","Haninge","Nacka Iliria","6672","14510"
"2026-10-10 01:40:12","1511242","2026-10-10","10/10/2026 3:00:00 PM","NS","595","Division 2 - Södra Svealand","Sweden","Rågsved","Smedby","16745","12650"
"2026-10-10 01:40:12","1511422","2026-10-10","10/10/2026 3:00:00 PM","NS","596","Division 2 - Västra Götaland","Sweden","Onsala","Åstorp","12606","14543"
"2026-10-10 01:40:12","1513641","2026-10-10","10/10/2026 3:00:00 PM","NS","329","Meistriliiga","Estonia","Tammeka","Nõmme United","3530","10059"
"2026-10-10 01:40:12","1525992","2026-10-10","10/10/2026 3:00:00 PM","NS","116","Premier League","Belarus","Bate Borisov","Slavia Mozyr","388","751"
"2026-10-10 01:40:12","1528115","2026-10-10","10/10/2026 3:00:00 PM","NS","389","Premier League","Kazakhstan","Zhenys","Atyrau","16611","4564"
"2026-10-10 01:40:12","1529633","2026-10-10","10/10/2026 3:00:00 PM","NS","364","1. Liga","Latvia","JFK Ventspils","Leevon / PPK","21202","23266"
"2026-10-10 01:40:12","1547010","2026-10-10","10/10/2026 3:00:00 PM","NS","730","Football League - Highland League","Scotland","Brora Rangers","Nairn County","6760","7448"
"2026-10-10 01:40:12","1547011","2026-10-10","10/10/2026 3:00:00 PM","NS","730","Football League - Highland League","Scotland","Clachnacuddin","Buckie Thistle","7435","7432"
"2026-10-10 01:40:12","1547012","2026-10-10","10/10/2026 3:00:00 PM","NS","730","Football League - Highland League","Scotland","Deveronvale","Wick Academy","7438","7454"
"2026-10-10 01:40:12","1547013","2026-10-10","10/10/2026 3:00:00 PM","NS","730","Football League - Highland League","Scotland","Fraserburgh","Strathspey Thistle","6769","7451"
"2026-10-10 01:40:12","1547014","2026-10-10","10/10/2026 3:00:00 PM","NS","730","Football League - Highland League","Scotland","Huntly","Keith","7521","7446"
"2026-10-10 01:40:12","1547015","2026-10-10","10/10/2026 3:00:00 PM","NS","730","Football League - Highland League","Scotland","Invergordon","Rothes","19792","7449"
"2026-10-10 01:40:12","1547016","2026-10-10","10/10/2026 3:00:00 PM","NS","730","Football League - Highland League","Scotland","Inverurie Loco Works","Formartine United","7445","6768"
"2026-10-10 01:40:12","1547017","2026-10-10","10/10/2026 3:00:00 PM","NS","730","Football League - Highland League","Scotland","Lossiemouth","Banks O' Dee","7447","6729"
"2026-10-10 01:40:12","1547018","2026-10-10","10/10/2026 3:00:00 PM","NS","730","Football League - Highland League","Scotland","Turriff United","Forres Mechanics","7452","7441"
"2026-10-10 01:40:12","1554183","2026-10-10","10/10/2026 3:00:00 PM","NS","287","Prva Liga","Serbia","Borac Cacak","Jedinstvo Ub","2649","12319"
"2026-10-10 01:40:12","1556671","2026-10-10","10/10/2026 3:00:00 PM","NS","179","Premiership","Scotland","Dundee Utd","Hibernian","1386","249"
"2026-10-10 01:40:12","1556672","2026-10-10","10/10/2026 3:00:00 PM","NS","179","Premiership","Scotland","Falkirk","Dundee","1389","253"
"2026-10-10 01:40:12","1556673","2026-10-10","10/10/2026 3:00:00 PM","NS","179","Premiership","Scotland","Heart Of Midlothian","ST Mirren","254","251"
"2026-10-10 01:40:12","1556675","2026-10-10","10/10/2026 3:00:00 PM","NS","179","Premiership","Scotland","Rangers","Kilmarnock","257","250"
"2026-10-10 01:40:12","1556871","2026-10-10","10/10/2026 3:00:00 PM","NS","180","Championship","Scotland","Arbroath","Morton","4249","1383"
"2026-10-10 01:40:12","1556872","2026-10-10","10/10/2026 3:00:00 PM","NS","180","Championship","Scotland","Ayr Utd","Dunfermline","1387","1388"
"2026-10-10 01:40:12","1556873","2026-10-10","10/10/2026 3:00:00 PM","NS","180","Championship","Scotland","Inverness CT","Stenhousemuir","903","6784"
"2026-10-10 01:40:12","1556874","2026-10-10","10/10/2026 3:00:00 PM","NS","180","Championship","Scotland","Livingston","Partick","255","901"
"2026-10-10 01:40:12","1556875","2026-10-10","10/10/2026 3:00:00 PM","NS","180","Championship","Scotland","Raith Rovers","Queen's Park","1385","6778"
"2026-10-10 01:40:12","1557051","2026-10-10","10/10/2026 3:00:00 PM","NS","183","League One","Scotland","Alloa Athletic","Hamilton Academical","1391","248"
"2026-10-10 01:40:12","1557052","2026-10-10","10/10/2026 3:00:00 PM","NS","183","League One","Scotland","Cove Rangers","East Fife","6763","6764"
"2026-10-10 01:40:12","1557053","2026-10-10","10/10/2026 3:00:00 PM","NS","183","League One","Scotland","East Kilbride","Airdrie United","6765","4668"
"2026-10-10 01:40:12","1557054","2026-10-10","10/10/2026 3:00:00 PM","NS","183","League One","Scotland","Montrose","Ross County","4251","902"
"2026-10-10 01:40:12","1557055","2026-10-10","10/10/2026 3:00:00 PM","NS","183","League One","Scotland","Peterhead","Queen of the South","6777","1384"
"2026-10-10 01:40:12","1557418","2026-10-10","10/10/2026 3:00:00 PM","NS","39","Premier League","England","Aston Villa","Brentford","66","55"
"2026-10-10 01:40:12","1557419","2026-10-10","10/10/2026 3:00:00 PM","NS","39","Premier League","England","Chelsea","Bournemouth","49","35"
"2026-10-10 01:40:12","1557423","2026-10-10","10/10/2026 3:00:00 PM","NS","39","Premier League","England","Ipswich","Fulham","57","36"
"2026-10-10 01:40:12","1557426","2026-10-10","10/10/2026 3:00:00 PM","NS","39","Premier League","England","Sunderland","Brighton","746","51"
"2026-10-10 01:40:12","1557794","2026-10-10","10/10/2026 3:00:00 PM","NS","184","League Two","Scotland","Annan Athletic","Stranraer","6757","6785"
"2026-10-10 01:40:12","1557795","2026-10-10","10/10/2026 3:00:00 PM","NS","184","League Two","Scotland","Clyde","Dumbarton","6762","1382"
"2026-10-10 01:40:12","1557796","2026-10-10","10/10/2026 3:00:00 PM","NS","184","League Two","Scotland","Edinburgh City","Spartans","6766","6781"
"2026-10-10 01:40:12","1557797","2026-10-10","10/10/2026 3:00:00 PM","NS","184","League Two","Scotland","Forfar Athletic","Elgin City","4250","6767"
"2026-10-10 01:40:12","1557798","2026-10-10","10/10/2026 3:00:00 PM","NS","184","League Two","Scotland","Stirling Albion","Kelty Hearts","4669","6773"
"2026-10-10 01:40:12","1558645","2026-10-10","10/10/2026 3:00:00 PM","NS","144","Jupiler Pro League","Belgium","Cercle Brugge","Anderlecht","741","554"
"2026-10-10 01:40:12","1558959","2026-10-10","10/10/2026 3:00:00 PM","NS","374","2. SNL","Slovenia","Beltinci","Bilje","4366","4367"
"2026-10-10 01:40:12","1558960","2026-10-10","10/10/2026 3:00:00 PM","NS","374","2. SNL","Slovenia","Dekani","Dren Vrhnika","4370","20127"
"2026-10-10 01:40:12","1558962","2026-10-10","10/10/2026 3:00:00 PM","NS","374","2. SNL","Slovenia","Jesenice","Brežice","19244","4369"
"2026-10-10 01:40:12","1558963","2026-10-10","10/10/2026 3:00:00 PM","NS","374","2. SNL","Slovenia","Ilirija","Krka","4381","4375"
"2026-10-10 01:40:12","1559173","2026-10-10","10/10/2026 3:00:00 PM","NS","145","Challenger Pro League","Belgium","K. Lierse S.K.","Francs Borains","6219","5805"
"2026-10-10 01:40:12","1559175","2026-10-10","10/10/2026 3:00:00 PM","NS","145","Challenger Pro League","Belgium","Excelsior Virton","Sporting Hasselt","4715","5931"
"2026-10-10 01:40:12","1561683","2026-10-10","10/10/2026 3:00:00 PM","NS","109","II Liga - East","Poland","Stal Stalowa Wola","Śląsk Wrocław II","6958","12900"
"2026-10-10 01:40:12","1562086","2026-10-10","10/10/2026 3:00:00 PM","NS","408","Premiership","Northern-Ireland","Coleraine FC","Cliftonville FC","669","2266"
"2026-10-10 01:40:12","1562087","2026-10-10","10/10/2026 3:00:00 PM","NS","408","Premiership","Northern-Ireland","Crusaders FC","Larne","697","5354"
"2026-10-10 01:40:12","1562088","2026-10-10","10/10/2026 3:00:00 PM","NS","408","Premiership","Northern-Ireland","Dungannon Swifts","Carrick Rangers","5351","5350"
"2026-10-10 01:40:12","1562089","2026-10-10","10/10/2026 3:00:00 PM","NS","408","Premiership","Northern-Ireland","Limavady United","Ballymena United","11114","668"
"2026-10-10 01:40:12","1562090","2026-10-10","10/10/2026 3:00:00 PM","NS","408","Premiership","Northern-Ireland","Linfield","Bangor","583","11112"
"2026-10-10 01:40:12","1562297","2026-10-10","10/10/2026 3:00:00 PM","NS","350","4. liga - Divizie A","Czech-Republic","Doubravka","Táborsko II","7285","22094"
"2026-10-10 01:40:12","1562300","2026-10-10","10/10/2026 3:00:00 PM","NS","350","4. liga - Divizie A","Czech-Republic","Nyrsko","Hluboka nad Vltavou","27888","21982"
"2026-10-10 01:40:12","1562301","2026-10-10","10/10/2026 3:00:00 PM","NS","350","4. liga - Divizie A","Czech-Republic","Rokycany","Hořovicko","7339","7299"
"2026-10-10 01:40:12","1562303","2026-10-10","10/10/2026 3:00:00 PM","NS","350","4. liga - Divizie A","Czech-Republic","Spartak Pribram","Jiskra Domažlice II","27887","19639"
"2026-10-10 01:40:12","1562418","2026-10-10","10/10/2026 3:00:00 PM","NS","351","4. liga - Divizie B","Czech-Republic","Chomutov","Tempo Praha","7282","21985"
"2026-10-10 01:40:12","1562419","2026-10-10","10/10/2026 3:00:00 PM","NS","351","4. liga - Divizie B","Czech-Republic","Rapid Psáry","Brandýs nad Labem","24200","7278"
"2026-10-10 01:40:12","1562420","2026-10-10","10/10/2026 3:00:00 PM","NS","351","4. liga - Divizie B","Czech-Republic","Slaný","Hvězda Cheb","7342","7302"
"2026-10-10 01:40:12","1562532","2026-10-10","10/10/2026 3:00:00 PM","NS","352","4. liga - Divizie C","Czech-Republic","Letohrad","Turnov","7313","19437"
"2026-10-10 01:40:12","1562661","2026-10-10","10/10/2026 3:00:00 PM","NS","348","3. liga - CFL A","Czech-Republic","Jiskra Domažlice","Příbram II","7304","8617"
"2026-10-10 01:40:12","1562662","2026-10-10","10/10/2026 3:00:00 PM","NS","348","3. liga - CFL A","Czech-Republic","Králův Dvůr","Motorlet Praha","7312","7319"
"2026-10-10 01:40:12","1562785","2026-10-10","10/10/2026 3:00:00 PM","NS","685","3. liga - CFL B","Czech-Republic","Velké Hamry","Teplice II","7372","12877"
"2026-10-10 01:40:12","1563179","2026-10-10","10/10/2026 3:00:00 PM","NS","40","Championship","England","Blackburn","Cardiff","67","43"
"2026-10-10 01:40:12","1563180","2026-10-10","10/10/2026 3:00:00 PM","NS","40","Championship","England","Bolton","Stoke City","68","75"
"2026-10-10 01:40:12","1563182","2026-10-10","10/10/2026 3:00:00 PM","NS","40","Championship","England","Derby","Wrexham","69","1837"
"2026-10-10 01:40:12","1563183","2026-10-10","10/10/2026 3:00:00 PM","NS","40","Championship","England","Middlesbrough","Wolves","70","39"
"2026-10-10 01:40:12","1563184","2026-10-10","10/10/2026 3:00:00 PM","NS","40","Championship","England","Preston","Millwall","59","58"
"2026-10-10 01:40:12","1563185","2026-10-10","10/10/2026 3:00:00 PM","NS","40","Championship","England","Sheffield Utd","Lincoln","62","1379"
"2026-10-10 01:40:12","1563188","2026-10-10","10/10/2026 3:00:00 PM","NS","40","Championship","England","Watford","Burnley","38","44"
"2026-10-10 01:40:12","1563791","2026-10-10","10/10/2026 3:00:00 PM","NS","42","League Two","England","Bristol Rovers","Barnet","1334","1369"
"2026-10-10 01:40:12","1563792","2026-10-10","10/10/2026 3:00:00 PM","NS","42","League Two","England","Cheltenham","Salford City","1372","1844"
"2026-10-10 01:40:12","1563793","2026-10-10","10/10/2026 3:00:00 PM","NS","42","League Two","England","Crawley Town","Chesterfield","1362","1345"
"2026-10-10 01:40:12","1563794","2026-10-10","10/10/2026 3:00:00 PM","NS","42","League Two","England","Fleetwood Town","Walsall","1336","1342"
"2026-10-10 01:40:12","1563795","2026-10-10","10/10/2026 3:00:00 PM","NS","42","League Two","England","Newport County","Colchester","1367","1361"
"2026-10-10 01:40:12","1563797","2026-10-10","10/10/2026 3:00:00 PM","NS","42","League Two","England","Port Vale","Grimsby","1351","1365"
"2026-10-10 01:40:12","1563798","2026-10-10","10/10/2026 3:00:00 PM","NS","42","League Two","England","Rotherham","Gillingham","73","1347"
"2026-10-10 01:40:12","1563799","2026-10-10","10/10/2026 3:00:00 PM","NS","42","League Two","England","Shrewsbury","Exeter City","1352","1364"
"2026-10-10 01:40:12","1563801","2026-10-10","10/10/2026 3:00:00 PM","NS","42","League Two","England","Tranmere","Rochdale","1381","1339"
"2026-10-10 01:40:12","1563802","2026-10-10","10/10/2026 3:00:00 PM","NS","42","League Two","England","York","Northampton","1828","1337"
"2026-10-10 01:40:12","1564343","2026-10-10","10/10/2026 3:00:00 PM","NS","41","League One","England","Bradford","Leyton Orient","1343","1373"
"2026-10-10 01:40:12","1564344","2026-10-10","10/10/2026 3:00:00 PM","NS","41","League One","England","Cambridge United","Blackpool","1370","1356"
"2026-10-10 01:40:12","1564345","2026-10-10","10/10/2026 3:00:00 PM","NS","41","League One","England","Doncaster","Burton Albion","1354","748"
"2026-10-10 01:40:12","1564346","2026-10-10","10/10/2026 3:00:00 PM","NS","41","League One","England","Huddersfield","Sheffield Wednesday","37","74"
"2026-10-10 01:40:12","1564347","2026-10-10","10/10/2026 3:00:00 PM","NS","41","League One","England","Leicester","Peterborough","46","1350"
"2026-10-10 01:40:12","1564348","2026-10-10","10/10/2026 3:00:00 PM","NS","41","League One","England","Mansfield Town","Bromley","1374","1832"
"2026-10-10 01:40:12","1564349","2026-10-10","10/10/2026 3:00:00 PM","NS","41","League One","England","Milton Keynes Dons","Reading","1348","53"
"2026-10-10 01:40:12","1564352","2026-10-10","10/10/2026 3:00:00 PM","NS","41","League One","England","Stevenage","Wigan","1368","61"
"2026-10-10 01:40:12","1564353","2026-10-10","10/10/2026 3:00:00 PM","NS","41","League One","England","Stockport County","Barnsley","4686","747"
"2026-10-10 01:40:12","1564354","2026-10-10","10/10/2026 3:00:00 PM","NS","41","League One","England","Wycombe","Luton","1358","1359"
"2026-10-10 01:40:12","1564887","2026-10-10","10/10/2026 3:00:00 PM","NS","407","Championship","Northern-Ireland","Institute","H&W Welders","5353","5343"
"2026-10-10 01:40:12","1564888","2026-10-10","10/10/2026 3:00:00 PM","NS","407","Championship","Northern-Ireland","Loughgall","Moyola Park","5345","11117"
"2026-10-10 01:40:12","1564891","2026-10-10","10/10/2026 3:00:00 PM","NS","407","Championship","Northern-Ireland","Queen's University","Ballinamallard United","5349","5339"
"2026-10-10 01:40:12","1564893","2026-10-10","10/10/2026 3:00:00 PM","NS","407","Championship","Northern-Ireland","Warrenpoint Town","Strabane Athletic","5355","22541"
"2026-10-10 01:40:12","1566817","2026-10-10","10/10/2026 3:00:00 PM","NS","938","Oberliga - Bayern Nord","Germany","Jahn Regensburg II","Stadeln","12798","26067"
"2026-10-10 01:40:12","1572381","2026-10-10","10/10/2026 3:00:00 PM","NS","876","Segunda División RFEF - Group 2","Spain","Barcelona B","SD Logroñés","712","9411"
"2026-10-10 01:40:12","1572389","2026-10-10","10/10/2026 3:00:00 PM","NS","876","Segunda División RFEF - Group 2","Spain","Utebo","Arnedo","9891","9862"
"2026-10-10 01:40:12","1573872","2026-10-10","10/10/2026 3:00:00 PM","NS","223","Regionalliga - West","Austria","Hohenems","Dornbirn","4945","4255"
"2026-10-10 01:40:12","1573873","2026-10-10","10/10/2026 3:00:00 PM","NS","223","Regionalliga - West","Austria","Fügen","Lochau","8335","8359"
"2026-10-10 01:40:12","1573874","2026-10-10","10/10/2026 3:00:00 PM","NS","223","Regionalliga - West","Austria","Kufstein","Rheindorf Altach II","4948","8256"
"2026-10-10 01:40:12","1573875","2026-10-10","10/10/2026 3:00:00 PM","NS","223","Regionalliga - West","Austria","Lauterach","Wolfurt","8255","4968"
"2026-10-10 01:40:12","1573878","2026-10-10","10/10/2026 3:00:00 PM","NS","223","Regionalliga - West","Austria","Imst","Lustenau","14709","8361"
"2026-10-10 01:40:12","1574127","2026-10-10","10/10/2026 3:00:00 PM","NS","221","Regionalliga - Ost","Austria","Wienerberg","Gloggnitz","5008","4941"
"2026-10-10 01:40:12","1574129","2026-10-10","10/10/2026 3:00:00 PM","NS","221","Regionalliga - Ost","Austria","Donau","Scheiblingkirchen","8365","4982"
"2026-10-10 01:40:12","1574372","2026-10-10","10/10/2026 3:00:00 PM","NS","510","1. Liga Promotion","Switzerland","Brühl","Grand-Saconnex","10587","17415"
"2026-10-10 01:40:12","1574373","2026-10-10","10/10/2026 3:00:00 PM","NS","510","1. Liga Promotion","Switzerland","Bavois","Amical Saint-Prex","6615","16316"
"2026-10-10 01:40:12","1574377","2026-10-10","10/10/2026 3:00:00 PM","NS","510","1. Liga Promotion","Switzerland","Luzern II","FC Schaffhausen","12706","2182"
"2026-10-10 01:40:12","1574378","2026-10-10","10/10/2026 3:00:00 PM","NS","510","1. Liga Promotion","Switzerland","YF Juventus","Bellinzona","6652","6616"
"2026-10-10 01:40:12","1577543","2026-10-10","10/10/2026 3:00:00 PM","NS","236","First League","Russia","Nizhny Novgorod","Enisey","2011","1089"
"2026-10-10 01:40:12","1577544","2026-10-10","10/10/2026 3:00:00 PM","NS","236","First League","Russia","Rotor Volgograd","Volga Ulyanovsk","2010","6834"
"2026-10-10 01:40:12","1577545","2026-10-10","10/10/2026 3:00:00 PM","NS","236","First League","Russia","Shinnik Yaroslavl","Tekstilshchik","1998","3984"
"2026-10-10 01:40:12","1578670","2026-10-10","10/10/2026 3:00:00 PM","NS","731","Football League - Lowland League","Scotland","Broxburn Athletic","Tranent Juniors","6731","15602"
"2026-10-10 01:40:12","1581151","2026-10-10","10/10/2026 3:00:00 PM","NS","750","Oberliga - Hessen","Germany","Hadamar","Vfb Marburg","14550","17323"
"2026-10-10 01:40:12","1585284","2026-10-10","10/10/2026 3:00:00 PM","NS","43","National League","England","AFC Fylde","Scunthorpe","1839","1340"
"2026-10-10 01:40:12","1585285","2026-10-10","10/10/2026 3:00:00 PM","NS","43","National League","England","Boston United","Southend","8146","1341"
"2026-10-10 01:40:12","1585286","2026-10-10","10/10/2026 3:00:00 PM","NS","43","National League","England","FC Halifax Town","Gateshead","1841","1823"
"2026-10-10 01:40:12","1585287","2026-10-10","10/10/2026 3:00:00 PM","NS","43","National League","England","AFC Hornchurch","Eastleigh","7690","1822"
"2026-10-10 01:40:12","1585288","2026-10-10","10/10/2026 3:00:00 PM","NS","43","National League","England","Tamworth","Barrow","7752","1819"
"2026-10-10 01:40:12","1585289","2026-10-10","10/10/2026 3:00:00 PM","NS","43","National League","England","Wealdstone","Yeovil Town","8663","1377"
"2026-10-10 01:40:12","1585290","2026-10-10","10/10/2026 3:00:00 PM","NS","43","National League","England","Woking","Harrogate Town","1836","1842"
"2026-10-10 01:40:12","1585291","2026-10-10","10/10/2026 3:00:00 PM","NS","43","National League","England","Worthing","Solihull Moors","7761","1834"
"2026-10-10 01:40:12","1587825","2026-10-10","10/10/2026 3:00:00 PM","NS","50","National League - North","England","Brackley Town","Spennymoor Town","4701","4707"
"2026-10-10 01:40:12","1587826","2026-10-10","10/10/2026 3:00:00 PM","NS","50","National League - North","England","Chester","Bedford Town","1820","7616"
"2026-10-10 01:40:12","1587827","2026-10-10","10/10/2026 3:00:00 PM","NS","50","National League - North","England","Chorley","AFC Telford United","4679","4688"
"2026-10-10 01:40:12","1587828","2026-10-10","10/10/2026 3:00:00 PM","NS","50","National League - North","England","Darlington 1883","Merthyr Town","10157","7732"
"2026-10-10 01:40:12","1587829","2026-10-10","10/10/2026 3:00:00 PM","NS","50","National League - North","England","Harborough Town","Southport","8812","1826"
"2026-10-10 01:40:12","1587830","2026-10-10","10/10/2026 3:00:00 PM","NS","50","National League - North","England","Hebburn Town","Oxford City","8822","4684"
"2026-10-10 01:40:12","1587831","2026-10-10","10/10/2026 3:00:00 PM","NS","50","National League - North","England","Hereford","Hednesford Town","4692","7721"
"2026-10-10 01:40:12","1587832","2026-10-10","10/10/2026 3:00:00 PM","NS","50","National League - North","England","King's Lynn Town","Buxton","8655","7706"
"2026-10-10 01:40:12","1587833","2026-10-10","10/10/2026 3:00:00 PM","NS","50","National League - North","England","Macclesfield","South Shields","1380","7746"
"2026-10-10 01:40:12","1587834","2026-10-10","10/10/2026 3:00:00 PM","NS","50","National League - North","England","Marine","Spalding United","7656","7671"
"2026-10-10 01:40:12","1587835","2026-10-10","10/10/2026 3:00:00 PM","NS","50","National League - North","England","Radcliffe","Scarborough Athletic","7740","7745"
"2026-10-10 01:40:12","1587836","2026-10-10","10/10/2026 3:00:00 PM","NS","50","National League - North","England","Worksop Town","Morecambe","7266","1375"
"2026-10-10 01:40:12","1588377","2026-10-10","10/10/2026 3:00:00 PM","NS","51","National League - South","England","AFC Totton","Walton & Hersham","7612","8986"
"2026-10-10 01:40:12","1588378","2026-10-10","10/10/2026 3:00:00 PM","NS","51","National League - South","England","Billericay Town","Farnborough","4678","7715"
"2026-10-10 01:40:12","1588379","2026-10-10","10/10/2026 3:00:00 PM","NS","51","National League - South","England","Braintree","Truro City","1831","4699"
"2026-10-10 01:40:12","1588380","2026-10-10","10/10/2026 3:00:00 PM","NS","51","National League - South","England","Chesham United","Chelmsford City","4702","4689"
"2026-10-10 01:40:12","1588381","2026-10-10","10/10/2026 3:00:00 PM","NS","51","National League - South","England","Dagenham & Redbridge","Hemel Hempstead Town","1821","8660"
"2026-10-10 01:40:12","1588382","2026-10-10","10/10/2026 3:00:00 PM","NS","51","National League - South","England","Dover","Dorking Wanderers","1829","8659"
"2026-10-10 01:40:12","1588383","2026-10-10","10/10/2026 3:00:00 PM","NS","51","National League - South","England","Farnham Town","Salisbury","8783","7744"
"2026-10-10 01:40:12","1588384","2026-10-10","10/10/2026 3:00:00 PM","NS","51","National League - South","England","Hampton & Richmond","Ebbsfleet United","4680","1840"
"2026-10-10 01:40:12","1588385","2026-10-10","10/10/2026 3:00:00 PM","NS","51","National League - South","England","Horsham","Maidstone Utd","7723","1825"
"2026-10-10 01:40:12","1588386","2026-10-10","10/10/2026 3:00:00 PM","NS","51","National League - South","England","Maidenhead","Tonbridge Angels","1838","8662"
"2026-10-10 01:40:12","1588387","2026-10-10","10/10/2026 3:00:00 PM","NS","51","National League - South","England","Torquay","Slough Town","1827","4685"
"2026-10-10 01:40:12","1588388","2026-10-10","10/10/2026 3:00:00 PM","NS","51","National League - South","England","Weston-super-Mare","Folkestone Invicta","4687","7716"
"2026-10-10 01:40:12","1589836","2026-10-10","10/10/2026 3:00:00 PM","NS","795","3. SNL - West","Slovenia","Adria","Vipava","14451","16311"
"2026-10-10 01:40:12","1592020","2026-10-10","10/10/2026 3:00:00 PM","NS","1041","Júniores U19","Portugal","Casa Pia U19","SC Farense U19","24442","22518"
"2026-10-10 01:40:12","1592021","2026-10-10","10/10/2026 3:00:00 PM","NS","1041","Júniores U19","Portugal","Famalicão U19","Rio Ave U19","22394","22517"
"2026-10-10 01:40:12","1592022","2026-10-10","10/10/2026 3:00:00 PM","NS","1041","Júniores U19","Portugal","Feirense U19","Vizela U19","24443","22522"
"2026-10-10 01:40:12","1592023","2026-10-10","10/10/2026 3:00:00 PM","NS","1041","Júniores U19","Portugal","Gil Vicente U19","Vitoria Guimaraes U19","22512","22520"
"2026-10-10 01:40:12","1592024","2026-10-10","10/10/2026 3:00:00 PM","NS","1041","Júniores U19","Portugal","União Leiria U19","Alverca U19","26302","22506"
"2026-10-10 01:40:12","1592131","2026-10-10","10/10/2026 3:00:00 PM","NS","1041","Júniores U19","Portugal","Oriental U19","Torreense U19","28000","22519"
"2026-10-10 01:40:12","1596012","2026-10-10","10/10/2026 3:00:00 PM","NS","58","Non League Premier - Isthmian","England","Burgess Hill Town","Aveley","7217","7207"
"2026-10-10 01:40:12","1596013","2026-10-10","10/10/2026 3:00:00 PM","NS","58","Non League Premier - Isthmian","England","Carshalton Athletic","St Albans City","7707","4708"
"2026-10-10 01:40:12","1596014","2026-10-10","10/10/2026 3:00:00 PM","NS","58","Non League Premier - Isthmian","England","Chatham Town","Brentwood Town","8737","7216"
"2026-10-10 01:40:12","1596015","2026-10-10","10/10/2026 3:00:00 PM","NS","58","Non League Premier - Isthmian","England","Cray Wanderers","Lewes","7711","7728"
"2026-10-10 01:40:12","1596016","2026-10-10","10/10/2026 3:00:00 PM","NS","58","Non League Premier - Isthmian","England","Dartford","Wingate & Finchley","4690","7759"
"2026-10-10 01:40:12","1596017","2026-10-10","10/10/2026 3:00:00 PM","NS","58","Non League Premier - Isthmian","England","Eastbourne Borough","Welling United","4704","8664"
"2026-10-10 01:40:12","1596018","2026-10-10","10/10/2026 3:00:00 PM","NS","58","Non League Premier - Isthmian","England","Enfield Town","Dulwich Hamlet","7714","8149"
"2026-10-10 01:40:12","1596019","2026-10-10","10/10/2026 3:00:00 PM","NS","58","Non League Premier - Isthmian","England","Leatherhead","Cheshunt","4696","7708"
"2026-10-10 01:40:12","1596020","2026-10-10","10/10/2026 3:00:00 PM","NS","58","Non League Premier - Isthmian","England","Maldon & Tiptree","Whyteleafe","7654","7262"
"2026-10-10 01:40:12","1596021","2026-10-10","10/10/2026 3:00:00 PM","NS","58","Non League Premier - Isthmian","England","Stanway Rovers","Three Bridges","8950","7676"
"2026-10-10 01:40:12","1596022","2026-10-10","10/10/2026 3:00:00 PM","NS","58","Non League Premier - Isthmian","England","Whitehawk","Ramsgate","4713","7665"
"2026-10-10 01:40:12","1596474","2026-10-10","10/10/2026 3:00:00 PM","NS","59","Non League Premier - Northern","England","Alfreton Town","Bury","4677","1344"
"2026-10-10 01:40:12","1596475","2026-10-10","10/10/2026 3:00:00 PM","NS","59","Non League Premier - Northern","England","Avro","Guiseley AFC","8690","1824"
"2026-10-10 01:40:12","1596476","2026-10-10","10/10/2026 3:00:00 PM","NS","59","Non League Premier - Northern","England","Cleethorpes Town","Rylands","7631","8918"
"2026-10-10 01:40:12","1596477","2026-10-10","10/10/2026 3:00:00 PM","NS","59","Non League Premier - Northern","England","Curzon Ashton","Hyde United","4703","4694"
"2026-10-10 01:40:12","1596478","2026-10-10","10/10/2026 3:00:00 PM","NS","59","Non League Premier - Northern","England","AFC Emley","Gainsborough Trinity","11936","4691"
"2026-10-10 01:40:12","1596479","2026-10-10","10/10/2026 3:00:00 PM","NS","59","Non League Premier - Northern","England","Ilkeston Town","Redcar Athletic","7236","16994"
"2026-10-10 01:40:12","1596480","2026-10-10","10/10/2026 3:00:00 PM","NS","59","Non League Premier - Northern","England","Leek Town","Ashton United","7239","7693"
"2026-10-10 01:40:12","1596481","2026-10-10","10/10/2026 3:00:00 PM","NS","59","Non League Premier - Northern","England","Quorn","Workington","8903","7265"
"2026-10-10 01:40:12","1596482","2026-10-10","10/10/2026 3:00:00 PM","NS","59","Non League Premier - Northern","England","Stockton Town","United of Manchester","8953","7754"
"2026-10-10 01:40:12","1596483","2026-10-10","10/10/2026 3:00:00 PM","NS","59","Non League Premier - Northern","England","Warrington Town","Lancaster City","7756","7726"
"2026-10-10 01:40:12","1596484","2026-10-10","10/10/2026 3:00:00 PM","NS","59","Non League Premier - Northern","England","Whitby Town","Bamber Bridge","7757","7695"
"2026-10-10 01:40:12","1596914","2026-10-10","10/10/2026 3:00:00 PM","NS","931","Non League Premier - Southern Central","England","Alvechurch","Bury Town","7692","7622"
"2026-10-10 01:40:12","1596915","2026-10-10","10/10/2026 3:00:00 PM","NS","931","Non League Premier - Southern Central","England","Banbury United","Stamford","7696","4709"
"2026-10-10 01:40:12","1596916","2026-10-10","10/10/2026 3:00:00 PM","NS","931","Non League Premier - Southern Central","England","Hitchin Town","Peterborough Sports","4682","7737"
"2026-10-10 01:40:12","1596917","2026-10-10","10/10/2026 3:00:00 PM","NS","931","Non League Premier - Southern Central","England","Kettering Town","Halesowen Town","8654","7644"
"2026-10-10 01:40:12","1596918","2026-10-10","10/10/2026 3:00:00 PM","NS","931","Non League Premier - Southern Central","England","Needham Market","Anstey Nomads","7735","8681"
"2026-10-10 01:40:12","1596919","2026-10-10","10/10/2026 3:00:00 PM","NS","931","Non League Premier - Southern Central","England","Racing Club Warwick","Leiston","8904","7727"
"2026-10-10 01:40:12","1596920","2026-10-10","10/10/2026 3:00:00 PM","NS","931","Non League Premier - Southern Central","England","Real Bedford","Bromsgrove Sporting","21712","7705"
"2026-10-10 01:40:12","1596921","2026-10-10","10/10/2026 3:00:00 PM","NS","931","Non League Premier - Southern Central","England","Redditch United","Bishop's Stortford","7741","7701"
"2026-10-10 01:40:12","1596922","2026-10-10","10/10/2026 3:00:00 PM","NS","931","Non League Premier - Southern Central","England","Rushall Olympic","Worcester City","7743","9010"
"2026-10-10 01:40:12","1596923","2026-10-10","10/10/2026 3:00:00 PM","NS","931","Non League Premier - Southern Central","England","Stourbridge","Leighton Town","4710","8846"
"2026-10-10 01:40:12","1596924","2026-10-10","10/10/2026 3:00:00 PM","NS","931","Non League Premier - Southern Central","England","Stratford Town","Leamington","7750","8656"
"2026-10-10 01:40:12","1597376","2026-10-10","10/10/2026 3:00:00 PM","NS","60","Non League Premier - Southern South","England","Basingstoke Town","Malvern Town","7615","8870"
"2026-10-10 01:40:12","1597377","2026-10-10","10/10/2026 3:00:00 PM","NS","60","Non League Premier - Southern South","England","Bath City","Gosport Borough","8657","7717"
"2026-10-10 01:40:12","1597378","2026-10-10","10/10/2026 3:00:00 PM","NS","60","Non League Premier - Southern South","England","Chertsey Town","Chippenham Town","7627","8147"
"2026-10-10 01:40:12","1597379","2026-10-10","10/10/2026 3:00:00 PM","NS","60","Non League Premier - Southern South","England","Chichester City","Plymouth Parkway","7628","8899"
"2026-10-10 01:40:12","1597380","2026-10-10","10/10/2026 3:00:00 PM","NS","60","Non League Premier - Southern South","England","Frome Town","Sholing","7226","7668"
"2026-10-10 01:40:12","1597381","2026-10-10","10/10/2026 3:00:00 PM","NS","60","Non League Premier - Southern South","England","Hanworth Villa","Gloucester City","8811","8653"
"2026-10-10 01:40:12","1597382","2026-10-10","10/10/2026 3:00:00 PM","NS","60","Non League Premier - Southern South","England","Poole Town","Bracknell Town","7738","7619"
"2026-10-10 01:40:12","1597383","2026-10-10","10/10/2026 3:00:00 PM","NS","60","Non League Premier - Southern South","England","Taunton Town","Hanwell Town","4711","7645"
"2026-10-10 01:40:12","1597384","2026-10-10","10/10/2026 3:00:00 PM","NS","60","Non League Premier - Southern South","England","Uxbridge","Evesham United","7257","7640"
"2026-10-10 01:40:12","1597385","2026-10-10","10/10/2026 3:00:00 PM","NS","60","Non League Premier - Southern South","England","Wimborne Town","Havant & Wville","7758","1843"
"2026-10-10 01:40:12","1597386","2026-10-10","10/10/2026 3:00:00 PM","NS","60","Non League Premier - Southern South","England","Yate Town","Berkhamsted","7762","7214"
"2026-10-10 01:40:12","1597785","2026-10-10","10/10/2026 3:00:00 PM","NS","865","Liga 3","Portugal","Vianense","Paredes","4809","4778"
"2026-10-10 01:40:12","1597787","2026-10-10","10/10/2026 3:00:00 PM","NS","865","Liga 3","Portugal","Vitória de Sernache","Louletano","4816","4758"
"2026-10-10 01:40:12","1598940","2026-10-10","10/10/2026 3:00:00 PM","NS","752","Oberliga - Rheinland-Pfalz / Saar","Germany","Eisbachtal","Hertha Wiesbach","16108","12785"
"2026-10-10 01:40:12","1605586","2026-10-10","10/10/2026 3:00:00 PM","NS","458","Campeonato de Portugal Prio - Group B","Portugal","Machico","Florgrade","4764","22091"
"2026-10-10 01:40:12","1605588","2026-10-10","10/10/2026 3:00:00 PM","NS","458","Campeonato de Portugal Prio - Group B","Portugal","Sanjoanense","Guarda","4792","24535"
"2026-10-10 01:40:12","1607983","2026-10-10","10/10/2026 3:00:00 PM","NS","1238","Regionalliga - South","Austria","Donau Klagenfurt","Völkermarkt","21723","4987"
"2026-10-10 01:40:12","1607984","2026-10-10","10/10/2026 3:00:00 PM","NS","1238","Regionalliga - South","Austria","Treibach","Wolfsberger AC II","4962","8253"
"2026-10-10 01:40:12","1608095","2026-10-10","10/10/2026 3:00:00 PM","NS","1239","Regionalliga - North","Austria","Grödig","LASK Juniors","4974","11225"
"2026-10-10 01:40:12","1609689","2026-10-10","10/10/2026 3:00:00 PM","NS","601","1. Liga Classic - Group 3","Switzerland","Dietikon","Mendrisio","12712","16354"
"2026-10-10 01:40:12","1609690","2026-10-10","10/10/2026 3:00:00 PM","NS","601","1. Liga Classic - Group 3","Switzerland","Gossau","Baden","12714","12699"
"2026-10-10 01:40:12","1609692","2026-10-10","10/10/2026 3:00:00 PM","NS","601","1. Liga Classic - Group 3","Switzerland","Tuggen","Collina d'Oro","12720","18162"
"2026-10-10 01:40:12","1610119","2026-10-10","10/10/2026 3:00:00 PM","NS","600","1. Liga Classic - Group 2","Switzerland","Courtételle","Muri-Gümligen","17480","19608"
"2026-10-10 01:40:12","1610120","2026-10-10","10/10/2026 3:00:00 PM","NS","600","1. Liga Classic - Group 2","Switzerland","Schötz","Bassecourt","12708","6614"
"2026-10-10 01:40:12","1614897","2026-10-10","10/10/2026 3:00:00 PM","NS","446","Tercera División RFEF - Group 8","Spain","Unionistas II","Bembibre","26546","9725"
"2026-10-10 01:40:12","1615808","2026-10-10","10/10/2026 3:00:00 PM","NS","449","Tercera División RFEF - Group 11","Spain","Alcúdia","Mercadal","9773","17599"
"2026-10-10 01:40:12","1617646","2026-10-10","10/10/2026 3:00:00 PM","NS","455","Tercera División RFEF - Group 17","Spain","Brea","La Almunia","9883","20287"
"2026-10-10 01:40:12","1617651","2026-10-10","10/10/2026 3:00:00 PM","NS","455","Tercera División RFEF - Group 17","Spain","Huesca II","Almudévar","15327","9877"
"2026-10-10 01:40:12","1617952","2026-10-10","10/10/2026 3:00:00 PM","NS","456","Tercera División RFEF - Group 18","Spain","Guadalajara II","Quintanar del Rey","26555","9906"
"2026-10-10 01:40:12","1618395","2026-10-10","10/10/2026 3:00:00 PM","NS","92","Derde Divisie","Netherlands","Hollandia","Staphorst","14234","1239"
"2026-10-10 01:40:12","1627284","2026-10-10","10/10/2026 3:00:00 PM","NS","397","Girabola","Angola","CD Lunda-Sul","Sporting de Cabinda","17987","4926"
"2026-10-10 01:40:12","1627287","2026-10-10","10/10/2026 3:00:00 PM","NS","397","Girabola","Angola","Interclube","Sagrada Esperança","4920","4925"
"2026-10-10 01:40:12","1628975","2026-10-10","10/10/2026 3:00:00 PM","NS","666","Friendlies Women","World","Liechtenstein W","Gibraltar W","16936","16929"
"2026-10-10 01:40:12","1630244","2026-10-10","10/10/2026 3:00:00 PM","NS","394","Super Liga","Moldova","Dacia-Buiucani","Sheriff Tiraspol","5375","568"
"2026-10-10 01:40:12","1634076","2026-10-10","10/10/2026 3:00:00 PM","NS","412","Premier League","Botswana","BDF XI","Orapa United","5416","5425"
"2026-10-10 01:40:12","1634079","2026-10-10","10/10/2026 3:00:00 PM","NS","412","Premier League","Botswana","Prisons XI","Enesia","5427","28287"
"2026-10-10 01:40:12","1634080","2026-10-10","10/10/2026 3:00:00 PM","NS","412","Premier League","Botswana","TAFIC","Matebele","5597","22563"
"2026-10-10 01:40:12","1638087","2026-10-10","10/10/2026 3:00:00 PM","NS","244","Veikkausliiga","Finland","Turku PS","FF Jaro","1168","2075"
"2026-10-10 01:40:12","1638177","2026-10-10","10/10/2026 3:00:00 PM","NS","245","Ykkönen","Finland","TPV","KPV-j","2244","10199"
"2026-10-10 01:40:12","1638617","2026-10-10","10/10/2026 3:00:00 PM","NS","359","FAI Cup","Ireland","Galway United","Derry City","3851","670"
"2026-10-10 01:40:12","1638643","2026-10-10","10/10/2026 3:00:00 PM","NS","164","Úrvalsdeild","Iceland","Stjarnan","KA Akureyri","275","272"
"2026-10-10 01:40:12","1638644","2026-10-10","10/10/2026 3:00:00 PM","NS","164","Úrvalsdeild","Iceland","Thor Akureyri","IBV Vestmannaeyjar","2116","268"
"2026-10-10 01:40:12","1638645","2026-10-10","10/10/2026 3:00:00 PM","NS","164","Úrvalsdeild","Iceland","Valur Reykjavik","FH hafnarfjordur","274","270"
"2026-10-10 01:40:12","1642168","2026-10-10","10/10/2026 3:00:00 PM","NS","323","Indian Super League","India","Goa","Chennaiyin","3475","3473"
"2026-10-10 01:40:12","1643169","2026-10-10","10/10/2026 3:00:00 PM","NS","268","Primera División","Uruguay","Defensor Sporting","Cerro","2350","2362"
"2026-10-10 01:40:12","1643359","2026-10-10","10/10/2026 3:00:00 PM","NS","387","League","Jordan","Al Ramtha","Doqarah","4534","22188"
"2026-10-10 01:40:12","1643938","2026-10-10","10/10/2026 3:00:00 PM","NS","187","Ligue 2","Algeria","Azazga","MO Bejaia","10810","920"
"2026-10-10 01:40:12","1645132","2026-10-10","10/10/2026 3:00:00 PM","NS","863","Cup","Jordan","Sahl Horan SC","Al Sareeh","26878","4536"
"2026-10-10 01:40:12","1565267","2026-10-10","10/10/2026 3:15:00 PM","NS","283","Liga I","Romania","FC Botosani","Uta Arad","2581","2589"
"2026-10-10 01:40:12","1569964","2026-10-10","10/10/2026 3:15:00 PM","NS","141","Segunda División","Spain","AD Ceuta FC","Sabadell","10139","9593"
"2026-10-10 01:40:12","1570403","2026-10-10","10/10/2026 3:15:00 PM","NS","140","La Liga","Spain","Alaves","Atletico Madrid","542","530"
"2026-10-10 01:40:12","1645163","2026-10-10","10/10/2026 3:15:00 PM","NS","847","Premier League","Eswatini","Moneni Pirates","Ubombo Sugar","16821","26849"
"2026-10-10 01:40:12","1551121","2026-10-10","10/10/2026 3:30:00 PM","NS","172","First League","Bulgaria","Lokomotiv Sofia","Lokomotiv Plovdiv","1416","858"
"2026-10-10 01:40:12","1552182","2026-10-10","10/10/2026 3:30:00 PM","NS","88","Eredivisie","Netherlands","GO Ahead Eagles","Sparta Rotterdam","410","426"
"2026-10-10 01:40:12","1561408","2026-10-10","10/10/2026 3:30:00 PM","NS","235","Premier League","Russia","Krylia Sovetov","Spartak Moscow","1079","558"
"2026-10-10 01:40:12","1570780","2026-10-10","10/10/2026 3:30:00 PM","NS","435","Primera División RFEF - Group 1","Spain","Deportivo La Coruña II","Racing Ferrol","9610","9409"
"2026-10-10 01:40:12","1571156","2026-10-10","10/10/2026 3:30:00 PM","NS","436","Primera División RFEF - Group 2","Spain","Águilas","Huesca","9823","726"
"2026-10-10 01:40:12","1571164","2026-10-10","10/10/2026 3:30:00 PM","NS","436","Primera División RFEF - Group 2","Spain","Juventud Torremolinos","Gimnastic","15359","714"
"2026-10-10 01:40:12","1572077","2026-10-10","10/10/2026 3:30:00 PM","NS","875","Segunda División RFEF - Group 1","Spain","Atlético Astorga","Ourense CF","9723","9612"
"2026-10-10 01:40:12","1575513","2026-10-10","10/10/2026 3:30:00 PM","NS","94","Primeira Liga","Portugal","Casa Pia","Santa Clara","4716","227"
"2026-10-10 01:40:12","1576497","2026-10-10","10/10/2026 3:30:00 PM","NS","95","Segunda Liga","Portugal","Leixoes","FC Porto B","244","243"
"2026-10-10 01:40:12","1584015","2026-10-10","10/10/2026 3:30:00 PM","NS","80","3. Liga","Germany","MSV Duisburg","Hoffenheim II","187","9364"
"2026-10-10 01:40:12","1590362","2026-10-10","10/10/2026 3:30:00 PM","NS","968","Championnat D1","Gabon","Mounana","Mangasport","8090","8089"
"2026-10-10 01:40:12","1590363","2026-10-10","10/10/2026 3:30:00 PM","NS","968","Championnat D1","Gabon","Lozo","Pélican","21191","8069"
"2026-10-10 01:40:12","1590364","2026-10-10","10/10/2026 3:30:00 PM","NS","968","Championnat D1","Gabon","Ogooue FC","Oyem AC","27625","27734"
"2026-10-10 01:40:12","1590365","2026-10-10","10/10/2026 3:30:00 PM","NS","968","Championnat D1","Gabon","Stade Mandji","Cercle Mbéri","19865","6415"
"2026-10-10 01:40:12","1590366","2026-10-10","10/10/2026 3:30:00 PM","NS","968","Championnat D1","Gabon","Stade Migoveen","FC 105","27575","21190"
"2026-10-10 01:40:12","1590367","2026-10-10","10/10/2026 3:30:00 PM","NS","968","Championnat D1","Gabon","US Oyem","Bitam","21193","21187"
"2026-10-10 01:40:12","1610121","2026-10-10","10/10/2026 3:30:00 PM","NS","600","1. Liga Classic - Group 2","Switzerland","FC Wohlen","Langenthal","2183","12705"
"2026-10-10 01:40:12","1613057","2026-10-10","10/10/2026 3:30:00 PM","NS","440","Tercera División RFEF - Group 2","Spain","Colunga","Praviano","9621","9631"
"2026-10-10 01:40:12","1613666","2026-10-10","10/10/2026 3:30:00 PM","NS","442","Tercera División RFEF - Group 4","Spain","Beasain","Lagun Onak","9657","9660"
"2026-10-10 01:40:12","1614590","2026-10-10","10/10/2026 3:30:00 PM","NS","445","Tercera División RFEF - Group 7","Spain","Real Aranjuez","Colonia Moscardó","15352","17589"
"2026-10-10 01:40:12","1614893","2026-10-10","10/10/2026 3:30:00 PM","NS","446","Tercera División RFEF - Group 8","Spain","Mirandés II","Guijuelo","9733","9388"
"2026-10-10 01:40:12","1614894","2026-10-10","10/10/2026 3:30:00 PM","NS","446","Tercera División RFEF - Group 8","Spain","La Virgen del Camino","Atlético Mansillés","9732","17502"
"2026-10-10 01:40:12","1616119","2026-10-10","10/10/2026 3:30:00 PM","NS","450","Tercera División RFEF - Group 12","Spain","Tenerife C","Villaverde Norte","26851","28114"
"2026-10-10 01:40:12","1617032","2026-10-10","10/10/2026 3:30:00 PM","NS","453","Tercera División RFEF - Group 15","Spain","Aoiz","Avance Ezcabarte","26553","17609"
"2026-10-10 01:40:12","1617036","2026-10-10","10/10/2026 3:30:00 PM","NS","453","Tercera División RFEF - Group 15","Spain","Mutilvera","San Juan","5270","9855"
"2026-10-10 01:40:12","1617039","2026-10-10","10/10/2026 3:30:00 PM","NS","453","Tercera División RFEF - Group 15","Spain","Izarra","Pamplona","9583","9854"
"2026-10-10 01:40:12","1617644","2026-10-10","10/10/2026 3:30:00 PM","NS","455","Tercera División RFEF - Group 17","Spain","Belchite 97","Andorra CF","9880","17498"
"2026-10-10 01:40:12","1617647","2026-10-10","10/10/2026 3:30:00 PM","NS","455","Tercera División RFEF - Group 17","Spain","Illueca","CD Sietamo","9391","28122"
"2026-10-10 01:40:12","1619744","2026-10-10","10/10/2026 3:30:00 PM","NS","758","Premier Division","Gibraltar","Lincoln Red Imps FC","Europa","667","10125"
"2026-10-10 01:40:12","1629699","2026-10-10","10/10/2026 3:30:00 PM","NS","392","Challenge League","Malta","Mgarr United","Vittoriosa Stars","17710","4613"
"2026-10-10 01:40:12","1572382","2026-10-10","10/10/2026 3:45:00 PM","NS","876","Segunda División RFEF - Group 2","Spain","Ebro","Calamocha","5261","9885"
"2026-10-10 01:40:12","1597934","2026-10-10","10/10/2026 3:45:00 PM","NS","305","Stars League","Qatar","Al Shahaniya","Lusail City","2893","7527"
"2026-10-10 01:40:12","1622649","2026-10-10","10/10/2026 3:50:00 PM","NS","330","Premier League","Kuwait","Al Tadhamon","Al Qadsia","3539","3537"
"2026-10-10 01:40:12","1603036","2026-10-10","10/10/2026 3:55:00 PM","NS","307","Pro League","Saudi-Arabia","Al-Ettifaq","Al Khaleej Saihat","2934","2928"
"2026-10-10 01:40:12","1497715","2026-10-10","10/10/2026 4:00:00 PM","NS","114","Superettan","Sweden","Norrby IF","Osters IF","2173","2174"
"2026-10-10 01:40:12","1497717","2026-10-10","10/10/2026 4:00:00 PM","NS","114","Superettan","Sweden","Oddevold","United Nordic","11674","16601"
"2026-10-10 01:40:12","1506679","2026-10-10","10/10/2026 4:00:00 PM","NS","366","1. Deild","Faroe-Islands","Hoyvík","Víkingur II","10076","4183"
"2026-10-10 01:40:12","1511239","2026-10-10","10/10/2026 4:00:00 PM","NS","595","Division 2 - Södra Svealand","Sweden","Syrianska FC","Farsta","2167","20835"
"2026-10-10 01:40:12","1511420","2026-10-10","10/10/2026 4:00:00 PM","NS","596","Division 2 - Västra Götaland","Sweden","Kongahälla","Qviding FIF","22935","6693"
"2026-10-10 01:40:12","1534466","2026-10-10","10/10/2026 4:00:00 PM","NS","117","1. Division","Belarus","Dinamo Minsk II","BATE II","11266","23272"
"2026-10-10 01:40:12","1536725","2026-10-10","10/10/2026 4:00:00 PM","NS","650","Second League - Group 3","Russia","FK Spartak Tambov","Ryazan","19451","6823"
"2026-10-10 01:40:12","1553878","2026-10-10","10/10/2026 4:00:00 PM","NS","286","Super Liga","Serbia","Cukaricki","Macva","2656","2637"
"2026-10-10 01:40:12","1560249","2026-10-10","10/10/2026 4:00:00 PM","NS","271","NB I","Hungary","Ferencvarosi TC","Debreceni VSC","651","2392"
"2026-10-10 01:40:12","1561938","2026-10-10","10/10/2026 4:00:00 PM","NS","218","Bundesliga","Austria","Grazer AK","Red Bull Salzburg","4256","571"
"2026-10-10 01:40:12","1561941","2026-10-10","10/10/2026 4:00:00 PM","NS","218","Bundesliga","Austria","WSG Wattens","Ried","1398","1028"
"2026-10-10 01:40:12","1566115","2026-10-10","10/10/2026 4:00:00 PM","NS","644","3. liga - West","Slovakia","Nitra","Rača","3547","14046"
"2026-10-10 01:40:12","1568516","2026-10-10","10/10/2026 4:00:00 PM","NS","782","III Liga - Group 3","Poland","Karkonosze Jelenia Góra","Sparta Katowice","17402","22910"
"2026-10-10 01:40:12","1568519","2026-10-10","10/10/2026 4:00:00 PM","NS","782","III Liga - Group 3","Poland","ROW Rybnik","Ślęza Wrocław","6949","12901"
"2026-10-10 01:40:12","1568522","2026-10-10","10/10/2026 4:00:00 PM","NS","782","III Liga - Group 3","Poland","Zaglebie Sosnowiec","Kluczbork","342","12806"
"2026-10-10 01:40:12","1568822","2026-10-10","10/10/2026 4:00:00 PM","NS","781","III Liga - Group 2","Poland","Chemik Bydgoszcz","Gedania Gdansk","6934","18385"
"2026-10-10 01:40:12","1571583","2026-10-10","10/10/2026 4:00:00 PM","NS","173","Second League","Bulgaria","Dobrudzha","Chernomorets 1919 Burgas","1427","8530"
"2026-10-10 01:40:12","1571856","2026-10-10","10/10/2026 4:00:00 PM","NS","272","NB II","Hungary","Gyirmot SE","Nagykanizsai ULE","2398","5123"
"2026-10-10 01:40:12","1571858","2026-10-10","10/10/2026 4:00:00 PM","NS","272","NB II","Hungary","Kozarmisleny FC","Diosgyori VTK","2420","2393"
"2026-10-10 01:40:12","1571859","2026-10-10","10/10/2026 4:00:00 PM","NS","272","NB II","Hungary","Mezokovesd-zsory","Szeged 2011","2389","2418"
"2026-10-10 01:40:12","1571860","2026-10-10","10/10/2026 4:00:00 PM","NS","272","NB II","Hungary","Tiszakecske FC","Ajka","2415","4714"
"2026-10-10 01:40:12","1571861","2026-10-10","10/10/2026 4:00:00 PM","NS","272","NB II","Hungary","Fehérvár FC","Szentlőrinc SE","610","5139"
"2026-10-10 01:40:12","1572690","2026-10-10","10/10/2026 4:00:00 PM","NS","877","Segunda División RFEF - Group 3","Spain","Elche II","Valencia II","9691","9594"
"2026-10-10 01:40:12","1573877","2026-10-10","10/10/2026 4:00:00 PM","NS","223","Regionalliga - West","Austria","Schwaz","Swarovski Tirol II","4957","8344"
"2026-10-10 01:40:12","1574125","2026-10-10","10/10/2026 4:00:00 PM","NS","221","Regionalliga - Ost","Austria","SV Horn","Favoritner AC","1397","8367"
"2026-10-10 01:40:12","1574375","2026-10-10","10/10/2026 4:00:00 PM","NS","510","1. Liga Promotion","Switzerland","Bulle","Paradiso","6618","12717"
"2026-10-10 01:40:12","1574379","2026-10-10","10/10/2026 4:00:00 PM","NS","510","1. Liga Promotion","Switzerland","Young Boys II","Cham","12698","6621"
"2026-10-10 01:40:12","1574380","2026-10-10","10/10/2026 4:00:00 PM","NS","510","1. Liga Promotion","Switzerland","Zürich II","Breitenrain","10591","10586"
"2026-10-10 01:40:12","1581533","2026-10-10","10/10/2026 4:00:00 PM","NS","342","Premier League","Armenia","Ararat-Armenia","Alashkert","3683","582"
"2026-10-10 01:40:12","1592870","2026-10-10","10/10/2026 4:00:00 PM","NS","1200","Liga MX U21","Mexico","Queretaro U21","Atlante U21","26840","28004"
"2026-10-10 01:40:12","1592872","2026-10-10","10/10/2026 4:00:00 PM","NS","1200","Liga MX U21","Mexico","Atlas U21","Guadalajara Chivas U21","26828","26833"
"2026-10-10 01:40:12","1592873","2026-10-10","10/10/2026 4:00:00 PM","NS","1200","Liga MX U21","Mexico","Club America U21","Monterrey U21","26829","26836"
"2026-10-10 01:40:12","1592874","2026-10-10","10/10/2026 4:00:00 PM","NS","1200","Liga MX U21","Mexico","Juarez U21","Club Tijuana U21","26834","26831"
"2026-10-10 01:40:12","1601051","2026-10-10","10/10/2026 4:00:00 PM","NS","594","Division 2 - Norrland","Sweden","Friska Viljor","IFK Umeå","12586","12587"
"2026-10-10 01:40:12","1601052","2026-10-10","10/10/2026 4:00:00 PM","NS","594","Division 2 - Norrland","Sweden","Storfors","Umeå FC Akademi","16604","12593"
"2026-10-10 01:40:12","1601053","2026-10-10","10/10/2026 4:00:00 PM","NS","594","Division 2 - Norrland","Sweden","Umea FF","Fransta","11662","27459"
"2026-10-10 01:40:12","1602154","2026-10-10","10/10/2026 4:00:00 PM","NS","570","Premier League","Ghana","Swedru All Blacks","Asante Kotoko","21093","6411"
"2026-10-10 01:40:12","1603576","2026-10-10","10/10/2026 4:00:00 PM","NS","318","1. Division","Cyprus","Krasava Ypsonas","Apollon Limassol","3424","602"
"2026-10-10 01:40:12","1604876","2026-10-10","10/10/2026 4:00:00 PM","NS","599","1. Liga Classic - Group 1","Switzerland","Lancy","La Chaux-de-Fonds","6628","10592"
"2026-10-10 01:40:12","1604878","2026-10-10","10/10/2026 4:00:00 PM","NS","599","1. Liga Classic - Group 1","Switzerland","Sion II","Monthey","10590","6631"
"2026-10-10 01:40:12","1609691","2026-10-10","10/10/2026 4:00:00 PM","NS","601","1. Liga Classic - Group 3","Switzerland","Taverne","Thalwil","6648","12719"
"2026-10-10 01:40:12","1609694","2026-10-10","10/10/2026 4:00:00 PM","NS","601","1. Liga Classic - Group 3","Switzerland","St. Gallen II","Freienbach","12718","6625"
"2026-10-10 01:40:12","1610122","2026-10-10","10/10/2026 4:00:00 PM","NS","600","1. Liga Classic - Group 2","Switzerland","Concordia Basel","Grasshopper II","6622","12704"
"2026-10-10 01:40:12","1610123","2026-10-10","10/10/2026 4:00:00 PM","NS","600","1. Liga Classic - Group 2","Switzerland","Thun II","Muttenz","16348","12707"
"2026-10-10 01:40:12","1611427","2026-10-10","10/10/2026 4:00:00 PM","PST","186","Ligue 1","Algeria","ASO Chlef","MB Rouisset","931","10777"
"2026-10-10 01:40:12","1611428","2026-10-10","10/10/2026 4:00:00 PM","PST","186","Ligue 1","Algeria","US Biskra","MC Alger","909","906"
"2026-10-10 01:40:12","1611429","2026-10-10","10/10/2026 4:00:00 PM","PST","186","Ligue 1","Algeria","JS El Biar","MC Oran","20699","907"
"2026-10-10 01:40:12","1611430","2026-10-10","10/10/2026 4:00:00 PM","PST","186","Ligue 1","Algeria","ES Setif","Témouchent","905","10715"
"2026-10-10 01:40:12","1611431","2026-10-10","10/10/2026 4:00:00 PM","PST","186","Ligue 1","Algeria","Khenchela","JS Kabylie","10752","918"
"2026-10-10 01:40:12","1611432","2026-10-10","10/10/2026 4:00:00 PM","PST","186","Ligue 1","Algeria","Olympique Akbou","CS Constantine","10780","911"
"2026-10-10 01:40:12","1611433","2026-10-10","10/10/2026 4:00:00 PM","PST","186","Ligue 1","Algeria","JS Saoura","Ben Aknoun","914","10792"
"2026-10-10 01:40:12","1611434","2026-10-10","10/10/2026 4:00:00 PM","PST","186","Ligue 1","Algeria","USM Alger","CR Belouizdad","910","904"
"2026-10-10 01:40:12","1612750","2026-10-10","10/10/2026 4:00:00 PM","NS","439","Tercera División RFEF - Group 1","Spain","Atlético Arteixo","Somozas","19650","9616"
"2026-10-10 01:40:12","1613364","2026-10-10","10/10/2026 4:00:00 PM","NS","441","Tercera División RFEF - Group 3","Spain","Guarnizo","Bezana","9642","9639"
"2026-10-10 01:40:12","1613365","2026-10-10","10/10/2026 4:00:00 PM","NS","441","Tercera División RFEF - Group 3","Spain","Naval Reinosa","Solares","28098","9647"
"2026-10-10 01:40:12","1613668","2026-10-10","10/10/2026 4:00:00 PM","NS","442","Tercera División RFEF - Group 4","Spain","Erandio","Deportivo Alavés III","28099","22134"
"2026-10-10 01:40:12","1613672","2026-10-10","10/10/2026 4:00:00 PM","NS","442","Tercera División RFEF - Group 4","Spain","Santurtzi","R. Union B","9664","28100"
"2026-10-10 01:40:12","1614278","2026-10-10","10/10/2026 4:00:00 PM","NS","444","Tercera División RFEF - Group 6","Spain","Atzeneta","Acero","9688","9685"
"2026-10-10 01:40:12","1614281","2026-10-10","10/10/2026 4:00:00 PM","NS","444","Tercera División RFEF - Group 6","Spain","Jove Español","Roda","9694","9684"
"2026-10-10 01:40:12","1614898","2026-10-10","10/10/2026 4:00:00 PM","NS","446","Tercera División RFEF - Group 8","Spain","Villaralbo","Turégano","22144","20449"
"2026-10-10 01:40:12","1615809","2026-10-10","10/10/2026 4:00:00 PM","NS","449","Tercera División RFEF - Group 11","Spain","Andratx","Binissalem","8151","9774"
"2026-10-10 01:40:12","1615810","2026-10-10","10/10/2026 4:00:00 PM","NS","449","Tercera División RFEF - Group 11","Spain","Arenal","PE Sant Jordi","22147","15313"
"2026-10-10 01:40:12","1615813","2026-10-10","10/10/2026 4:00:00 PM","NS","449","Tercera División RFEF - Group 11","Spain","Inter Ibiza","Ibiza Islas Pitiusas","17598","9781"
"2026-10-10 01:40:12","1616420","2026-10-10","10/10/2026 4:00:00 PM","NS","451","Tercera División RFEF - Group 13","Spain","Atlético Pulpileño","Bala Azul","9808","17607"
"2026-10-10 01:40:12","1616424","2026-10-10","10/10/2026 4:00:00 PM","NS","451","Tercera División RFEF - Group 13","Spain","Unión Molinense","Alcantarilla","20278","20276"
"2026-10-10 01:40:12","1616425","2026-10-10","10/10/2026 4:00:00 PM","NS","451","Tercera División RFEF - Group 13","Spain","Santa Cruz","Cotillas CD","26850","28418"
"2026-10-10 01:40:12","1617343","2026-10-10","10/10/2026 4:00:00 PM","NS","454","Tercera División RFEF - Group 16","Spain","Comillas","Oyonesa","8154","9869"
"2026-10-10 01:40:12","1617950","2026-10-10","10/10/2026 4:00:00 PM","NS","456","Tercera División RFEF - Group 18","Spain","Almansa","Marchamalo","9896","15332"
"2026-10-10 01:40:12","1617955","2026-10-10","10/10/2026 4:00:00 PM","NS","456","Tercera División RFEF - Group 18","Spain","Tarancón","Socuéllamos","9907","9414"
"2026-10-10 01:40:12","1620680","2026-10-10","10/10/2026 4:00:00 PM","NS","415","Championnat National","Benin","AS Cotonou","Ayema","16418","5456"
"2026-10-10 01:40:12","1620681","2026-10-10","10/10/2026 4:00:00 PM","NS","415","Championnat National","Benin","ASVO","ASPAC","5454","5453"
"2026-10-10 01:40:12","1620682","2026-10-10","10/10/2026 4:00:00 PM","NS","415","Championnat National","Benin","Bani Gansè","Loto Popo","20668","18114"
"2026-10-10 01:40:12","1620683","2026-10-10","10/10/2026 4:00:00 PM","NS","415","Championnat National","Benin","Cavaliers","Kraké","16420","25025"
"2026-10-10 01:40:12","1620684","2026-10-10","10/10/2026 4:00:00 PM","NS","415","Championnat National","Benin","Dragons","Panthères","5459","5465"
"2026-10-10 01:40:12","1627996","2026-10-10","10/10/2026 4:00:00 PM","NS","542","Iraqi League","Iraq","Al Minaa Basra","Ghaz Al Shamal","11065","28223"
"2026-10-10 01:40:12","1628541","2026-10-10","10/10/2026 4:00:00 PM","NS","399","NPFL","Nigeria","Ikorodu City","Kwara United","24512","5185"
"2026-10-10 01:40:12","1628548","2026-10-10","10/10/2026 4:00:00 PM","NS","399","NPFL","Nigeria","Ranchers Bees","Niger Tornadoes","28169","5189"
"2026-10-10 01:40:12","1630859","2026-10-10","10/10/2026 4:00:00 PM","NS","1196","Division One League","Ghana","Hakla SC","Great Olympics","26799","12248"
"2026-10-10 01:40:12","1630862","2026-10-10","10/10/2026 4:00:00 PM","NS","1196","Division One League","Ghana","Nations","Elmina Sharks","21082","12247"
"2026-10-10 01:40:12","1630863","2026-10-10","10/10/2026 4:00:00 PM","NS","1196","Division One League","Ghana","New Edubiase","Ebiemo FC","13879","28283"
"2026-10-10 01:40:12","1630865","2026-10-10","10/10/2026 4:00:00 PM","NS","1196","Division One League","Ghana","Real Tamale","Northern City","13885","22775"
"2026-10-10 01:40:12","1630866","2026-10-10","10/10/2026 4:00:00 PM","NS","1196","Division One League","Ghana","Rospak","Pro-Sports Academy","22776","28280"
"2026-10-10 01:40:12","1630867","2026-10-10","10/10/2026 4:00:00 PM","NS","1196","Division One League","Ghana","Sankara Nationals","Tamale City","26806","20023"
"2026-10-10 01:40:12","1630873","2026-10-10","10/10/2026 4:00:00 PM","NS","1196","Division One League","Ghana","VC Warriors","Yapei","26808","26809"
"2026-10-10 01:40:12","1638735","2026-10-10","10/10/2026 4:00:00 PM","NS","666","Friendlies Women","World","Indonesia W","Armenia W","17887","14457"
"2026-10-10 01:40:12","1638830","2026-10-10","10/10/2026 4:00:00 PM","NS","14","UEFA Youth League","World","Dinamo Tbilisi U19","Dinamo Minsk U19","24976","16388"
"2026-10-10 01:40:12","1641172","2026-10-10","10/10/2026 4:00:00 PM","NS","201","Botola 2","Morocco","Chabab Ben Guerir","Stade Marocain","3450","15549"
"2026-10-10 01:40:12","1641176","2026-10-10","10/10/2026 4:00:00 PM","NS","201","Botola 2","Morocco","Union Sportive Boujaad","KAC Kenitra","26496","979"
"2026-10-10 01:40:12","1641177","2026-10-10","10/10/2026 4:00:00 PM","NS","201","Botola 2","Morocco","USM Oujda","Olympique Safi","17716","975"
"2026-10-10 01:40:12","1645238","2026-10-10","10/10/2026 4:00:00 PM","NS","425","Premier League","Syria","Tishreen","Al Karama","9117","9111"
"2026-10-10 01:40:12","1645311","2026-10-10","10/10/2026 4:00:00 PM","WO","1047","Olympics Women - Qualification CAF","World","Cameroon W","Guinea W","1738","22717"
"2026-10-10 01:40:12","1552776","2026-10-10","10/10/2026 4:15:00 PM","NS","61","Ligue 1","France","Lille","Le Havre","79","111"
"2026-10-10 01:40:12","1601549","2026-10-10","10/10/2026 4:15:00 PM","NS","136","Serie B","Italy","Vicenza Virtus","Pisa","1584","801"
"2026-10-10 01:40:12","1494296","2026-10-10","10/10/2026 4:30:00 PM","NS","113","Allsvenskan","Sweden","Mjallby AIF","Degerfors IF","2240","2172"
"2026-10-10 01:40:12","1511703","2026-10-10","10/10/2026 4:30:00 PM","NS","266","Primera B","Chile","Recoleta","Magallanes","5644","2336"
"2026-10-10 01:40:12","1553189","2026-10-10","10/10/2026 4:30:00 PM","NS","106","Ekstraklasa","Poland","Slask Wroclaw","Lech Poznan","337","347"
"2026-10-10 01:40:12","1558019","2026-10-10","10/10/2026 4:30:00 PM","NS","373","1. SNL","Slovenia","Celje","Aluminij","4360","4358"
"2026-10-10 01:40:12","1559796","2026-10-10","10/10/2026 4:30:00 PM","NS","346","FNL","Czech-Republic","Hanácká","Příbram","7291","3718"
"2026-10-10 01:40:12","1592544","2026-10-10","10/10/2026 4:30:00 PM","NS","751","Oberliga - Niederrhein","Germany","SW Essen","Germania Ratingen","14523","14689"
"2026-10-10 01:40:12","1601907","2026-10-10","10/10/2026 4:30:00 PM","NS","419","Premyer Liqa","Azerbaijan","Sumqayıt","Qabala","5503","627"
"2026-10-10 01:40:12","1604879","2026-10-10","10/10/2026 4:30:00 PM","NS","599","1. Liga Classic - Group 1","Switzerland","Vevey Sports","Stade Payerne","12697","16339"
"2026-10-10 01:40:12","1608311","2026-10-10","10/10/2026 4:30:00 PM","NS","138","Serie C - Girone A","Italy","Arzignano Valchiampo","Juventus U23","6378","1715"
"2026-10-10 01:40:12","1608313","2026-10-10","10/10/2026 4:30:00 PM","NS","138","Serie C - Girone A","Italy","Desenzano Calvina","Dolomiti Bellunesi","17816","17820"
"2026-10-10 01:40:12","1608315","2026-10-10","10/10/2026 4:30:00 PM","NS","138","Serie C - Girone A","Italy","Lumezzane","Albinoleffe","1689","879"
"2026-10-10 01:40:12","1608316","2026-10-10","10/10/2026 4:30:00 PM","NS","138","Serie C - Girone A","Italy","Novara","Cittadella","513","510"
"2026-10-10 01:40:12","1608692","2026-10-10","10/10/2026 4:30:00 PM","NS","942","Serie C - Girone B","Italy","Ostia Mare","Pianese","9530","6381"
"2026-10-10 01:40:12","1608695","2026-10-10","10/10/2026 4:30:00 PM","NS","942","Serie C - Girone B","Italy","Pineto","Reggiana","9514","880"
"2026-10-10 01:40:12","1609695","2026-10-10","10/10/2026 4:30:00 PM","NS","601","1. Liga Classic - Group 3","Switzerland","Locarno","Kosova","21866","12716"
"2026-10-10 01:40:12","1613363","2026-10-10","10/10/2026 4:30:00 PM","NS","441","Tercera División RFEF - Group 3","Spain","Escobedo","Revilla","9386","15337"
"2026-10-10 01:40:12","1613670","2026-10-10","10/10/2026 4:30:00 PM","NS","442","Tercera División RFEF - Group 4","Spain","Real Sociedad III","Amurrio Club","9662","17315"
"2026-10-10 01:40:12","1614279","2026-10-10","10/10/2026 4:30:00 PM","NS","444","Tercera División RFEF - Group 6","Spain","Crevillente","Ontinyent 1931","9690","22139"
"2026-10-10 01:40:12","1629700","2026-10-10","10/10/2026 4:30:00 PM","NS","392","Challenge League","Malta","Sirens","Naxxar Lions","4619","4605"
"2026-10-10 01:40:12","1642111","2026-10-10","10/10/2026 4:30:00 PM","NS","406","Professional League","Oman","Dhofar","Smail","5330","15962"
"2026-10-10 01:40:12","1644712","2026-10-10","10/10/2026 4:30:00 PM","NS","423","Ligue 1","Burkina-Faso","FocuSport","Rahimo","28437","6430"
"2026-10-10 01:40:12","1644713","2026-10-10","10/10/2026 4:30:00 PM","NS","423","Ligue 1","Burkina-Faso","Sporting Cascades","SONABEL","22017","8111"
"2026-10-10 01:40:12","1645363","2026-10-10","10/10/2026 4:30:00 PM","NS","386","Ligue 1","Ivory-Coast","Bouaké","San-Pédro","4516","4521"
"2026-10-10 01:40:12","1645364","2026-10-10","10/10/2026 4:30:00 PM","NS","386","Ligue 1","Ivory-Coast","Stade d'Abidjan","ES Agboville","4525","26340"
"2026-10-10 01:40:12","1494778","2026-10-10","10/10/2026 5:00:00 PM","NS","103","Eliteserien","Norway","Rosenborg","Sandefjord","331","332"
"2026-10-10 01:40:12","1507232","2026-10-10","10/10/2026 5:00:00 PM","NS","326","Erovnuli Liga 2","Georgia","Shturmi","Kolkheti Poti","16516","3507"
"2026-10-10 01:40:12","1509197","2026-10-10","10/10/2026 5:00:00 PM","NS","327","Erovnuli Liga","Georgia","Spaeri","Torpedo Kutaisi","14864","685"
"2026-10-10 01:40:12","1525997","2026-10-10","10/10/2026 5:00:00 PM","NS","116","Premier League","Belarus","Neman","Baranovichi","387","3383"
"2026-10-10 01:40:12","1548540","2026-10-10","10/10/2026 5:00:00 PM","NS","210","HNL","Croatia","NK Osijek","Istra 1961","616","1016"
"2026-10-10 01:40:12","1550141","2026-10-10","10/10/2026 5:00:00 PM","NS","135","Serie A","Italy","Inter","Parma","505","523"
"2026-10-10 01:40:12","1551569","2026-10-10","10/10/2026 5:00:00 PM","NS","332","Super Liga","Slovakia","Zemplín Michalovce","Dunajska Streda","3552","2257"
"2026-10-10 01:40:12","1555401","2026-10-10","10/10/2026 5:00:00 PM","NS","207","Super League","Switzerland","Servette FC","FC Sion","2184","630"
"2026-10-10 01:40:12","1555402","2026-10-10","10/10/2026 5:00:00 PM","NS","207","Super League","Switzerland","FC Zurich","FC Thun","783","1012"
"2026-10-10 01:40:12","1555403","2026-10-10","10/10/2026 5:00:00 PM","NS","207","Super League","Switzerland","FC Lugano","FC Luzern","606","644"
"2026-10-10 01:40:12","1555514","2026-10-10","10/10/2026 5:00:00 PM","NS","383","Ligat Ha'al","Israel","Hapoel Haifa","Maccabi Petah Tikva","2253","4495"
"2026-10-10 01:40:12","1555518","2026-10-10","10/10/2026 5:00:00 PM","NS","383","Ligat Ha'al","Israel","Ironi Tiberias","Hapoel Beer Sheva","6181","563"
"2026-10-10 01:40:12","1559799","2026-10-10","10/10/2026 5:00:00 PM","NS","346","FNL","Czech-Republic","Třinec","Kladno","3727","7307"
"2026-10-10 01:40:12","1560033","2026-10-10","10/10/2026 5:00:00 PM","NS","345","Czech Liga","Czech-Republic","Bohemians 1905","Baník Ostrava","3714","3713"
"2026-10-10 01:40:12","1561686","2026-10-10","10/10/2026 5:00:00 PM","NS","109","II Liga - East","Poland","Lechia Zielona Góra","Legia Warszawa II","14143","6944"
"2026-10-10 01:40:12","1568391","2026-10-10","10/10/2026 5:00:00 PM","NS","783","III Liga - Group 4","Poland","KSZO 1929","Busko-Zdroj","6943","27900"
"2026-10-10 01:40:12","1568520","2026-10-10","10/10/2026 5:00:00 PM","NS","782","III Liga - Group 3","Poland","Barycz Sułów","Stal Brzeg","24785","6956"
"2026-10-10 01:40:12","1568823","2026-10-10","10/10/2026 5:00:00 PM","NS","781","III Liga - Group 2","Poland","Kalisz","Lech Poznań II","12801","9133"
"2026-10-10 01:40:12","1569126","2026-10-10","10/10/2026 5:00:00 PM","NS","780","III Liga - Group 1","Poland","Polonia Lidzbark Warm.","Łomża","24330","21656"
"2026-10-10 01:40:12","1572076","2026-10-10","10/10/2026 5:00:00 PM","NS","875","Segunda División RFEF - Group 1","Spain","Amorebieta","Portugalete","9380","9408"
"2026-10-10 01:40:12","1572081","2026-10-10","10/10/2026 5:00:00 PM","NS","875","Segunda División RFEF - Group 1","Spain","Llanera","Marino de Luanco","9627","9401"
"2026-10-10 01:40:12","1572384","2026-10-10","10/10/2026 5:00:00 PM","NS","876","Segunda División RFEF - Group 2","Spain","Manresa","Osasuna II","9675","9584"
"2026-10-10 01:40:12","1572385","2026-10-10","10/10/2026 5:00:00 PM","NS","876","Segunda División RFEF - Group 2","Spain","Náxara","Peña Sport","9868","9406"
"2026-10-10 01:40:12","1572994","2026-10-10","10/10/2026 5:00:00 PM","NS","878","Segunda División RFEF - Group 4","Spain","Real Betis II","Xerez","9765","9770"
"2026-10-10 01:40:12","1579491","2026-10-10","10/10/2026 5:00:00 PM","NS","492","Tweede Divisie","Netherlands","De Treffers","Barendrecht","1277","1271"
"2026-10-10 01:40:12","1582286","2026-10-10","10/10/2026 5:00:00 PM","NS","393","Premier League","Malta","Marsaxlokk","Zabbar St. Patrick","14507","4622"
"2026-10-10 01:40:12","1584428","2026-10-10","10/10/2026 5:00:00 PM","NS","203","Süper Lig","Turkey","Rizespor","Fenerbahçe","1007","611"
"2026-10-10 01:40:12","1585773","2026-10-10","10/10/2026 5:00:00 PM","NS","204","1. Lig","Turkey","İstanbulspor","Esenler Erokspor","3578","7402"
"2026-10-10 01:40:12","1585775","2026-10-10","10/10/2026 5:00:00 PM","NS","204","1. Lig","Turkey","Kayserispor","Manisa F.K.","1001","3597"
"2026-10-10 01:40:12","1589727","2026-10-10","10/10/2026 5:00:00 PM","NS","794","3. SNL - East","Slovenia","Dobrovce","Korotan Prevalje","6720","16303"
"2026-10-10 01:40:12","1591333","2026-10-10","10/10/2026 5:00:00 PM","NS","205","2. Lig","Turkey","Aliağa FAŞ","Menemen FK","21993","3599"
"2026-10-10 01:40:12","1591339","2026-10-10","10/10/2026 5:00:00 PM","NS","205","2. Lig","Turkey","Muş Sport Klübü","Kastamonuspor","6536","3594"
"2026-10-10 01:40:12","1594640","2026-10-10","10/10/2026 5:00:00 PM","NS","634","NB III - Southwest","Hungary","Budaörs","Paksi SE II","10162","11856"
"2026-10-10 01:40:12","1600787","2026-10-10","10/10/2026 5:00:00 PM","NS","567","Ligi kuu Bara","Tanzania","Simba","Young Africans","6432","5370"
"2026-10-10 01:40:12","1603574","2026-10-10","10/10/2026 5:00:00 PM","NS","318","1. Division","Cyprus","Apoel Nicosia","Nea Salamis","2247","3401"
"2026-10-10 01:40:12","1609523","2026-10-10","10/10/2026 5:00:00 PM","NS","319","2. Division","Cyprus","PAEEK","Akritas","3419","3406"
"2026-10-10 01:40:12","1610124","2026-10-10","10/10/2026 5:00:00 PM","NS","600","1. Liga Classic - Group 2","Switzerland","Delémont","Buochs","12702","12701"
"2026-10-10 01:40:12","1613061","2026-10-10","10/10/2026 5:00:00 PM","NS","440","Tercera División RFEF - Group 2","Spain","Langreo","Lealtad","5265","9396"
"2026-10-10 01:40:12","1613366","2026-10-10","10/10/2026 5:00:00 PM","NS","441","Tercera División RFEF - Group 3","Spain","Tropezón","Atlético Mineros","9651","22132"
"2026-10-10 01:40:12","1613367","2026-10-10","10/10/2026 5:00:00 PM","NS","441","Tercera División RFEF - Group 3","Spain","Sámano","Velarde","9648","20451"
"2026-10-10 01:40:12","1613368","2026-10-10","10/10/2026 5:00:00 PM","NS","441","Tercera División RFEF - Group 3","Spain","Vimenor","Laredo","9652","9394"
"2026-10-10 01:40:12","1613669","2026-10-10","10/10/2026 5:00:00 PM","NS","442","Tercera División RFEF - Group 4","Spain","Leioa","Aurrerá Vitoria","9397","20259"
"2026-10-10 01:40:12","1613974","2026-10-10","10/10/2026 5:00:00 PM","NS","443","Tercera División RFEF - Group 5","Spain","L'Escala","Vilassar Mar","17528","9683"
"2026-10-10 01:40:12","1614890","2026-10-10","10/10/2026 5:00:00 PM","NS","446","Tercera División RFEF - Group 8","Spain","Arandina","Cristo Atlético","9722","9728"
"2026-10-10 01:40:12","1615201","2026-10-10","10/10/2026 5:00:00 PM","NS","447","Tercera División RFEF - Group 9","Spain","Marbelli","Alhaurino","24960","15357"
"2026-10-10 01:40:12","1616116","2026-10-10","10/10/2026 5:00:00 PM","NS","450","Tercera División RFEF - Group 12","Spain","Laguna de Duero","Panadería Pulido","22143","9800"
"2026-10-10 01:40:12","1616421","2026-10-10","10/10/2026 5:00:00 PM","NS","451","Tercera División RFEF - Group 13","Spain","Bullas Deportivo","Cartagena LU II","28115","17715"
"2026-10-10 01:40:12","1617645","2026-10-10","10/10/2026 5:00:00 PM","NS","455","Tercera División RFEF - Group 17","Spain","Fraga","Binéfar","8158","9881"
"2026-10-10 01:40:12","1617649","2026-10-10","10/10/2026 5:00:00 PM","NS","455","Tercera División RFEF - Group 17","Spain","Ejea","CDJ Tamarite","9589","9884"
"2026-10-10 01:40:12","1618397","2026-10-10","10/10/2026 5:00:00 PM","NS","92","Derde Divisie","Netherlands","Vvsb","Blauw Geel","1251","1263"
"2026-10-10 01:40:12","1627290","2026-10-10","10/10/2026 5:00:00 PM","NS","397","Girabola","Angola","Kabuscorp","Wiliete","4929","6383"
"2026-10-10 01:40:12","1637149","2026-10-10","10/10/2026 5:00:00 PM","NS","509","8 Cup","South-Africa","Orlando Pirates","Mamelodi Sundowns","2700","2699"
"2026-10-10 01:40:12","1638088","2026-10-10","10/10/2026 5:00:00 PM","NS","244","Veikkausliiga","Finland","Mariehamn","Ilves","587","1163"
"2026-10-10 01:40:12","1642101","2026-10-10","10/10/2026 5:00:00 PM","NS","664","Superliga","Kosovo","Drenica Skënderaj","Feronikeli","14392","4132"
"2026-10-10 01:40:12","1643396","2026-10-10","10/10/2026 5:00:00 PM","NS","417","Premier League","Bahrain","Al-Hidd","Al Ittifaq Maqaba","5483","10234"
"2026-10-10 01:40:12","1643397","2026-10-10","10/10/2026 5:00:00 PM","NS","417","Premier League","Bahrain","Manama","Al Ahli","5487","5580"
"2026-10-10 01:40:12","1643447","2026-10-10","10/10/2026 5:00:00 PM","NS","269","Segunda División","Uruguay","Uruguay Montevideo","Colón","16740","15628"
"2026-10-10 01:40:12","1555516","2026-10-10","10/10/2026 5:15:00 PM","NS","383","Ligat Ha'al","Israel","Hapoel Petah Tikva","Maccabi Netanya","4488","4505"
"2026-10-10 01:40:12","1555519","2026-10-10","10/10/2026 5:15:00 PM","NS","383","Ligat Ha'al","Israel","Ironi Kiryat Shmona","Hapoel Tel Aviv","4510","4501"
"2026-10-10 01:40:12","1558648","2026-10-10","10/10/2026 5:15:00 PM","NS","144","Jupiler Pro League","Belgium","RAAL La Louvière","Club Brugge KV","5902","569"
"2026-10-10 01:40:12","1575983","2026-10-10","10/10/2026 5:15:00 PM","NS","110","Premier League","Wales","Flint Town United","Colwyn Bay","5614","5611"
"2026-10-10 01:40:12","1614895","2026-10-10","10/10/2026 5:15:00 PM","NS","446","Tercera División RFEF - Group 8","Spain","Cultural Leonesa II","Almazán","9729","9721"
"2026-10-10 01:40:12","1645333","2026-10-10","10/10/2026 5:15:00 PM","NS","762","Premier League","Mauritania","Kédia","Pompiers","16171","21987"
"2026-10-10 01:40:12","1551350","2026-10-10","10/10/2026 5:30:00 PM","NS","120","1. Division","Denmark","Hobro","Kolding IF","408","4676"
"2026-10-10 01:40:12","1555520","2026-10-10","10/10/2026 5:30:00 PM","NS","383","Ligat Ha'al","Israel","Maccabi Tel Aviv","Bnei Sakhnin","604","4481"
"2026-10-10 01:40:12","1557425","2026-10-10","10/10/2026 5:30:00 PM","NS","39","Premier League","England","Manchester United","Tottenham","33","47"
"2026-10-10 01:40:12","1561407","2026-10-10","10/10/2026 5:30:00 PM","NS","235","Premier League","Russia","FC Krasnodar","Zenit","621","596"
"2026-10-10 01:40:12","1564886","2026-10-10","10/10/2026 5:30:00 PM","NS","407","Championship","Northern-Ireland","Annagh United","Glenavon FC","11109","2275"
"2026-10-10 01:40:12","1569965","2026-10-10","10/10/2026 5:30:00 PM","NS","141","Segunda División","Spain","Eldense","Cordoba","9692","713"
"2026-10-10 01:40:12","1570404","2026-10-10","10/10/2026 5:30:00 PM","NS","140","La Liga","Spain","Barcelona","Getafe","529","546"
"2026-10-10 01:40:12","1571163","2026-10-10","10/10/2026 5:30:00 PM","NS","436","Primera División RFEF - Group 2","Spain","Teruel","Alcorcon","5278","711"
"2026-10-10 01:40:12","1572083","2026-10-10","10/10/2026 5:30:00 PM","NS","875","Segunda División RFEF - Group 1","Spain","Sestao River","Gimnástica Torrelavega","9413","5264"
"2026-10-10 01:40:12","1575177","2026-10-10","10/10/2026 5:30:00 PM","NS","78","Bundesliga","Germany","RB Leipzig","Eintracht Frankfurt","173","169"
"2026-10-10 01:40:12","1578107","2026-10-10","10/10/2026 5:30:00 PM","NS","149","Second Amateur Division - VFV A","Belgium","Zulte Waregem II","Londerzeel","19898","5862"
"2026-10-10 01:40:12","1582805","2026-10-10","10/10/2026 5:30:00 PM","NS","315","Premijer Liga","Bosnia","Borac Banja Luka","BSK Banja Luka","3364","21736"
"2026-10-10 01:40:12","1585292","2026-10-10","10/10/2026 5:30:00 PM","NS","43","National League","England","Forest Green","Hartlepool","1378","1366"
"2026-10-10 01:40:12","1590065","2026-10-10","10/10/2026 5:30:00 PM","NS","310","Superliga","Albania","AF Elbasani","Vora","20406","3340"
"2026-10-10 01:40:12","1590068","2026-10-10","10/10/2026 5:30:00 PM","NS","310","Superliga","Albania","Teuta Durrës","Skenderbeu Korce","3320","605"
"2026-10-10 01:40:12","1593324","2026-10-10","10/10/2026 5:30:00 PM","NS","197","Super League 1","Greece","AEK Athens FC","OFI","575","1124"
"2026-10-10 01:40:12","1593326","2026-10-10","10/10/2026 5:30:00 PM","NS","197","Super League 1","Greece","Asteras Tripolis","Atromitos","955","12260"
"2026-10-10 01:40:12","1597780","2026-10-10","10/10/2026 5:30:00 PM","NS","865","Liga 3","Portugal","SC Covilha","Oliveirense","236","233"
"2026-10-10 01:40:12","1615503","2026-10-10","10/10/2026 5:30:00 PM","NS","448","Tercera División RFEF - Group 10","Spain","Bollullos","Chiclana","20257","21905"
"2026-10-10 01:40:12","1615816","2026-10-10","10/10/2026 5:30:00 PM","NS","449","Tercera División RFEF - Group 11","Spain","Sineu","Platges Calvià","28112","9785"
"2026-10-10 01:40:12","1632494","2026-10-10","10/10/2026 5:30:00 PM","PST","405","National Soccer League","Rwanda","Al Hilal Omdurman","APR","5237","5309"
"2026-10-10 01:40:12","1639791","2026-10-10","10/10/2026 5:30:00 PM","NS","242","Liga Pro","Ecuador","Independiente del Valle","Aucas","1153","1156"
"2026-10-10 01:40:12","1643360","2026-10-10","10/10/2026 5:30:00 PM","NS","387","League","Jordan","Al Salt","Al Faisaly","4535","4531"
"2026-10-10 01:40:12","1645334","2026-10-10","10/10/2026 5:30:00 PM","NS","762","Premier League","Mauritania","Kaédi","Armée","16169","16164"
"2026-10-10 01:40:12","1552181","2026-10-10","10/10/2026 5:45:00 PM","NS","88","Eredivisie","Netherlands","Feyenoord","AZ Alkmaar","209","201"
"2026-10-10 01:40:12","1570777","2026-10-10","10/10/2026 5:45:00 PM","NS","435","Primera División RFEF - Group 1","Spain","Cacereño","Unionistas de Salamanca","9384","5281"
"2026-10-10 01:40:12","1570785","2026-10-10","10/10/2026 5:45:00 PM","NS","435","Primera División RFEF - Group 1","Spain","UD Ourense","Barakaldo","9617","5251"
"2026-10-10 01:40:12","1571161","2026-10-10","10/10/2026 5:45:00 PM","NS","436","Primera División RFEF - Group 2","Spain","Real Jaén","Villarreal II","5274","9595"
"2026-10-10 01:40:12","1627990","2026-10-10","10/10/2026 5:45:00 PM","NS","542","Iraqi League","Iraq","Al Kahrabaa","Karbala","11064","20464"
"2026-10-10 01:40:12","1490512","2026-10-10","10/10/2026 6:00:00 PM","NS","253","Major League Soccer","USA","Toronto FC","CF Montreal","1601","1614"
"2026-10-10 01:40:12","1493744","2026-10-10","10/10/2026 6:00:00 PM","NS","255","USL Championship","USA","Sporting JAX","Birmingham Legion","25959","3989"
"2026-10-10 01:40:12","1496171","2026-10-10","10/10/2026 6:00:00 PM","NS","473","2. Division - Group 1","Norway","jerv","Arendal","2151","2155"
"2026-10-10 01:40:12","1496172","2026-10-10","10/10/2026 6:00:00 PM","NS","473","2. Division - Group 1","Norway","Mjondalen","Pors Grenland","2152","7020"
"2026-10-10 01:40:12","1507229","2026-10-10","10/10/2026 6:00:00 PM","NS","326","Erovnuli Liga 2","Georgia","Aragvi Dusheti","Telavi","10015","3511"
"2026-10-10 01:40:12","1551117","2026-10-10","10/10/2026 6:00:00 PM","NS","172","First League","Bulgaria","Botev Plovdiv","Slavia Sofia","634","854"
"2026-10-10 01:40:12","1553882","2026-10-10","10/10/2026 6:00:00 PM","NS","286","Super Liga","Serbia","Radnicki 1923","FK Crvena Zvezda","2644","598"
"2026-10-10 01:40:12","1558533","2026-10-10","10/10/2026 6:00:00 PM","NS","355","First League","Montenegro","Buducnost Podgorica","Sutjeska","579","673"
"2026-10-10 01:40:12","1568514","2026-10-10","10/10/2026 6:00:00 PM","NS","782","III Liga - Group 3","Poland","Odra Bytom Odrzański","Zagłębie Lubin II","21455","6963"
"2026-10-10 01:40:12","1575515","2026-10-10","10/10/2026 6:00:00 PM","NS","94","Primeira Liga","Portugal","Maritimo","FC Porto","214","212"
"2026-10-10 01:40:12","1597932","2026-10-10","10/10/2026 6:00:00 PM","NS","305","Stars League","Qatar","Al Ahli Doha","Al-Sailiya","2896","2898"
"2026-10-10 01:40:12","1604880","2026-10-10","10/10/2026 6:00:00 PM","NS","599","1. Liga Classic - Group 1","Switzerland","Lausanne Sport II","Meyrin","12693","6630"
"2026-10-10 01:40:12","1604881","2026-10-10","10/10/2026 6:00:00 PM","NS","599","1. Liga Classic - Group 1","Switzerland","Prishtina Bern","Naters","17484","12695"
"2026-10-10 01:40:12","1613062","2026-10-10","10/10/2026 6:00:00 PM","NS","440","Tercera División RFEF - Group 2","Spain","Mosconia","Ceares","9629","9620"
"2026-10-10 01:40:12","1615505","2026-10-10","10/10/2026 6:00:00 PM","NS","448","Tercera División RFEF - Group 10","Spain","Ceuta II","Conil","17596","9757"
"2026-10-10 01:40:12","1618396","2026-10-10","10/10/2026 6:00:00 PM","NS","92","Derde Divisie","Netherlands","Roosendaal","Zwaluwen","19266","1275"
"2026-10-10 01:40:12","1634078","2026-10-10","10/10/2026 6:00:00 PM","NS","412","Premier League","Botswana","Galaxy","Nico United","5422","5602"
"2026-10-10 01:40:12","1634081","2026-10-10","10/10/2026 6:00:00 PM","NS","412","Premier League","Botswana","Centre Chiefs","Township Rollers","5419","5431"
"2026-10-10 01:40:12","1641174","2026-10-10","10/10/2026 6:00:00 PM","NS","201","Botola 2","Morocco","Ittihad Khemisset","Olympique Khouribga","3452","972"
"2026-10-10 01:40:12","1644207","2026-10-10","10/10/2026 6:00:00 PM","NS","200","Botola Pro","Morocco","Kawkab Marrakech","Ittihad Tanger","971","974"
"2026-10-10 01:40:12","1645335","2026-10-10","10/10/2026 6:00:00 PM","NS","762","Premier League","Mauritania","Tevragh-Zeïne","N'Zidane","15521","24798"
"2026-10-10 01:40:12","1622648","2026-10-10","10/10/2026 6:05:00 PM","NS","330","Premier League","Kuwait","Al Salmiyah","Al Shabab","3538","3541"
"2026-10-10 01:40:12","1506538","2026-10-10","10/10/2026 6:30:00 PM","NS","367","Meistaradeildin","Faroe-Islands","07 Vestur","EB / Streymur","4174","4177"
"2026-10-10 01:40:12","1560252","2026-10-10","10/10/2026 6:30:00 PM","NS","271","NB I","Hungary","Paks","MTK Budapest","2390","2396"
"2026-10-10 01:40:12","1561937","2026-10-10","10/10/2026 6:30:00 PM","NS","218","Bundesliga","Austria","Austria Vienna","Sturm Graz","601","637"
"2026-10-10 01:40:12","1578108","2026-10-10","10/10/2026 6:30:00 PM","NS","149","Second Amateur Division - VFV A","Belgium","Ninove","Mechelen II","5884","19900"
"2026-10-10 01:40:12","1578109","2026-10-10","10/10/2026 6:30:00 PM","NS","149","Second Amateur Division - VFV A","Belgium","Oudenaarde","Voorde Appelterre","5894","5975"
"2026-10-10 01:40:12","1578113","2026-10-10","10/10/2026 6:30:00 PM","NS","149","Second Amateur Division - VFV A","Belgium","Torhout","KRC Gent","5955","5843"
"2026-10-10 01:40:12","1578347","2026-10-10","10/10/2026 6:30:00 PM","NS","150","Second Amateur Division - VFV B","Belgium","De Kempen","Hades","5773","5815"
"2026-10-10 01:40:12","1578348","2026-10-10","10/10/2026 6:30:00 PM","NS","150","Second Amateur Division - VFV B","Belgium","Tongeren","Rupel Boom","19787","6225"
"2026-10-10 01:40:12","1582881","2026-10-10","10/10/2026 6:30:00 PM","NS","148","Second Amateur Division - ACFF","Belgium","Huy","AS Eupen II","5832","24386"
"2026-10-10 01:40:12","1582885","2026-10-10","10/10/2026 6:30:00 PM","NS","148","Second Amateur Division - ACFF","Belgium","Stade Verviers","SG-Tertre-Hautrage","22256","5917"
"2026-10-10 01:40:12","1600718","2026-10-10","10/10/2026 6:30:00 PM","NS","711","Segunda División","Chile","Santiago City","Colchagua","21117","5633"
"2026-10-10 01:40:12","1601543","2026-10-10","10/10/2026 6:30:00 PM","NS","136","Serie B","Italy","Arezzo","Cremonese","876","520"
"2026-10-10 01:40:12","1614584","2026-10-10","10/10/2026 6:30:00 PM","NS","445","Tercera División RFEF - Group 7","Spain","Cala Pozuelo","RC Alcobendas","24709","28105"
"2026-10-10 01:40:12","1619743","2026-10-10","10/10/2026 6:30:00 PM","NS","758","Premier Division","Gibraltar","St Joseph S Fc","Lions Gibraltar","698","16133"
"2026-10-10 01:40:12","1627991","2026-10-10","10/10/2026 6:30:00 PM","NS","542","Iraqi League","Iraq","Al-Karma","Al Karkh","25063","15544"
"2026-10-10 01:40:12","1498873","2026-10-10","10/10/2026 7:00:00 PM","NS","129","Primera Nacional","Argentina","Colegiales","Tristan Suarez","8377","1965"
"2026-10-10 01:40:12","1499673","2026-10-10","10/10/2026 7:00:00 PM","NS","131","Primera B Metropolitana","Argentina","Arsenal Sarandi","San Martín Burzaco","459","8387"
"2026-10-10 01:40:12","1499677","2026-10-10","10/10/2026 7:00:00 PM","NS","131","Primera B Metropolitana","Argentina","Flandria","Defensores Unidos","471","1945"
"2026-10-10 01:40:12","1499678","2026-10-10","10/10/2026 7:00:00 PM","NS","131","Primera B Metropolitana","Argentina","Ituzaingó","Argentino Quilmes","8386","8376"
"2026-10-10 01:40:12","1499679","2026-10-10","10/10/2026 7:00:00 PM","NS","131","Primera B Metropolitana","Argentina","Deportivo Laferrere","Deportivo Merlo","1924","8383"
"2026-10-10 01:40:12","1499682","2026-10-10","10/10/2026 7:00:00 PM","NS","131","Primera B Metropolitana","Argentina","Villa Dalmine","Liniers","481","8395"
"2026-10-10 01:40:12","1505531","2026-10-10","10/10/2026 7:00:00 PM","NS","265","Primera División","Chile","Cobresal","Universidad de Concepcion","2331","2324"
"2026-10-10 01:40:12","1511704","2026-10-10","10/10/2026 7:00:00 PM","NS","266","Primera B","Chile","Santiago Wanderers","Curico Unido","2333","2316"
"2026-10-10 01:40:12","1549500","2026-10-10","10/10/2026 7:00:00 PM","NS","281","Primera División","Peru","ADT","FC Cajamarca","10492","22543"
"2026-10-10 01:40:12","1552184","2026-10-10","10/10/2026 7:00:00 PM","NS","88","Eredivisie","Netherlands","Fortuna Sittard","Twente","205","415"
"2026-10-10 01:40:12","1552494","2026-10-10","10/10/2026 7:00:00 PM","NS","62","Ligue 2","France","Saint Etienne","Rodez","1063","1301"
"2026-10-10 01:40:12","1559170","2026-10-10","10/10/2026 7:00:00 PM","NS","145","Challenger Pro League","Belgium","Beerschot VA","Liège","263","6220"
"2026-10-10 01:40:12","1570778","2026-10-10","10/10/2026 7:00:00 PM","NS","435","Primera División RFEF - Group 1","Spain","CD Coria","Extremadura 1924","9827","24612"
"2026-10-10 01:40:12","1573307","2026-10-10","10/10/2026 7:00:00 PM","NS","879","Segunda División RFEF - Group 5","Spain","Salamanca UDS","SS Reyes","9588","9412"
"2026-10-10 01:40:12","1575041","2026-10-10","10/10/2026 7:00:00 PM","NS","1114","Carioca U20","Brazil","Maricá U20","Fluminense U20","25595","13008"
"2026-10-10 01:40:12","1575042","2026-10-10","10/10/2026 7:00:00 PM","NS","1114","Carioca U20","Brazil","Nova Iguaçu U20","Volta Redonda U20","13032","13074"
"2026-10-10 01:40:12","1575043","2026-10-10","10/10/2026 7:00:00 PM","NS","1114","Carioca U20","Brazil","Sampaio Correa FE U20","Madureira U20","23387","20762"
"2026-10-10 01:40:12","1578110","2026-10-10","10/10/2026 7:00:00 PM","NS","149","Second Amateur Division - VFV A","Belgium","Diksmuide","Oostkamp","14157","5890"
"2026-10-10 01:40:12","1578112","2026-10-10","10/10/2026 7:00:00 PM","NS","149","Second Amateur Division - VFV A","Belgium","VW Hamme","FC Lebbeke","5966","5803"
"2026-10-10 01:40:12","1578349","2026-10-10","10/10/2026 7:00:00 PM","NS","150","Second Amateur Division - VFV B","Belgium","Bocholt","Tempo Overijse","5760","5947"
"2026-10-10 01:40:12","1578351","2026-10-10","10/10/2026 7:00:00 PM","NS","150","Second Amateur Division - VFV B","Belgium","Wellen","Royal Antwerp II","5989","19958"
"2026-10-10 01:40:12","1578352","2026-10-10","10/10/2026 7:00:00 PM","NS","150","Second Amateur Division - VFV B","Belgium","Wilrijk","Diegem Sport","21831","5776"
"2026-10-10 01:40:12","1579831","2026-10-10","10/10/2026 7:00:00 PM","NS","487","First Amateur Division","Belgium","Meux","Rochefort","5872","5914"
"2026-10-10 01:40:12","1579832","2026-10-10","10/10/2026 7:00:00 PM","NS","487","First Amateur Division","Belgium","RWDM","Tubize","6224","262"
"2026-10-10 01:40:12","1579833","2026-10-10","10/10/2026 7:00:00 PM","NS","487","First Amateur Division","Belgium","Sporting Charleroi II","Olympic Charleroi","19959","6221"
"2026-10-10 01:40:12","1579969","2026-10-10","10/10/2026 7:00:00 PM","NS","487","First Amateur Division","Belgium","Houtvenne","Knokke","5829","5847"
"2026-10-10 01:40:12","1579975","2026-10-10","10/10/2026 7:00:00 PM","NS","487","First Amateur Division","Belgium","Roeselare Daisel","Dessel Sport","16980","6216"
"2026-10-10 01:40:12","1579976","2026-10-10","10/10/2026 7:00:00 PM","NS","487","First Amateur Division","Belgium","Zelzate","Hoogstraten","6001","5825"
"2026-10-10 01:40:12","1582348","2026-10-10","10/10/2026 7:00:00 PM","NS","1142","Mineiro - 3","Brazil","Novo Esporte Clube","Nacional AC MG","26489","13083"
"2026-10-10 01:40:12","1582882","2026-10-10","10/10/2026 7:00:00 PM","NS","148","Second Amateur Division - ACFF","Belgium","Union Namur","Jette","5964","5836"
"2026-10-10 01:40:12","1582883","2026-10-10","10/10/2026 7:00:00 PM","NS","148","Second Amateur Division - ACFF","Belgium","Braine","Ostiches","5764","5893"
"2026-10-10 01:40:12","1582884","2026-10-10","10/10/2026 7:00:00 PM","NS","148","Second Amateur Division - ACFF","Belgium","Richelle United","RUS Binche","5913","20403"
"2026-10-10 01:40:12","1597995","2026-10-10","10/10/2026 7:00:00 PM","NS","1036","Copa Santa Catarina","Brazil","Figueirense","Hercílio Luz","137","7828"
"2026-10-10 01:40:12","1600256","2026-10-10","10/10/2026 7:00:00 PM","NS","625","Carioca - 2","Brazil","Duque de Caxias","Audax Rio","12278","13107"
"2026-10-10 01:40:12","1600258","2026-10-10","10/10/2026 7:00:00 PM","NS","625","Carioca - 2","Brazil","Nova Cidade","Campo Grande","13113","13087"
"2026-10-10 01:40:12","1600259","2026-10-10","10/10/2026 7:00:00 PM","NS","625","Carioca - 2","Brazil","São Cristóvão RJ","Goytacaz","23664","13112"
"2026-10-10 01:40:12","1600260","2026-10-10","10/10/2026 7:00:00 PM","NS","625","Carioca - 2","Brazil","Serrano RJ","Macaé","13117","7815"
"2026-10-10 01:40:12","1603040","2026-10-10","10/10/2026 7:00:00 PM","NS","307","Pro League","Saudi-Arabia","Al-Hilal Saudi FC","Al-Ittihad FC","2932","2938"
"2026-10-10 01:40:12","1612748","2026-10-10","10/10/2026 7:00:00 PM","NS","439","Tercera División RFEF - Group 1","Spain","Pontevedra II","Portonovo SD","22129","28096"
"2026-10-10 01:40:12","1613058","2026-10-10","10/10/2026 7:00:00 PM","NS","440","Tercera División RFEF - Group 2","Spain","Siero","L'Entregu","9634","9625"
"2026-10-10 01:40:12","1613980","2026-10-10","10/10/2026 7:00:00 PM","NS","443","Tercera División RFEF - Group 5","Spain","San Juan Atletico de Montcada","Atlètic Lleida","28102","24574"
"2026-10-10 01:40:12","1630330","2026-10-10","10/10/2026 7:00:00 PM","NS","1150","Gaúcho - 3","Brazil","Farroupilha","SC Rio Grande","25078","25080"
"2026-10-10 01:40:12","1630331","2026-10-10","10/10/2026 7:00:00 PM","NS","1150","Gaúcho - 3","Brazil","Real","Panambi","10149","28277"
"2026-10-10 01:40:12","1630332","2026-10-10","10/10/2026 7:00:00 PM","NS","1150","Gaúcho - 3","Brazil","FBC Riograndense RS","Clube 1992","25077","26746"
"2026-10-10 01:40:12","1631756","2026-10-10","10/10/2026 7:00:00 PM","NS","722","Liga Premier Serie A","Mexico","Cañoneros Marina","Calor de San Pedro","15924","17804"
"2026-10-10 01:40:12","1643173","2026-10-10","10/10/2026 7:00:00 PM","NS","268","Primera División","Uruguay","Wanderers","Boston River","2360","2361"
"2026-10-10 01:40:12","1643428","2026-10-10","10/10/2026 7:00:00 PM","NS","1088","Pernambucano - U20","Brazil","CA Porto U20","Sport Recife U20","23491","12971"
"2026-10-10 01:40:12","1645365","2026-10-10","10/10/2026 7:00:00 PM","NS","386","Ligue 1","Ivory-Coast","ASEC Mimosas","AFAD","4512","4511"
"2026-10-10 01:40:12","1553183","2026-10-10","10/10/2026 7:15:00 PM","NS","106","Ekstraklasa","Poland","Jagiellonia","Gornik Zabrze","336","340"
"2026-10-10 01:40:12","1558022","2026-10-10","10/10/2026 7:15:00 PM","NS","373","1. SNL","Slovenia","Olimpija Ljubljana","Mura","677","4197"
"2026-10-10 01:40:12","1578353","2026-10-10","10/10/2026 7:15:00 PM","NS","150","Second Amateur Division - VFV B","Belgium","Rotselaar","Eendracht Termien","21811","5786"
"2026-10-10 01:40:12","1613360","2026-10-10","10/10/2026 7:15:00 PM","NS","441","Tercera División RFEF - Group 3","Spain","Atlético Albericia","Castro","9637","15336"
"2026-10-10 01:40:12","1490511","2026-10-10","10/10/2026 7:30:00 PM","NS","253","Major League Soccer","USA","Chicago Fire","New York City FC","1607","1604"
"2026-10-10 01:40:12","1498866","2026-10-10","10/10/2026 7:30:00 PM","NS","129","Primera Nacional","Argentina","Almagro","Chacarita Juniors","482","447"
"2026-10-10 01:40:12","1499675","2026-10-10","10/10/2026 7:30:00 PM","NS","131","Primera B Metropolitana","Argentina","Deportivo Armenio","Comunicaciones","2427","8008"
"2026-10-10 01:40:12","1565268","2026-10-10","10/10/2026 7:30:00 PM","NS","283","Liga I","Romania","FCSB","Oţelul","559","6886"
"2026-10-10 01:40:12","1576194","2026-10-10","10/10/2026 7:30:00 PM","NS","79","2. Bundesliga","Germany","1. FC Nürnberg","VfL Wolfsburg","171","161"
"2026-10-10 01:40:12","1602099","2026-10-10","10/10/2026 7:30:00 PM","NS","1141","Brasiliense B","Brazil","GREVAL","Canaa EC","24911","28035"
"2026-10-10 01:40:12","1602100","2026-10-10","10/10/2026 7:30:00 PM","NS","1141","Brasiliense B","Brazil","Legião","Taguatinga EC","24912","24915"
"2026-10-10 01:40:12","1602101","2026-10-10","10/10/2026 7:30:00 PM","NS","1141","Brasiliense B","Brazil","Luziânia","Candango","7859","26742"
"2026-10-10 01:40:12","1604194","2026-10-10","10/10/2026 7:30:00 PM","NS","666","Friendlies Women","World","USA W","Spain W","1718","1736"
"2026-10-10 01:40:12","1608698","2026-10-10","10/10/2026 7:30:00 PM","NS","942","Serie C - Girone B","Italy","Spezia","Gubbio","515","866"
"2026-10-10 01:40:12","1623140","2026-10-10","10/10/2026 7:30:00 PM","NS","312","1a Divisió","Andorra","Ordino","Inter Club d'Escaldes","3344","3342"
"2026-10-10 01:40:12","1493168","2026-10-10","10/10/2026 7:45:00 PM","NS","128","Liga Profesional Argentina","Argentina","Barracas Central","Huracan","2432","445"
"2026-10-10 01:40:12","1550144","2026-10-10","10/10/2026 7:45:00 PM","NS","135","Serie A","Italy","Napoli","Frosinone","492","512"
"2026-10-10 01:40:12","1552774","2026-10-10","10/10/2026 7:45:00 PM","NS","61","Ligue 1","France","Stade Brestois 29","Angers","106","77"
"2026-10-10 01:40:12","1552777","2026-10-10","10/10/2026 7:45:00 PM","NS","61","Ligue 1","France","Lorient","Paris FC","97","114"
"2026-10-10 01:40:12","1552778","2026-10-10","10/10/2026 7:45:00 PM","NS","61","Ligue 1","France","Monaco","Toulouse","91","96"
"2026-10-10 01:40:12","1552780","2026-10-10","10/10/2026 7:45:00 PM","NS","61","Ligue 1","France","Paris Saint Germain","Le Mans","85","1298"
"2026-10-10 01:40:12","1558646","2026-10-10","10/10/2026 7:45:00 PM","NS","144","Jupiler Pro League","Belgium","Genk","Kortrijk","742","734"
"2026-10-10 01:40:12","1558651","2026-10-10","10/10/2026 7:45:00 PM","NS","144","Jupiler Pro League","Belgium","Zulte Waregem","Gent","600","631"
"2026-10-10 01:40:12","1498880","2026-10-10","10/10/2026 8:00:00 PM","NS","129","Primera Nacional","Argentina","Quilmes","Agropecuario","480","462"
"2026-10-10 01:40:12","1552183","2026-10-10","10/10/2026 8:00:00 PM","NS","88","Eredivisie","Netherlands","Ajax","NEC Nijmegen","194","413"
"2026-10-10 01:40:12","1569963","2026-10-10","10/10/2026 8:00:00 PM","NS","141","Segunda División","Spain","Celta de Vigo II","Real Sociedad II","9571","9585"
"2026-10-10 01:40:12","1570411","2026-10-10","10/10/2026 8:00:00 PM","NS","140","La Liga","Spain","Real Madrid","Villarreal","541","533"
"2026-10-10 01:40:12","1570782","2026-10-10","10/10/2026 8:00:00 PM","NS","435","Primera División RFEF - Group 1","Spain","Mirandes","Zamora","799","9418"
"2026-10-10 01:40:12","1582351","2026-10-10","10/10/2026 8:00:00 PM","NS","1142","Mineiro - 3","Brazil","Funorte","Siderurgica","27962","27966"
"2026-10-10 01:40:12","1582352","2026-10-10","10/10/2026 8:00:00 PM","NS","1142","Mineiro - 3","Brazil","Nova Lavras","Santarritense","27963","27964"
"2026-10-10 01:40:12","1619321","2026-10-10","10/10/2026 8:00:00 PM","NS","344","Primera División","Bolivia","Universitario de Vinto","Real Oruro","17762","20252"
"2026-10-10 01:40:12","1628976","2026-10-10","10/10/2026 8:00:00 PM","NS","666","Friendlies Women","World","France W","Latvia W","1725","1754"
"2026-10-10 01:40:12","1639822","2026-10-10","10/10/2026 8:00:00 PM","NS","242","Liga Pro","Ecuador","Manta FC","Tecnico Universitario","1980","1151"
"2026-10-10 01:40:12","1641289","2026-10-10","10/10/2026 8:00:00 PM","NS","134","Torneo Federal A","Argentina","Deportivo Rincon","Kimberley Mar del Plata","1959","3975"
"2026-10-10 01:40:12","1643448","2026-10-10","10/10/2026 8:00:00 PM","NS","269","Segunda División","Uruguay","Cerrito","Tacuarembo","2367","2374"
"2026-10-10 01:40:12","1644208","2026-10-10","10/10/2026 8:00:00 PM","NS","200","Botola Pro","Morocco","Amal Tiznit","Difaa EL Jadida","18753","964"
"2026-10-10 01:40:12","1644448","2026-10-10","10/10/2026 8:00:00 PM","NS","134","Torneo Federal A","Argentina","Defensores de Vilelas","Gimnasia Chivilcoy","27572","25758"
"2026-10-10 01:40:12","1644742","2026-10-10","10/10/2026 8:00:00 PM","NS","710","Nacional B","Bolivia","Wilstermann Cooperativa","Virginia","17763","28295"
"2026-10-10 01:40:12","1638629","2026-10-10","10/10/2026 8:15:00 PM","NS","164","Úrvalsdeild","Iceland","Fram Reykjavik","KR Reykjavik","2117","271"
"2026-10-10 01:40:12","1498878","2026-10-10","10/10/2026 8:30:00 PM","NS","129","Primera Nacional","Argentina","Midland","Atletico DE Rafaela","1963","465"
"2026-10-10 01:40:12","1575509","2026-10-10","10/10/2026 8:30:00 PM","NS","94","Primeira Liga","Portugal","Academico Viseu","Estoril","238","230"
"2026-10-10 01:40:12","1576502","2026-10-10","10/10/2026 8:30:00 PM","NS","95","Segunda Liga","Portugal","Vizela","Sporting CP B","810","761"
"2026-10-10 01:40:12","1641088","2026-10-10","10/10/2026 8:30:00 PM","NS","666","Friendlies Women","World","Brazil W","Argentina W","1726","1782"
"2026-10-10 01:40:12","1644743","2026-10-10","10/10/2026 8:30:00 PM","NS","710","Nacional B","Bolivia","Deportivo FATIC","26 de Febrero","15695","28288"
"2026-10-10 01:40:12","1645222","2026-10-10","10/10/2026 8:30:00 PM","NS","300","Segunda División","Venezuela","Monagas II","Atletico Avila FC","11371","27527"
"2026-10-10 01:40:12","1645336","2026-10-10","10/10/2026 8:50:00 PM","NS","762","Premier League","Mauritania","Nouadhibou","Nouakchott Academie","6427","26812"
"2026-10-10 01:40:12","1493169","2026-10-10","10/10/2026 9:00:00 PM","NS","128","Liga Profesional Argentina","Argentina","Central Cordoba de Santiago","Estudiantes L.P.","1065","450"
"2026-10-10 01:40:12","1517362","2026-10-10","10/10/2026 9:00:00 PM","NS","479","Canadian Premier League","Canada","Supra du Quebec","Vancouver FC","27461","20881"
"2026-10-10 01:40:12","1557214","2026-10-10","10/10/2026 9:00:00 PM","NS","1130","USL Super League","USA","Brooklyn W","Dallas Trinity W","24657","24660"
"2026-10-10 01:40:12","1597997","2026-10-10","10/10/2026 9:00:00 PM","NS","1036","Copa Santa Catarina","Brazil","Santa Catarina","Joinville","21207","795"
"2026-10-10 01:40:12","1600717","2026-10-10","10/10/2026 9:00:00 PM","NS","711","Segunda División","Chile","Concón National","Provincial Osorno","21114","5643"
"2026-10-10 01:40:12","1601459","2026-10-10","10/10/2026 9:00:00 PM","NS","163","Liga de Ascenso","Costa-Rica","CS Uruguay","Santa Ana","2058","2057"
"2026-10-10 01:40:12","1632030","2026-10-10","10/10/2026 9:00:00 PM","NS","252","Division Profesional - Clausura","Paraguay","Club Sp. San Lorenzo","Sportivo Trinidense","2125","1187"
"2026-10-10 01:40:12","1634919","2026-10-10","10/10/2026 9:00:00 PM","NS","759","Liga Mayor","Dominican-Republic","Jarabacoa","Delfines Del Este","16140","16139"
"2026-10-10 01:40:12","1636706","2026-10-10","10/10/2026 9:00:00 PM","NS","243","Liga Pro Serie B","Ecuador","Gualaceo SC","Cumbayá","1986","16476"
"2026-10-10 01:40:12","1637852","2026-10-10","10/10/2026 9:00:00 PM","NS","75","Serie C","Brazil","Botafogo PB","Santa Cruz","1197","753"
"2026-10-10 01:40:12","1637853","2026-10-10","10/10/2026 9:00:00 PM","NS","75","Serie C","Brazil","Brusque","Paysandu","1211","149"
"2026-10-10 01:40:12","1637854","2026-10-10","10/10/2026 9:00:00 PM","NS","75","Serie C","Brazil","Ferroviária","Inter De Limeira","7826","1201"
"2026-10-10 01:40:12","1637855","2026-10-10","10/10/2026 9:00:00 PM","NS","75","Serie C","Brazil","Maringá","Floresta","7833","7774"
"2026-10-10 01:40:12","1643429","2026-10-10","10/10/2026 9:00:00 PM","NS","1088","Pernambucano - U20","Brazil","Ipojuca U20","Nautico U20","23495","13029"
"2026-10-10 01:40:12","1645225","2026-10-10","10/10/2026 9:00:00 PM","NS","300","Segunda División","Venezuela","Yaracuyanos FC","Fundación Lara Deportiva","2829","10091"
"2026-10-10 01:40:12","1645295","2026-10-10","10/10/2026 9:00:00 PM","NS","1115","Paraense A3","Brazil","Parauapebas","Gavião","10689","15610"
"2026-10-10 01:40:12","1645373","2026-10-10","10/10/2026 9:00:00 PM","NS","1203","Piauiense - 2","Brazil","Flamengo PI","River AC","13093","2221"
"2026-10-10 01:40:12","1505535","2026-10-10","10/10/2026 9:30:00 PM","NS","265","Primera División","Chile","Huachipato","O'Higgins","2328","2320"
"2026-10-10 01:40:12","1511700","2026-10-10","10/10/2026 9:30:00 PM","NS","266","Primera B","Chile","Deportes Temuco","Deportes Santa Cruz","2317","2346"
"2026-10-10 01:40:12","1549502","2026-10-10","10/10/2026 9:30:00 PM","NS","281","Primera División","Peru","Comerciantes Unidos","Juan Pablo II College","2558","22479"
"2026-10-10 01:40:12","1549821","2026-10-10","10/10/2026 9:30:00 PM","NS","239","Primera A","Colombia","Deportivo Pereira","Deportivo Cali","1462","1127"
"2026-10-10 01:40:12","1492409","2026-10-10","10/10/2026 10:00:00 PM","NS","71","Serie A","Brazil","Vasco DA Gama","Remo","133","1198"
"2026-10-10 01:40:12","1494034","2026-10-10","10/10/2026 10:00:00 PM","NS","489","USL League One","USA","Portland Hearts of Pine","Boise","25486","27251"
"2026-10-10 01:40:12","1494036","2026-10-10","10/10/2026 10:00:00 PM","NS","489","USL League One","USA","Union Omaha","Fort Wayne","10283","16679"
"2026-10-10 01:40:12","1551696","2026-10-10","10/10/2026 10:00:00 PM","NS","162","Primera División","Costa-Rica","Sporting San Jose","CS Cartagines","2047","820"
"2026-10-10 01:40:12","1559662","2026-10-10","10/10/2026 10:00:00 PM","NS","339","Liga Nacional","Guatemala","Aurora","Xelajú","10154","3667"
"2026-10-10 01:40:12","1600625","2026-10-10","10/10/2026 10:00:00 PM","NS","370","Primera Division","El-Salvador","Fuerte San Francisco","Cacahuatique","22157","24530"
"2026-10-10 01:40:12","1636817","2026-10-10","10/10/2026 10:00:00 PM","NS","234","Liga Nacional","Honduras","Génesis","CD Olimpia","21858","1051"
"2026-10-10 01:40:12","1638584","2026-10-10","10/10/2026 10:00:00 PM","NS","666","Friendlies Women","World","Panama W","New Zealand W","1781","1716"
"2026-10-10 01:40:12","1638778","2026-10-10","10/10/2026 10:00:00 PM","NS","299","Primera División","Venezuela","Portuguesa FC","Deportivo La Guaira","2814","2813"
"2026-10-10 01:40:12","1640030","2026-10-10","10/10/2026 10:00:00 PM","NS","666","Friendlies Women","World","Venezuela W","Colombia W","18264","1737"
"2026-10-10 01:40:12","1644218","2026-10-10","10/10/2026 10:00:00 PM","NS","1048","Premier Division","Antigua-And-Barbuda","Aston Villa","Green City","22805","22794"
"2026-10-10 01:40:12","1600255","2026-10-10","10/10/2026 10:30:00 PM","NS","625","Carioca - 2","Brazil","Carapebus","Niteroiense","17737","23637"
"2026-10-10 01:40:12","1631759","2026-10-10","10/10/2026 10:30:00 PM","NS","722","Liga Premier Serie A","Mexico","Delfines Coatzacoalcos","Artesanos Metepec","28303","22049"
"2026-10-10 01:40:12","1635990","2026-10-10","10/10/2026 10:30:00 PM","NS","1242","Primera Premier","Mexico","Racing de Veracruz","Celaya","22046","2308"
"2026-10-10 01:40:12","1635991","2026-10-10","10/10/2026 10:30:00 PM","NS","1242","Primera Premier","Mexico","Cordobés","Tigres de Alica","24939","24952"
"2026-10-10 01:40:12","1639850","2026-10-10","10/10/2026 10:30:00 PM","NS","242","Liga Pro","Ecuador","Guayaquil City FC","Emelec","1159","1148"
"2026-10-10 01:40:12","1643171","2026-10-10","10/10/2026 10:30:00 PM","NS","268","Primera División","Uruguay","Penarol","Progreso","2348","2363"
"2026-10-10 01:40:12","1493734","2026-10-10","10/10/2026 11:00:00 PM","NS","255","USL Championship","USA","Charleston Battery","Louisville City","3990","4000"
"2026-10-10 01:40:12","1557215","2026-10-10","10/10/2026 11:00:00 PM","NS","1130","USL Super League","USA","Tampa Bay Sun W","Carolina Ascent W","24663","24658"
"2026-10-10 01:40:12","1581481","2026-10-10","10/10/2026 11:00:00 PM","NS","263","Liga de Expansión MX","Mexico","Tlaxcala","Piratas","14280","27935"
"2026-10-10 01:40:12","1610601","2026-10-10","10/10/2026 11:00:00 PM","NS","711","Segunda División","Chile","Linares Unido","Trasandino","15717","5646"
"2026-10-10 01:40:12","1631755","2026-10-10","10/10/2026 11:00:00 PM","NS","722","Liga Premier Serie A","Mexico","Acatlan","Mineros de Fresnillo","24949","15935"
"2026-10-10 01:40:12","1631757","2026-10-10","10/10/2026 11:00:00 PM","NS","722","Liga Premier Serie A","Mexico","Real Refineros","Halcones Negros","28307","28305"
"2026-10-10 01:40:12","1634917","2026-10-10","10/10/2026 11:00:00 PM","NS","759","Liga Mayor","Dominican-Republic","Moca","Universidad O&M","16617","16141"
"2026-10-10 01:40:12","1635992","2026-10-10","10/10/2026 11:00:00 PM","NS","1242","Primera Premier","Mexico","Deportiva Venados","Pioneros de Cancún","19907","15936"
"2026-10-10 01:40:12","1638775","2026-10-10","10/10/2026 11:00:00 PM","NS","299","Primera División","Venezuela","Deportivo Tachira FC","UCV","2807","2840"
"2026-10-10 01:40:12","1643449","2026-10-10","10/10/2026 11:00:00 PM","NS","269","Segunda División","Uruguay","Paysandu","Rentistas","19410","2371"
"2026-10-10 01:40:12","1645239","2026-10-10","10/10/2026 11:00:00 PM","NS","568","Eerste Divisie","Suriname","Notch","Inter Moengotapoe","12216","10966"
"2026-10-10 01:40:12","1493180","2026-10-10","10/10/2026 11:15:00 PM","NS","128","Liga Profesional Argentina","Argentina","Tigre","Banfield","452","449"
"2026-10-10 01:40:12","1632031","2026-10-10","10/10/2026 11:20:00 PM","NS","252","Division Profesional - Clausura","Paraguay","Sportivo Luqueno","Cerro Porteno","1183","1176"
